Sr No,Customer ID,Account Name,Account Status,Support Manager,Seller Tier,Address,Signed Up Date,Live Date,Approved Brand,Actual Brand Count,Request ID,Brand Name,Vertical Name,Brand Owner,Document Type,Listing Count,Brand Website Link,Instagram URL,Instagram Followers,Mobile Number,Registered Mobile Number,Email ID,Registered Email ID,Unique Email,isD2C,Month,Gross Amount (GMV),Gross Units,Net Amount,Cancelled Amount
1,164ec354ef0547ec,IBELL POWER TOOLS,ACTIVE,Yes,gold,IBELL POWER TOOLS Chalakkal East ERNAKULAM 683105,2016-12-28,2017-02-27,12,3,426464501,iBELL,"shopsy_sander, tire_air_pump, coil_spring_compressor, safe_locker, safety_helmet, power_drill, electrical_wire, battery, hammer_drill, garden_tool_set",No,,,www.ibelltools.com,https://www.instagram.com/_ibell/,"3,143",+918943430020,+919048999292,hitechin.me@gmail.com,hitechin.me@gmail.com,No,Yes,June 2026 | July 2026 | August 2026,-:::neutral | +22.6%:::positive | -0.4%:::negative,"11,948 | 16,087 | 15,661", |  | , |  | 
,,,,,,,,,,,56685436,VORMIR,welding_machine,Yes,TM,,,,,,,,,,,,,,,
,,,,,,,,,,,40847699,WINTECH PRO,chainsaw,Yes,TM,,,,,,,,,,,,,,,
2,881e12fb93974c84,vpenterprice,ACTIVE,No,bronze,"33, madhav farm , opp. harekrushna sakar new ring rod , sarthana jakat naka , new ring rod , valak junction rod,sarthana jakat naka SURAT 395006",2025-12-15,2025-12-16,13,1,630255585,FLIXY,"hair_oil, face_pack, hair_styling, insect_repellent, massage_oil, hair_removal, condom, lubricant, shampoo, toner, combo_kit, women_intimate_care, moisturizer_cream",,BAL,,,,,+917383646428,+917383646428,vp11228866@gmail.com,vp11228866@gmail.com,No,Yes,June 2026 | July 2026 | August 2026,-:::neutral | -16.9%:::negative | -50.8%:::negative,435 | 318 | 133,"₹60,337 | ₹51,146 | ₹24,701", |  | 
3,88369567b3d44af6,KaliveraHealthcare,ACTIVE,No,silver,"KALIVERA HEALTHCARE PRIVATE LIMITED Ground Floor, Ahmad Nagar Brindawan Ward No.07,Tilli Road , Ahmad Nagar , Mahamaya Photocopy SAGAR 470001",2026-06-02,2026-06-05,1,1,613518144,Six seasons,condom,,INVOICE,,,https://www.instagram.com/six__seasons/,,+917583851892,+917583851892,yashwant.raikwar@kalivera-healthcare.com,yashwant.raikwar@kalivera-healthcare.com,Yes,Yes,June 2026 | July 2026 | August 2026,"₹0 | ₹2,826 | ₹2,298",0 | 9 | 8, |  | , |  | 
4,3928ee29d4bc4c3c,ZIEOZED,ACTIVE,No,bronze,b 114 shop G2 near hollyangel school Shalimar Garden Extension II District: GHAZIABAD State: UTTAR PRADESH GHAZIABAD 201005,2020-10-06,2020-10-24,173,23,637474608,Zieozed,"face_pack, shoe, sandal, stuffed_toy, nipple_cream, hair_volumizer, make_up_remover, compact, shampoo, sindoor, soap, hair_removal, lipstick, tanning_accelerator, body_wash, lubricant, shaving_cream, shaving_gel, shaving_lotion, kajal, conditioner, eye_shadow, eye_serum, eye_gel, eye_cream, eyebrow_enhancer, eyebrow_pencil, bindi, sunscreen, attar, blackhead_remover, cleanser, talc, perfume, women_intimate_care, face_wash, eye_liner, massage_oil, toner, bath_essential_oil, hair_oil, vehicle_light_bulb, body_skin_treatment, deodorant, moisturizer_cream, combo_kit, fairness",Yes,,0,NA,,,+919953191698,+919953191698,a.s.traders9953@gmail.com,a.s.traders9953@gmail.com,No,Yes,June 2026 | July 2026 | August 2026,₹9.5 L | ₹4.66 L | ₹4.07 L,"2,672 | 1,228 | 1,209", |  | , |  | 
,,,,,,,,,,,633829114,Zee,pendant_locket,,BAL,0,,,,,,,,,,,,,,
,,,,,,,,,,,630629157,ZONE,pendant_locket,,PROD_IMAGE,0,,,,,,,,,,,,,,
,,,,,,,,,,,629434019,Wel,pendant_locket,,TM,0,,,,,,,,,,,,,,
,,,,,,,,,,,624438104,VellUse,"condom, ayurvedic, primer, tanning_liquid, stuffed_toy, air_freshener, shaving_cream, foundation, kajal, bath_essential_oil, make_up_remover, toner, face_wash, fairness, face_pack, concealer, soap, shaving_lotion, eye_liner, cleanser, shaving_gel, women_intimate_care, sunscreen, eye_cream, hair_oil, hair_styling, lipstick, eye_shadow, moisturizer_cream, body_wash, perfume, combo_kit, body_skin_treatment, shampoo, conditioner, hair_removal, nipple_cream, deodorant",Yes,TM,LSTBPRH5E2QYQHDBHY42SEZJF,,,,,,,,,,,,,,
,,,,,,,,,,,596986475,Huangbao,"combo_kit, aftershave_lotion, nipple_cream, hair_volumizer, concealer, fairness, kajal, moisturizer_cream, sunscreen, face_wash, make_up_remover, body_skin_treatment, toner, hair_removal, face_pack",No,,0,,,,,,,,,,,,,,
,,,,,,,,,,,393964059,Paurush Jiwan,ayurvedic,,BAL,0,,,,,,,,,,,,,,
,,,,,,,,,,,393436908,Jickosm,"shopsy_bath_essential_oil, shopsy_face_wash, ayurvedic",No,TM,LSTAYDHBXZ26HBJ9KGGLJP3VA,,,,,,,,,,,,,,
,,,,,,,,,,,371137771,Tiger King,"condom, eye_liner, kajal, deodorant, body_skin_treatment, sunscreen, face_wash, shaving_cream, toner, moisturizer_cream",No,INVOICE,0,,,,,,,,,,,,,,
,,,,,,,,,,,504799276,shaqaa,"hair_removal, kajal, deodorant, toner",,TM,0,,,,,,,,,,,,,,
,,,,,,,,,,,444259026,LVMR,"kajal, toner, deodorant",,BAL,0,,,,,,,,,,,,,,
,,,,,,,,,,,171938398,BIDAS,vehicle_light_bulb,No,OTHER,0,,,,,,,,,,,,,,
,,,,,,,,,,,438035197,NBZC,"hair_removal, face_wash, nipple_cream, fairness, sunscreen, shaving_cream, bronzer, face_pack, deodorant, toner, kajal",,BAL,0,,,,,,,,,,,,,,
,,,,,,,,,,,429244593,Bresil,"body_skin_treatment, perfume, hair_removal, deodorant, shaving_cream, eye_liner, combo_kit, kajal, sunscreen, face_wash, toner",Yes,TM,0,,,,,,,,,,,,,,
,,,,,,,,,,,425026562,LUVYH,"kajal, fairness, hair_removal",No,BAL,0,,,,,,,,,,,,,,
,,,,,,,,,,,395679483,HUANG BAO,deodorant,No,BAL,0,,,,,,,,,,,,,,
,,,,,,,,,,,371140302,Amritveda,"condom, ayurvedic, shaving_cream, toner, deodorant, kajal, scrub, face_wash, combo_kit, body_skin_treatment, lubricant",No,INVOICE,0,,,,,,,,,,,,,,
,,,,,,,,,,,171644842,Shoolin,vehicle_light_bulb,Yes,PROD_IMAGE,0,,,,,,,,,,,,,,
,,,,,,,,,,,299180538,Hunagbao,"face_wash, shaving_cream, shaving_lotion, deodorant, kajal, toner",Yes,BAL,0,,,,,,,,,,,,,,
,,,,,,,,,,,175957711,BRAND_20,ayurvedic,Yes,OTHER,0,,,,,,,,,,,,,,
,,,,,,,,,,,226023742,LYFE HOLD,vehicle_light_bulb,,PROD_IMAGE,0,,,,,,,,,,,,,,
,,,,,,,,,,,171647608,PETROX,vehicle_light_bulb,Yes,TM,0,,,,,,,,,,,,,,
,,,,,,,,,,,171647819,SPEEDZZ,vehicle_light_bulb,Yes,PROD_IMAGE,0,,,,,,,,,,,,,,
5,40384a72b90d496c,LomeLife,ACTIVE,No,bronze,"Thavallengal complex Perinthalmanna, near Fire station MALAPPURAM 679322",2025-06-25,2025-06-27,1,1,585839463,Vyga,kitchen_tool_set,Yes,TM,Active,https://www.srhomeimprovement.com/products/vyga-bold-handmade-teak-wood-coconut-scraper-handcrafted-in-kerala-%E2%9C%A8-copy,https://www.instagram.com/_._vyga__/,592,+919745010300,+919745010300,ecomsrtg@gmail.com,ecomsrtg@gmail.com,No,Yes,June 2026 | July 2026 | August 2026,"₹915 | ₹1,603 | ₹6,313",1 | 1 | 4, |  | , |  | 
6,3533e1e6b11a4073,GRIVAENTERPRISE01,ACTIVE,No,silver,"233, ROYAL BUSINESS HUB, CHHAPRABHATHA ROAD , GANESHPURA , IN FRONT OF RIVANTA GARDEN CITY VARIYAV District: SURAT State: GUJARAT, SURAT - 394107 District: SURAT State: GUJARAT SURAT 394107",2025-04-05,2025-04-07,0,0,,,,,,,,,,+919925281277,+919925281277,kakadiyadev857@gmail.com,kakadiyadev857@gmail.com,No,No,June 2026 | July 2026 | August 2026,-:::neutral | +259.3%:::positive | +13.8%:::positive,"211 | 804 | 1,047", |  | , |  | 
7,c4c6f4dd6d074b62,Glastoria,ACTIVE,No,silver,35/117b/2 Lashkarpur kamla nagar AGRA 282005,2019-08-04,2023-05-24,3,1,426744999,Roarer Glass,"toy_puppet, straw, bong",Yes,PROD_IMAGE,Active,,,,+919368714400,+919368714400,riyonainternational@gmail.com,riyonainternational@gmail.com,No,No,June 2026 | July 2026 | August 2026,₹1.4 L | ₹1.6 L | ₹1.7 L,734 | 819 | 959, |  | , |  | 
8,5580e2f54c79436a,AllOfAll,ACTIVE,Yes,gold,35/43f/b lashkarpur kamla nagar AGRA 282005,2022-06-11,2022-06-16,4,1,427355649,All Of All,"shopsy_toy_puppet, toy_puppet, action_figure, bong",,PROD_IMAGE,Active,,https://www.instagram.com/all_of_all_and_all_of_nothing/,"5,499",+918630050538,+918630050538,allofallenterprises@gmail.com,allofallenterprises@gmail.com,No,Yes,June 2026 | July 2026 | August 2026,₹6.5 L | ₹6.8 L | ₹5.5 L,"2,308 | 2,487 | 2,670", |  | , |  | 
9,cc5dce6e52c24b5c,TrendingProductsVilla,ACTIVE,No,bronze,"Room no-8, building no-288 Nagdevi street Landmark : Bank of Maharashtra District : Mumbai State: Maharashtra MUMBAI 400003",2021-08-19,2021-08-30,3,3,588055970,BRAND_1,chocolate,,,,,,,+918591341810,+918591341810,trendingproductsvilla@gmail.com,trendingproductsvilla@gmail.com,No,Yes,June 2026 | July 2026 | August 2026,"₹73,523 | ₹1.56 L | ₹2.12 L",129 | 285 | 411,"₹69,984 | ₹1.45 L | ₹2.06 L", |  | 
,,,,,,,,,,,603082139,TRENDING PRODUCTS VILLA,chocolate,Yes,TM,,,,,,,,,,,,,,,
,,,,,,,,,,,252857415,TrendingProductsVilla,mould,Yes,,,,,,,,,,,,,,,,
10,4daebee22a0d476f,OanvySangitaEnterprises,ACTIVE,No,silver,"Sunil Pandey ji- Shivaji Nagar Colony, Chittupur, Varanasi Near- Sasta Store & Blue Garden Kidzone District: VARANASI State: UTTAR PRADESH VARANASI 221011",2026-05-22,2026-05-26,2,1,628411745,OANVY,"toner, bath_essential_oil",Yes,TM,Active,,,,+917398093878,+917398093878,info.sangitaenterprises@gmail.com,info.sangitaenterprises@gmail.com,No,Yes,June 2026 | July 2026 | August 2026,"₹725 | ₹3,728 | ₹3,834",2 | 13 | 16, |  | , |  | 
11,4a68de20e2404d2f,NIDHIMALL,ACTIVE,No,gold,"13/R MADHAV FARM, OOP HARIKRISHNA SAKER NWE RING ROAD ,VALAK PATIYA ROAD , SARTHANA JAKAT NAKA SURAT 395006",2026-06-04,2026-06-07,9,1,628378858,FLIXY,"face_pack, deodorant, hair_serum, hair_removal, bath_essential_oil, lubricant, hair_oil, hair_styling, face_wash",,BAL,,,,,+919265093716,+919265093716,nidhienterprise077@gmail.com,nidhienterprise077@gmail.com,No,Yes,June 2026 | July 2026 | August 2026,-:::neutral | +907.5%:::positive | +66.3%:::positive,"362 | 3,556 | 6,736", |  | , |  | 
12,d3641f9ee5364b12,santmuniayurveda,ONHOLD,No,bronze,mata sundari public school surya vihar part 2 FARIDABAD 121003,2024-09-12,2024-09-12,34,17,624507621,medivincare,"lubricant, antiseptic, face_pack, sunscreen, hair_removal, bath_essential_oil, soap, hair_treatment, face_wash, massage_oil",,TM,4,,https://www.instagram.com/medivin_/,,+917042082656,+917042082656,dumdarprooil@gmail.com,dumdarprooil@gmail.com,No,Yes,June 2026 | July 2026 | August 2026,₹3.1 L | ₹4.9 L | ₹0,"1,113 | 1,383 | 0", |  | , |  | 
,,,,,,,,,,,623229472,VEDANAND DHURANDER,body_pain_relief,,TM,,,,,,,,,,,,,,,
,,,,,,,,,,,621411858,HORSEFORCE,"vitamin_supplement, ayurvedic",,TM,,,,,,,,,,,,,,,
,,,,,,,,,,,621410923,SANTMUNI,"vitamin_supplement, shopsy_body_pain_relief, hair_treatment, ayurvedic",,TM,,,,,,,,,,,,,,,
,,,,,,,,,,,609430625,SANTMUNI AYURVEDA,protein_supplement,,TM,,,,,,,,,,,,,,,
,,,,,,,,,,,608722228,VEDANAND AYURVEDA,protein_supplement,,TM,,,,,,,,,,,,,,,
,,,,,,,,,,,621413723,CHILDORGANO,vitamin_supplement,,TM,,,,,,,,,,,,,,,
,,,,,,,,,,,610187521,VEDANAND HEIGHTVEDA,protein_supplement,,TM,,,,,,,,,,,,,,,
,,,,,,,,,,,608722228,VEDANAND AYURVEDA,"protein_supplement, ayurvedic, body_pain_relief",,TM,,,,,,,,,,,,,,,
,,,,,,,,,,,621412810,SISUPRASHAN,vitamin_supplement,,TM,,,,,,,,,,,,,,,
,,,,,,,,,,,496594292,DUMDAR,"bath_essential_oil, ayurvedic",,TM,,,,,,,,,,,,,,,
,,,,,,,,,,,554723148,VEDANAND HEIGHT VEDA,ayurvedic,,TM,,,,,,,,,,,,,,,
,,,,,,,,,,,543443922,ASPL WELLNESS,"blackhead_remover, hair_treatment",Yes,TM,,,,,,,,,,,,,,,
,,,,,,,,,,,526466262,hoygi,hair_treatment,,INVOICE,,,,,,,,,,,,,,,
,,,,,,,,,,,505622997,DUM DAR,body_pain_relief,,TM,,,,,,,,,,,,,,,
,,,,,,,,,,,490292379,ORTHOPEDIC EXPERT,ayurvedic,,TM,,,,,,,,,,,,,,,
,,,,,,,,,,,489721026,BRAND_17,ayurvedic,,,,,,,,,,,,,,,,,
13,17573c3f17f34e2c,NILGIRISESSENCE,ACTIVE,No,silver,"D/N 296d, The nilgiris Vivekananda Nagar , Tamilagam Road UTHAGAMANDALAM 643001",2026-04-25,2026-06-09,3,2,608695000,NilgirisEssence,"bath_essential_oil, coffee",Yes,TM,Active,,,,+917448573385,+917448573385,nilgirisessence@gmail.com,nilgirisessence@gmail.com,No,Yes,June 2026 | July 2026 | August 2026,"₹337 | ₹1,845 | ₹3,521",1 | 3 | 13, |  | , |  | 
,,,,,,,,,,,601061905,BRAND_2,coffee,Yes,TM,Active,,,,,,,,,,,,,,
14,15d6b5159a774fce,HEALTHYOATHORGANICS,ACTIVE,Yes,silver,"Plot no. F-23 Samaypur Badli , F-23  NEW DELHI,DELHI NEW DELHI 110042",2026-03-05,2026-03-07,3,2,614994336,THE HEALTHY OATH,"shopsy_concentrate, drinks_juice",,TM,,,https://www.instagram.com/thehealthyoath_official/,90,+918505933111,+918505933111,thehealthyoath@gmail.com,thehealthyoath@gmail.com,No,Yes,June 2026 | July 2026 | August 2026,₹1.5 L | ₹3.2 L | ₹2.6 L,249 | 502 | 414, |  | , |  | 
,,,,,,,,,,,583329610,BRAND_2,drinks_juice,,,,,,,,,,,,,,,,,
15,31b59e5560a642b6,EcoVedaStore,ACTIVE,No,silver,RAMPUR PARORI EAST DUMRA SITAMARHI NEAR MAHARANI ASTHAN SITAMARHI 843302,2025-05-02,2025-06-21,10,6,639304588,MARKBIZZ,"ayurvedic, drinks_juice",Yes,INVOICE,,,,,+919507530030,+919507530030,ecovedastm@gmail.com,ecovedastm@gmail.com,No,Yes,June 2026 | July 2026 | August 2026,"₹70,094 | ₹67,674 | ₹82,306",144 | 153 | 176, |  | , |  | 
,,,,,,,,,,,637306553,ECOVEDA,"ayurvedic, face_wash",,INVOICE,,,,,,,,,,,,,,,
,,,,,,,,,,,540591746,ECO VEDA,"bath_essential_oil, vitamin_supplement, massage_oil",,BAL,,,,,,,,,,,,,,,
,,,,,,,,,,,508492696,BRAND_4,vitamin_supplement,,INVOICE,,,,,,,,,,,,,,,
,,,,,,,,,,,579051745,BRAND_5,ayurvedic,,,,,,,,,,,,,,,,,
,,,,,,,,,,,509681872,PR HERBAL,vitamin_supplement,,INVOICE,,,,,,,,,,,,,,,
16,2d7260c9290b414d,HomeSign,ACTIVE,Yes,silver,"khasra No-16/20/1,Near transformer no-2 Begumpur NEW DELHI 110086",2019-12-29,2020-01-10,17,12,536586366,HomeSign,"rice_light, hand_juicer, rack_shelf, container, hand_blender, ice_cube_tray",,TM,Active,,https://www.instagram.com/homesign_/,0,+917836089614,+917836089614,homesign310120@gmail.com,homesign310120@gmail.com,No,Yes,June 2026 | July 2026 | August 2026,₹15.2 L | ₹21.9 L | ₹24.7 L,"7,504 | 10,601 | 11,087", |  | , |  | 
,,,,,,,,,,,66284816,GTC Micro,cleaning_cloth,,,Active,,,,,,,,,,,,,,
,,,,,,,,,,,89770908,Dr. King Copper,decorative_bottle,,INVOICE,Active,,,,,,,,,,,,,,
,,,,,,,,,,,69777981,Classik,laminating_sheet,,,Active,,,,,,,,,,,,,,
,,,,,,,,,,,68908899,JSSR,blank_media,,,Active,,,,,,,,,,,,,,
,,,,,,,,,,,67522448,ubu,tweezer_plucker,,,Active,,,,,,,,,,,,,,
,,,,,,,,,,,66285147,Lock & Lock,ice_cube_tray,,,Active,,,,,,,,,,,,,,
,,,,,,,,,,,66284923,Ombuzz,blank_media,,,Active,,,,,,,,,,,,,,
,,,,,,,,,,,66284732,Mars Lifestyle,tweezer_plucker,,,Active,,,,,,,,,,,,,,
,,,,,,,,,,,66159623,CARROMIND,carrom_pawn,,,Active,,,,,,,,,,,,,,
,,,,,,,,,,,65968264,Kitchen Gallery,clip,,,Active,,,,,,,,,,,,,,
,,,,,,,,,,,64816047,ShivaEnterprises,key_chain,,,Active,,,,,,,,,,,,,,
17,63f6d231e16d4df0,OzoriIndustries,ACTIVE,Yes,silver,"Snowlan Epicure Pvt Ltd S.No.121, Near Jain Agam Mandir, Santosh Nagar, Katraj Pune PUNE 411046",2017-01-30,2017-06-13,13,7,451457495,Colombian Brew,coffee,Yes,OTHER,,https://www.colombianbrew.com/,,,+917447407040,+919168057862,info@ozori.in,info@ozori.in,Yes,Yes,June 2026 | July 2026 | August 2026,₹0 | ₹0 | ₹0,0 | 0 | 0, |  | , |  | 
,,,,,,,,,,,451489607,Christopher Cocoa,"chocolate, baking_decorative",,TM,,,,,,,,,,,,,,,
,,,,,,,,,,,451492767,Cambridge Tea Party,tea,Yes,TM,,,,,,,,,,,,,,,
,,,,,,,,,,,103560760,BRAND_4,coffee,Yes,BAL,,,,,,,,,,,,,,,
,,,,,,,,,,,131996431,Teddy Roosevelt,coffee,Yes,BAL,,,,,,,,,,,,,,,
,,,,,,,,,,,13579060,drona_,chocolate,,,,,,,,,,,,,,,,,
,,,,,,,,,,,102337432,Didier & Frank,chocolate,,TM,,,,,,,,,,,,,,,
18,ea175927b64b416d,DAKSHMALL,ONHOLD,No,bronze,"D/29 MADHAV FARM NEAR NEW RIBG ROAD OPP.HARIKRUSHNA SAKAR, VALAK JUNCTION ROD, SARTHANA JAKAT NAKA SURAT 395006",2026-05-21,2026-05-23,11,1,623549827,flixy,"deodorant, perfume, nipple_cream, breast_nipple_care, hair_treatment, hair_removal, women_intimate_care, face_wash, hair_color, shampoo, hair_styling",Yes,BAL,,,,,+917046707115,+917046707115,sanjayzapadiya880@gmail.com,sanjayzapadiya880@gmail.com,No,Yes,June 2026 | July 2026 | August 2026,"₹87,503 | ₹76,410 | ₹0", |  | , |  | , |  | 
19,64a660c60ba04f07,Tangry,ACTIVE,No,bronze,"A7, MARG NO A5, Kumawat Colony JAIPUR 302012",2025-11-05,2025-12-21,2,2,555252959,BRAND_2,spice_masala,Yes,TM,,,,,+917733009952,+917733009952,tangryspices@gmail.com,tangryspices@gmail.com,No,Yes,June 2026 | July 2026 | August 2026,"₹3,005 | ₹2,719 | ₹4,593",19 | 18 | 23, |  | , |  | 
,,,,,,,,,,,555252959,BRAND_2,spice_masala,Yes,TM,,,,,,,,,,,,,,,
20,71d59a9d4c844b53,NUTSPICEPRODUCTS,ACTIVE,No,silver,"Plot No 2, First Floor, H No 11-13-393, SRK Puram, Kothapet, Alkapuri Colony,  , H No 11-13-393, SRK Puram, Kothapet HYDERABAD 500035",2026-05-11,2026-06-29,2,2,608461875,BRAND_2,nut_dry_fruit,,TM,,,,,+919703088446,+919703088446,nutspiceco.official@gmail.com,nutspiceco.official@gmail.com,No,Yes,June 2026 | July 2026 | August 2026,"₹0 | ₹1,674 | ₹16,967",0 | 5 | 63, |  | , |  | 
,,,,,,,,,,,608461875,BRAND_2,nut_dry_fruit,,TM,,,,,,,,,,,,,,,
21,8c75f56de3a245a7,SHEEVATRADER,ACTIVE,No,silver,S-8..... mandore Mandi ward 17 Landmark : Jodhpur District : Jodhpur State : Rajasthan JODHPUR 342001,2023-05-13,2023-05-15,2,2,546556560,Aroma,nut_dry_fruit,,TM,Active,,,,+917073712900,+917073712900,aromadryfruits95@gmail.com,aromadryfruits95@gmail.com,No,Yes,June 2026 | July 2026 | August 2026,"₹42,921 | ₹1.03 L | ₹94,846",179 | 411 | 380, |  | , |  | 
,,,,,,,,,,,353586695,BRAND_2,nut_dry_fruit,,,Active,,,,,,,,,,,,,,
22,d7dbb85079934575,LadooGopalMinerals,ACTIVE,No,silver,"34-A Anubhav Apartment Cabin No.2 Of Malviya Business Center, First Floor, Corner Market District: NEW DELHI State: DELHI NEW DELHI 110017",2025-05-12,2025-12-12,2,2,600137010,LGM,spice_masala,,INVOICE,active,,,,+918744001444,+918744001444,ladoogopalminerals@gmail.com,ladoogopalminerals@gmail.com,No,No,June 2026 | July 2026 | August 2026,₹0 | ₹0 | ₹0,0 | 0 | 0, |  | , |  | 
,,,,,,,,,,,594703501,BRAND_2,spice_masala,,,active,,,,,,,,,,,,,,
23,88fff8d16d5e4175,FitMuscles11,ACTIVE,No,bronze,"Plot Number-70 , 2nd Floor  Pira Bungalows Near RN Bhayani High School Near Melady Mata Mandir and Sania Police Check Post Puna Canal Road, Varachha Simada Gam SURAT 395006",2025-09-05,2025-12-12,5,5,638919097,ANNADHARA,edible_oil,Yes,BAL,,,,,+919909251011,+919909251011,fitmuscles11@gmail.com,fitmuscles11@gmail.com,No,Yes,June 2026 | July 2026 | August 2026,₹8.14 L | ₹8.29 L | ₹7.09 L,"1,935 | 1,925 | 1,720",₹7.71 L | ₹7.46 L | ₹6.62 L, |  | 
,,,,,,,,,,,638918878,Arcelo,jam_spread,,TM,,,,,,,,,,,,,,,
,,,,,,,,,,,638917408,Fit muscles,jam_spread,,BAL,,,,,,,,,,,,,,,
,,,,,,,,,,,546166018,Fit Muscels,jam_spread,,BAL,,,,,,,,,,,,,,,
,,,,,,,,,,,539909297,BRAND_5,jam_spread,,,,,,,,,,,,,,,,,
24,a4d8fb14e44249b9,Wildhoneyhunters,ACTIVE,No,silver,"Ghats Honey No.326, Varakkadu,Pavalathampalayam,Nanjanapuram Road, Thoppu Kaadu Pillayar Kovil, , MP Residency ERODE 638012",2026-05-06,2026-06-16,2,2,605443756,Wild Honey Hunters,honey,Yes,TM,Active,https://www.wildhoneyhunters.com/,https://www.instagram.com/wild_honey_hunters/,150,+916383667301,+916383667301,info@wildhoneyhunters.com,info@wildhoneyhunters.com,Yes,Yes,June 2026 | July 2026 | August 2026,₹0 | ₹0 | ₹0,0 | 0 | 0, |  | , |  | 
,,,,,,,,,,,605443756,Wild Honey Hunters,honey,Yes,TM,Active,,,,,,,,,,,,,,
25,6bbabec22fd6467b,COREWELLINNOVATIONS,ACTIVE,No,silver,"2365/7,GALA 07,GR FLR,BLDG 8 PADMAVATI ESTATE Shastrinagar  Thane , Kasheli toll naka 421302 , BHIWANDI 421302",2024-09-11,2024-09-25,1,1,460464319,Scorewell,condom,,TM,Active,,https://www.instagram.com/scorewell.maths/,13,+918355978412,+919920727247,info@corewellinnovations.in,info@corewellinnovations.in,Yes,Yes,June 2026 | July 2026 | August 2026,₹0 | ₹0 | ₹161,0 | 1 | 3, |  | , |  | 
26,59393b4ab90e4fd8,24BIGBRAND,ACTIVE,No,gold,"PLOT NO-14,JEMS COLONY, VIDHYADHAR NAGAR JAIPUR 302039",2025-04-13,2025-06-03,16,8,635597466,Vritilife,face_wash,,BAL,,,https://www.instagram.com/vritilife_official_store/,34,+919602036073,+919602036073,HnNutritionFactor@gmail.com,HnNutritionFactor@gmail.com,No,Yes,June 2026 | July 2026 | August 2026,-:::neutral | -26.8%:::negative | -3.0%:::negative,"1,540 | 1,102 | 964", |  | , |  | 
,,,,,,,,,,,643718746,harbal mantra,protein_supplement,,BAL,,,,,,,,,,,,,,,
,,,,,,,,,,,511324615,BRAND_3,shopsy_energy_sport_drink_mix,,,,,,,,,,,,,,,,,
,,,,,,,,,,,567749274,BRAND_4,tea,,,,,,,,,,,,,,,,,
,,,,,,,,,,,567744773,Vestige,"tea, milk, protein_supplement, digestive_probiotic, garden_mulch, combo_kit",,BAL,,,,,,,,,,,,,,,
,,,,,,,,,,,579693243,FitRams,"digestive_probiotic, vitamin_supplement, combo_kit",,BAL,,,,,,,,,,,,,,,
,,,,,,,,,,,550189522,Ayusante,"digestive_probiotic, shopsy_digestive_probiotic",,INVOICE,,,,,,,,,,,,,,,
,,,,,,,,,,,629503542,HERBALIFE NUTRITION,bottle,No,BAL,,,,,,,,,,,,,,,
27,39d74f881e0848e7,Publicmedicostore,ACTIVE,No,silver,"Transport chauraha Amroha , Amroha , Kundan college AMROHA 244221",2026-04-16,2026-04-21,4,4,619770987,Oring Lotion,vitamin_supplement,No,BAL,LSTVSLHPYR8FBW9MZSJGKICU1,,,,+919557983333,+919557983333,ikramali983333@gmail.com,ikramali983333@gmail.com,No,Yes,June 2026 | July 2026,"₹5,420 | ₹8,848",6 | 18, | , | 
,,,,,,,,,,,608425637,sarvar liver,vitamin_supplement,,INVOICE,LSTVSLHZRY5ZJAQCMXJ7AP2J9,,,,,,,,,,,,,,
,,,,,,,,,,,604361944,ikram damru,damaru,,PROD_IMAGE,LSTDAMHZGW7M4DYWHU9K3HDUY,,,,,,,,,,,,,,
,,,,,,,,,,,600689860,BRAND_4,vitamin_supplement,,INVOICE,N/A,,,,,,,,,,,,,,
28,fc94823441de49d8,FreshoCartz,ACTIVE,No,silver,"214, Gali number 8, Dilip nagar Lal sagar JODHPUR 342304",2021-05-06,2021-05-14,3,2,619298567,BRAND_1,popcorn,,,,,,,+917568997925,+917568997925,freshocartz@gmail.com,freshocartz@gmail.com,No,Yes,June 2026 | July 2026 | August 2026,₹18.79 Lakh | ₹21.88 Lakh | ₹29.98 Lakh,"5,654 | 6,916 | 7,820",₹17.76 Lakh | ₹20.35 Lakh | ₹27.42 Lakh, |  | 
,,,,,,,,,,,611826863,FreshoCartz,"nut_dry_fruit, popcorn",Yes,TM,,,,,,,,,,,,,,,
29,0b2ce317de1f4459,KRISHNATRADERS000,ACTIVE,No,bronze,"HANUMANGARH JN. NAWAN NAWAN WARD NO 12 NEAR WATER WAX ROAD SANGRIA , HANUMANGARH 335512",2025-09-11,2025-11-07,2,2,591800225,BRAND_1,edible_seed,,,,,,,+919351118252,+919351118252,krishnatraders0052@gmail.com,krishnatraders0052@gmail.com,No,Yes,June 2026 | July 2026 | August 2026,"₹4,011 | ₹1,796 | ₹0",15 | 8 | 0,"₹3,506 | ₹1,796 | ₹0", |  | 
,,,,,,,,,,,592297318,prikasya,edible_seed,,BAL,LSTEDSHMJJZBBKUVGFETRVI5F,,,,,,,,,,,,,,
30,301ff2685fdf4848,OriginBihar,ACTIVE,No,silver,"WARD NO 31 MAHARAJGANJ RAMBAGH PURNIA Purnia , Purnia , DOON INTERNATIONAL SCHOOL PURNIA 854301",2026-04-26,2026-06-21,4,4,617105668,Kosi heritage,nut_dry_fruit,,TM,,,,,+919034788848,+919523091201,sales@biharnaturals.in,sales@biharnaturals.in,Yes,Yes,June 2026 | July 2026 | August 2026,"₹0 | ₹10,970 | ₹22,509", |  | , |  | , |  | 
,,,,,,,,,,,615146796,Bihar Naturals,nut_dry_fruit,,TM,,,,,,,,,,,,,,,
,,,,,,,,,,,612594696,BRAND_4,nut_dry_fruit,,TM,,,,,,,,,,,,,,,
,,,,,,,,,,,612594696,BRAND_4,nut_dry_fruit,,TM,,,,,,,,,,,,,,,
31,aba78a3574574f3b,BSBIOSCIENCE,ACTIVE,No,bronze,M/S BODY SPARTANS NUTRITION HANSI Barwala Bypass Road Near Shehnai Place Hansi HANSI 125033,2022-01-17,2023-07-29,7,4,589723874,BRAND_1,protein_supplement,,,,,,,+917404745935,+917404745935,biosciencenutritionflipkart@gmail.com,biosciencenutritionflipkart@gmail.com,No,Yes,June 2026 | July 2026 | August 2026,₹1.08 L | ₹3.83 L | ₹1.88 L,228 | 964 | 440, |  | , |  | 
,,,,,,,,,,,643001393,Bioscience Nutrition,protein_supplement,,,LSTRYMHMKVJA93NCQGY5O8QK1,,,,,,,,,,,,,,
,,,,,,,,,,,597587394,BODY SPARTANS,"vitamin_supplement, ready_mix, protein_supplement",Yes,TM,,,,,,,,,,,,,,,
,,,,,,,,,,,588209909,BS BIOSCIENCE NUTRITION,"jam_spread, arm_sleeve",,TM,LSTRYMHMKVJA93NCQGY5O8QK1,,,,,,,,,,,,,,
32,bc01f4522c044fd2,KWIZERANUTRITION,ACTIVE,No,silver,"DK3/233,DANISH KUNJ,NEAR DANISH SQUIRE JUST BEHIND GARUDA URBAN  , BIKANER SWEETS BHOPAL 462042",2026-06-12,2026-06-17,4,4,614031588,BRAND_1,protein_supplement,,,0,,,,+918103880433,+918103880433,kwizera.pharmaceuticals@gmail.com,kwizera.pharmaceuticals@gmail.com,No,Yes,June 2026 | July 2026 | August 2026,"₹0 | ₹0 | ₹1,987",0 | 0 | 1, |  | , |  | 
,,,,,,,,,,,639971024,COLWIZ,protein_supplement,No,TM,0,,,,,,,,,,,,,,
,,,,,,,,,,,617075378,ZARLAC TRIO,digestive_probiotic,,TM,1,,,,,,,,,,,,,,
,,,,,,,,,,,614952723,ALBUZA,protein_supplement,,TM,2,,,,,,,,,,,,,,
33,aa04738dfa234fad,SupplementDestination,ONHOLD,No,bronze,"LGF-1, C-74 Shalimar Garden Ext.II Sahibabad  Ghaziabad  UP GHAZIABAD 201005",2019-02-26,2019-04-21,141,134,619152725,Terror labz,protein_supplement,,INVOICE,,,,,+919899364999,+919899364999,skmhealthcare19@gmail.com,skmhealthcare19@gmail.com,No,Yes,June 2026 | July 2026,"₹24.3 L | ₹17,607","1,427 | 9", | , | 
,,,,,,,,,,,615574478,Celucor,protein_supplement,,INVOICE,,,,,,,,,,,,,,,
,,,,,,,,,,,553274452,Russian Nutrition,protein_supplement,,INVOICE,,,,,,,,,,,,,,,
,,,,,,,,,,,613832652,PROTEINFARM,protein_supplement,,INVOICE,,,,,,,,,,,,,,,
,,,,,,,,,,,609088587,REDSKULL,protein_supplement,,,,,,,,,,,,,,,,,
,,,,,,,,,,,553271620,BRAND_6,protein_supplement,,,,,,,,,,,,,,,,,
,,,,,,,,,,,59764710,XTEND,protein_supplement,,INVOICE,,,,,,,,,,,,,,,
,,,,,,,,,,,609088397,BYSON NUTRITION,protein_supplement,,INVOICE,,,,,,,,,,,,,,,
,,,,,,,,,,,608551915,Naughty Boy,protein_supplement,,INVOICE,,,,,,,,,,,,,,,
,,,,,,,,,,,609088559,MUSCLE MAX,protein_supplement,,INVOICE,,,,,,,,,,,,,,,
,,,,,,,,,,,609406589,AMERICANZ MUSCLEZ,protein_supplement,,INVOICE,,,,,,,,,,,,,,,
,,,,,,,,,,,609087495,MUSCLE REIGN,protein_supplement,,INVOICE,,,,,,,,,,,,,,,
,,,,,,,,,,,609087381,US ANABOLIC,protein_supplement,,INVOICE,,,,,,,,,,,,,,,
,,,,,,,,,,,609087473,BIOTECH USA,protein_supplement,,INVOICE,,,,,,,,,,,,,,,
,,,,,,,,,,,609088537,NEWGEN LABZ,protein_supplement,,INVOICE,,,,,,,,,,,,,,,
,,,,,,,,,,,609090019,BATTLEFIELD NUTRITION,protein_supplement,,INVOICE,,,,,,,,,,,,,,,
,,,,,,,,,,,609087403,BLUE NUTRITION,protein_supplement,,INVOICE,,,,,,,,,,,,,,,
,,,,,,,,,,,609088665,BB NUTRITION,protein_supplement,,INVOICE,,,,,,,,,,,,,,,
,,,,,,,,,,,608553498,PHYZON LABZ,protein_supplement,,INVOICE,,,,,,,,,,,,,,,
,,,,,,,,,,,468233222,WILLIAM BONAC,protein_supplement,,INVOICE,,,,,,,,,,,,,,,
,,,,,,,,,,,607273488,ENHANCED,protein_supplement,,INVOICE,,,,,,,,,,,,,,,
,,,,,,,,,,,470599726,Fitness Friends,protein_supplement,,INVOICE,,,,,,,,,,,,,,,
,,,,,,,,,,,90034100,FA CORE,protein_supplement,No,INVOICE,,,,,,,,,,,,,,,
,,,,,,,,,,,607400265,want nutrition,"protein_supplement, vitamin_supplement",,INVOICE,,,,,,,,,,,,,,,
,,,,,,,,,,,505423062,Muscle Door,protein_supplement,,INVOICE,,,,,,,,,,,,,,,
,,,,,,,,,,,421424377,PhD,protein_supplement,No,INVOICE,,,,,,,,,,,,,,,
,,,,,,,,,,,608551893,WAR CHOICE NUTRITION,protein_supplement,,INVOICE,,,,,,,,,,,,,,,
,,,,,,,,,,,570763805,condemned,protein_supplement,,INVOICE,,,,,,,,,,,,,,,
,,,,,,,,,,,608551988,RYSE,protein_supplement,,INVOICE,,,,,,,,,,,,,,,
,,,,,,,,,,,607275107,MUSCLE GARAGE,protein_supplement,No,INVOICE,,,,,,,,,,,,,,,
,,,,,,,,,,,467471679,MHP,"protein_supplement, vitamin_supplement",No,INVOICE,,,,,,,,,,,,,,,
,,,,,,,,,,,505811990,gap sports,protein_supplement,,INVOICE,,,,,,,,,,,,,,,
,,,,,,,,,,,398039833,Gaspari,protein_supplement,,INVOICE,,,,,,,,,,,,,,,
,,,,,,,,,,,607701395,DOCTOR'S CHOICE,protein_supplement,,INVOICE,,,,,,,,,,,,,,,
,,,,,,,,,,,80096313,MT,protein_supplement,,INVOICE,,,,,,,,,,,,,,,
,,,,,,,,,,,607118321,APPLIED NUTRITION,"vitamin_supplement, protein_supplement",,INVOICE,,,,,,,,,,,,,,,
,,,,,,,,,,,80096695,RC,protein_supplement,,INVOICE,,,,,,,,,,,,,,,
,,,,,,,,,,,604299269,DRAGON PHARMA,protein_supplement,,INVOICE,,,,,,,,,,,,,,,
,,,,,,,,,,,608553448,DOCTOR'S BEST,protein_supplement,,INVOICE,,,,,,,,,,,,,,,
,,,,,,,,,,,444614146,DEXTER JACKSON,"protein_supplement, vitamin_supplement",No,INVOICE,,,,,,,,,,,,,,,
,,,,,,,,,,,41120316,REVANGE,"vitamin_supplement, protein_supplement",No,INVOICE,,,,,,,,,,,,,,,
,,,,,,,,,,,465351782,CLOMA PHARMA,protein_supplement,,INVOICE,,,,,,,,,,,,,,,
,,,,,,,,,,,607275392,ALPHA NUTRITION,protein_supplement,,INVOICE,,,,,,,,,,,,,,,
,,,,,,,,,,,603645350,PHF NUTRITION,protein_supplement,,INVOICE,,,,,,,,,,,,,,,
,,,,,,,,,,,604511931,RAW NUTRITION,protein_supplement,,INVOICE,,,,,,,,,,,,,,,
,,,,,,,,,,,603628834,OLIVINE NUTRITION,protein_supplement,,INVOICE,,,,,,,,,,,,,,,
,,,,,,,,,,,607273074,INSANE LABZ,protein_supplement,,INVOICE,,,,,,,,,,,,,,,
,,,,,,,,,,,449820358,GAT SPORT,protein_supplement,No,INVOICE,,,,,,,,,,,,,,,
,,,,,,,,,,,570759912,Scitron,protein_supplement,,INVOICE,,,,,,,,,,,,,,,
,,,,,,,,,,,28066741,Fa,protein_supplement,No,INVOICE,,,,,,,,,,,,,,,
,,,,,,,,,,,604511756,SCITEC NUTRITION,protein_supplement,,INVOICE,,,,,,,,,,,,,,,
,,,,,,,,,,,502631686,RONNIE COLEMAN,"vitamin_supplement, protein_supplement",,INVOICE,,,,,,,,,,,,,,,
,,,,,,,,,,,607272069,Muscle xpress,protein_supplement,,INVOICE,,,,,,,,,,,,,,,
,,,,,,,,,,,570761174,Anabolic Research,protein_supplement,,INVOICE,,,,,,,,,,,,,,,
,,,,,,,,,,,608551843,NATURE MADE,protein_supplement,,INVOICE,,,,,,,,,,,,,,,
,,,,,,,,,,,471875519,MUSCLE THRONE,protein_supplement,,INVOICE,,,,,,,,,,,,,,,
,,,,,,,,,,,607274084,BPI Sports,protein_supplement,No,BAL,,,,,,,,,,,,,,,
,,,,,,,,,,,56345971,GAT,vitamin_supplement,No,INVOICE,,,,,,,,,,,,,,,
,,,,,,,,,,,598254104,ANATOMY,protein_supplement,,INVOICE,,,,,,,,,,,,,,,
,,,,,,,,,,,59273347,ANS,protein_supplement,,INVOICE,,,,,,,,,,,,,,,
,,,,,,,,,,,522703002,USN,"protein_supplement, tanning_liquid",,INVOICE,,,,,,,,,,,,,,,
,,,,,,,,,,,506064776,DNS,protein_supplement,,INVOICE,,,,,,,,,,,,,,,
,,,,,,,,,,,607272971,WHITE WOLF NUTRITION,protein_supplement,,INVOICE,,,,,,,,,,,,,,,
,,,,,,,,,,,607271431,MAXIGEN,protein_supplement,,INVOICE,,,,,,,,,,,,,,,
,,,,,,,,,,,604513275,ELEV,protein_supplement,,INVOICE,,,,,,,,,,,,,,,
,,,,,,,,,,,48551355,sunline,vitamin_supplement,No,INVOICE,,,,,,,,,,,,,,,
,,,,,,,,,,,452368189,JNX Sports,protein_supplement,,INVOICE,,,,,,,,,,,,,,,
,,,,,,,,,,,413317271,Genetic Code,protein_supplement,No,INVOICE,,,,,,,,,,,,,,,
,,,,,,,,,,,81457500,BSN SYNTHA-6,protein_supplement,,INVOICE,,,,,,,,,,,,,,,
,,,,,,,,,,,401104723,Muscle Doctor,protein_supplement,No,INVOICE,,,,,,,,,,,,,,,
,,,,,,,,,,,603626602,WEIDER,protein_supplement,,INVOICE,,,,,,,,,,,,,,,
,,,,,,,,,,,607400091,TRUEFORMA,protein_supplement,,INVOICE,,,,,,,,,,,,,,,
,,,,,,,,,,,604299836,ILLUMINATI LABZ,protein_supplement,,INVOICE,,,,,,,,,,,,,,,
,,,,,,,,,,,600990683,56 INCHES,protein_supplement,,INVOICE,,,,,,,,,,,,,,,
,,,,,,,,,,,473684698,MUSCLEMEDS,protein_supplement,,INVOICE,,,,,,,,,,,,,,,
,,,,,,,,,,,59768902,Bodyfuelz,protein_supplement,No,OTHER,,,,,,,,,,,,,,,
,,,,,,,,,,,469840286,Sezpro Nutrition,protein_supplement,,INVOICE,,,,,,,,,,,,,,,
,,,,,,,,,,,607275526,Mutant,protein_supplement,,INVOICE,,,,,,,,,,,,,,,
,,,,,,,,,,,465648625,REDCON1,protein_supplement,No,INVOICE,,,,,,,,,,,,,,,
,,,,,,,,,,,470599748,International Protein,protein_supplement,,INVOICE,,,,,,,,,,,,,,,
,,,,,,,,,,,443491923,DENNIS JAMES,protein_supplement,,INVOICE,,,,,,,,,,,,,,,
,,,,,,,,,,,78710741,Prolab,protein_supplement,,BAL,,,,,,,,,,,,,,,
,,,,,,,,,,,27319072,ABSN,vitamin_supplement,No,INVOICE,,,,,,,,,,,,,,,
,,,,,,,,,,,607273567,gayor essentials,protein_supplement,,INVOICE,,,,,,,,,,,,,,,
,,,,,,,,,,,59269456,Now Foods,vitamin_supplement,,BAL,,,,,,,,,,,,,,,
,,,,,,,,,,,606365113,KAGED MUSCLE,protein_supplement,,INVOICE,,,,,,,,,,,,,,,
,,,,,,,,,,,464138486,Gaspari Nutrition,protein_supplement,No,INVOICE,,,,,,,,,,,,,,,
,,,,,,,,,,,62656287,sunline alaska,vitamin_supplement,No,INVOICE,,,,,,,,,,,,,,,
,,,,,,,,,,,469972425,1UP NUTRITION,protein_supplement,,INVOICE,,,,,,,,,,,,,,,
,,,,,,,,,,,607391285,Pro Supps,protein_supplement,No,BAL,,,,,,,,,,,,,,,
,,,,,,,,,,,570760644,HUNTER PHARMA,protein_supplement,,INVOICE,,,,,,,,,,,,,,,
,,,,,,,,,,,506064798,MYPROTEIN,protein_supplement,,INVOICE,,,,,,,,,,,,,,,
,,,,,,,,,,,78116321,Elite  Labs USA,protein_supplement,No,BAL,,,,,,,,,,,,,,,
,,,,,,,,,,,607272313,UNIVERSAL NUTRITION,protein_supplement,,INVOICE,,,,,,,,,,,,,,,
,,,,,,,,,,,607270747,Dymatize,protein_supplement,No,INVOICE,,,,,,,,,,,,,,,
,,,,,,,,,,,471875413,Want,protein_supplement,,INVOICE,,,,,,,,,,,,,,,
,,,,,,,,,,,607273593,BULLNUTRITION,protein_supplement,,INVOICE,,,,,,,,,,,,,,,
,,,,,,,,,,,574078164,Hyper Genetic,protein_supplement,,INVOICE,,,,,,,,,,,,,,,
,,,,,,,,,,,602140808,WHITE WOLF,protein_supplement,,INVOICE,,,,,,,,,,,,,,,
,,,,,,,,,,,78640437,AS-IT-IS Nutrition,protein_supplement,,INVOICE,,,,,,,,,,,,,,,
,,,,,,,,,,,570760806,IN2,protein_supplement,,INVOICE,,,,,,,,,,,,,,,
,,,,,,,,,,,604300906,NUTRICOST,protein_supplement,,INVOICE,,,,,,,,,,,,,,,
,,,,,,,,,,,181281414,Sand Beast,vitamin_supplement,,INVOICE,,,,,,,,,,,,,,,
,,,,,,,,,,,570402485,Scivation,protein_supplement,,OTHER,,,,,,,,,,,,,,,
,,,,,,,,,,,114292161,RSP,vitamin_supplement,No,BAL,,,,,,,,,,,,,,,
,,,,,,,,,,,570762970,Primal Nutrition,protein_supplement,,INVOICE,,,,,,,,,,,,,,,
,,,,,,,,,,,79414530,Ultimate Nutrition,protein_supplement,,BAL,,,,,,,,,,,,,,,
,,,,,,,,,,,94902379,PHARM GRADE,vitamin_supplement,No,INVOICE,,,,,,,,,,,,,,,
,,,,,,,,,,,607269110,BSN,protein_supplement,,INVOICE,,,,,,,,,,,,,,,
,,,,,,,,,,,570761152,MUSCLE CLUB,protein_supplement,,INVOICE,,,,,,,,,,,,,,,
,,,,,,,,,,,471490421,SEZPRO,protein_supplement,,INVOICE,,,,,,,,,,,,,,,
,,,,,,,,,,,601961220,OUTLAST LABZ,protein_supplement,,INVOICE,,,,,,,,,,,,,,,
,,,,,,,,,,,435629901,GENETIC NUTRITION,protein_supplement,,INVOICE,,,,,,,,,,,,,,,
,,,,,,,,,,,59769034,MusclePharm,protein_supplement,No,INVOICE,,,,,,,,,,,,,,,
,,,,,,,,,,,607272041,ALLMAX NUTRITION,protein_supplement,,INVOICE,,,,,,,,,,,,,,,
,,,,,,,,,,,78711242,Rule 1,protein_supplement,,BAL,,,,,,,,,,,,,,,
,,,,,,,,,,,468232433,BIOQUEST PHARMA,protein_supplement,,INVOICE,,,,,,,,,,,,,,,
,,,,,,,,,,,507569123,DAVISCO,protein_supplement,,INVOICE,,,,,,,,,,,,,,,
,,,,,,,,,,,570405488,Alaska,vitamin_supplement,,INVOICE,,,,,,,,,,,,,,,
,,,,,,,,,,,401162113,PROSUPPS,energy_sport_drink_mix,No,,,,,,,,,,,,,,,,
,,,,,,,,,,,464138438,FLEX WHEELER,protein_supplement,,INVOICE,,,,,,,,,,,,,,,
,,,,,,,,,,,607271330,EXALT,protein_supplement,,INVOICE,,,,,,,,,,,,,,,
,,,,,,,,,,,129119705,ONE SCIENCE,protein_supplement,,INVOICE,,,,,,,,,,,,,,,
,,,,,,,,,,,577089024,Nature's Bounty,protein_supplement,,INVOICE,,,,,,,,,,,,,,,
,,,,,,,,,,,414261083,BRAND_125,vitamin_supplement,No,INVOICE,,,,,,,,,,,,,,,
,,,,,,,,,,,171318054,Pole Nutrition,vitamin_supplement,No,INVOICE,,,,,,,,,,,,,,,
,,,,,,,,,,,570760944,HARDLABS,protein_supplement,,INVOICE,,,,,,,,,,,,,,,
,,,,,,,,,,,570761080,HYDROMUSCLE NUTRITION,protein_supplement,,INVOICE,,,,,,,,,,,,,,,
,,,,,,,,,,,432342230,PVL,protein_supplement,,INVOICE,,,,,,,,,,,,,,,
,,,,,,,,,,,601964689,MS,vitamin_supplement,,INVOICE,,,,,,,,,,,,,,,
,,,,,,,,,,,439119755,NOW,vitamin_supplement,No,INVOICE,,,,,,,,,,,,,,,
,,,,,,,,,,,607271008,Davisco Foods,protein_supplement,,INVOICE,,,,,,,,,,,,,,,
,,,,,,,,,,,48731733,Kevin Levrone,protein_supplement,,INVOICE,,,,,,,,,,,,,,,
,,,,,,,,,,,28082523,CYTO,vitamin_supplement,No,INVOICE,,,,,,,,,,,,,,,
34,d736d3cac530495f,PRIMECREATIION,ACTIVE,No,silver,Gadhada road Mangal Para District: BOTAD State: GUJARAT BOTAD 364710,2026-05-26,2026-06-13,0,0,,,,,,,,,,+919327311656,+919327311656,vithanijitubhai6603@gmail.com,vithanijitubhai6603@gmail.com,No,No,June 2026 | July 2026 | August 2026,"₹2,948 | ₹26,481 | ₹1.4 L",8 | 77 | 219, |  | , |  | 
35,22662b8809474513,RejuvenatingUBTAN,ACTIVE,No,silver,C-401 DSIDC Industrial Area NEW DELHI 110040,2018-04-24,2018-05-15,9,2,622708274,Rejuvenating UBTAN,"lip_balm, toner, hair_oil, soap, bath_essential_oil, face_pack",Yes,,,www.ubtanindia.in,,,+919871065303,+919871065303,info@ubtanindia.in,info@ubtanindia.in,Yes,Yes,June 2026 | July 2026 | August 2026,"₹0 | ₹6,177 | ₹8,221", |  | , |  | , |  | 
,,,,,,,,,,,543405696,Rejuvenating UBTAN Handcrafted in India,"bath_essential_oil, face_pack, hair_oil",Yes,,,,,,,,,,,,,,,,
36,f7d01115279543e0,BHARDWAJA1PRODUCTS,ACTIVE,No,bronze,"pL 38-39 SAT NAGAR, NORTH PART NIWARU ROAD, Jaipur, Jaipur, Rajasthan , Near Santi Vidhya Niketan JAIPUR 302012",2026-02-02,2026-02-09,0,0,,,,,,,,,,+919772242076,+919772242076,bhardwaja1products@gmail.com,bhardwaja1products@gmail.com,No,No,June 2026 | July 2026 | August 2026,"₹994 | ₹3,280 | ₹681",4 | 14 | 3,"₹278 | ₹1,822 | ₹217", |  | 
37,ee809d8daba74630,Designbandhu,ACTIVE,No,gold,"Block No. 21 , Shop No. 3, Kapda Market Sanjay Palace AGRA 282002",2023-09-09,2023-09-11,1,1,576382305,GalleryGlow,card_game,,,active,,https://www.instagram.com/galleryglow_conceptstore/,851,+919058971117,+919058971117,Designbandhu@gmail.com,Designbandhu@gmail.com,No,Yes,June 2026 | July 2026 | August 2026,"₹26,641 | ₹42,002 | ₹51,223",103 | 156 | 167, |  | , |  | 
38,29095b49340d46a8,CraftQuest,ACTIVE,Yes,silver,"Second Floor 52, chouthi paltan, Shanti Nagar District: INDORE State: MADHYA PRADESH INDORE 452002",2019-10-01,2023-07-21,2,1,500714380,CRAFT QUEST,"religious_frame, painting",Yes,TM,Active,,https://www.instagram.com/_craftquest_/,12,+919303314800,+919303314800,shreeharienterprises2605@gmail.com,shreeharienterprises2605@gmail.com,No,Yes,June 2026 | July 2026 | August 2026,₹2.3 L | ₹2.46 L | ₹2.23 L,"915 | 1,039 | 957", |  | , |  | 
39,b0a1b8e27b374fa0,ARAAKAMART2,ACTIVE,No,bronze,"Kiran Super Sales, Plot No. 53 Kharbi Road, Lata Mangeshkar Nagar, Kharbi District: NAGPUR State: MAHARASHTRA NAGPUR 440034",2023-08-02,2023-08-03,0,0,,,,,,,,,,+918286374360,+918286374360,2023kiransales@gmail.com,2023kiransales@gmail.com,No,No,June 2026 | July 2026 | August 2026,"₹65,507 | ₹77,152 | ₹16,715",214 | 260 | 48,"₹59,919 | ₹55,718 | ₹12,203", |  | 
40,5e848a9756424733,NAIRAECOMMERCE,ACTIVE,No,silver,"82 VIMAL VATIKA KARAMYOGI, KAMLA NAGAR , KARMAYOGI FOUNTAIN OPPOSITE JAIN MANDIR AGRA 282005",2026-05-25,2026-06-16,10,5,611538406,ZINGYDESI,"nut_dry_fruit, chocolate, sweet_mithai, snack_savourie, jam_spread, candy_mouth_freshener",Yes,TM,,,https://www.instagram.com/zingydesi/,10,+918439437665,+918439437665,nairaenterprisesagra@gmail.com,nairaenterprisesagra@gmail.com,No,Yes,June 2026 | July 2026,"₹0 | ₹2,327",0 | 14, | , | 
,,,,,,,,,,,611320834,BRAND_2,digestive_probiotic,,,,,,,,,,,,,,,,,
,,,,,,,,,,,611318678,BRAND_3,sauce_ketchup,,,,,,,,,,,,,,,,,
,,,,,,,,,,,611006043,BRAND_4,ready_cook_snack,,,,,,,,,,,,,,,,,
,,,,,,,,,,,608361562,BRAND_5,candy_mouth_freshener,,,,,,,,,,,,,,,,,
41,70b23ce38e574be1,COASTALESTOREOPCPVTLTD,ACTIVE,No,gold,No 7 6th cross Road Vasantha Nagar Bangalore 560001 Vasanth Nagar BANGALORE 560001,2021-06-24,2022-04-24,4,4,558477185,BRAND_1,herb_seasoning,,,active,,,,+919611823824,+917760718202,contactus@coastalestore.com,contactus@coastalestore.com,Yes,Yes,June 2026 | July 2026,N/A:::neutral | +57.9%:::positive,106 | 124, | , | 
,,,,,,,,,,,284190833,leafboat,herb_seasoning,Yes,TM,active,,,,,,,,,,,,,,
,,,,,,,,,,,558480036,LEAF BOAT,snack_savourie,Yes,TM,active,,,,,,,,,,,,,,
,,,,,,,,,,,240057206,BRAND_4,spice_masala,,,active,,,,,,,,,,,,,,
42,dff5f9f349214117,Poplotus,ACTIVE,No,silver,"1st Floor 7 Bangur Avenue , Block D , KOLKATA 700055",2025-11-03,2026-06-16,2,2,612578799,Poplotus,nut_dry_fruit,Yes,TM,,https://poplotus.in/,,,+919007408609,+919007408609,contact@poplotus.in,contact@poplotus.in,Yes,Yes,June 2026 | July 2026 | August 2026,"₹0 | ₹2,166 | ₹3,412",0 | 7 | 4, |  | , |  | 
,,,,,,,,,,,611616325,BRAND_2,snack_savourie,Yes,TM,,,,,,,,,,,,,,,
43,5645308124eb4c94,MONTREL,ACTIVE,No,gold,"03, ground floor, laxminarayan bungalows near shivdhara residency Mota Varachha SURAT 394105",2025-09-01,2025-09-09,13,1,538324042,MONTREL,"role_play_toy, attar, learning_toy, perfume, soap, moisturizer_cream, eye_serum, crib_toy_play_gym, toy_sport, musical_toy, action_figure, hair_oil, hair_serum",,TM,Active,,,,+917802029198,+917802029198,parthsdhanani012@gmail.com,parthsdhanani012@gmail.com,No,Yes,June 2026 | July 2026,"₹14,054 | ₹20,788", | , | , | 
44,be592fe9532f4cc8,THEMILKY,ACTIVE,No,bronze,"Plot No 8 Prem sagar Shubh Villas , Narayan Vihar , Shubh Villas JAIPUR 302020",2026-04-06,2026-04-15,9,8,643002866,TRESCHO,"attar, perfume",,INVOICE,1,,,,+919119259789,+916378398010,jahanvi844@gmail.com,jahanvi844@gmail.com,No,No,June 2026 | July 2026 | August 2026,"₹4,940 | ₹82,751 | ₹98,641",15 | 203 | 244, |  | , |  | 
,,,,,,,,,,,620448914,Al habibi,attar,,INVOICE,0,,,,,,,,,,,,,,
,,,,,,,,,,,618905143,AFAQ,attar,,INVOICE,0,,,,,,,,,,,,,,
,,,,,,,,,,,618903662,PEARLVILLE,shampoo,,INVOICE,0,,,,,,,,,,,,,,
,,,,,,,,,,,615737095,kyra,perfume,,INVOICE,0,,,,,,,,,,,,,,
,,,,,,,,,,,615666844,Al habibi DIRHAM,attar,,INVOICE,0,,,,,,,,,,,,,,
,,,,,,,,,,,599696749,Manasik,perfume,,INVOICE,0,,,,,,,,,,,,,,
,,,,,,,,,,,593634378,RAMCO,perfume,,INVOICE,5,,,,,,,,,,,,,,
45,d704eb7ed0ae4365,FYXORIASTORE,ACTIVE,No,gold,"A-201 kumkum residency D mart,capital plaza,yogi chowk SURAT 395011",2026-06-18,2026-06-19,1,1,616227401,FYXORIA,perfume,Yes,TM,,,https://www.instagram.com/fyxoria.in/,4,+919265297405,+919265297405,anshrakumbhani@gmail.com,anshrakumbhani@gmail.com,No,Yes,June 2026 | July 2026 | August 2026,0%:::neutral | N/A:::positive | +393.1%:::positive,"0 | 210 | 1,066", |  | , |  | 
46,bd27f2b6582a4717,SHRIRADHEENTERPRISE1,ACTIVE,No,silver,"SHOP NO 1 Dehri road  , Meenakshi colony  , BINA 470113",2026-06-20,2026-06-23,10,8,643731377,St.louis,perfume,,INVOICE,,,,,+919294898949,+919294898949,ANIKETKURMI144@GMAIL.COM,ANIKETKURMI144@GMAIL.COM,No,No,June 2026 | July 2026 | August 2026,"₹838 | ₹28,359 | ₹29,907",2 | 88 | 90, |  | , |  | 
,,,,,,,,,,,632324829,VIVVA,perfume,,INVOICE,,,,,,,,,,,,,,,
,,,,,,,,,,,626173536,radhe enterprise,headphone,,,,,,,,,,,,,,,,,
,,,,,,,,,,,624874902,TAKEOVERHUB,headphone,,,,,,,,,,,,,,,,,
,,,,,,,,,,,623580785,OSR,perfume,,INVOICE,,,,,,,,,,,,,,,
,,,,,,,,,,,622784262,Nuroma,"deodorant, perfume",,INVOICE,,,,,,,,,,,,,,,
,,,,,,,,,,,619119811,OPP,"deodorant, perfume",,INVOICE,,,,,,,,,,,,,,,
,,,,,,,,,,,617244960,Srt,smartwatch,,,,,,,,,,,,,,,,,
47,8ea2d15924ab4b69,LAZRARAPERFUMES,ACTIVE,No,bronze,"Shiv Shankar Society, 113, Mira Nagar Society, Varachha, Surat, Gujarat 395006, India Mira Nagar Society SURAT 395006",2026-05-19,2026-05-30,4,2,616678698,LA ZRARA PERFUME,"attar, deodorant, perfume",Yes,INVOICE,active,https://lazrara.com/,,,+918849986546,+918849986546,lazraraperfumes@gmail.com,lazraraperfumes@gmail.com,No,Yes,June 2026 | July 2026 | August 2026,"₹4,053 | ₹19,874 | ₹49,368",7 | 38 | 88, |  | , |  | 
,,,,,,,,,,,606769130,LAZRARAPERUMES,perfume,Yes,TM,,,,,,,,,,,,,,,
48,8b2c47b39e3640d0,ATELIERSCENTS,ACTIVE,No,silver,"house no. A-26, Tej singh complex sewa nagar , GWALIOR 474003",2026-06-23,2026-06-24,1,1,617722645,HOUSE OF ATELIERSCENTS,perfume,,TM,active,,https://www.instagram.com/atelierscents_/,34,+919993001428,+919993001428,shop.atelierscents@gmail.com,shop.atelierscents@gmail.com,No,Yes,June 2026 | July 2026 | August 2026,"₹0 | ₹614 | ₹7,177",0 | 2 | 15, |  | , |  | 
49,ef723abfb5ed4da2,mirva crafts,ACTIVE,No,silver,"204, Crystal plaza, opp Devidarshan soc.,punagam - SURAT 394180",2020-12-14,2021-01-18,2,1,611792368,Mirva Crafts,"perfume, sari",Yes,TM,active,,,,+918000229031,+918000229031,mirvacrafts2688@gmail.com,mirvacrafts2688@gmail.com,No,Yes,June 2026 | July 2026 | August 2026,₹54.2 K | ₹49.8 K | ₹50.8 K,258 | 249 | 250, |  | , |  | 
50,a94890c364934cac,AuraDrips,ACTIVE,No,bronze,"46,Vandna Society Vibhag-2 nana varachha surat Sardar patel school SURAT 395013",2026-05-11,2026-05-13,1,1,610167309,Auradips,perfume,Yes,TM,active,,,,+918866638550,+918866638550,himsagarfashion37@gmail.com,himsagarfashion37@gmail.com,No,Yes,June 2026 | July 2026 | August 2026,-:::neutral | +721.8%:::positive | +36.0%:::positive,3 | 18 | 24,"₹545 | ₹3,742 | ₹4,824", |  | 
51,503f6601170345bc,Fragrance Island,ACTIVE,Yes,silver,"Unit no;3, wing A, Solaris-1 Premises co op soc Ltd, Saki Vihar Road, Tungwa,, Mumbai, MAHARASHTRA, India Landmark : solaris District : mumbai State : maharashtra MUMBAI 400072",2017-12-30,2018-01-16,39,24,286834561,aco,"deodorant, attar, perfume, air_freshener",No,BAL,SVTPRFMACRED100,,https://www.instagram.com/aco_perfumes/,14,+917021950993,+917021950993,svtecommerce@gmail.com,svtecommerce@gmail.com,No,Yes,June 2026 | July 2026 | August 2026,₹9.79 L | ₹8.82 L | ₹9.83 L,"3,106 | 2,789 | 3,326",₹8.74 L | ₹7.59 L | ₹8.79 L, |  | 
,,,,,,,,,,,237591902,aco perfumes,"air_freshener, perfume",No,,SVTPRFMACRED100,,,,,,,,,,,,,,
,,,,,,,,,,,443578882,aco perfume,perfume,,BAL,SVTPRFMACRED100,,,,,,,,,,,,,,
,,,,,,,,,,,447641394,ssup,"perfume, air_freshener",Yes,TM,,,,,,,,,,,,,,,
,,,,,,,,,,,447644797,BN PARFUMS,"combo_kit, perfume",No,BAL,SVT-AL RIYAL-100,,,,,,,,,,,,,,
,,,,,,,,,,,447867308,Rihanah,"combo_kit, perfume",No,BAL,,,,,,,,,,,,,,,
,,,,,,,,,,,447644737,nusuk,"combo_kit, perfume, deodorant",No,BAL,,,,,,,,,,,,,,,
,,,,,,,,,,,447645589,CLASSIC COLLECTION,"deodorant, perfume",No,BAL,,,,,,,,,,,,,,,
,,,,,,,,,,,447642438,SIGNEE COLLECTION,perfume,,BAL,,,,,,,,,,,,,,,
,,,,,,,,,,,446363535,Al-Fakhr,"perfume, attar",No,BAL,SVT-AL RIYAL-100,,,,,,,,,,,,,,
,,,,,,,,,,,443577274,Signee,perfume,No,BAL,,,,,,,,,,,,,,,
,,,,,,,,,,,443578609,ARD AL REHAN,perfume,,BAL,SVT-AL RIYAL-100,,,,,,,,,,,,,,
,,,,,,,,,,,345144106,CUBE,perfume,No,BAL,,,,,,,,,,,,,,,
,,,,,,,,,,,345144021,ZAIEN,perfume,No,BAL,,,,,,,,,,,,,,,
,,,,,,,,,,,258094306,KIAN,perfume,No,BAL,,,,,,,,,,,,,,,
,,,,,,,,,,,232538760,Manasik,"attar, perfume",No,BAL,SVT- BRAVO 6,,,,,,,,,,,,,,
,,,,,,,,,,,213899357,Riiffs,"deodorant, perfume",No,BAL,,,,,,,,,,,,,,,
,,,,,,,,,,,204026214,JD COLLECTION,perfume,,BAL,,,,,,,,,,,,,,,
,,,,,,,,,,,203646783,BN,perfume,,,SVT-AL RIYAL-100,,,,,,,,,,,,,,
,,,,,,,,,,,203484644,AL FAKHR,"perfume, attar",No,BAL,SVT-AL RIYAL-100,,,,,,,,,,,,,,
,,,,,,,,,,,203484447,Platinum Collection,"perfume, ring",,BAL,,,,,,,,,,,,,,,
,,,,,,,,,,,70066872,ELECTROMA,incense_holder,No,OTHER,,,,,,,,,,,,,,,
,,,,,,,,,,,149765160,Ssup!,wallet_card_wallet,Yes,PROD_IMAGE,,,,,,,,,,,,,,,
,,,,,,,,,,,52710636,LIPON,mosquito_vaporiser,No,INVOICE,,,,,,,,,,,,,,,
52,b63f211de6c64539,MIVARO,ONHOLD,No,silver,"D-28 4 FLOOR Sumeru city mall , Hans Society , Sumeru city mall SURAT 394101",2026-06-04,2026-06-12,1,1,613523524,sparkan,chopper,,BAL,,,,,+916353191443,+916353191443,mivaromeesho@gmail.com,mivaromeesho@gmail.com,No,Yes,June 2026 | July 2026 | August 2026,₹323 | ₹0 | ₹0,2 | 0 | 0, |  | , |  | 
53,fd06988595444193,RJMARKETINGGROUP,ACTIVE,Yes,bronze,"F2  233 SHIV DURGA VIHAR LAKKARPUR AGGARWAL ROAD , NAINA STORE FARIDABAD 121009",2026-01-28,2026-01-29,14,3,586725925,agaro,"electric_cooker, iron, hand_blender, mixer_grinder_juicer, sandwich_maker, electric_kettle, otg_new, hair_straightener, chopper",,INVOICE,,na,,,+919911042264,+919911042264,sales.rjmarketinggroup@gmail.com,sales.rjmarketinggroup@gmail.com,No,No,June 2026 | July 2026 | August 2026,"₹97,078 | ₹70,975 | ₹70,517",69 | 42 | 66,"₹97,078 | ₹66,396 | ₹62,118", |  | 
,,,,,,,,,,,578243966,CLASSIC ESSENTIAL,pot_pan,,INVOICE,,,,,,,,,,,,,,,
,,,,,,,,,,,574647454,MAXIMA,"casserole, container, baby_bottle, pressure_cooker",,INVOICE,,,,,,,,,,,,,,,
54,d7fdd0a02e3e4131,HnTPremiumHub,ACTIVE,No,bronze,"FLAT NO 201 PLOT NO 21  , KAMAL VIHAR SAGANER MANSAROVAR, Jaipur, Jaipur, JAIPUR, RAJASTHAN, 302020 20 , Ganpatpura , SMART POINT JAIPUR 302020",2025-08-04,2026-06-07,0,0,,,,,,,,,,+917014663590,+917014663590,manisha15varyani95@gmail.com,manisha15varyani95@gmail.com,No,No,June 2026 | July 2026,"₹47,447 | ₹2,885",310 | 21, | , | 
55,55b557f95ee14f3d,mehulbm,ACTIVE,No,silver,"92,madhuvan society,chhapra bhatha road ,amroli,surat Madhuvan Society District: SURAT State: GUJARAT SURAT 394107",2026-06-13,2026-06-13,14,3,634117851,pryxa,"rice_light, mixer_grinder_juicer, gas_stove, outdoor_toy",,,,,https://www.instagram.com/_pryxa/,"2,761",+919574715092,+919574715092,mehulbmithapara@gmail.com,mehulbmithapara@gmail.com,No,Yes,June 2026 | July 2026 | August 2026,"₹15,718 | ₹84,316 | ₹2.0 L",55 | 288 | 981, |  | , |  | 
,,,,,,,,,,,622878028,mmb,"mixer_grinder_juicer, learning_toy, stuffed_toy, foil_shrinkwrap",,,,,,,,,,,,,,,,,
,,,,,,,,,,,620404431,mehulbm,"musical_toy, iron, learning_toy, coin_bank, torch, stuffed_toy",,,,,,,,,,,,,,,,,
56,65e8685dfaf84068,BLOCH6611,ACTIVE,No,silver,"Jamnaga Road, opposite Bajrangvadi, Near IOC depo. Loco Colony Railway Loco Quarters C28B RAJKOT 360006",2026-02-03,2026-02-05,1,1,635787989,ZAMIX ENTERPRISES™,dustbin,,PROD_IMAGE,,,,,+917802022030,+917802022030,nagmabloch1@gmail.com,nagmabloch1@gmail.com,No,No,June 2026 | July 2026 | August 2026,"₹89,307 | ₹1.65 Lakh | ₹1.40 Lakh",376 | 688 | 550, |  | , |  | 
57,33e2b5a10ccf41c1,DEVYAM0308,ACTIVE,No,silver,"21/442 ANAS SHOPPING COMPLEX Coimbatore Road KALMANDAPAM , OPP LIZ CRATION PALAKKAD 678001",2026-06-12,2026-06-18,0,0,,,,,,,,,,+919496353972,+919496353972,sudheekovilpura@gmail.com,sudheekovilpura@gmail.com,No,No,June 2026 | July 2026 | August 2026,₹0 | ₹11.1 K | ₹65.6 K,0 | 18 | 84, |  | , |  | 
58,4040de0c5011404e,Kanishkatrader1,ACTIVE,No,silver,A1-49/50 Budhvahir Sharma Colony - Phase 2 Phase 2- Delhi NEW DELHI 110085,2026-06-16,2026-06-19,1,1,617667013,Kanishka Traders,straw,,,Active,,https://www.instagram.com/kanishkatraders/,104,+917827664871,+917827664871,hemant78276@gmail.com,hemant78276@gmail.com,No,Yes,June 2026 | July 2026 | August 2026,"₹143 | ₹1,572 | ₹5,657",1 | 7 | 23, |  | , |  | 
59,1203a99ad060437d,VANTARAA,ACTIVE,No,silver,42 JAGDISH PURI COLONY DHAR ROAD INDORE 452002 Sirpur INDORE 452002,2026-02-24,2026-03-26,0,0,,,,,,,,,,+919755734443,+919755734443,sagarchouhan282@gmail.com,sagarchouhan282@gmail.com,No,No,June 2026 | July 2026 | August 2026,"₹2,240 | ₹4,728 | ₹2,394",8 | 16 | 8, |  | , |  | 
60,9f5c23635eb8454c,KalyanTraderss,ACTIVE,No,bronze,"3rd floor, 19 Ariha Enclave Scheme no 103, Kesarbagh Road , Ariha Enclave INDORE 452012",2026-03-11,2026-03-18,7,3,601206241,Homaura,"face_pack, sunscreen, hand_blender",,INVOICE,LSTBTOHHQZG8YVEKHXEJLVOQZ,,,,+916263845897,+916263845897,kalyantraders14@gmail.com,kalyantraders14@gmail.com,No,No,June 2026 | July 2026 | August 2026,"₹43,325 | ₹91,863 | ₹1.4 L",69 | 122 | 154, |  | , |  | 
,,,,,,,,,,,605073700,homauri,home_security_camera,,,0,,,,,,,,,,,,,,
,,,,,,,,,,,600920081,Binjo,"wipe, sanitary_pad_pantyliner, diaper",,INVOICE,0,,,,,,,,,,,,,,
61,fbac65bd529d41d5,BeilingMei,ONHOLD,No,silver,"Shop No 141, First Floor, Near Bala Ji Diary Vinod nagar, mill gate HISAR 125001",2025-11-25,2025-11-28,7,2,597566279,BeilingMei,"hair_removal, eye_serum, face_wash, moisturizer_cream, hair_color, face_pack",No,BAL,Inactive (Inactivated by Flipkart),,,,+918278456281,+918278456281,rajat.kanshiramandsons@gmail.com,rajat.kanshiramandsons@gmail.com,No,Yes,June 2026 | July 2026 | August 2026,"₹187 | ₹25,551 | ₹87,833",2 | 273 | 836, |  | , |  | 
,,,,,,,,,,,576240132,Swachh Magic,bathroom_floor_cleaner,Yes,LOGO,Inactive,,,,,,,,,,,,,,
62,b44cbe331ea940ec,ALAKHENTERPRISE99,ACTIVE,No,bronze,"133-134 FIRSTFLOOR VIBHAG - 1 SAHYOG SOC NEAR SATYANARAYAN SOC PUNAGAM SURAT Surat , Surat , SATYANARAYAN SOC SURAT 395011",2026-04-12,2026-06-09,19,19,643505739,NIYON,chopper,,PROD_IMAGE,,,,,+919004006724,+919004006724,alakhenterprise009@gmail.com,alakhenterprise009@gmail.com,No,Yes,June 2026 | July 2026 | August 2026,₹3.95 L | ₹15.49 L | ₹10.44 L,"643 | 1,833 | 1,526",₹3.70 L | ₹13.92 L | ₹9.34 L, |  | 
,,,,,,,,,,,639292466,ALAKH ENTERPRISE,stuffed_toy,,,,,,,,,,,,,,,,,
,,,,,,,,,,,636925210,OTI,soap,,BAL,,,,,,,,,,,,,,,
,,,,,,,,,,,634578851,ZENOVIA,mixer_grinder_juicer,,,,,,,,,,,,,,,,,
,,,,,,,,,,,632312047,Sparkan,chopper,,PROD_IMAGE,,,,,,,,,,,,,,,
,,,,,,,,,,,632572873,mariegold,mixer_grinder_juicer,,,,,,,,,,,,,,,,,
,,,,,,,,,,,632312091,SKYTONE,chopper,,PROD_IMAGE,,,,,,,,,,,,,,,
,,,,,,,,,,,621199751,SHIFA,mixer_grinder_juicer,,,,,,,,,,,,,,,,,
,,,,,,,,,,,620760383,NIVKEZ,mixer_grinder_juicer,,,,,,,,,,,,,,,,,
,,,,,,,,,,,620437591,ALAKH JUICER,mixer_grinder_juicer,,PROD_IMAGE,,,,,,,,,,,,,,,
,,,,,,,,,,,617369936,Home Bargains,mixer_grinder_juicer,,PROD_IMAGE,,,,,,,,,,,,,,,
,,,,,,,,,,,617060282,GG Gift,mixer_grinder_juicer,,,,,,,,,,,,,,,,,
,,,,,,,,,,,616866452,GIFT2GIFT,mixer_grinder_juicer,,PROD_IMAGE,,,,,,,,,,,,,,,
,,,,,,,,,,,616681701,Khatushyam,mixer_grinder_juicer,,,,,,,,,,,,,,,,,
,,,,,,,,,,,616515852,Party Fun,mixer_grinder_juicer,,PROD_IMAGE,,,,,,,,,,,,,,,
,,,,,,,,,,,611268191,ALAKHENTERPRISE,mixer_grinder_juicer,,,,,,,,,,,,,,,,,
,,,,,,,,,,,614966426,Austrich,mixer_grinder_juicer,,,,,,,,,,,,,,,,,
,,,,,,,,,,,614500342,FORMONIX,mixer_grinder_juicer,,,,,,,,,,,,,,,,,
,,,,,,,,,,,611381216,NutriPro,mixer_grinder_juicer,,,,,,,,,,,,,,,,,
63,1da3d56b425441c5,eTradus,ACTIVE,No,silver,"1 first floor Siddhanath Complex Kharva Road Throll Kananai Computers district: Jammanagar, state GUJARAT DHROL 361210",2015-02-01,2015-11-02,17,14,628452417,Burt's Bees,baby_care_combo,No,INVOICE,,https://www.burtsbees.com/,,,+919727161561,+919727161561,kananicomputers85@gmail.com,kananicomputers85@gmail.com,No,Yes,Jun 2026 | Jul 2026 | Aug 2026,"₹17,458 | ₹63,935 | ₹76,077",3 | 16 | 38, |  | , |  | 
,,,,,,,,,,,627589914,Childs Farm,"body_wash, conditioner, shampoo",No,INVOICE,,,,,,,,,,,,,,,
,,,,,,,,,,,624218247,Gerber,baby_snack_puff,,INVOICE,,,,,,,,,,,,,,,
,,,,,,,,,,,623839755,Nannycare,infant_formula,No,INVOICE,,,,,,,,,,,,,,,
,,,,,,,,,,,626611255,Sudocrem,skin_treatment,No,INVOICE,,,,,,,,,,,,,,,
,,,,,,,,,,,624876359,aveeno,"bath_bubble, baby_care_combo",No,INVOICE,,,,,,,,,,,,,,,
,,,,,,,,,,,618224184,SMA,infant_formula,,INVOICE,,,,,,,,,,,,,,,
,,,,,,,,,,,564908427,Enfamil,infant_formula,No,INVOICE,,,,,,,,,,,,,,,
,,,,,,,,,,,560573666,Aptamil,infant_formula,,INVOICE,,,,,,,,,,,,,,,
,,,,,,,,,,,552560689,HiPP,infant_formula,,INVOICE,,,,,,,,,,,,,,,
,,,,,,,,,,,548759005,Kendamil,infant_formula,No,INVOICE,,,,,,,,,,,,,,,
,,,,,,,,,,,472740199,BRAND_12,infant_formula,,,,,,,,,,,,,,,,,
,,,,,,,,,,,7033833,KCDhrol,wallpaper,,,,,,,,,,,,,,,,,
,,,,,,,,,,,7112882,NKanani,wallpaper,,,,,,,,,,,,,,,,,
64,4c9e4051519a4f31,BIKRUX,ACTIVE,No,bronze,"673 Mahim Doctor House Radhagobindo Pally , Radhagobindo Pally , jagadish chandra school KOLKATA 700150",2026-02-14,2026-02-23,3,2,579772019,BIKRUX,"nut_dry_fruit, soya_chunk",Yes,TM,,,,,+918100535701,+918100535701,mishrabikram843@gmail.com,mishrabikram843@gmail.com,No,Yes,June 2026 | July 2026 | August 2026,"₹50,050 | ₹98,107 | ₹50,292",263 | 500 | 273, |  | , |  | 
,,,,,,,,,,,579772002,BRAND_2,nut_dry_fruit,,,,,,,,,,,,,,,,,
65,7338006edcea4901,KunafaTales,ACTIVE,No,bronze,"Flat no 4, 2nd floor , SN Residency, Parivar town, Chandrayangutta Next to OS Kashish Garden,Chandrayangutta HYDERABAD 500005",2025-12-16,2026-02-17,2,2,615577896,BRAND_2,chocolate,,TM,active,,,,+918523002806,+918523002806,hussainmudabbar1@gmail.com,hussainmudabbar1@gmail.com,No,Yes,June 2026 | July 2026 | August 2026,"₹0 | ₹6,307 | ₹27,633",0 | 16 | 78, |  | , |  | 
,,,,,,,,,,,615577896,BRAND_2,chocolate,,TM,active,,,,,,,,,,,,,,
66,cf146288d5d443e8,NaivatMasala,ACTIVE,No,gold,"Naivat enterprise shiv commercial complex momay novelti vadi seri,bus stand chock Gondal, Near bus stand chock GONDAL 360311",2025-05-04,2025-05-06,2,2,503845013,BRAND_2,spice_masala,Yes,TM,,,,,+916353637320,+916353637320,naivatspices@gmail.com,naivatspices@gmail.com,No,Yes,June 2026 | July 2026 | August 2026,"₹71,817 | ₹92,442 | ₹1.3 L",185 | 211 | 287,"₹68,834 | ₹90,103 | ₹1.2 L", |  | 
,,,,,,,,,,,503845013,BRAND_2,spice_masala,Yes,TM,,,,,,,,,,,,,,,
67,8f22196ccf034c11,Attentivesolution,ACTIVE,No,silver,"210, Second Floor, Lila Complex, Mastram Mandir Road, Botad BOTAD 364710",2026-01-14,2026-02-03,3,1,577038162,Attentive Perfumes,"attar, shopsy_perfume, perfume",,TM,active,,https://www.instagram.com/attentiveperfumes/,303,+919898509049,+919898509049,attentivesolution@gmail.com,attentivesolution@gmail.com,No,Yes,June 2026 | July 2026 | August 2026,"₹373 | ₹0 | ₹1,325",1 | 0 | 2, |  | , |  | 
68,daaa443a48be4b85,PRIPIVA,ACTIVE,No,silver,dhom 2 shop no a3 antrix height ni same brahmand road nani ved District: SURAT State: GUJARAT SURAT 395004,2025-04-29,2025-04-30,2,1,563800688,pripiva,"skin_treatment, eye_cream",,INVOICE,,,,,+919081612773,+919081612773,varshagoyani4@gmail.com,varshagoyani4@gmail.com,No,No,June 2026 | July 2026 | August 2026,₹26.05 L | ₹21.95 L | ₹29.28 L,"3,723 | 3,408 | 4,478", |  | , |  | 
69,7a4c42d47bfb4479,Trinetratradingcompany,ACTIVE,No,bronze,"Plot No-26, Near Yashvi Medical, Gokulji ki Piyau Lalsagar Road , Mandore , Yashvi Medical JODHPUR 342304",2026-06-03,2026-06-09,6,6,628820819,Lufina,headphone,,,,,https://www.instagram.com/lufina_py/,"1,707",+918949695286,+918949695286,info.trinetratradingcompany@gmail.com,info.trinetratradingcompany@gmail.com,No,Yes,June 2026 | July 2026 | August 2026,₹0 | ₹5.36 L | ₹1.83 L,"0 | 1,968 | 638",₹0 | ₹4.41 L | ₹1.48 L, |  | 
,,,,,,,,,,,628786105,SKYPHR,shopsy_headphone,,PROD_IMAGE,,,,,,,,,,,,,,,
,,,,,,,,,,,625108982,GWALBROS,headphone,,,,,,,,,,,,,,,,,
,,,,,,,,,,,622157666,TECHIO,headphone,,,,,,,,,,,,,,,,,
,,,,,,,,,,,610828991,BRAND_6,nut_dry_fruit,,TM,,,,,,,,,,,,,,,
,,,,,,,,,,,610828991,BRAND_6,nut_dry_fruit,,TM,,,,,,,,,,,,,,,
70,ca1964ff8a8b44db,SSSKDHERBALIFE,ONHOLD,No,gold,1 karni vihar Govind Nagar Vistar JAIPUR 302012,2023-10-11,2023-10-12,7,4,446082974,HERBALIFE,shopsy_protein_supplement,,INVOICE,active,,https://www.instagram.com/herbalife/,2M,+918875252207,+918875252207,skdsawariya@gmail.com,skdsawariya@gmail.com,No,Yes,June 2026 | July 2026 | August 2026,₹33.29 Lakh | ₹38.59 Lakh | ₹0, |  | , |  | , |  | 
,,,,,,,,,,,446085892,Herbalife Nutrition,shopsy_protein_supplement,,INVOICE,active,,,,,,,,,,,,,,
,,,,,,,,,,,475152149,BRAND_3,ayurvedic,,INVOICE,active,,,,,,,,,,,,,,
,,,,,,,,,,,432972953,iSmart,"shopsy_usb_gadget, usb_gadget",,INVOICE,active,,,,,,,,,,,,,,
71,5jvyeo4thy8dupl9,KolorFish,ACTIVE,Yes,silver,"C-4, GROUND FLOOR, SECTOR-88 Block C District: GAUTAM BUDDHA NAGAR State: UTTAR PRADESH GAUTAM BUDDHA NAGAR 201304",2013-05-22,2013-06-20,35,5,421395809,KolorFish,"learning_toy, action_figure, file_folder, toy_magic_kit, sunglass, mobile_holder, board_game, puzzle, musical_toy, baby_rattle, outdoor_toy, art_craft_kit, bath_toy, toy_bubble_maker, safety_glove, appliance_cover, car_hanging_organizer, egg_separator, hand_messenger_bag",Yes,OTHER,31,www.kolorfish.in,,,+919910299111,+919910299111,divijkalra@gmail.com,divijkalra@gmail.com,No,Yes,June 2026 | July 2026 | August 2026,₹3.89 L | ₹3.16 L | ₹2.76 L,630 | 484 | 456,₹3.46 L | ₹2.70 L | ₹2.53 L, |  | 
,,,,,,,,,,,598632197,BeFunky,"toy_weapon, remote_control_toy, toy_tricycle, wind_spinner_toy, combo_kit, bath_toy, outdoor_toy, gamingconsole, baby_rattle, learning_toy, mobile_holder, cases_covers",Yes,,4,,,,,,,,,,,,,,
,,,,,,,,,,,2684535,iStyle,cases_covers,,,0,,,,,,,,,,,,,,
,,,,,,,,,,,8232219,BRAND_4,container,,,0,,,,,,,,,,,,,,
,,,,,,,,,,,9216297,Swavlambi,"address_book, bell_pull_end",,,0,,,,,,,,,,,,,,
72,62e1a62f614b44fb,VDToys,ONHOLD,No,silver,"2nd Floor, Right wing, Plot No 48, Sundaram Society,  opp.krishna dosa, singanpore cozway road Landmark : katargam District : surat State : gujarat SURAT 395004",2020-09-01,2020-09-05,43,1,622103185,Dherik Tradworld,"electric_cooker, baby_bottle, artificial_nail, remote_controller, storage_pouch, hair_comb, soap_case, container, colander_sieve_strainer, pet_comb_brush, lunch_box, keyboard, stacking_toy, toy_bubble_maker, toy_tricycle, remote_control_toy, learning_toy, toy_weapon, doll_doll_house, role_play_toy, action_figure, crib_toy_play_gym, puzzle, board_game, block_construction, coin_bank, hand_blender, musical_toy, vehicle_pull_along, toy_sport, rice_light, bath_toy, emergency_light, skate, putty_toy, art_craft_kit, electric_ride_on, spin_press_launch_toy, baby_care_combo, card_game, stuffed_toy, baby_rattle, outdoor_toy",Yes,OTHER,,,,,+919925555571,+919925555571,cnkevadiya@gmail.com,cnkevadiya@gmail.com,No,No,June 2026 | July 2026 | August 2026,₹3.75 L | ₹5.04 L | ₹3.35 L,153 | 260 | 147,₹2.93 L | ₹3.84 L | ₹2.32 L, |  | 
73,42a5b5eb4af9484d,FRESHOKIT,ACTIVE,Yes,gold,"DCG4-1403 (Tower-4), DLF Corporate Greens Landmark : DLF Corporate Greens District : Gurgaon State : Haryana GURGAON 122004",2022-09-05,2022-12-26,9,9,638463990,Lune & Leaf,tea,,BAL,,,,,+919205333815,+919205333815,ecommerce.freshokit@gmail.com,ecommerce.freshokit@gmail.com,No,Yes,June 2026 | July 2026 | August 2026,"₹68,271 | ₹81,714 | ₹93,878",195 | 203 | 248,"₹65,594 | ₹73,710 | ₹88,710", |  | 
,,,,,,,,,,,560478224,BRAND_2,tea,,,,,,,,,,,,,,,,,
,,,,,,,,,,,560478241,aaurash,tea,Yes,TM,,,,,,,,,,,,,,,
,,,,,,,,,,,512225270,Shree Ayurveda,ayurvedic,,TM,,,,,,,,,,,,,,,
,,,,,,,,,,,312192189,Pickle Planet,pickle_murabba,,TM,,,,,,,,,,,,,,,
,,,,,,,,,,,311438680,Freshokit,nut_dry_fruit,,TM,,,,,,,,,,,,,,,
,,,,,,,,,,,294316734,BRAND_7,coffee,Yes,TM,,,,,,,,,,,,,,,
,,,,,,,,,,,295527668,Brewstar,coffee,Yes,TM,,,,,,,,,,,,,,,
,,,,,,,,,,,299874078,FRESHVILLE,tea,Yes,TM,,,,,,,,,,,,,,,
74,8f589465c997465d,Lovaria,ACTIVE,No,bronze,"J-3 Kewal Park, Azadpur , Ram Leela Ground NEW DELHI 110033",2025-11-29,2025-12-04,4,1,624495402,Lovaria,"eye_serum, face_pack, blackhead_remover, sanitary_pad_pantyliner",Yes,TM,,www.lovaria.in,,,+919266093887,+919266093887,aaravventures20@gmail.com,aaravventures20@gmail.com,No,Yes,June 2026 | July 2026 | August 2026,"₹89,305 | ₹94,101 | ₹1,44,834",510 | 515 | 787, |  | , |  | 
75,fc075c1ecf9443a2,RazorHub,ACTIVE,No,silver,"khair nagar Ameer road 541 , Chhipiwara , 851 MEERUT 250002",2026-06-15,2026-06-23,0,0,,,,,,,,https://www.instagram.com/razorhub/,2,+918171721319,+918171721319,ayansaifi9966@gmail.com,ayansaifi9966@gmail.com,No,Yes,June 2026 | July 2026 | August 2026,"₹191 | ₹19,982 | ₹37,061",1 | 136 | 278, |  | , |  | 
76,7f8137697549418f,FxBxEnterprise,ACTIVE,No,silver,"C2 151 Street No 2 Mahavir Enclave L160 , Mirzapur , L160 NEW DELHI 110045",2026-06-17,2026-06-18,1,1,637793843,TISLA,bindi,,,active,,,,+918810225427,+918810225427,fandbenterprises3018@gmail.com,fandbenterprises3018@gmail.com,No,No,June 2026 | July 2026 | August 2026,N/A:::neutral | +6103.8%:::positive | +4.1%:::positive,"132 | 8,289 | 8,297", |  | , |  | 
77,34149c0031a74121,TempleBody,ACTIVE,No,gold,"Palika Bazar, Lal Sarak, Hansi Near Maharaja Band HANSI 125033",2022-03-10,2022-05-06,37,8,638441430,TempleBody,"soap, toner, face_pack, vitamin_supplement, spice_masala, ayurvedic, hair_oil, combo_kit",,TM,,,,,+919350644198,+919350644198,Ahinsaenterprises93506@gmail.com,Ahinsaenterprises93506@gmail.com,No,Yes,June 2026 | July 2026 | August 2026,₹2.48 Lakh | ₹3.26 Lakh | ₹3.30 Lakh,651 | 997 | 922, |  | , |  | 
,,,,,,,,,,,622854283,Tuch-Much,"highlighter, vitamin_supplement, foundation, wipe, baby_bottle, body_wash, perfume, bath_essential_oil, foil_shrinkwrap, body_skin_treatment, blackhead_remover, hair_color, cleanser, makeup_kit, combo_kit, fairness, deodorant, sunscreen, shampoo, hair_oil, moisturizer_cream, face_wash, soap",Yes,TM,,,,,,,,,,,,,,,
,,,,,,,,,,,607042804,WOW,vinegar,,INVOICE,,,,,,,,,,,,,,,
,,,,,,,,,,,604720628,WOW Life Science,vinegar,,INVOICE,,,,,,,,,,,,,,,
,,,,,,,,,,,578136584,BRAND_5,ayurvedic,,,,,,,,,,,,,,,,,
,,,,,,,,,,,505272121,babyhug,baby_bottle,,INVOICE,,,,,,,,,,,,,,,
,,,,,,,,,,,358443898,Roots PROFESSIONAL,hair_comb,,PROD_IMAGE,,,,,,,,,,,,,,,
,,,,,,,,,,,242427863,TuchMuch,combo_kit,Yes,TM,,,,,,,,,,,,,,,
78,6d7b29abba0e4e73,GKDECOR,ACTIVE,No,silver,"1466, Arya Samaj Road, Panipat, Panipat, PANIPAT, HARYANA, 132103 516/6 , Sethi Chowk Area , 516/6 PANIPAT 132103",2026-06-05,2026-06-25,0,0,,,,,,,,,,+917618532769,+917618532769,g.kdecor8954@gmail.com,g.kdecor8954@gmail.com,No,No,June 2026 | July 2026 | August 2026,"₹0 | ₹13,584 | ₹32,403", |  | , |  | , |  | 
79,b9de375c14c44a75,FABINNSUPERMARKET,ACTIVE,No,gold,"Shop no 3, Heera Panna shopping centre bhulabhai Desai road, haji ali MUMBAI 400026",2016-01-05,2018-08-22,217,208,614189215,tajin,herb_seasoning,,INVOICE,,,,,+918082557798,+918082557798,fabinnsupermarket@gmail.com,fabinnsupermarket@gmail.com,No,Yes,June 2026 | July 2026 | August 2026,₹22.61 Lakh | ₹28.60 Lakh | ₹32.06 Lakh,"4,187 | 5,393 | 6,133", |  | , |  | 
,,,,,,,,,,,590997436,Febora Foods,coffee,,TM,,,,,,,,,,,,,,,
,,,,,,,,,,,231373074,BRAND_3,baking_decorative,,,,,,,,,,,,,,,,,
,,,,,,,,,,,64073207,Lipton,tea,,INVOICE,,,,,,,,,,,,,,,
,,,,,,,,,,,107627120,GERBER,baby_cereal,,INVOICE,,,,,,,,,,,,,,,
,,,,,,,,,,,11455455,CLARKS,baking_ingredient,,,,,,,,,,,,,,,,,
,,,,,,,,,,,182194671,Hintz,"baking_decorative, energy_sport_drink_mix",,INVOICE,,,,,,,,,,,,,,,
,,,,,,,,,,,91369270,Twinings,tea,,INVOICE,,,,,,,,,,,,,,,
,,,,,,,,,,,222050581,CAFE NAJJAR,coffee,,INVOICE,,,,,,,,,,,,,,,
,,,,,,,,,,,284945846,MOKATE,coffee,,INVOICE,,,,,,,,,,,,,,,
,,,,,,,,,,,93154664,Al Barakah,syrup,,INVOICE,,,,,,,,,,,,,,,
,,,,,,,,,,,91367923,Monin,syrup,,INVOICE,,,,,,,,,,,,,,,
,,,,,,,,,,,74580557,Yupi,candy_mouth_freshener,,INVOICE,,,,,,,,,,,,,,,
,,,,,,,,,,,120392970,Skittles,candy_mouth_freshener,,INVOICE,,,,,,,,,,,,,,,
,,,,,,,,,,,143850529,CARTE NOIRE,coffee,,INVOICE,,,,,,,,,,,,,,,
,,,,,,,,,,,159327101,Chupa Chups,chewing_gum,,INVOICE,,,,,,,,,,,,,,,
,,,,,,,,,,,170850974,TULIP,meat,,INVOICE,,,,,,,,,,,,,,,
,,,,,,,,,,,286794733,Familia,cereal_flake,,INVOICE,,,,,,,,,,,,,,,
,,,,,,,,,,,91643892,Chips Ahoy,cookie_biscuit,,OTHER,,,,,,,,,,,,,,,
,,,,,,,,,,,120169187,Nabisco,cookie_biscuit,,INVOICE,,,,,,,,,,,,,,,
,,,,,,,,,,,63321445,nutella,jam_spread,,INVOICE,,,,,,,,,,,,,,,
,,,,,,,,,,,92531163,Gae Poong,tea,,INVOICE,,,,,,,,,,,,,,,
,,,,,,,,,,,185137147,Kinder,chocolate,,INVOICE,,,,,,,,,,,,,,,
,,,,,,,,,,,112666089,Wells,edible_oil,,INVOICE,,,,,,,,,,,,,,,
,,,,,,,,,,,133038531,Colman's,"herb_seasoning, edible_seed",,INVOICE,,,,,,,,,,,,,,,
,,,,,,,,,,,120643311,Truvia,artificial_sweetener,,INVOICE,,,,,,,,,,,,,,,
,,,,,,,,,,,91868261,TESCO,baking_ingredient,,INVOICE,,,,,,,,,,,,,,,
,,,,,,,,,,,94860082,Wrigley's,chewing_gum,,INVOICE,,,,,,,,,,,,,,,
,,,,,,,,,,,199396536,MAXWELL HOUSE,coffee,,INVOICE,,,,,,,,,,,,,,,
,,,,,,,,,,,73690642,Kool Aid,energy_sport_drink_mix,,INVOICE,,,,,,,,,,,,,,,
,,,,,,,,,,,123823505,Grandma's,sauce_ketchup,,INVOICE,,,,,,,,,,,,,,,
,,,,,,,,,,,182155369,BAZOOKA,chewing_gum,,INVOICE,,,,,,,,,,,,,,,
,,,,,,,,,,,121755280,Toblerone,chocolate,,INVOICE,,,,,,,,,,,,,,,
,,,,,,,,,,,92531060,TANG,energy_sport_drink_mix,,OTHER,,,,,,,,,,,,,,,
,,,,,,,,,,,273700682,Batook,chewing_gum,,INVOICE,,,,,,,,,,,,,,,
,,,,,,,,,,,277765276,MODA,chocolate,,INVOICE,,,,,,,,,,,,,,,
,,,,,,,,,,,121755365,Milka,chocolate,,INVOICE,,,,,,,,,,,,,,,
,,,,,,,,,,,221393529,French's,"edible_oil, jam_spread",,INVOICE,,,,,,,,,,,,,,,
,,,,,,,,,,,274662301,yoka,vinegar,,INVOICE,,,,,,,,,,,,,,,
,,,,,,,,,,,61310526,HEINZ,sauce_ketchup,,INVOICE,,,,,,,,,,,,,,,
,,,,,,,,,,,60388272,NESTLE,coffee,,INVOICE,,,,,,,,,,,,,,,
,,,,,,,,,,,167440147,Jomara,concentrate,,INVOICE,,,,,,,,,,,,,,,
,,,,,,,,,,,61305198,American Garden,jam_spread,,INVOICE,,,,,,,,,,,,,,,
,,,,,,,,,,,280646498,CHTOURA,sauce_ketchup,,INVOICE,,,,,,,,,,,,,,,
,,,,,,,,,,,93063151,Ship,ready_mix,,INVOICE,,,,,,,,,,,,,,,
,,,,,,,,,,,232832001,King Bell,sauce_ketchup,,INVOICE,,,,,,,,,,,,,,,
,,,,,,,,,,,73895436,Fritolay,snack_savourie,,INVOICE,,,,,,,,,,,,,,,
,,,,,,,,,,,130789868,Haribo,candy_mouth_freshener,,INVOICE,,,,,,,,,,,,,,,
,,,,,,,,,,,277642404,MARSIANKA,chocolate,,INVOICE,,,,,,,,,,,,,,,
,,,,,,,,,,,159332802,SAXA,salt,,INVOICE,,,,,,,,,,,,,,,
,,,,,,,,,,,159773037,RICOLA,candy_mouth_freshener,,INVOICE,,,,,,,,,,,,,,,
,,,,,,,,,,,199746221,GERMAN HERB,tea,,INVOICE,,,,,,,,,,,,,,,
,,,,,,,,,,,71355320,Alfa,jam_spread,,INVOICE,,,,,,,,,,,,,,,
,,,,,,,,,,,42695637,woh hup,sauce_ketchup,No,INVOICE,,,,,,,,,,,,,,,
,,,,,,,,,,,197188281,M&S,coffee,,INVOICE,,,,,,,,,,,,,,,
,,,,,,,,,,,279697351,JINTAN,candy_mouth_freshener,,INVOICE,,,,,,,,,,,,,,,
,,,,,,,,,,,64912271,Cadbury,milk_drink_mix,,INVOICE,,,,,,,,,,,,,,,
,,,,,,,,,,,93156091,Knorr,sauce_ketchup,,INVOICE,,,,,,,,,,,,,,,
,,,,,,,,,,,187832855,COSTA,coffee,,INVOICE,,,,,,,,,,,,,,,
,,,,,,,,,,,126939821,Storck,candy_mouth_freshener,,INVOICE,,,,,,,,,,,,,,,
,,,,,,,,,,,169849769,CARNATION,milk_drink_mix,,INVOICE,,,,,,,,,,,,,,,
,,,,,,,,,,,93471223,Hellmann's,sauce_ketchup,,OTHER,,,,,,,,,,,,,,,
,,,,,,,,,,,210796081,RITTER SPORT,chocolate,,INVOICE,,,,,,,,,,,,,,,
,,,,,,,,,,,120392750,Godiva,coffee,,INVOICE,,,,,,,,,,,,,,,
,,,,,,,,,,,121755119,Capilano,honey,,INVOICE,,,,,,,,,,,,,,,
,,,,,,,,,,,222051392,HERMESETAS,artificial_sweetener,,INVOICE,,,,,,,,,,,,,,,
,,,,,,,,,,,68899993,Real Thai,sauce_ketchup,,INVOICE,,,,,,,,,,,,,,,
,,,,,,,,,,,116049467,Maggi,"stock_broth, soup, noodle",,,Average,,,,,,,,,,,,,,
,,,,,,,,,,,127174400,Mathieu Teisseire,concentrate,,INVOICE,,,,,,,,,,,,,,,
,,,,,,,,,,,61414843,Alokozay,tea,,OTHER,,,,,,,,,,,,,,,
,,,,,,,,,,,125730201,Walkers,cookie_biscuit,,INVOICE,,,,,,,,,,,,,,,
,,,,,,,,,,,42684630,langnese,honey,No,INVOICE,,,,,,,,,,,,,,,
,,,,,,,,,,,93471697,John West,baking_ingredient,,OTHER,,,,,,,,,,,,,,,
,,,,,,,,,,,268679174,Aah Bisto,herb_seasoning,,INVOICE,,,,,,,,,,,,,,,
,,,,,,,,,,,334011707,Kimball,sauce_ketchup,,INVOICE,,,,,,,,,,,,,,,
,,,,,,,,,,,91641983,Captain,candy_mouth_freshener,,INVOICE,,,,,,,,,,,,,,,
,,,,,,,,,,,11451335,cavendish,candy_mouth_freshener,,,,,,,,,,,,,,,,,
,,,,,,,,,,,116049176,Marukawa,chewing_gum,,INVOICE,,,,,,,,,,,,,,,
,,,,,,,,,,,278765563,BORA BORA,chocolate,,INVOICE,,,,,,,,,,,,,,,
,,,,,,,,,,,222052746,MOCCONA,coffee,,INVOICE,,,,,,,,,,,,,,,
,,,,,,,,,,,14589305,Iko,cookie_biscuit,,,,,,,,,,,,,,,,,
,,,,,,,,,,,203816486,HELLEMA,cookie_biscuit,,INVOICE,,,,,,,,,,,,,,,
,,,,,,,,,,,187833420,BELMONT,cookie_biscuit,,INVOICE,,,,,,,,,,,,,,,
,,,,,,,,,,,93157655,Walden Farms,jam_spread,,INVOICE,,,,,,,,,,,,,,,
,,,,,,,,,,,92531129,Bonne Maman,jam_spread,,INVOICE,,,,,,,,,,,,,,,
,,,,,,,,,,,94012351,La Costena,pulses,,INVOICE,,,,,,,,,,,,,,,
,,,,,,,,,,,283336375,FRANK'S,sauce_ketchup,,INVOICE,,,,,,,,,,,,,,,
,,,,,,,,,,,11455322,JAMIE OLIVER,sauce_ketchup,,,,,,,,,,,,,,,,,
,,,,,,,,,,,185137172,Cheetos,snack_savourie,,INVOICE,,,,,,,,,,,,,,,
,,,,,,,,,,,200231134,FRUIT-TELLA,candy_mouth_freshener,,INVOICE,,,,,,,,,,,,,,,
,,,,,,,,,,,197186116,CENTA MENTA,candy_mouth_freshener,,INVOICE,,,,,,,,,,,,,,,
,,,,,,,,,,,167439001,Rainbow,chocolate,,INVOICE,,,,,,,,,,,,,,,
,,,,,,,,,,,111232524,Lavazza,coffee,,INVOICE,,,,,,,,,,,,,,,
,,,,,,,,,,,158577609,Vimto,concentrate,,INVOICE,,,,,,,,,,,,,,,
,,,,,,,,,,,42693447,Tim Tam,cookie_biscuit,No,INVOICE,,,,,,,,,,,,,,,
,,,,,,,,,,,273701390,Julie's,cookie_biscuit,,INVOICE,,,,,,,,,,,,,,,
,,,,,,,,,,,145631014,Loacker,cookie_biscuit,,INVOICE,,,,,,,,,,,,,,,
,,,,,,,,,,,94012194,Al Ameera,edible_seed,,INVOICE,,,,,,,,,,,,,,,
,,,,,,,,,,,93063023,Velveeta,pasta,,INVOICE,,,,,,,,,,,,,,,
,,,,,,,,,,,64915014,TIPARO'S,sauce_ketchup,,INVOICE,,,,,,,,,,,,,,,
,,,,,,,,,,,283835927,SMUCKER'S,syrup,,INVOICE,,,,,,,,,,,,,,,
,,,,,,,,,,,147910652,STARBURST,candy_mouth_freshener,,INVOICE,,,,,,,,,,,,,,,
,,,,,,,,,,,170851228,Campfire,"candy_mouth_freshener, chocolate",,INVOICE,,,,,,,,,,,,,,,
,,,,,,,,,,,159332884,Perfetti Van Melle,chewing_gum,,INVOICE,,,,,,,,,,,,,,,
,,,,,,,,,,,93471260,Mentos,chewing_gum,,INVOICE,,,,,,,,,,,,,,,
,,,,,,,,,,,199229053,ERKO,chocolate,,INVOICE,,,,,,,,,,,,,,,
,,,,,,,,,,,169849914,KLASSNO,coffee,,INVOICE,,,,,,,,,,,,,,,
,,,,,,,,,,,91644034,Kopiko,coffee,,INVOICE,,,,,,,,,,,,,,,
,,,,,,,,,,,120169234,Jacobs,coffee,,INVOICE,,,,,,,,,,,,,,,
,,,,,,,,,,,142048457,Crush,energy_sport_drink_mix,,INVOICE,,,,,,,,,,,,,,,
,,,,,,,,,,,187600940,COMBOS,snack_savourie,,INVOICE,,,,,,,,,,,,,,,
,,,,,,,,,,,203816378,TROPICANA SLIM,tea,,INVOICE,,,,,,,,,,,,,,,
,,,,,,,,,,,225667442,Sunflower,tea,,INVOICE,,,,,,,,,,,,,,,
,,,,,,,,,,,145632942,sunline alaska,vitamin_supplement,,INVOICE,,,,,,,,,,,,,,,
,,,,,,,,,,,222053088,DCL,baking_ingredient,,INVOICE,,,,,,,,,,,,,,,
,,,,,,,,,,,182155534,Jolly Rancher,candy_mouth_freshener,,INVOICE,,,,,,,,,,,,,,,
,,,,,,,,,,,198383057,Menta,chewing_gum,,INVOICE,,,,,,,,,,,,,,,
,,,,,,,,,,,125728333,MARS,chocolate,,INVOICE,,,,,,,,,,,,,,,
,,,,,,,,,,,120392491,Mondelez International,chocolate,,INVOICE,,,,,,,,,,,,,,,
,,,,,,,,,,,174915888,Lindt,chocolate,,INVOICE,,,,,,,,,,,,,,,
,,,,,,,,,,,409718864,Nescafe,coffee,,INVOICE,Average,,,,,,,,,,,,,,
,,,,,,,,,,,285161806,MCVITIE'S,cookie_biscuit,,INVOICE,,,,,,,,,,,,,,,
,,,,,,,,,,,143604339,AL SHIFA,honey,,INVOICE,,,,,,,,,,,,,,,
,,,,,,,,,,,145632739,Kikkoman,sauce_ketchup,,INVOICE,,,,,,,,,,,,,,,
,,,,,,,,,,,109275833,Kraft,sauce_ketchup,,INVOICE,,,,,,,,,,,,,,,
,,,,,,,,,,,61391402,HERSHEY'S,syrup,,OTHER,,,,,,,,,,,,,,,
,,,,,,,,,,,130460005,Teekanne,tea,,INVOICE,,,,,,,,,,,,,,,
,,,,,,,,,,,74310840,Haoliyuan,candy_mouth_freshener,,INVOICE,,,,,,,,,,,,,,,
,,,,,,,,,,,210795799,CANDY CANES,chocolate,,INVOICE,,,,,,,,,,,,,,,
,,,,,,,,,,,284818026,HALWANI BROS,chocolate,,INVOICE,,,,,,,,,,,,,,,
,,,,,,,,,,,42684824,nesquik,"coffee, milk_drink_mix",No,INVOICE,,,,,,,,,,,,,,,
,,,,,,,,,,,68503304,Alicafe,coffee,,INVOICE,,,,,,,,,,,,,,,
,,,,,,,,,,,123823528,Kenco,coffee,,INVOICE,,,,,,,,,,,,,,,
,,,,,,,,,,,94860346,Skippy,jam_spread,,INVOICE,,,,,,,,,,,,,,,
,,,,,,,,,,,61307422,Aunt Jemima,syrup,,INVOICE,,,,,,,,,,,,,,,
,,,,,,,,,,,158572470,Betty Crocker,baking_decorative,,INVOICE,,,,,,,,,,,,,,,
,,,,,,,,,,,94012020,Safa,baking_ingredient,,INVOICE,,,,,,,,,,,,,,,
,,,,,,,,,,,20043462,cavendish & harvey,candy_mouth_freshener,,INVOICE,,,,,,,,,,,,,,,
,,,,,,,,,,,11453177,BEANIES,coffee,,,,,,,,,,,,,,,,,
,,,,,,,,,,,11359286,Davidoff,coffee,,,,,,,,,,,,,,,,,
,,,,,,,,,,,164658580,Meiji,cookie_biscuit,,INVOICE,,,,,,,,,,,,,,,
,,,,,,,,,,,158572414,Tiffany,cookie_biscuit,,INVOICE,,,,,,,,,,,,,,,
,,,,,,,,,,,109275736,Well's,edible_oil,,INVOICE,,,,,,,,,,,,,,,
,,,,,,,,,,,167438744,Nando's,herb_seasoning,,INVOICE,,,,,,,,,,,,,,,
,,,,,,,,,,,61421147,ALMARAI,jam_spread,,OTHER,,,,,,,,,,,,,,,
,,,,,,,,,,,14433393,Orgran,noodle,,,,,,,,,,,,,,,,,
,,,,,,,,,,,199056073,SIAFA,nut_dry_fruit,,INVOICE,,,,,,,,,,,,,,,
,,,,,,,,,,,164076527,Batchelor's,soup,,INVOICE,,,,,,,,,,,,,,,
,,,,,,,,,,,66215174,OLD EL PASO,spice_masala,,INVOICE,,,,,,,,,,,,,,,
,,,,,,,,,,,145629945,Pietro Coricelli,vinegar,,INVOICE,,,,,,,,,,,,,,,
,,,,,,,,,,,283333648,SOUR PATCH,candy_mouth_freshener,,INVOICE,,,,,,,,,,,,,,,
,,,,,,,,,,,42693602,Fox's,candy_mouth_freshener,No,INVOICE,,,,,,,,,,,,,,,
,,,,,,,,,,,63576317,ZOUR BOMB,candy_mouth_freshener,,INVOICE,,,,,,,,,,,,,,,
,,,,,,,,,,,127172323,Kellogg's,cereal_flake,,INVOICE,,,,,,,,,,,,,,,
,,,,,,,,,,,164658382,Post,cereal_flake,,INVOICE,,,,,,,,,,,,,,,
,,,,,,,,,,,164642591,FERRERO ROCHER,chocolate,,INVOICE,,,,,,,,,,,,,,,
,,,,,,,,,,,200232605,GALAXY,chocolate,,INVOICE,,,,,,,,,,,,,,,
,,,,,,,,,,,91868396,Festa,coffee,,INVOICE,,,,,,,,,,,,,,,
,,,,,,,,,,,120169348,Hungry Jack,concentrate,,INVOICE,,,,,,,,,,,,,,,
,,,,,,,,,,,147910466,American Green,honey,,INVOICE,,,,,,,,,,,,,,,
,,,,,,,,,,,14589141,HERO,jam_spread,,,,,,,,,,,,,,,,,
,,,,,,,,,,,73793407,Ragu,sauce_ketchup,,OTHER,,,,,,,,,,,,,,,
,,,,,,,,,,,164415616,Batchelors,soup,,INVOICE,,,,,,,,,,,,,,,
,,,,,,,,,,,182195367,Ghirardelli,"baking_decorative, baking_ingredient",,INVOICE,,,,,,,,,,,,,,,
,,,,,,,,,,,116047161,Warheads,candy_mouth_freshener,,INVOICE,,,,,,,,,,,,,,,
,,,,,,,,,,,143604916,ICE BREAKER,candy_mouth_freshener,,INVOICE,,,,,,,,,,,,,,,
,,,,,,,,,,,115412949,General Mills,cereal_flake,,INVOICE,,,,,,,,,,,,,,,
,,,,,,,,,,,66215650,Alpen,cereal_flake,,INVOICE,,,,,,,,,,,,,,,
,,,,,,,,,,,197187983,HANUTA,chips,,INVOICE,,,,,,,,,,,,,,,
,,,,,,,,,,,197188497,YAMAMA,drinks_juice,,INVOICE,,,,,,,,,,,,,,,
,,,,,,,,,,,228049850,Wedderspoon,honey,,INVOICE,,,,,,,,,,,,,,,
,,,,,,,,,,,14107563,St. Dalfour,jam_spread,,,,,,,,,,,,,,,,,
,,,,,,,,,,,42687230,munchy's,"sauce_ketchup, cookie_biscuit",No,INVOICE,,,,,,,,,,,,,,,
,,,,,,,,,,,91369561,ROYAL,tea,,INVOICE,,,,,,,,,,,,,,,
,,,,,,,,,,,93061289,Steviana,artificial_sweetener,,INVOICE,,,,,,,,,,,,,,,
,,,,,,,,,,,170851342,Marmite,baking_ingredient,,INVOICE,,,,,,,,,,,,,,,
,,,,,,,,,,,73546554,Illy,coffee,,INVOICE,,,,,,,,,,,,,,,
,,,,,,,,,,,226034990,Horlicks,energy_sport_drink_mix,,INVOICE,,,,,,,,,,,,,,,
,,,,,,,,,,,91644330,Swiss Miss,energy_sport_drink_mix,,OTHER,,,,,,,,,,,,,,,
,,,,,,,,,,,225667669,Patak's,pickle_murabba,,INVOICE,,,,,,,,,,,,,,,
,,,,,,,,,,,120645049,Flying Goose,sauce_ketchup,,INVOICE,,,,,,,,,,,,,,,
,,,,,,,,,,,170851083,Blue Diamond,snack_savourie,,INVOICE,,,,,,,,,,,,,,,
,,,,,,,,,,,232834199,Organic Larder,stock_broth,,INVOICE,,,,,,,,,,,,,,,
,,,,,,,,,,,93156182,Green's,baking_ingredient,,INVOICE,,,,,,,,,,,,,,,
,,,,,,,,,,,182155823,CHARLESTON CHEW,candy_mouth_freshener,,INVOICE,,,,,,,,,,,,,,,
,,,,,,,,,,,199228941,VINTAGE,chocolate,,INVOICE,,,,,,,,,,,,,,,
,,,,,,,,,,,91641825,Super,coffee,,OTHER,,,,,,,,,,,,,,,
,,,,,,,,,,,277413551,FU LU SHOU,edible_oil,,INVOICE,,,,,,,,,,,,,,,
,,,,,,,,,,,80533296,Ovaltine,milk_drink_mix,,INVOICE,,,,,,,,,,,,,,,
,,,,,,,,,,,94860638,Pantai,pulses,,INVOICE,,,,,,,,,,,,,,,
,,,,,,,,,,,64912574,SIPA,sauce_ketchup,,INVOICE,,,,,,,,,,,,,,,
,,,,,,,,,,,203814802,TOSTITOS,sauce_ketchup,,INVOICE,,,,,,,,,,,,,,,
,,,,,,,,,,,174918232,Bragg,vinegar,,INVOICE,,,,,,,,,,,,,,,
,,,,,,,,,,,117867989,Weetabix,cereal_flake,,INVOICE,,,,,,,,,,,,,,,
,,,,,,,,,,,91868468,Folgers,coffee,,INVOICE,,,,,,,,,,,,,,,
,,,,,,,,,,,142122463,SUNSWEET,concentrate,,INVOICE,,,,,,,,,,,,,,,
,,,,,,,,,,,226036422,Bahlsen,cookie_biscuit,,INVOICE,,,,,,,,,,,,,,,
,,,,,,,,,,,14591328,Gullon,cookie_biscuit,,,,,,,,,,,,,,,,,
,,,,,,,,,,,123576652,Karo,edible_oil,,INVOICE,,,,,,,,,,,,,,,
,,,,,,,,,,,187835119,FIGARO,edible_oil,,INVOICE,,,,,,,,,,,,,,,
,,,,,,,,,,,74578699,Maepranom,sauce_ketchup,,INVOICE,,,,,,,,,,,,,,,
,,,,,,,,,,,306982064,Tetley,tea,,INVOICE,,,,,,,,,,,,,,,
,,,,,,,,,,,91868166,Alitea,coffee,,INVOICE,,,,,,,,,,,,,,,
,,,,,,,,,,,11453050,Sapphire,cookie_biscuit,,,,,,,,,,,,,,,,,
,,,,,,,,,,,74233198,Mackays,jam_spread,,INVOICE,,,,,,,,,,,,,,,
,,,,,,,,,,,126720368,Filippo,sauce_ketchup,,INVOICE,,,,,,,,,,,,,,,
,,,,,,,,,,,11193904,BRAND_207,coffee,,,,,,,,,,,,,,,,,
,,,,,,,,,,,10588448,BRAND_208,sauce_ketchup,,,,,,,,,,,,,,,,,
80,6714b993b1c14b1d,Dadhimatimarketing,ACTIVE,No,silver,"plot no 26 Amar nagar 2nd , Mata Ka Than Magra punjla jodhpur Landmark : mata ka than mandir 10 dukan District : Jodhpur State : Rajasthan. JODHPUR 342001",2024-11-07,2024-11-08,4,2,475109582,DADHISAGAR,"pet_food, nut_dry_fruit, showpiece_figurine",Yes,TM,Active,,,,+919664473896,+919664473896,baldevdadhichdadhich32374@gmail.com,baldevdadhichdadhich32374@gmail.com,No,Yes,June 2026 | July 2026 | August 2026,-:::neutral | +12.8%:::positive | +7.6%:::positive,762 | 837 | 848, |  | , |  | 
,,,,,,,,,,,470305006,BRAND_2,nut_dry_fruit,Yes,TM,Active,,,,,,,,,,,,,,
81,c2dbb83eccf24194,INDIASCREATION,ACTIVE,No,bronze,"24, Ganga Niwas ,Nahar Singh Colony ,Bhati Circle Ratanada JODHPUR 342001",2016-07-27,2016-09-19,17,8,236576728,BRAND_1,spice_masala,,,,,,,+919828223248,+919828223248,indiascreation@gmail.com,indiascreation@gmail.com,No,Yes,Jun 2026 | Jul 2026 | Aug 2026,₹1.3 Lakh | ₹1.2 Lakh | ₹1.4 Lakh,215 | 189 | 219, |  | , |  | 
,,,,,,,,,,,492462796,BRAND_2,nut_dry_fruit,Yes,INVOICE,,,,,,,,,,,,,,,
,,,,,,,,,,,492323708,BRAND_3,herb_seasoning,Yes,INVOICE,,,,,,,,,,,,,,,
,,,,,,,,,,,499253325,Indias Creation,"herb_seasoning, vitamin_supplement, dupatta, saree_fall, backpack, hand_messenger_bag, mirror, toran, cushion_pillow_cover, tapestry",Yes,INVOICE,,,,,,,,,,,,,,,
,,,,,,,,,,,492463430,BRAND_5,vitamin_supplement,Yes,INVOICE,,,,,,,,,,,,,,,
,,,,,,,,,,,586053753,CAREQUE,herb_seasoning,,BAL,,,,,,,,,,,,,,,
,,,,,,,,,,,188479383,BRAND_7,ayurvedic,,,,,,,,,,,,,,,,,
,,,,,,,,,,,12473370,drona_,toran,,,,,,,,,,,,,,,,,
82,a92fc50846544cf9,MaaBhagwatiRiceandGeneralMill,ACTIVE,No,silver,"MAA BHAGWATI RICE AND GENERAL MILL BALIAWALA ROAD , OPPOSITE JYOTI RICE MILL TOHANA 125120",2026-05-01,2026-05-14,3,3,613221241,QISMAT,rice,,TM,3,,,,+919255182108,+919255182108,maabhagwatirgm@gmail.com,maabhagwatirgm@gmail.com,No,Yes,June 2026 | July 2026 | August 2026,"₹708 | ₹0 | ₹4,185",1 | 0 | 2,"₹708 | ₹0 | ₹1,725", |  | 
,,,,,,,,,,,610887905,BRAND_3,rice,,TM,0,,,,,,,,,,,,,,
,,,,,,,,,,,610887905,BRAND_3,rice,,TM,0,,,,,,,,,,,,,,
83,2b4239ad9a984c14,LalSweetsPvtLtd,ACTIVE,Yes,silver,"29/2 Sena Pillai Complex, BANNERGHATTA ROAD, HULIMAVU GATE Anand Diagnostics, Syndicate Bank Colony BANGALORE 560076",2019-12-16,2020-01-01,3,3,127525448,BRAND_1,cookie_biscuit,,,0,,,,+919900268867,+919606059281,admin@lalsweets.com,admin@lalsweets.com,Yes,Yes,June 2026 | July 2026 | August 2026,₹6.6 L | ₹7.6 L | ₹56.4 L,"1,816 | 1,999 | 14,251", |  | , |  | 
,,,,,,,,,,,292873675,Lal,sweet_mithai,Yes,TM,64,,,,,,,,,,,,,,
,,,,,,,,,,,528775341,BRAND_3,sweet_mithai,,,0,,,,,,,,,,,,,,
84,736c6f72188b4255,Roshanecom,ACTIVE,No,bronze,"Shop no 2 Railway line surat nagar phase 2 , Taruva Global Facility Solutions GURGAON 122006",2026-04-14,2026-05-13,0,0,,,,,,,,,,+918839442009,+918839442009,roshankushwah823@gmail.com,roshankushwah823@gmail.com,No,No,June 2026 | July 2026 | August 2026,"₹16,354 | ₹10,799 | ₹4,573",63 | 40 | 23, |  | , |  | 
85,5a10b7e574a14cef,TheKenkoFoods,ACTIVE,No,silver,"UG-30, Shyam Plaza VIP Road , Surat , Shyam Mandir SURAT 395007",2026-04-20,2026-06-10,2,2,599736922,The Kenko Foods,protein_supplement,Yes,TM,,https://thekenkofoods.com/,https://www.instagram.com/thekenkofoods/,571,+919726657775,+919726657775,thekenkofoods@gmail.com,thekenkofoods@gmail.com,No,Yes,June 2026 | July 2026 | August 2026,"₹0 | ₹608 | ₹1,144", |  | , |  | , |  | 
,,,,,,,,,,,598130785,BRAND_2,protein_supplement,,,,,,,,,,,,,,,,,
86,6725e5ac3647463f,JEEVARTHNUTRITION,ACTIVE,No,silver,"Road No.5, Shed No. 087, Gopal Charan Estate, Indore - Ahmedabad Hwy, near Cricket Ground, Bakrol Bujrang District: AHMEDABAD State: GUJARAT AHMEDABAD 382430",2026-06-06,2026-07-02,2,2,616440853,BRAND_1,vitamin_supplement,,,,,,,+919664701598,+919664701598,jeevarthenterprise@gmail.com,jeevarthenterprise@gmail.com,No,Yes,June 2026 | July 2026 | August 2026,"₹0 | ₹1,022 | ₹3,190",0 | 4 | 13, |  | , |  | 
,,,,,,,,,,,616653324,jeevarth nutrition,vitamin_supplement,,TM,Active,,,,,,,,,,,,,,
87,b9d8f920d51148e8,ALBOZEN,ACTIVE,No,silver,"L.I.G 98 Khandepur Colony Naubasta  , Arra Chauki KANPUR 208021",2026-03-14,2026-03-30,2,2,,,,,,,,,,+919838978561,+919838978561,albozenin@gmail.com,albozenin@gmail.com,No,No,June 2026 | July 2026 | August 2026,₹0 | ₹487 | ₹0,0 | 1 | 0, |  | , |  | 
88,8108e7526cdc4be7,MINTUSNURSERY,ACTIVE,No,silver,"Mintu House N055 Chandpara Station Road , Dhakuria Udyan Palli , Abhishek Bani Niketan CHANDPARA 743245",2026-05-09,2026-06-17,1,1,617734734,MINTUS NURSERY,plant_seed,Yes,PROD_IMAGE,,,,,+919749112153,+919749112153,official.mintuenterprise@gmail.com,official.mintuenterprise@gmail.com,No,No,June 2026 | July 2026 | August 2026,"₹0 | ₹6,268 | ₹24,897",0 | 25 | 72,"₹0 | ₹6,065 | ₹22,047", |  | 
89,662270bbdace49e3,Fixizones,ACTIVE,No,silver,chakwa raniganj kaithola kaithola LALGANJ 230132,2026-04-09,2026-05-31,0,0,,,,,,,,,,+918004564046,+918172822823,teamgenius.co@gmail.com,teamgenius.co@gmail.com,No,No,June 2026 | July 2026 | August 2026,₹985 | ₹3.5 K | ₹586,6 | 22 | 4, |  | , |  | 
90,0f285c1235674bdc,SMELLON,ACTIVE,No,silver,"SHOP NO G-9, BLUE ARC NR. MANTRA HEIGHT, ALTHAN SURAT 395017",2025-09-14,2025-09-18,1,1,532244281,SMELLON,perfume,,TM,active,,,,+919825951111,+919825951111,jpperfume1989@gmail.com,jpperfume1989@gmail.com,No,Yes,June 2026 | July 2026 | August 2026,"₹697 | ₹0 | ₹3,606",2 | 0 | 14, |  | , |  | 
91,046c827c9f8c4727,RMRetailHub,ONHOLD,No,silver,"Shop No. 141,First Floor Near Bala Ji Diary, Vinod Nagar, Mill Gate District: HISAR State: HARYANA HISAR 125001",2022-09-18,2022-09-20,25,11,495664668,Benfly,"hair_treatment, toothpaste",,BAL,,,,,+919728385197,+919728385197,mydigibuddy87@gmail.com,mydigibuddy87@gmail.com,No,Yes,June 2026 | July 2026 | August 2026,₹1.20 Lakh | ₹2.44 Lakh | ₹5.04 Lakh,"1,269 | 2,479 | 4,930",₹1.06 Lakh | ₹2.19 Lakh | ₹4.43 Lakh, |  | 
,,,,,,,,,,,492283347,Beilingmei,"body_pain_relief, hair_treatment, eye_serum, hair_removal, toner, face_wash, face_pack, moisturizer_cream",,BAL,LSTFCWHKVQ7NNH8RKAM7ZQ81Q,,,,,,,,,,,,,,
,,,,,,,,,,,491431246,venom,body_pain_relief,,BAL,,,,,,,,,,,,,,,
,,,,,,,,,,,490336845,DHOR,"toothpaste, moisturizer_cream",,BAL,,,,,,,,,,,,,,,
,,,,,,,,,,,487543406,Bee Venom,eye_cream,No,INVOICE,,,,,,,,,,,,,,,
,,,,,,,,,,,463270449,Trendy Trotters,"toothpaste, lipstick",,BAL,,,,,,,,,,,,,,,
,,,,,,,,,,,581900655,Swachh Magic,bathroom_floor_cleaner,Yes,LOGO,,,,,,,,,,,,,,,
,,,,,,,,,,,495665401,Sinjha,"toothpaste, moisturizer_cream, face_pack",,BAL,,,,,,,,,,,,,,,
,,,,,,,,,,,495665877,desi goodness,"toner, hair_treatment",,BAL,,,,,,,,,,,,,,,
,,,,,,,,,,,487172706,Unbox,hair_treatment,,BAL,,,,,,,,,,,,,,,
,,,,,,,,,,,466784070,Qwera,"toner, toothpaste",,BAL,,,,,,,,,,,,,,,
92,ea20fe45971d482d,TOYZORA,ACTIVE,No,bronze,"2nd FLOOR, HOUSE NO 63 KH.NO. 651 STREET NUMBER 15, Jeevan park , Mohan ram mandhor NEW DELHI 110042",2024-06-27,2026-02-10,8,2,585271349,Toyzora,"shopsy_role_play_toy, role_play_toy, coin_bank, toy_weapon, shopsy_outdoor_toy, outdoor_toy, baby_rattle",,LOGO,,,https://www.instagram.com/toyzorahub/,2,+918882161151,+918882161151,usora2026@gmail.com,usora2026@gmail.com,No,Yes,June 2026 | July 2026 | August 2026,"₹6,108 | ₹12,365 | ₹9,753",9 | 17 | 14, |  | , |  | 
,,,,,,,,,,,574649550,Toyzorahub,baby_rattle,,,,,,,,,,,,,,,,,
93,08106af038644ba2,Landofessence,ACTIVE,No,silver,"DOOR NO 5/148 GROUND FLOOR Vellikulam  , Near CSI Church Kattupara  , KOTTAYAM 686580",2022-06-21,2025-03-28,2,2,560227303,Land of essence,spice_masala,Yes,TM,13,,https://www.instagram.com/landofessence/,"3,344",,,,,No,Yes,June 2026 | July 2026 | August 2026,₹1.8 L | ₹1.5 L | ₹1.1 L,598 | 502 | 443, |  | , |  | 
,,,,,,,,,,,560376241,BRAND_2,spice_masala,,,0,,,,,,,,,,,,,,
94,708ca52610234e65,BeanyDay,ACTIVE,No,bronze,"B88, F/F, Mandawali Fazalpur, Street No 15 , Near Gurudwara NEW DELHI 110092",2025-02-05,2025-03-14,2,2,513465951,Beany Day,coffee,Yes,TM,Premium Exotic Hazelnut Instant Flavoured Coffee (100% Agglomerated 50g),BEANYDAY.COM,,,+919540539567,+919540539567,mailbeanyday@gmail.com,mailbeanyday@gmail.com,No,Yes,June 2026 | July 2026 | August 2026,N/A:::neutral | +15.4%:::positive | +14.4%:::positive,128 | 158 | 160, |  | , |  | 
,,,,,,,,,,,506772403,BRAND_2,coffee,,,,,,,,,,,,,,,,,
95,52dd9a9404624c62,SHREE SADGURU CREATION,ACTIVE,Yes,silver,"B/112, Sicilia Commercial Complex Near Bhaktinadan Circle,, Motavarachha , maharaja Farm, SURAT Kapodra Patiya SURAT 395006",2019-09-04,2019-10-11,12,8,622578475,NIJAMRUT,"hand_blender, shopsy_baking_comb, kitchen_tool_set",Yes,TM,637,,,,+917567348783,+917567348783,shreesadgurucreation7173@gmail.com,shreesadgurucreation7173@gmail.com,No,Yes,June 2026 | July 2026 | August 2026,₹21.25 Lakh | ₹21.17 Lakh | ₹20.10 Lakh,"3,385 | 3,361 | 3,187", |  | , |  | 
,,,,,,,,,,,600435239,KRENZ ELECTRIC,hand_blender,Yes,PROD_IMAGE,602,,,,,,,,,,,,,,
,,,,,,,,,,,257359580,Daniel Radcliffe,watch,,BAL,,,,,,,,,,,,,,,
,,,,,,,,,,,202251013,Anijaa,hair_oil,Yes,BAL,,,,,,,,,,,,,,,
,,,,,,,,,,,47538895,SHREE SADGURU CREATION,"kurti, hand_blender, kitchen_tool_set",Yes,,,,,,,,,,,,,,,,
,,,,,,,,,,,47539079,MANNAT FASHION,kurti,,,,,,,,,,,,,,,,,
,,,,,,,,,,,154398458,SHAKTI EXPORTS,kitchen_tool_set,,TM,,,,,,,,,,,,,,,
,,,,,,,,,,,51856270,MANNAT,chopper,No,,,,,,,,,,,,,,,,
96,b14706aaaad046e4,DgardNaturals,ACTIVE,No,silver,122/4B Thalambur Road Navalur District: CHENNAI State: TAMIL NADU CHENNAI 600130,2022-10-27,2022-12-06,8,8,584409113,DGARD,milk_drink_mix,Yes,BAL,,,https://www.instagram.com/dgardnaturals/,"1,641",+919176768888,+919176768888,dgardnaturals@gmail.com,dgardnaturals@gmail.com,No,Yes,June 2026 | July 2026 | August 2026,₹14.8 K | ₹26.4 K | ₹20.4 K,27 | 50 | 32,₹12.4 K | ₹25.2 K | ₹20.4 K, |  | 
,,,,,,,,,,,287353032,NASHPRIDE,vitamin_supplement,No,BAL,,,,,,,,,,,,,,,
,,,,,,,,,,,299431925,SEAMAG,vitamin_supplement,No,BAL,,,,,,,,,,,,,,,
,,,,,,,,,,,299433712,NASHWELL,vitamin_supplement,No,BAL,,,,,,,,,,,,,,,
,,,,,,,,,,,294515215,D-GARD,vitamin_supplement,No,BAL,,,,,,,,,,,,,,,
,,,,,,,,,,,294482996,NUTRICOBAL PLUS,vitamin_supplement,No,BAL,,,,,,,,,,,,,,,
,,,,,,,,,,,286523489,VIBRATE,vitamin_supplement,No,BAL,,,,,,,,,,,,,,,
,,,,,,,,,,,286523489,VIBRATE,vitamin_supplement,No,BAL,,,,,,,,,,,,,,,
97,0a82f5e8d1be4bde,RAADHISHNA,ACTIVE,Yes,gold,house no. 126 street no. 7 samaypur delhi 110042 Teachers Colony NEW DELHI 110042,2025-06-09,2025-06-11,0,0,,,,,,,,,,+917291883391,+917982986077,amankumarak2662@gmail.com,amankumarak2662@gmail.com,No,No,June 2026 | July 2026 | August 2026,-:::neutral | +108.4%:::positive | +16.1%:::positive,"1,710 | 3,877 | 4,246", |  | , |  | 
98,76bc6d9cef5640ca,VASUNDHRA777,ACTIVE,Yes,silver,8 GHOMANSHI ROW HOUSE Karadva SURAT 394210,2025-04-15,2025-04-16,15,13,638308242,FurniGully,collapsible_wardrobe,,PROD_IMAGE,0,,,,+916355623487,+916355623487,vasundhra5252@gmail.com,vasundhra5252@gmail.com,No,No,June 2026 | July 2026 | August 2026,₹14.0 L | ₹18.5 L | ₹14.0 L,"3,221 | 4,535 | 3,911",₹12.9 L | ₹17.0 L | ₹12.8 L, |  | 
,,,,,,,,,,,638701946,Xevansor,shoe_rack,,PROD_IMAGE,0,,,,,,,,,,,,,,
,,,,,,,,,,,637247485,Earth,kitchen_knife,,PROD_IMAGE,0,,,,,,,,,,,,,,
,,,,,,,,,,,615347857,PATEL,"storage_pouch, vanity_box, cutting_board",,PROD_IMAGE,10,,,,,,,,,,,,,,
,,,,,,,,,,,614431843,REYCONA,kitchen_knife,,PROD_IMAGE,0,,,,,,,,,,,,,,
,,,,,,,,,,,610190559,Narniza,cutting_board,,PROD_IMAGE,0,,,,,,,,,,,,,,
,,,,,,,,,,,607769676,X - Glam,kitchen_knife,,PROD_IMAGE,2,,,,,,,,,,,,,,
,,,,,,,,,,,603981810,Maune Hub,storage_pouch,,,0,,,,,,,,,,,,,,
,,,,,,,,,,,598022389,Go24,bottle,,PROD_IMAGE,2,,,,,,,,,,,,,,
,,,,,,,,,,,586570910,VITAL FORCE,nail_clipper_cutter,,PROD_IMAGE,10,,,,,,,,,,,,,,
,,,,,,,,,,,586435477,Somnath India,stool,,PROD_IMAGE,2,,,,,,,,,,,,,,
,,,,,,,,,,,573541861,plizzo kitchenware,lunch_box,,PROD_IMAGE,4,,,,,,,,,,,,,,
,,,,,,,,,,,568439255,PATIDAR RACK,shoe_rack,,PROD_IMAGE,10,,,,,,,,,,,,,,
99,7244e7c102b14141,RamoshdheeAyurveda,ACTIVE,Yes,bronze,Sekhpura Mohla Ward No 35 SIKAR 332001,2020-12-03,2021-02-08,28,10,618906793,Me Good,"hair_oil, shampoo, drinks_juice, skin_treatment",,TM,,,,,+919694304784,+919694304784,jbanura5@gmail.com,jbanura5@gmail.com,No,Yes,June 2026 | July 2026 | August 2026,₹26.00 L | ₹26.64 L | ₹21.22 L,"7,650 | 8,675 | 7,130", |  | , |  | 
,,,,,,,,,,,599097759,DIABDEX,ayurvedic,,TM,,,,,,,,,,,,,,,
,,,,,,,,,,,596530468,BRAND_3,drinks_juice,,,,,,,,,,,,,,,,,
,,,,,,,,,,,556882309,HORSE FIRE MAN VALI FELLING,"vitamin_supplement, ayurvedic",,TM,,,,,,,,,,,,,,,
,,,,,,,,,,,566537232,Ramoshdhee,"vitamin_supplement, energy_sport_drink_mix, drinks_juice, digestive_probiotic, syrup, hair_color, fairness, shampoo, ayurvedic",Yes,TM,,,,,,,,,,,,,,,
,,,,,,,,,,,566534626,MOM EARTH,"vitamin_supplement, drinks_juice, ayurvedic",,TM,,,,,,,,,,,,,,,
,,,,,,,,,,,555253043,Horse Fire Man Vali Feeling,"drinks_juice, ayurvedic",,TM,,,,,,,,,,,,,,,
,,,,,,,,,,,454274367,JiRu,"drinks_juice, vitamin_supplement, ayurvedic",,TM,,,,,,,,,,,,,,,
,,,,,,,,,,,479643509,Life Immune,"drinks_juice, ayurvedic",,BAL,,,,,,,,,,,,,,,
,,,,,,,,,,,134464627,BRAND_10,ayurvedic,Yes,,,,,,,,,,,,,,,,
100,dc8846944cbb41b1,KLICKIO,ACTIVE,No,bronze,"First Floor - Plot No.333, Flat No.-101 Yogeshwar Appartment, narayannagar , katargam  , SURAT 395004",2025-06-12,2025-06-13,5,1,550166677,KLICKIO,"screwdriver_set, car_pressure_washer, emergency_light, air_freshener, mixer_grinder_juicer",,TM,active,,,,+916355819484,+916355819484,klickio.info@gmail.com,klickio.info@gmail.com,No,Yes,June 2026 | July 2026 | August 2026,"₹46,481 | ₹64,215 | ₹57,280",79 | 110 | 78, |  | , |  | 
101,3a707200f5c046b7,AsquareGlobalLLP,ACTIVE,No,bronze,5-8-85 Fateh Maidan Lane Mahesh Nagar HYDERABAD 500001,2025-01-02,2025-02-25,2,2,501972562,Ajjis Nut Magic,nut_dry_fruit,Yes,INVOICE,Active,,,,+919032411195,+919032411195,asquaregloballlp@gmail.com,asquaregloballlp@gmail.com,No,No,June 2026 | July 2026,₹44.6 K | ₹34.0 K, | , | , | 
,,,,,,,,,,,480527929,BRAND_2,nut_dry_fruit,Yes,INVOICE,Active,,,,,,,,,,,,,,
102,b2e5ae8f28d34964,TheAtharvaVeda,ACTIVE,No,silver,"17/12 Baghwan shri Vatika Chhoti Mandi, Ganaur , Near Gau shala ,  , Near Gau shala SONEPAT 131101",2023-07-30,2023-09-11,9,1,556548622,The Atharva-Veda,"nut_dry_fruit, spice_masala, attar, storage_pouch, packaging_security_bag, thread, havan_items",Yes,INVOICE,active,,,,+919034482365,+919034482365,02bansal.abhishek@gmail.com,02bansal.abhishek@gmail.com,No,No,June 2026 | July 2026 | August 2026,₹3.24 L | ₹6.06 L | ₹11.14 L,"1,353 | 2,760 | 3,767",₹3.05 L | ₹5.78 L | ₹9.84 L, |  | 
103,b3a4b531f6d44d62,NARAVX,ACTIVE,No,silver,WZ-234 Shakurpur Village NEW DELHI 110034,2025-12-19,2025-12-25,8,6,557033645,BRAND_6,"spice_masala, shopsy_herb_seasoning, shopsy_wafer_waffle",,TM,0,,,,+919217065696,+919217065696,LAXMIENTERPRISES.RUB@GMAIL.COM,LAXMIENTERPRISES.RUB@GMAIL.COM,No,Yes,June 2026 | July 2026 | August 2026,-:::neutral | +39.6%:::positive | +42.9%:::positive,"692 | 949 | 1,289", |  | , |  | 
,,,,,,,,,,,584356452,Health Raksha,slipper_flip_flop,,PROD_IMAGE,0,,,,,,,,,,,,,,
,,,,,,,,,,,583377755,RONEXA,slipper_flip_flop,,,22,,,,,,,,,,,,,,
,,,,,,,,,,,578805855,karnai,slipper_flip_flop,,,8,,,,,,,,,,,,,,
,,,,,,,,,,,562242017,VORNEXA,slipper_flip_flop,,,5,,,,,,,,,,,,,,
,,,,,,,,,,,557033645,BRAND_6,spice_masala,,TM,0,,,,,,,,,,,,,,
104,7425311216f84ad3,V2Shopping,ACTIVE,No,silver,DKM College Road Sainathapuram VELLORE 632001,2025-03-17,2025-03-25,0,0,,,,,,,,,,+916374690609,+916374690609,vjking0678@gmail.com,vjking0678@gmail.com,No,No,June 2026 | July 2026 | August 2026,"₹906 | ₹3,734 | ₹1,059",5 | 14 | 4, |  | , |  | 
105,1f4a0f9c648c4e82,OotyMadeOnlineStore,ACTIVE,No,silver,"421/H5, First Floor, Sri Srinivasaperumal Kalyana Mandapam, Ettines road,Ooty , Behind Mahindra Showroom UTHAGAMANDALAM 643001",2025-09-04,2025-09-05,5,3,540664701,Ooty Made.Com,chocolate,,INVOICE,`LSTBEOHFVYVZUSQBF6TFDOT0R`,,https://www.instagram.com/ootymade/,5,+919786168855,+919786168855,ootymadepro@gmail.com,ootymadepro@gmail.com,No,Yes,June 2026 | July 2026 | August 2026,"₹7,597 | ₹11,476 | ₹7,691",17 | 32 | 11, |  | , |  | 
,,,,,,,,,,,533735669,OotyMade.com,"tea, soap, bath_essential_oil",,INVOICE,-,,,,,,,,,,,,,,
,,,,,,,,,,,533074882,BRAND_3,chocolate,,,-,,,,,,,,,,,,,,
106,50513e8f597f4246,VAAYUENTERPRISE,ACTIVE,No,bronze,"GATE NO-3, F-4, RAJSHREE CAMPUS NEAR ANAND NAGAR, SANIYA HEMAD SURAT 395010",2025-11-12,2025-11-13,0,0,,,,,,,,https://www.instagram.com/vaayu_enterprise007/,87,+919173916301,+919173916301,vaayu1991@gmail.com,vaayu1991@gmail.com,No,Yes,Jun 2026 | Jul 2026 | Aug 2026,"₹5,379 | ₹84,515 | ₹1.65 L",11 | 265 | 542, |  | , |  | 
107,fd6b4778c9d04752,KitchenRitz,ACTIVE,No,gold,"Gopinathpur Dokra Gopinathpur Dokra , Gopinathpur Dokra , MUZAFFARPUR,BIHAR MUZAFFARPUR 843126",2026-03-04,2026-03-23,2,2,637132682,Lakshya ventures,mixer_grinder_juicer,,PROD_IMAGE,,,https://www.instagram.com/lakshya_ventures/,291,+917004338369,+917004338369,mdsahil.biharmuz@gmail.com,mdsahil.biharmuz@gmail.com,No,Yes,June 2026 | July 2026 | August 2026,"₹11,102 | ₹18,391 | ₹33,078",69 | 120 | 200, |  | , |  | 
,,,,,,,,,,,596574249,National Kitchenware,hand_juicer,,INVOICE,LSTHJRFWUYBNMFNQESZXOBLLO,,,,,,,,,,,,,,
108,cc320f485fac46c3,MasterUnit,ACTIVE,No,bronze,"Anml Sugandh ki Laher, M.G. Road Near Manek Chowk, on main road Landmark : Kedareshwar Temple District : Porbandar State : Gujarat PORBANDAR 360575",2022-04-21,2024-01-18,3,2,617304943,Anmol,"perfume, attar",Yes,BAL,,anmolsugandh.com,,,+917048109200,+917048109200,masterunitpbr@gmail.com,masterunitpbr@gmail.com,No,Yes,June 2026 | July 2026 | August 2026,"₹3,366 | ₹13,633 | ₹18,647",7 | 29 | 39, |  | , |  | 
,,,,,,,,,,,508260607,oswal,incense_stick,,PROD_IMAGE,,,,,,,,,,,,,,,
109,584ca740281d4a65,TAAGROR,ACTIVE,No,silver,"70, Aadarsh Row House Opp. N.C. Thakkar School Gadhpur Road Sarthana Jakat Naka SURAT 395006",2022-06-28,2022-07-08,18,1,501978849,TAAGROR,"skin_treatment, headphone, perfume, deodorant, hair_serum, face_wash, soap, conditioner, bath_essential_oil, massage_oil, body_wash, body_skin_treatment, combo_kit, liquid_detergent, hair_treatment, toner, shampoo, hair_oil",Yes,BAL,Active,,https://www.instagram.com/taagror_cosmetics/,"2,922",+919825513724,+919909132118,taagrorofficial@gmail.com,taagrorofficial@gmail.com,No,Yes,June 2026 | July 2026 | August 2026,₹3.1 L | ₹3.1 L | ₹2.4 L,"1,935 | 1,900 | 1,383", |  | , |  | 
110,e897511be0244920,FitnessFunda4u,ACTIVE,No,silver,"102, Trinity Primus, Vaidpura, Noida Extension Sector -10 Near Rajesh Pilot chock GAUTAM BUDDHA NAGAR 201306",2021-12-22,2022-01-11,4,4,297178092,WEIGHT MASS GAINER,protein_supplement,Yes,TM,10+,,,,+919313692989,+919313692989,nadyraja4@gmail.com,nadyraja4@gmail.com,No,Yes,June 2026 | July 2026 | August 2026,₹5.28 L | ₹5.27 L | ₹5.15 L,399 | 414 | 418, |  | , |  | 
,,,,,,,,,,,285036801,CBM,protein_supplement,,TM,3,,,,,,,,,,,,,,
,,,,,,,,,,,230292256,Create bulk muscle,protein_supplement,Yes,TM,10+,,,,,,,,,,,,,,
,,,,,,,,,,,211165583,BRAND_4,protein_supplement,,,0,,,,,,,,,,,,,,
111,2dc2deabf92a4d77,smartbuy uk,ACTIVE,No,silver,Shop No17-18-19-20 Avadh complex Near Trickon Bag Landmark : Rajkot Jamngar Highway Road District : jamnagar State : gujarat DHROL 361210,2017-01-04,2018-02-27,36,32,624836192,nanny care,infant_formula,,INVOICE,,,https://www.instagram.com/getnannycare/,129,+919879121219,+919879121219,zannar1@gmail.com,zannar1@gmail.com,No,Yes,June 2026 | July 2026 | August 2026,"₹3,431 | ₹38,431 | ₹29,338",1 | 18 | 9, |  | , |  | 
,,,,,,,,,,,544441062,E45,moisturizer_cream,No,INVOICE,,,,,,,,,,,,,,,
,,,,,,,,,,,624376933,Burt's Bees,"moisturizer_cream, lip_balm",,INVOICE,,,,,,,,,,,,,,,
,,,,,,,,,,,20929896,Asda,"pasta, coffee",No,INVOICE,,,,,,,,,,,,,,,
,,,,,,,,,,,12803047,NESTLE,baby_cereal,No,,,,,,,,,,,,,,,,
,,,,,,,,,,,620763104,kendamil,infant_formula,,INVOICE,2,,,,,,,,,,,,,,
,,,,,,,,,,,9959600,BRAND_7,baby_cereal,,,,,,,,,,,,,,,,,
,,,,,,,,,,,46273299,Vitabiotics,vitamin_supplement,No,INVOICE,,,,,,,,,,,,,,,
,,,,,,,,,,,144498505,Imedeen,vitamin_supplement,No,INVOICE,,,,,,,,,,,,,,,
,,,,,,,,,,,42339711,Slimfast,protein_supplement,No,INVOICE,,,,,,,,,,,,,,,
,,,,,,,,,,,20929977,Napolina,noodle,No,INVOICE,,,,,,,,,,,,,,,
,,,,,,,,,,,46272297,PediaSure,"infant_formula, baby_cereal",No,INVOICE,,,,,,,,,,,,,,,
,,,,,,,,,,,16350449,Hipp Organic,infant_formula,No,INVOICE,,,,,,,,,,,,,,,
,,,,,,,,,,,46272409,SIMILAC,infant_formula,No,INVOICE,,,,,,,,,,,,,,,
,,,,,,,,,,,63620951,Manuka Doctor,honey,No,INVOICE,,,,,,,,,,,,,,,
,,,,,,,,,,,16039121,Organix,baby_cereal,No,INVOICE,,,,,,,,,,,,,,,
,,,,,,,,,,,61179837,Cow & gate,baby_cereal,,,,,,,,,,,,,,,,,
,,,,,,,,,,,12983284,HEINZ,baby_cereal,No,,1,,,,,,,,,,,,,,
,,,,,,,,,,,19303308,Fuel,cereal_flake,No,INVOICE,,,,,,,,,,,,,,,
,,,,,,,,,,,540179453,BRAND_20,infant_formula,,INVOICE,,,,,,,,,,,,,,,
,,,,,,,,,,,16058014,Aptamil,infant_formula,No,INVOICE,,,,,,,,,,,,,,,
,,,,,,,,,,,13311892,Costa,coffee,No,,,,,,,,,,,,,,,,
,,,,,,,,,,,27057226,Abidec,baby_supplement,No,INVOICE,,,,,,,,,,,,,,,
,,,,,,,,,,,14181093,Ella's Kitchen,"baby_snack_puff, baby_cereal",No,INVOICE,,,,,,,,,,,,,,,
,,,,,,,,,,,18497300,SMA,infant_formula,,INVOICE,,,,,,,,,,,,,,,
,,,,,,,,,,,24012968,Heath & Heather,tea,No,INVOICE,,,,,,,,,,,,,,,
,,,,,,,,,,,12779165,gerber,baby_cereal,No,,,,,,,,,,,,,,,,
,,,,,,,,,,,115391556,SEVEN SEAS,vitamin_supplement,,OTHER,,,,,,,,,,,,,,,
,,,,,,,,,,,51988354,haliborange,vitamin_supplement,No,INVOICE,,,,,,,,,,,,,,,
,,,,,,,,,,,211487322,Golden Girls,trouser,Yes,PROD_IMAGE,,,,,,,,,,,,,,,
,,,,,,,,,,,53446580,LA ROCHE-POSAY,anti_ageing,No,INVOICE,,,,,,,,,,,,,,,
,,,,,,,,,,,51985657,Ashton & Parsons,toothpaste,No,INVOICE,,,,,,,,,,,,,,,
112,dd1cb0c2d6fe42b3,MadhuramAgencyJaipur,ACTIVE,No,gold,"5A/51, Parasram Nagar, Dahar Ka Balaji, JAIPUR 302039",2026-04-06,2026-06-16,2,2,641109315,MadhuramAgencyJaipur,earring,,PROD_IMAGE,,,https://www.instagram.com/_.madhuram__/,558,+917014172393,+917014172393,maheshkumaryadavjaipur@gmail.com,maheshkumaryadavjaipur@gmail.com,No,Yes,June 2026 | July 2026 | August 2026,"₹1,217 | ₹25,807 | ₹59,847",6 | 87 | 262,"₹929 | ₹24,038 | ₹53,907", |  | 
,,,,,,,,,,,614982822,Madhuram Agency,painting,Yes,PROD_IMAGE,Active,,,,,,,,,,,,,,
113,ccef7fe825074b55,Kashvira,ACTIVE,No,bronze,"SK-127 , Ground floor Sector 112 , GAUTAM BUDDHA NAGAR 201305",2026-02-27,2026-04-17,0,0,,,,,,,,https://www.instagram.com/kash_vira/,64,+917654240123,+917654240123,amnsingh00007@gmail.com,amnsingh00007@gmail.com,No,Yes,June 2026 | July 2026 | August 2026,"₹9,866 | ₹20,699 | ₹13,295",32 | 58 | 48, |  | , |  | 
114,afbb44b2956e4d18,bioherbita,ACTIVE,No,silver,"AYODHYA ROAD RAM PATH KHEWASPURA Gudri Bazar , ram path , pnb bank FAIZABAD 224001",2026-04-28,2026-06-02,4,2,632202322,Bioherbita,"hair_treatment, face_pack, spice_masala",,TM,active,,https://www.instagram.com/bioherbita_ayodhya/,109,+916307369939,+918840688964,bioherbita@gmail.com,bioherbita@gmail.com,No,Yes,June 2026 | July 2026,"₹0 | ₹1,590", | , | , | 
,,,,,,,,,,,600704381,BRAND_2,spice_masala,,TM,active,,,,,,,,,,,,,,
115,d0908978ee54411f,V2SHINE,ACTIVE,No,silver,Near ashirwad garden Madan Mahal JABALPUR 482001,2017-07-28,2017-08-23,41,4,508178909,IndusBay,"shopsy_remote_control_toy, stuffed_toy, shopsy_stuffed_toy, toy_bubble_maker, board_game, spin_press_launch_toy, toy_weapon, card_game, doll_doll_house, gag_toy, container, toy_sport, bath_toy, baby_rattle, stacking_toy, action_figure, musical_toy, role_play_toy, puzzle, outdoor_toy, hand_blender, learning_toy, block_construction, vehicle_pull_along, pencil_box, diary_notebook, remote_control_toy, glass",Yes,,,,https://www.instagram.com/indusbay/,147,+918319264009,+918319264009,varcom.in@gmail.com,varcom.in@gmail.com,No,Yes,June 2026 | July 2026 | August 2026,₹30.45 L | ₹27.76 L | ₹23.13 L,"4,792 | 4,228 | 3,252", |  | , |  | 
,,,,,,,,,,,8079364,VShine,"clutch, backpack, valentine_gift_set, liquid_detergent, kid_seating",Yes,,,,,,,,,,,,,,,,
,,,,,,,,,,,3302614,V SHINE,"pencil_box, ash_tray, kid_costume_wear, washing_machine_stand, skate, compact_mirror",Yes,,,,,,,,,,,,,,,,
,,,,,,,,,,,5275470,HALO NATION,"rolling_pin_board, masher",Yes,,,,,,,,,,,,,,,,
116,5524ff25b8e04f5e,SIDAPARAENTERPRISE,ACTIVE,No,gold,"atlas industrial area, B/H rolex road near maldhari fatak, Kothariya RAJKOT 360002",2022-11-11,2022-11-12,9,2,621826244,DXDT,"vanity_box, shopsy_kitchen_trolley, mobile_holder, kitchen_cabinet, container, kitchen_trolley, kitchen_rack, hand_blender",Yes,TM,Active,,https://www.instagram.com/dxdt_racing/,18K,+919408841282,+919408841282,sidapara.online@gmail.com,sidapara.online@gmail.com,No,Yes,June 2026 | July 2026 | August 2026,₹21.69 L | ₹42.68 L | ₹42.30 L,"9,305 | 18,089 | 15,389", |  | , |  | 
,,,,,,,,,,,451480838,BRAND_2,massager,Yes,BAL,Active,,,,,,,,,,,,,,
117,530de02fa4914ecc,MEERAECOMMERCE,ACTIVE,Yes,gold,"MEERA ECOMMERCE , 2 NAHERU NAGAR , NEAR. AHIR CHOCK, RAJKOT Atika South , ABOVE THE , HIND POWDER COATING SERVICE, RAJKOT. RAJKOT 360002",2026-04-23,2026-04-28,1,1,602132252,Bloomware,water_bottle,,PROD_IMAGE,Active,,https://www.instagram.com/bloomware_studio/,30,+919638401554,+919638401554,meeraecommerce@gmail.com,meeraecommerce@gmail.com,No,Yes,Jun 2026 | Jul 2026 | Aug 2026,"₹75,832 | ₹1.06 L | ₹1.13 L",247 | 241 | 283,"₹69,122 | ₹1.01 L | ₹1.03 L", |  | 
118,8c4a0ed30c58464e,CHICITY,ACTIVE,No,bronze,"C-309, Hans Marg, Malviya Nagar, Jaipur JAIPUR 302017",2024-02-15,2024-02-16,2,2,580190318,BRAND_1,pulses,,,,,,,+918858100108,+918858100108,chicity964@gmail.com,chicity964@gmail.com,No,Yes,June 2026 | July 2026 | August 2026,"₹3,814 | ₹3,019 | ₹9,049",8 | 7 | 21, |  | , |  | 
,,,,,,,,,,,584818923,Siacon,pulses,Yes,TM,,,,,,,,,,,,,,,
119,8b5fa955edfe42ce,FarmEssence,ACTIVE,No,silver,"B101, Seetai Corner, Service Road, Near Karan Goldcoast, Patil Nagar, Bavdhan PUNE 411021",2022-07-15,2022-09-04,2,2,607852491,BRAND_1,nut_dry_fruit,,,Active,,,,+919922029931,+919922029931,farmessenceofficial@gmail.com,farmessenceofficial@gmail.com,No,Yes,June 2026 | July 2026 | August 2026,₹0 | ₹0 | ₹556,0 | 0 | 1, |  | , |  | 
,,,,,,,,,,,601872663,FarmEssence,nut_dry_fruit,Yes,BAL,Active,,,,,,,,,,,,,,
120,18f71b41fc534b0b,VijetaHerbal,ACTIVE,Yes,gold,PLOT NO 394 UDYOG VIHAR Phase IV GURGAON 122016,2018-06-06,2018-06-29,128,20,644876126,VIJETA,"hair_removal, eyebrow_enhancer, hair_oil, women_intimate_care, face_pack, hair_styling, hair_color, face_wash, massage_oil, toner, moisturizer_cream, skin_treatment",,TM,,,,,+918800023916,+918800023916,mcxintradaytipssalasargroup@GMAIL.COM,mcxintradaytipssalasargroup@GMAIL.COM,No,Yes,June 2026 | July 2026 | August 2026,₹14.5 L:::neutral | ₹13.4 L:::negative | ₹8.8 L:::negative, |  | , |  | , |  | 
,,,,,,,,,,,619096298,7days,"women_intimate_care, body_wash, hair_styling",Yes,TM,,,,,,,,,,,,,,,
,,,,,,,,,,,614590275,7daysnatural,"eyebrow_enhancer, women_intimate_care, ayurvedic, face_wash, toner, skin_treatment, nipple_cream, bath_essential_oil, massage_oil, moisturizer_cream, hair_oil",Yes,,,,,,,,,,,,,,,,
,,,,,,,,,,,480707962,POWERFEEL,hair_oil,,TM,,,,,,,,,,,,,,,
,,,,,,,,,,,445501457,10 DAYS,hair_oil,Yes,TM,,,,,,,,,,,,,,,
,,,,,,,,,,,492936448,7DAYS NATURAL,"hair_color, hair_styling, hair_serum, hair_removal, face_pack",Yes,BAL,,,,,,,,,,,,,,,
,,,,,,,,,,,478232717,MAXERRA,"hair_color, hair_oil, body_skin_treatment, moisturizer_cream, bath_essential_oil, toner",,TM,,,,,,,,,,,,,,,
,,,,,,,,,,,253844723,CANTHARIDINE,"massage_oil, foundation, face_wash, bath_essential_oil, hair_serum, hair_treatment, fairness, toner, hair_oil",Yes,TM,,,,,,,,,,,,,,,
,,,,,,,,,,,453367641,7 Days,"eyebrow_enhancer, skin_treatment, foundation, hand_wash_sanitizer, deodorant, bath_essential_oil, eye_cream, shampoo, conditioner, breast_nipple_care, eye_gel, combo_kit, hair_serum, moisturizer_cream, face_wash, compact, face_pack, lip_balm, fairness, eye_serum, hair_oil, hair_removal, massage_oil, body_skin_treatment, nipple_cream, toner, lubricant, ayurvedic, condom",Yes,TM,,,,,,,,,,,,,,,
,,,,,,,,,,,445502597,10 DAY,hair_oil,,TM,,,,,,,,,,,,,,,
,,,,,,,,,,,440593779,dial organic,"ayurvedic, toner",Yes,TM,,,,,,,,,,,,,,,
,,,,,,,,,,,439417599,7 DAYS BLAST 36,"toner, massage_oil, body_skin_treatment, fairness, hair_oil, shopsy_ayurvedic",,TM,,,,,,,,,,,,,,,
,,,,,,,,,,,438692526,7 DAYS TOPUP 36,toner,,TM,,,,,,,,,,,,,,,
,,,,,,,,,,,373478938,Oraya,"hair_volumizer, hair_styling, hair_oil, bath_essential_oil, body_wash, eye_gel, fairness, moisturizer_cream, nipple_cream, body_skin_treatment, compact, conditioner, hair_serum, lip_balm, combo_kit, eye_serum, face_pack, face_wash, hair_removal, massage_oil, shampoo, lipstick, eyebrow_enhancer, toner",Yes,TM,,,,,,,,,,,,,,,
,,,,,,,,,,,369503322,EXOMOON,"nipple_cream, ayurvedic, body_skin_treatment, bath_essential_oil, toner",Yes,INVOICE,,,,,,,,,,,,,,,
,,,,,,,,,,,143746965,BRAND_16,ayurvedic,Yes,TM,,,,,,,,,,,,,,,
,,,,,,,,,,,253866382,Aura Organic,"body_skin_treatment, foundation, moisturizer_cream, hair_serum, combo_kit, face_pack, facial_kit, hair_oil",Yes,,,,,,,,,,,,,,,,
,,,,,,,,,,,238024414,Blast3six,toner,Yes,TM,,,,,,,,,,,,,,,
,,,,,,,,,,,196733632,BLAST 3 SIX,ayurvedic,Yes,TM,,,,,,,,,,,,,,,
,,,,,,,,,,,146142141,Hanu,wallet_card_wallet,Yes,TM,,,,,,,,,,,,,,,
121,359313cf268d4a7d,SmartGrocer,ACTIVE,No,silver,plot no 98 near kesari farm JAIPUR 302029,2023-03-02,2023-04-12,55,52,451299764,CREMICA,cookie_biscuit,No,INVOICE,,www.cremica.com,https://www.instagram.com/cremicafoods/,22K,+918386829760,+918386829760,Goyalenterprises530@gmail.com,Goyalenterprises530@gmail.com,No,Yes,June 2026 | July 2026 | August 2026,₹12.9 L | ₹22.0 L | ₹25.8 L,"4,642 | 7,963 | 9,421", |  | , |  | 
,,,,,,,,,,,337918460,MANAMA,syrup,No,INVOICE,,,,,,,,,,,,,,,
,,,,,,,,,,,336083340,Hersheys,chocolate,No,INVOICE,,,,,,,,,,,,,,,
,,,,,,,,,,,329663161,GLUCON-D,energy_sport_drink_mix,No,INVOICE,,,,,,,,,,,,,,,
,,,,,,,,,,,326707787,Taaza,tea,No,INVOICE,,,,,,,,,,,,,,,
,,,,,,,,,,,326622907,Rasna,concentrate,No,INVOICE,,,,,,,,,,,,,,,
,,,,,,,,,,,326570299,FUN FOOD,jam_spread,No,INVOICE,,,,,,,,,,,,,,,
,,,,,,,,,,,326372085,Taj Mahal,tea,No,INVOICE,,,,,,,,,,,,,,,
,,,,,,,,,,,326563156,Red Label,tea,No,INVOICE,,,,,,,,,,,,,,,
,,,,,,,,,,,326313874,Catch,spice_masala,No,INVOICE,,,,,,,,,,,,,,,
,,,,,,,,,,,325597177,BRITANNIA,cookie_biscuit,No,INVOICE,,,,,,,,,,,,,,,
,,,,,,,,,,,325607813,FUNFOODS,jam_spread,No,INVOICE,,,,,,,,,,,,,,,
,,,,,,,,,,,325597464,HERSHEY'S,chocolate,No,INVOICE,,,,,,,,,,,,,,,
,,,,,,,,,,,325602885,Cadbury,chocolate,No,INVOICE,,,,,,,,,,,,,,,
,,,,,,,,,,,325603732,EVEREST,spice_masala,No,INVOICE,,,,,,,,,,,,,,,
,,,,,,,,,,,325120948,NESTLE,milk_powder,No,INVOICE,,,,,,,,,,,,,,,
,,,,,,,,,,,324955262,Alpenliebe,candy_mouth_freshener,No,INVOICE,,,,,,,,,,,,,,,
,,,,,,,,,,,324514956,Prime,baking_ingredient,No,INVOICE,,,,,,,,,,,,,,,
,,,,,,,,,,,324169973,Prime Yeast,baking_decorative,No,INVOICE,,,,,,,,,,,,,,,
,,,,,,,,,,,326939113,Sunfeast,cookie_biscuit,No,INVOICE,,,,,,,,,,,,,,,
,,,,,,,,,,,326682600,Tata,"coffee, tea",No,INVOICE,,,,,,,,,,,,,,,
,,,,,,,,,,,325121143,Maggi,spice_masala,No,INVOICE,,,,,,,,,,,,,,,
,,,,,,,,,,,326479403,Amul,milk_powder,No,INVOICE,,,,,,,,,,,,,,,
,,,,,,,,,,,328649436,Nescafe,coffee,No,INVOICE,,,,,,,,,,,,,,,
,,,,,,,,,,,327031827,Lotte,cookie_biscuit,No,INVOICE,,,,,,,,,,,,,,,
,,,,,,,,,,,321871887,WAGH BAKRI,tea,No,INVOICE,,,,,,,,,,,,,,,
,,,,,,,,,,,330349410,TANG,concentrate,No,INVOICE,,,,,,,,,,,,,,,
,,,,,,,,,,,321894172,MDH,spice_masala,No,INVOICE,,,,,,,,,,,,,,,
,,,,,,,,,,,321758389,VEEBA,sauce_ketchup,No,INVOICE,,,,,,,,,,,,,,,
,,,,,,,,,,,322447646,PARLE,snack_savourie,No,INVOICE,,,,,,,,,,,,,,,
,,,,,,,,,,,322675188,Bikaji,snack_savourie,No,INVOICE,,,,,,,,,,,,,,,
,,,,,,,,,,,328230457,Lipton,tea,No,INVOICE,,,,,,,,,,,,,,,
,,,,,,,,,,,336986669,Brooke Bond,tea,No,INVOICE,,,,,,,,,,,,,,,
,,,,,,,,,,,330094186,Closeup,toothpaste,No,INVOICE,,,,,,,,,,,,,,,
,,,,,,,,,,,327904790,WeiKFiELD,pasta,No,INVOICE,,,,,,,,,,,,,,,
,,,,,,,,,,,327414046,Tetley,tea,No,INVOICE,,,,,,,,,,,,,,,
,,,,,,,,,,,326938913,Mentos,candy_mouth_freshener,No,INVOICE,,,,,,,,,,,,,,,
,,,,,,,,,,,326815773,Knorr,soup,No,INVOICE,,,,,,,,,,,,,,,
,,,,,,,,,,,326815635,STAYFREE,sanitary_pad_pantyliner,No,INVOICE,,,,,,,,,,,,,,,
,,,,,,,,,,,326815467,Kellogg's,cereal_flake,No,INVOICE,,,,,,,,,,,,,,,
,,,,,,,,,,,326815394,Tata Sampann,spice_masala,No,INVOICE,,,,,,,,,,,,,,,
,,,,,,,,,,,326193081,Vaseline,moisturizer_cream,No,INVOICE,,,,,,,,,,,,,,,
,,,,,,,,,,,325870909,Colgate,toothpaste,No,INVOICE,,,,,,,,,,,,,,,
,,,,,,,,,,,325604686,MamyPoko,diaper,No,INVOICE,,,,,,,,,,,,,,,
,,,,,,,,,,,325602219,Pampers,diaper,No,INVOICE,,,,,,,,,,,,,,,
,,,,,,,,,,,325599990,Huggies,diaper,No,INVOICE,,,,,,,,,,,,,,,
,,,,,,,,,,,325479436,Dabur,"toothpaste, hair_oil",No,INVOICE,,,,,,,,,,,,,,,
,,,,,,,,,,,325370732,Whisper,sanitary_pad_pantyliner,No,INVOICE,,,,,,,,,,,,,,,
,,,,,,,,,,,324445277,VKL,spice_masala,No,INVOICE,,,,,,,,,,,,,,,
,,,,,,,,,,,323950011,chef's art,herb_seasoning,No,INVOICE,,,,,,,,,,,,,,,
,,,,,,,,,,,322036119,Bikano,sweet_mithai,No,INVOICE,,,,,,,,,,,,,,,
,,,,,,,,,,,321596122,PureWraps,"foil_shrinkwrap, roti_cover",No,INVOICE,,,,,,,,,,,,,,,
122,b0827c43de7a42d8,USHAHRVIQ,ACTIVE,No,silver,"Kh. No. 591, Raghunathpur, Behind TVS Showroom SH-54, Motihari, East Champaran , TVS Showroom MOTIHARI 845401",2026-05-06,2026-05-15,5,3,604001526,USHAHRVIQ,"edible_oil, spice_masala, ghee",,INVOICE,Active,,,,+919288148791,+919288148791,ushahrviq@gmail.com,ushahrviq@gmail.com,No,No,June 2026 | July 2026 | August 2026,"₹0 | ₹2,168 | ₹727", |  | , |  | , |  | 
,,,,,,,,,,,602723066,BRAND_2,ghee,,,Active,,,,,,,,,,,,,,
,,,,,,,,,,,602928011,BRAND_3,spice_masala,,INVOICE,Active,,,,,,,,,,,,,,
123,d552c6d4feed4885,HOMEZAENTERPRISE,ACTIVE,No,silver,"273,First floor godavari park soc-1 puna simada road, punagam , Yogichok,395010 SURAT 395011",2026-06-22,2026-06-23,3,2,632664733,AARADH EXPORT,"electric_cooking_heater, electric_cooker",Yes,BAL,LSTECKHQEQKV8YHF3Y7DBNXTZ,,,,+919909429108,+919909429108,Homezaenterprise@gmail.com,Homezaenterprise@gmail.com,No,Yes,June 2026 | July 2026 | August 2026,"₹560 | ₹28,081 | ₹2.8 L",1 | 47 | 430, |  | , |  | 
,,,,,,,,,,,617936128,Drasert,chopper,,BAL,LSTCPRHPKNHZZPGZKNAEQNGLA,,,,,,,,,,,,,,
124,8c33055bf9754681,NEJX,ACTIVE,No,gold,"B-403 Prince Flora Ved Dabholi Gam Road, near shree valley , Dabholi Gam SURAT 395004",2026-06-15,2026-06-17,1,1,615727675,NEJX,manicure_kit,,TM,,,,,+919429845906,+919429845906,nejx2111@gmail.com,nejx2111@gmail.com,No,Yes,June 2026 | July 2026 | August 2026,"₹6,255 | ₹22,094 | ₹53,099",35 | 109 | 273, |  | , |  | 
125,b07a0e31c1c34afc,ITMBOX,ONHOLD,No,silver,67 4 floor opposite TTL market Limbayat District: SURAT State: GUJARAT SURAT 395012,2026-05-30,2026-05-30,14,4,616046739,veebie,"soap, perfume",,BAL,,,https://www.instagram.com/veebie/,,+919265811941,+919265811941,Elyseorofficial@gmail.com,Elyseorofficial@gmail.com,No,Yes,June 2026 | July 2026 | August 2026,₹9.86 L | ₹1.69 L | ₹0,"2,389 | 434 | 0", |  | , |  | 
,,,,,,,,,,,615109587,BLACK DARK,perfume,,BAL,,,,,,,,,,,,,,,
,,,,,,,,,,,613976576,Kingvaliy,"moisturizer_cream, lace_reel, massage_oil, hair_removal, perfume, attar, soap",,BAL,,,,,,,,,,,,,,,
,,,,,,,,,,,614133593,Lorant,"moisturizer_cream, face_wash, soap, perfume",,BAL,,,,,,,,,,,,,,,
126,896ab705c00c479a,SpellmistPerfumes,ACTIVE,No,silver,"866 A2 Khanbhag, Sangli Behind Shree Shyam Medical , Near Ravikiran Dairy SANGLI 416416",2026-05-13,2026-07-01,1,1,618066301,Spellmist,perfume,,TM,Active,,,,+917559314579,+917559314579,info.spellmist@gmail.com,info.spellmist@gmail.com,No,Yes,June 2026 | July 2026 | August 2026,₹0 | ₹0 | ₹773, |  | , |  | , |  | 
127,93282976611042e2,WesternAuraSpices,ONBOARDING,No,bronze,"65, Infant Jesus Home 1st cross, 1st Main Road , Vikas Nagar , Anthivadi HOSUR 635109",2026-06-01,,2,2,612510423,BRAND_1,spice_masala,,,,,,,+918110031471,+918110031471,westernauraspices@gmail.com,westernauraspices@gmail.com,No,Yes,June 2026 | July 2026 | August 2026,₹0 | ₹0 | ₹0,0 | 0 | 0, |  | , |  | 
,,,,,,,,,,,610379724,Western Aura Spices,spice_masala,,TM,,,,,,,,,,,,,,,
128,b05256ea61d14918,SeeDoos,ACTIVE,No,silver,"Aarambh Solution, 3rd floor 1004 , Block GH 13 , 1004 NEW DELHI 110087",2026-05-03,2026-05-04,3,3,604055395,seedoos,edible_seed,,INVOICE,,,,,+919811889695,+919811889695,aarambhsolutions9@gmail.com,aarambhsolutions9@gmail.com,No,No,June 2026 | July 2026 | August 2026,₹0 | ₹351 | ₹229,0 | 2 | 1, |  | , |  | 
,,,,,,,,,,,605062181,BRAND_2,edible_seed,,INVOICE,,,,,,,,,,,,,,,
,,,,,,,,,,,601964352,BRAND_3,nut_dry_fruit,,,,,,,,,,,,,,,,,
129,5ba6591ca3e147e0,EitbaarNaturals,ACTIVE,No,bronze,"Eitbaar Naturals Center, Subhash Nagar Purnia Subhash Nagar PURNIA 854301",2026-03-18,2026-04-28,2,2,595567004,BRAND_1,nut_dry_fruit,,,active,,,,+919217541780,+919217541780,eitbaarnaturals051125@gmail.com,eitbaarnaturals051125@gmail.com,No,Yes,June 2026 | July 2026 | August 2026,"₹9,407 | ₹2.6 L | ₹8.2 L","27 | 651 | 1,968","₹8,870 | ₹2.6 L | ₹7.7 L", |  | 
,,,,,,,,,,,598089619,eitbaar,nut_dry_fruit,,TM,active,,,,,,,,,,,,,,
130,0cefdb1e1f164742,THESIMRANS,ACTIVE,No,silver,"2nd Floor , Sankalpa Building, Near J.K. Tyre Bosepukur KOLKATA 700042",2025-11-22,2025-11-29,4,3,616139024,BRAND_2,"edible_seed, hair_accessory",Yes,TM,Active,,,,+917439433177,+917439433177,thesimrans.official@gmail.com,thesimrans.official@gmail.com,No,Yes,June 2026 | July 2026,₹0 | ₹885,0 | 3, | , | 
,,,,,,,,,,,616139024,BRAND_2,edible_seed,Yes,TM,Active,,,,,,,,,,,,,,
,,,,,,,,,,,616836576,BRAND_3,nut_dry_fruit,Yes,TM,Active,,,,,,,,,,,,,,
131,10b9d996e67a4e7d,ARKRISHNA10,ACTIVE,No,bronze,"G-2 GOPINATH APARTMENT GURUNAGAR SOCIETY NEARJ.Z SHAH COLLEGE ROAD , JALARAM MANDIR SURAT 394107",2026-02-17,2026-03-07,4,1,614979671,skiner,"electric_face_cleanser, moisturizer_cream, hair_oil, face_pack",,TM,,,,,+918238126237,+918238126237,arkrishnaenterprise@gmail.com,arkrishnaenterprise@gmail.com,No,Yes,June 2026 | July 2026 | August 2026,"₹104 | ₹1,948 | ₹1,721",1 | 11 | 11, |  | , |  | 
132,044e31f3537142ef,ManwaarSnacks,ACTIVE,No,bronze,"2nd Floor 1578 Sector 28 Metro Road , Police Lines , FARIDABAD 121008",2026-04-27,2026-05-15,2,2,601475554,BRAND_1,candy_mouth_freshener,,,0,,,,+917042912668,+917042912668,manwaar2604@gmail.com,manwaar2604@gmail.com,No,Yes,June 2026 | July 2026 | August 2026,"₹288 | ₹4,093 | ₹5,113",2 | 13 | 23, |  | , |  | 
,,,,,,,,,,,601673127,Manwaar,candy_mouth_freshener,,TM,1,,,,,,,,,,,,,,
133,ac638c453a184e90,FarmLeaff,ACTIVE,Yes,gold,"Plot No. 68 Shikshak Nagar, Matha ka Than JODHPUR 342304",2025-02-05,2025-02-23,1,1,487275234,FarmLeaf,nut_dry_fruit,,TM,LSTNDFHFAQTKEJWEZ5FBHTHHF,,https://www.instagram.com/farmleaf.official/,119,+918107976979,+918107976979,farmleafsales@gmail.com,farmleafsales@gmail.com,No,Yes,June 2026 | July 2026 | August 2026,₹1.15 L | ₹9.22 L | ₹43.83 L,"598 | 4,204 | 16,878", |  | , |  | 
134,c714e0174176478f,PRSSTORE,ACTIVE,No,bronze,"23 Deshbandhu Palli Naihati  North 24 pgs west bengal , opposit kajaria marbel showrrom NAIHATI 743165",2024-06-17,2024-06-18,15,6,488065723,CraftLight,usb_gadget,,INVOICE,0,,https://www.instagram.com/_craftlight/,9,+919123393774,+919123393774,mistripinki09@gmail.com,mistripinki09@gmail.com,No,Yes,June 2026 | July 2026 | August 2026,-:::neutral | +16.3%:::positive | +0.9%:::positive,355 | 406 | 451, |  | , |  | 
,,,,,,,,,,,487479586,BNS,usb_gadget,,INVOICE,0,,,,,,,,,,,,,,
,,,,,,,,,,,442821385,TOARS,usb_gadget,,TM,0,,,,,,,,,,,,,,
,,,,,,,,,,,440462403,BRTION,"manicure_kit, immersion_rod, rice_light, room_heater, iron, musical_toy, hand_blender, torch, emergency_light",Yes,BAL,73,,,,,,,,,,,,,,
,,,,,,,,,,,533342829,SPERO,"hookah, hookah_mouth_tip",,BAL,85,,,,,,,,,,,,,,
,,,,,,,,,,,488611706,Wilo,usb_gadget,,INVOICE,1,,,,,,,,,,,,,,
135,7226a1cf5b56481d,HippieMart,ACTIVE,No,gold,House No.30 Park Side Block 7 subhash nagar NEW DELHI 110027,2025-03-30,2025-03-31,12,2,500522731,Himalayan Range,"hand_muller_grinder, ash_tray, smoking_patch, bong, hookah_flavor, hookah_mouth_tip, hookah_hose, hookah",,PROD_IMAGE,active,,,,+919958236003,+919958236003,nazaaracrafts@gmail.com,nazaaracrafts@gmail.com,No,Yes,June 2026 | July 2026 | August 2026,₹1.11 L | ₹2.28 L | ₹3.09 L,"640 | 1,265 | 1,947", |  | , |  | 
,,,,,,,,,,,500522251,Hippnation,"bong, ash_tray, smoking_patch, hookah_mouth_tip",,BAL,active,,,,,,,,,,,,,,
136,8cb2522885a844ff,Khushwell,ACTIVE,No,silver,"Ground Floor Gali no 18 , Jogabai Extension , Near Raza Masjid NEW DELHI 110025",2026-05-03,2026-06-16,2,2,607066806,BRAND_2,honey,Yes,TM,active,,,,+917065159961,+917065159961,khushwell75@gmail.com,khushwell75@gmail.com,No,Yes,June 2026 | July 2026 | August 2026,"₹682 | ₹3,099 | ₹2,960",1 | 5 | 4, |  | , |  | 
,,,,,,,,,,,607066806,BRAND_2,honey,Yes,TM,active,,,,,,,,,,,,,,
137,077e0c074434498c,Palakcos,ACTIVE,No,bronze,Shubham hotel chhavni bajar ghantaghar Bahraich Bahraich BAHRAICH 271801,2023-01-15,2023-01-16,12,5,620424923,Palakcos,"learning_toy, false_eyelash, role_play_toy, toy_weapon, art_craft_kit, stuffed_toy, remote_control_toy, toy_puppet",,,,,,,+919696115592,+919696115592,sheetalkr2022@gmail.com,sheetalkr2022@gmail.com,No,No,June 2026 | July 2026 | August 2026,"₹5,860 | ₹13,277 | ₹5,382",16 | 32 | 7, |  | , |  | 
,,,,,,,,,,,615894134,ELSORT,toy_puppet,,,,,,,,,,,,,,,,,
,,,,,,,,,,,615882231,CRAFTOOTOYS,remote_control_toy,,,,,,,,,,,,,,,,,
,,,,,,,,,,,615886192,TOYOX,learning_toy,,,,,,,,,,,,,,,,,
,,,,,,,,,,,612621428,SmartKids,stacking_toy,,,,,,,,,,,,,,,,,
138,a1a10d2812594db5,PILUENTERPRISE,ACTIVE,No,bronze,dabholi gam dr chetan patel ni same Dabholi SURAT 395004,2025-09-11,2025-09-26,1,1,637697980,PILUENTERPRISE,wind_spinner_toy,,,,,,,+918980367145,+918980367145,nilesh123vaghasiya@gmail.com,nilesh123vaghasiya@gmail.com,No,No,June 2026 | July 2026 | August 2026,₹10.45 L | ₹12.99 L | ₹5.88 L,"4,098 | 4,640 | 1,775", |  | , |  | 
139,c49cefbbf435482f,USHOMECART,ACTIVE,No,bronze,"G-90, Shiv Electric, Valamnagar society Near swaminarayan shak market,Simada naka, , Nana varachha SURAT 395013",2026-04-09,2026-04-14,5,1,613691070,US HOME CART,"torch, toy_bubble_maker, learning_toy, hand_blender, mug",No,LOGO,active,,https://www.instagram.com/home_cartt/,45,+919687083725,+919687083725,smitvaghani96@gmail.com,smitvaghani96@gmail.com,No,Yes,June 2026 | July 2026 | August 2026,"₹14,046 | ₹9,257 | ₹14,056", |  | , |  | , |  | 
140,00405bd92b9e4260,YASHENTERPRISES212,ACTIVE,No,gold,Arya Nagar Pathar Wali Gali SONIPAT 131001,2025-05-17,2025-05-19,1,1,593566562,pixelperfect,painting,,LOGO,,,,,+918307604344,+918307604344,212yashsharma212@gmail.com,212yashsharma212@gmail.com,No,No,June 2026 | July 2026 | August 2026,"₹76,652 | ₹92,272 | ₹74,868",335 | 360 | 291,"₹67,702 | ₹79,487 | ₹68,881", |  | 
141,a24470b426e5463d,mahiicosmetic,ACTIVE,No,gold,Madhav farm sarthana SURAT 395006,2026-01-22,2026-01-25,12,1,640013905,Flixy,"condom, bath_essential_oil, shampoo, hair_styling, lubricant, soap, hair_removal, face_pack, deodorant, massage_oil, moisturizer_cream, women_intimate_care",,BAL,Active,,,,+918320751093,+918320751093,mahienterprise335@gmail.com,mahienterprise335@gmail.com,No,Yes,June 2026 | July 2026 | August 2026,₹13.89 L | ₹10.09 L | ₹7.43 L,"8,359 | 6,701 | 4,462", |  | , |  | 
142,c1ab63e720b946d5,PRMALLL,ONHOLD,No,gold,31 Madhav Farm Surat SURAT 395006,2025-12-10,2025-12-11,17,1,623244546,Flixy,"shampoo, hair_oil, sunscreen, hair_styling, women_intimate_care, lubricant, soap, face_pack, bath_essential_oil, toner, hair_removal, massage_oil, perfume, deodorant, hair_serum, hair_color, moisturizer_cream",,BAL,,,,,+919624060245,+919624060245,rahulparmar7669@gmail.com,rahulparmar7669@gmail.com,No,Yes,June 2026 | July 2026 | August 2026 (MTD),₹4.96 L | ₹5.25 L | ₹1.93 L,"2,530 | 2,779 | 1,018", |  | , |  | 
143,0a8c2b5606b4434a,Verathix,ACTIVE,Yes,bronze,"Shop no - 4 , Ground Floor, Holy view chs, 52 JB Shah Road , Bhat Bazar , MUMBAI 400009",2026-03-04,2026-03-09,12,1,616812666,VERATHIX,"nail_polish, attar, body_wash, action_figure, board_game, coin_bank, puzzle, hair_treatment, conditioner, perfume, block_construction, learning_toy",Yes,TM,Active,,,,+917039000908,+917039000908,verathix@gmail.com,verathix@gmail.com,No,Yes,June 2026 | July 2026 | August 2026,"₹58,163 | ₹43,686 | ₹58,683",101 | 63 | 100,"₹50,606 | ₹40,958 | ₹55,671", |  | 
144,f39b92ccc3754123,Cosmo360,ACTIVE,Yes,silver,"Al-Mahir Perfumes, Shop No 2, Jubilee Darshan Building, Opp Aga Khan Baug, Versova, Andheri West District: MUMBAI State: MAHARASHTRA MUMBAI 400061",2023-12-14,2023-12-15,15,4,414357134,Euroworld,"deodorant, kajal, moisturizer_cream, fairness, perfume, attar",,TM,,,,,+919819973932,+919372638497,cosmo360online@gmail.com,cosmo360online@gmail.com,No,Yes,June 2026 | July 2026 | August 2026,₹1.86 Lakh | ₹1.93 Lakh | ₹2.36 Lakh,671 | 665 | 773, |  | , |  | 
,,,,,,,,,,,406265490,khojati,kajal,,INVOICE,,,,,,,,,,,,,,,
,,,,,,,,,,,415947476,Almas,attar,,INVOICE,,,,,,,,,,,,,,,
,,,,,,,,,,,389719752,Al-Mahir,"attar, kajal, moisturizer_cream, fairness, deodorant, mehendi, perfume",,BAL,,,,,,,,,,,,,,,
145,42d561b372754df4,AttarStore,ACTIVE,No,silver,"90 Feet Road, near T junction Rajabali chawl MUMBAI 400017",2024-01-12,2024-06-26,5,4,590344360,Lapion,"attar, packaging_security_bag",Yes,TM,Ai Glass-M89,https://lapion.in/,,,+919082077741,+919082077741,lapionenterprises@gmail.com,lapionenterprises@gmail.com,No,Yes,June 2026 | July 2026 | August 2026,₹1.9 L | ₹3.4 L | ₹3.5 L,"1,474 | 2,815 | 2,928",₹1.7 L | ₹3.2 L | ₹3.2 L, |  | 
,,,,,,,,,,,504758718,AL Naaz,attar,No,BAL,Aln Mix deed,,,,,,,,,,,,,,
,,,,,,,,,,,460563512,STYKON,hand_blender,Yes,TM,None,,,,,,,,,,,,,,
,,,,,,,,,,,441629503,Almas,attar,,INVOICE,"20 variations (Combos, Pocket Perfumes, Roll-ons)",,,,,,,,,,,,,,
146,58149adb20ac45e1,NawDirect,ACTIVE,No,bronze,"Naw Direct11/25, Moore Street, 2nd Floor Mannady Chennai CHENNAI 600001",2016-02-04,2016-05-10,16,14,27300788,Old Farm,"honey, cereal_flake, herb_seasoning",Yes,TM,,,https://www.instagram.com/oldfarmarg/,"1,289",+919841464038,+919841464038,nawfal4me@gmail.com,nawfal4me@gmail.com,No,Yes,June 2026 | July 2026,"₹6,001 | ₹8,991",25 | 40,"₹6,001 | ₹8,224", | 
,,,,,,,,,,,526849831,BRAND_2,nut_dry_fruit,,,,,,,,,,,,,,,,,
,,,,,,,,,,,13559988,Sensodent,toothpaste,,,,,,,,,,,,,,,,,
,,,,,,,,,,,596096253,Manuka Health,honey,No,INVOICE,,,,,,,,,,,,,,,
,,,,,,,,,,,27134909,BRAND_5,salt,,,,,,,,,,,,,,,,,
,,,,,,,,,,,203287327,khojati,kajal,No,OTHER,,,,,,,,,,,,,,,
,,,,,,,,,,,55854267,Hazrat,fabric,No,OTHER,,,,,,,,,,,,,,,
,,,,,,,,,,,55853100,SilverRays,wallet_card_wallet,No,,,,,,,,,,,,,,,,
,,,,,,,,,,,75584442,Alnoor,lungi,,,,,,,,,,,,,,,,,
,,,,,,,,,,,74913263,Index,lungi,No,,,,,,,,,,,,,,,,
,,,,,,,,,,,13807890,Nicogum,smoking_patch,,,,,,,,,,,,,,,,,
,,,,,,,,,,,10205096,Metanium,baby_changing_station,,,,,,,,,,,,,,,,,
,,,,,,,,,,,10116958,Dylon,absorbent_sheet,,,,,,,,,,,,,,,,,
,,,,,,,,,,,10116666,Dr. Beckmann,bath_tumbler,,,,,,,,,,,,,,,,,
147,1b6afc7bfcc544a9,TrishikaTrends,ACTIVE,No,bronze,"D-228 , D- Block ,Rajajipuram D-240 , Block D , D-block Durga Puja Park LUCKNOW 226017",2026-02-25,2026-02-27,0,0,,,,,,,,,,+916390197555,+916390197555,sonamguptatm@gmail.com,sonamguptatm@gmail.com,No,No,June 2026 | July 2026 | August 2026,"₹15,080 | ₹50,519 | ₹52,868",54 | 185 | 172,"₹14,196 | ₹45,497 | ₹48,220", |  | 
148,bd3587d6bf894d6a,ADDMEE,ACTIVE,No,silver,"ADD MEE, NEAR S.K. PARK Puthiyara KOZHIKODE 673004",2021-12-16,2021-12-22,7,4,298208125,TOBLERONE,chocolate,No,INVOICE,0,,https://www.instagram.com/tobleroneuk/,33K,+919037522162,+919037522162,awfaaki@gmail.com,awfaaki@gmail.com,No,Yes,June 2026 | July 2026 | August 2026,"₹67,791 | ₹1.01 L | ₹2.16 L",124 | 198 | 295, |  | , |  | 
,,,,,,,,,,,209551360,ADD MEE,nut_dry_fruit,Yes,TM,0,,,,,,,,,,,,,,
,,,,,,,,,,,297953769,AWFAAKI,"rice, chips, spice_masala, nut_dry_fruit",Yes,TM,10+,,,,,,,,,,,,,,
,,,,,,,,,,,297953384,BRAND_4,nut_dry_fruit,,,0,,,,,,,,,,,,,,
149,62f27933b1e34e4b,NAVVANSHEXPORTS,ACTIVE,No,silver,plot no 19 magraj ji ka tanka hanuman colony aaryaveer dal wali gali jodhpur kum mandore mandi JODHPUR 342007,2024-05-20,2024-10-11,8,3,623619125,Nima,mixer_grinder_juicer,,PROD_IMAGE,,,https://www.instagram.com/nima_nirankariinstituteofmusic/,,+919928856666,+919928856666,theancientremedy111@gmail.com,theancientremedy111@gmail.com,No,Yes,June 2026 | July 2026 | August 2026,₹12.33 L | ₹11.75 L | ₹10.71 L,"6,027 | 5,804 | 5,135", |  | , |  | 
,,,,,,,,,,,572388499,The Ancient Remedy,"vitamin_supplement, moisturizer_cream, henna, aftershave_lotion, face_pack, hair_treatment",,TM,,,,,,,,,,,,,,,
,,,,,,,,,,,483962402,BRAND_3,vitamin_supplement,,TM,,,,,,,,,,,,,,,
150,5d84271713f94b31,X MARK,ACTIVE,No,silver,"Shop no 105, Heny Arcade Dabholi Gam, Dabholi Raod District: SURAT State: GUJARAT SURAT 395004",2021-01-04,2021-01-19,89,49,495626294,ACTVITAL,vitamin_supplement,,INVOICE,,,,,+919726979491,+918460791500,xmark2196@gmail.com,xmark2196@gmail.com,No,Yes,June 2026 | July 2026 | August 2026,-:::neutral | +5.1%:::positive | +15.3%:::positive,"1,050 | 1,073 | 1,085", |  | , |  | 
,,,,,,,,,,,495625929,GEORICH,vitamin_supplement,,INVOICE,,,,,,,,,,,,,,,
,,,,,,,,,,,458846887,PROTIMED,protein_supplement,,INVOICE,4,,,,,,,,,,,,,,
,,,,,,,,,,,458640418,PROTIPEN,protein_supplement,No,INVOICE,,,,,,,,,,,,,,,
,,,,,,,,,,,391480591,FOLLIKESH,hair_oil,No,INVOICE,,,,,,,,,,,,,,,
,,,,,,,,,,,361898310,OPVIT,vitamin_supplement,No,INVOICE,,,,,,,,,,,,,,,
,,,,,,,,,,,401744500,NUTRARICH,vitamin_supplement,No,BAL,14,,,,,,,,,,,,,,
,,,,,,,,,,,508933654,OXTIV,protein_supplement,,INVOICE,1,,,,,,,,,,,,,,
,,,,,,,,,,,503251147,FLORISH,"face_wash, bath_essential_oil, combo_kit, hair_serum, hair_treatment",No,INVOICE,1,,,,,,,,,,,,,,
,,,,,,,,,,,498887938,QUNEED,vitamin_supplement,,INVOICE,,,,,,,,,,,,,,,
,,,,,,,,,,,489690029,SKYAA,"vitamin_supplement, hair_oil, hair_serum",,INVOICE,,,,,,,,,,,,,,,
,,,,,,,,,,,487672281,NUTRIYEARS,protein_supplement,,INVOICE,,,,,,,,,,,,,,,
,,,,,,,,,,,480120321,VITARICH,protein_supplement,,INVOICE,,,,,,,,,,,,,,,
,,,,,,,,,,,340324408,APTIM,"face_pack, face_wash, ayurvedic, body_skin_treatment",No,INVOICE,6,,,,,,,,,,,,,,
,,,,,,,,,,,321781284,JUSTAWE,body_skin_treatment,No,INVOICE,,,,,,,,,,,,,,,
,,,,,,,,,,,310294047,SIGNATURE,body_skin_treatment,No,INVOICE,,,,,,,,,,,,,,,
,,,,,,,,,,,294447937,EVAMINE,body_skin_treatment,No,INVOICE,,,,,,,,,,,,,,,
,,,,,,,,,,,291824799,O3STAR,body_skin_treatment,No,INVOICE,3,,,,,,,,,,,,,,
,,,,,,,,,,,291535627,EVEMED,body_skin_treatment,No,INVOICE,1,,,,,,,,,,,,,,
,,,,,,,,,,,290749474,Komorebi,toothpaste,No,INVOICE,,,,,,,,,,,,,,,
,,,,,,,,,,,290377659,FABIFY,toothpaste,No,INVOICE,,,,,,,,,,,,,,,
,,,,,,,,,,,290631648,ELVITAMIN,body_skin_treatment,No,INVOICE,,,,,,,,,,,,,,,
,,,,,,,,,,,289153595,FLOMISH,"hair_serum, hair_treatment",No,INVOICE,,,,,,,,,,,,,,,
,,,,,,,,,,,282615320,AUSTRO SHE SYP.,ayurvedic,No,INVOICE,3,,,,,,,,,,,,,,
,,,,,,,,,,,281561296,FLOURIS,"hair_serum, hair_treatment",No,INVOICE,,,,,,,,,,,,,,,
,,,,,,,,,,,281181574,JAY KAY,bath_essential_oil,No,INVOICE,2,,,,,,,,,,,,,,
,,,,,,,,,,,280210607,JAY KAY.,bath_essential_oil,No,INVOICE,2,,,,,,,,,,,,,,
,,,,,,,,,,,278039528,FLOMIS,"hair_serum, hair_treatment",No,INVOICE,,,,,,,,,,,,,,,
,,,,,,,,,,,275153298,ALIVE,hair_oil,No,INVOICE,,,,,,,,,,,,,,,
,,,,,,,,,,,273477444,PARTH,ayurvedic,No,OTHER,,,,,,,,,,,,,,,
,,,,,,,,,,,269901237,AUSTRO,ayurvedic,No,OTHER,3,,,,,,,,,,,,,,
,,,,,,,,,,,269901237,AUSTRO,ayurvedic,No,OTHER,3,,,,,,,,,,,,,,
,,,,,,,,,,,267952428,HELING,hair_treatment,No,INVOICE,,,,,,,,,,,,,,,
,,,,,,,,,,,264473754,Kesh gold,hair_oil,No,INVOICE,,,,,,,,,,,,,,,
,,,,,,,,,,,257188068,GROWIN,"hair_serum, hair_treatment",No,INVOICE,,,,,,,,,,,,,,,
,,,,,,,,,,,241006246,MEDIYES.,hair_serum,No,INVOICE,,,,,,,,,,,,,,,
,,,,,,,,,,,238186388,AVIENCE,hair_treatment,No,INVOICE,,,,,,,,,,,,,,,
,,,,,,,,,,,232050017,STEWIN,"hair_serum, hair_treatment",No,INVOICE,,,,,,,,,,,,,,,
,,,,,,,,,,,232047161,OPTUS,"hair_serum, hair_treatment",No,INVOICE,,,,,,,,,,,,,,,
,,,,,,,,,,,232290876,HAIRFILL,"hair_serum, hair_treatment",No,INVOICE,,,,,,,,,,,,,,,
,,,,,,,,,,,232290659,Steris,"hair_serum, hair_treatment",No,INVOICE,,,,,,,,,,,,,,,
,,,,,,,,,,,232050888,HEELING,"hair_serum, hair_treatment",No,INVOICE,,,,,,,,,,,,,,,
,,,,,,,,,,,219796706,curetech skin care,hair_treatment,No,INVOICE,,,,,,,,,,,,,,,
,,,,,,,,,,,217818582,FLOURISH,"hair_serum, hair_treatment",No,INVOICE,,,,,,,,,,,,,,,
,,,,,,,,,,,212121184,LEEGAIN,hair_treatment,No,INVOICE,,,,,,,,,,,,,,,
,,,,,,,,,,,207156588,FLOURISH PHARMA,"hair_treatment, hair_serum",No,INVOICE,,,,,,,,,,,,,,,
,,,,,,,,,,,207224874,HEALING,"hair_serum, hair_treatment",No,INVOICE,,,,,,,,,,,,,,,
,,,,,,,,,,,207227095,HEALING PHARMA,"hair_serum, hair_treatment",No,INVOICE,,,,,,,,,,,,,,,
,,,,,,,,,,,202740552,MEDIYES,hair_treatment,No,INVOICE,,,,,,,,,,,,,,,
151,08bcf75ed6774f8e,PureCook,ACTIVE,No,silver,"Plot no.317 Sector 2 malviya nagar jaipur 2/299 , Sector 2 , 2/299 JAIPUR 302017",2026-05-06,2026-05-10,0,0,,,,,,,,https://www.instagram.com/purecook2026/,56,+919785657061,+919785657061,raghvi.flipkart@gmail.com,raghvi.flipkart@gmail.com,No,Yes,June 2026 | July 2026 | August 2026,"₹13,658 | ₹9,438 | ₹4,418",33 | 26 | 10, |  | , |  | 
152,ffa9596dc54b47e3,Anjushreeyadav,ACTIVE,No,bronze,"285/1, santosh vila MAHATMA GANDHI MARG , Bank of Inda atm BARNAGAR 456771",2025-11-11,2025-11-28,0,0,,,,,,,,,,+917610652753,+917610652753,amratanshyadav23@gmail.com,amratanshyadav23@gmail.com,No,No,June 2026 | July 2026 | August 2026,"₹24,182 | ₹33,635 | ₹53,308",124 | 189 | 283, |  | , |  | 
153,a47b7e8618af4a6b,SlymFit,ACTIVE,No,gold,Panposh Road Raghunathpali SUNDERGARH 769004,2025-12-18,2026-01-31,0,0,,,,,,,,,,+918544587099,+918544587099,slymfit.in@gmail.com,slymfit.in@gmail.com,No,No,June 2026 | July 2026 | August 2026,"₹19,605 | ₹1.23 Lakh | ₹97,630",103 | 654 | 574,"₹18,566 | ₹1.16 Lakh | ₹89,849", |  | 
154,d2db2663f4c5475c,ShamithTraders,ACTIVE,No,silver,#347 7th main road ITI Employees Layout BANGALORE 560056,2025-01-28,2025-01-30,8,4,639837135,Organic One,"spice_masala, face_pack, nail_paint_remover, insect_repellent",,TM,,,,,+917676010112,+917676010112,shamithtraders7@gmail.com,shamithtraders7@gmail.com,No,Yes,June 2026 | July 2026 | August 2026,₹9.78 Lakh | ₹9.92 Lakh | ₹7.94 Lakh,"2,335 | 2,221 | 1,772",₹9.30 Lakh | ₹9.49 Lakh | ₹7.19 Lakh, |  | 
,,,,,,,,,,,586801233,BRAND_2,herb_seasoning,,,,,,,,,,,,,,,,,
,,,,,,,,,,,637253916,BRAND_3,jaggery,,,,,,,,,,,,,,,,,
,,,,,,,,,,,577244074,Jeevamsha,"hair_color, insect_repellent",,TM,,,,,,,,,,,,,,,
155,e9935260d6eb4ee8,SALMANJUNAIDI,ACTIVE,No,silver,"Flat No 407, Paramount Jewel Apartment, Surya Nagar Colony, Tolichowki, Hyderabad HYDERABAD 500008",2021-10-12,2021-11-17,1,1,566604727,SALMAN JUNAIDI,attar,,TM,Active,,,,+918317668866,+918317668866,salman.hasmani11@gmail.com,salman.hasmani11@gmail.com,No,Yes,June 2026 | July 2026 | August 2026,0%:::neutral | -23.3%:::negative | +140.2%:::positive,3 | 2 | 6, |  | , |  | 
156,967903acd1bd4fb6,rudrakshenterprisestore,ACTIVE,No,silver,"420, platinium plaza, neat VT Circle Sarthana Jakat Naka District: SURAT State: GUJARAT SURAT 395013",2023-09-19,2023-09-20,114,64,617038567,Lovelier,"attar, hair_oil, shampoo, face_wash, soap",,TM,,,https://www.instagram.com/thelovelier/,58,+919426830081,+919426830081,rudrakshenterprise15@gmail.com,rudrakshenterprise15@gmail.com,No,Yes,June 2026 | July 2026 | August 2026,₹2.72 Lakh | ₹2.93 Lakh | ₹3.62 Lakh,"1,071 | 1,187 | 1,550",₹2.22 Lakh | ₹2.55 Lakh | ₹3.19 Lakh, |  | 
,,,,,,,,,,,480132005,BEUTISKY,"shampoo, hair_oil, moisturizer_cream, hair_styling, body_wash, attar, massage_oil, hair_color, face_wash, soap, insect_repellent, sunscreen, skin_treatment",,BAL,,,,,,,,,,,,,,,
,,,,,,,,,,,459913243,WILL,"skin_treatment, hair_oil, hair_removal, face_wash",,INVOICE,,,,,,,,,,,,,,,
,,,,,,,,,,,425182441,MELACARE,"hair_oil, moisturizer_cream, face_wash, shampoo, fairness",,INVOICE,,,,,,,,,,,,,,,
,,,,,,,,,,,573633689,CLINSOL,"face_wash, soap",,INVOICE,,,,,,,,,,,,,,,
,,,,,,,,,,,559297926,Willclin,face_wash,,INVOICE,,,,,,,,,,,,,,,
,,,,,,,,,,,559294673,SCARNIL,moisturizer_cream,,INVOICE,,,,,,,,,,,,,,,
,,,,,,,,,,,559489282,Euro Soft,"hair_removal, toner",,INVOICE,,,,,,,,,,,,,,,
,,,,,,,,,,,559295952,NIP CARE,breast_nipple_care,,INVOICE,,,,,,,,,,,,,,,
,,,,,,,,,,,559300112,Densyl-P,skin_treatment,,INVOICE,,,,,,,,,,,,,,,
,,,,,,,,,,,559023356,BRUVENTIS,hair_oil,,INVOICE,,,,,,,,,,,,,,,
,,,,,,,,,,,558756719,DERBEAU,moisturizer_cream,,INVOICE,,,,,,,,,,,,,,,
,,,,,,,,,,,558757734,BABY,skin_treatment,,INVOICE,,,,,,,,,,,,,,,
,,,,,,,,,,,558754677,X-HEAL,soap,,INVOICE,,,,,,,,,,,,,,,
,,,,,,,,,,,558420535,FOLLIKESH,hair_oil,,INVOICE,,,,,,,,,,,,,,,
,,,,,,,,,,,501792578,Kohinoor,support,,INVOICE,,,,,,,,,,,,,,,
,,,,,,,,,,,558356529,JUST-SHYNE,sunscreen,,INVOICE,,,,,,,,,,,,,,,
,,,,,,,,,,,558353993,ACNETOIN,soap,,INVOICE,,,,,,,,,,,,,,,
,,,,,,,,,,,558356772,SPOTSRUB,moisturizer_cream,,INVOICE,,,,,,,,,,,,,,,
,,,,,,,,,,,558112503,H-GROW,hair_serum,,INVOICE,,,,,,,,,,,,,,,
,,,,,,,,,,,557819989,AGEFINE,soap,,INVOICE,,,,,,,,,,,,,,,
,,,,,,,,,,,557820268,ACNETOP,face_wash,,INVOICE,,,,,,,,,,,,,,,
,,,,,,,,,,,557823220,SENSITIV-KF,toothpaste,,INVOICE,,,,,,,,,,,,,,,
,,,,,,,,,,,557820617,FEM-O-FRESH,women_intimate_care,,INVOICE,,,,,,,,,,,,,,,
,,,,,,,,,,,557821174,SUNROOF,sunscreen,,INVOICE,,,,,,,,,,,,,,,
,,,,,,,,,,,557823007,ORTHOJOINT,body_pain_relief,,INVOICE,,,,,,,,,,,,,,,
,,,,,,,,,,,557458015,Bestina,toner,,INVOICE,,,,,,,,,,,,,,,
,,,,,,,,,,,557427052,DENTGLOW,toothpaste,,INVOICE,,,,,,,,,,,,,,,
,,,,,,,,,,,557420352,BABY BLISS,shampoo,,INVOICE,,,,,,,,,,,,,,,
,,,,,,,,,,,557410854,CEREA,moisturizer_cream,,INVOICE,,,,,,,,,,,,,,,
,,,,,,,,,,,557430395,ORTHO-AID,body_pain_relief,,INVOICE,,,,,,,,,,,,,,,
,,,,,,,,,,,557424711,FEMIVIN,women_intimate_care,,INVOICE,,,,,,,,,,,,,,,
,,,,,,,,,,,557430490,KERACYLIC,face_wash,,INVOICE,,,,,,,,,,,,,,,
,,,,,,,,,,,557407581,Beauistry,"hair_oil, soap",,TM,,,,,,,,,,,,,,,
,,,,,,,,,,,508797116,KIWICOO,body_wash,,INVOICE,,,,,,,,,,,,,,,
,,,,,,,,,,,546520667,SKEENGLOW,"soap, face_wash",,INVOICE,,,,,,,,,,,,,,,
,,,,,,,,,,,546032308,KOJEX,"moisturizer_cream, soap, face_wash",,INVOICE,,,,,,,,,,,,,,,
,,,,,,,,,,,513416225,Glucill,"soap, face_wash, skin_treatment",,INVOICE,,,,,,,,,,,,,,,
,,,,,,,,,,,508797193,DENTOSYS,toothpaste,,INVOICE,,,,,,,,,,,,,,,
,,,,,,,,,,,508611307,KETOZEN,shampoo,,INVOICE,,,,,,,,,,,,,,,
,,,,,,,,,,,508514967,OLISUN,sunscreen,,INVOICE,,,,,,,,,,,,,,,
,,,,,,,,,,,508372175,ALOEHUSH,shampoo,,INVOICE,,,,,,,,,,,,,,,
,,,,,,,,,,,508037741,RIVELA,sunscreen,,INVOICE,,,,,,,,,,,,,,,
,,,,,,,,,,,508037832,LUMIQUE,skin_treatment,,,,,,,,,,,,,,,,,
,,,,,,,,,,,507622944,BIOKESH,hair_oil,,INVOICE,,,,,,,,,,,,,,,
,,,,,,,,,,,507374361,RUMPAR,body_pain_relief,,INVOICE,,,,,,,,,,,,,,,
,,,,,,,,,,,460293902,EVAMORE,sunscreen,,INVOICE,,,,,,,,,,,,,,,
,,,,,,,,,,,507228298,MYCIN,skin_treatment,,,,,,,,,,,,,,,,,
,,,,,,,,,,,472591117,FMKLYN,"toner, women_intimate_care",,INVOICE,,,,,,,,,,,,,,,
,,,,,,,,,,,469169776,WELLMOIST,"moisturizer_cream, skin_treatment",,INVOICE,,,,,,,,,,,,,,,
,,,,,,,,,,,461258388,Katie,"skin_treatment, bath_essential_oil, toner, massage_oil, hair_serum, body_wash, shopsy_hair_oil, hair_oil, body_skin_treatment, cleanser, soap, fairness, face_wash, shampoo, moisturizer_cream",,BAL,,,,,,,,,,,,,,,
,,,,,,,,,,,460392962,JASS,deodorant,,INVOICE,,,,,,,,,,,,,,,
,,,,,,,,,,,459913414,Will Impex,body_pain_relief,,INVOICE,,,,,,,,,,,,,,,
,,,,,,,,,,,459913113,SUNSQUARE,sunscreen,,INVOICE,,,,,,,,,,,,,,,
,,,,,,,,,,,459912705,SALISIX,face_wash,,INVOICE,,,,,,,,,,,,,,,
,,,,,,,,,,,459913945,WILOVIT,moisturizer_cream,,INVOICE,,,,,,,,,,,,,,,
,,,,,,,,,,,459911538,GLOWILL,soap,,INVOICE,,,,,,,,,,,,,,,
,,,,,,,,,,,459502251,CETASOFT,moisturizer_cream,,INVOICE,,,,,,,,,,,,,,,
,,,,,,,,,,,458455563,ROOPLYTE,soap,,INVOICE,,,,,,,,,,,,,,,
,,,,,,,,,,,458855489,KONARK,"moisturizer_cream, sunscreen, soap",,INVOICE,,,,,,,,,,,,,,,
,,,,,,,,,,,458502089,KETOVAG,shampoo,,INVOICE,,,,,,,,,,,,,,,
,,,,,,,,,,,430268174,ADIVASI,"hair_oil, shampoo",,INVOICE,,,,,,,,,,,,,,,
,,,,,,,,,,,425188188,SUNVEIL,sunscreen,,INVOICE,,,,,,,,,,,,,,,
,,,,,,,,,,,390296486,Panther Pharma,soap,,INVOICE,,,,,,,,,,,,,,,
157,48a4c8fcb81a471d,SAROOFFRAGRANCE,ACTIVE,No,silver,"Hari Masjid Sarang Chawl, R.N.27 , Food King Hotel , Food King Hotel , MUMBAI 400070",2025-12-30,2026-01-05,1,1,616872569,Almas,attar,No,INVOICE,,,https://www.instagram.com/almaspk/,983K,+918652420693,+918652420693,sarooffashion@gmail.com,sarooffashion@gmail.com,No,Yes,June 2026 | July 2026 | August 2026,₹0 | ₹515 | ₹7.9 K,0 | 4 | 64, |  | , |  | 
158,d5d932232d8a47e0,JMdSports,ACTIVE,No,bronze,"WZ-44 B, PHASE-IV, OM VIHAR, UTTAM NAGAR, West Delhi-110059 NEW DELHI 110059",2021-08-02,2021-08-05,18,1,471428115,JMdSports,"headphone, block_construction, card_game, coin_bank, stacking_toy, vehicle_pull_along, toy_weapon, remote_control_toy, musical_toy, learning_toy, doll_doll_house, action_figure, toy_sport, puzzle, art_craft_kit, board_game, role_play_toy, outdoor_toy",Yes,BAL,Active,,https://www.instagram.com/jmd_sports_meerut_/,35,+917011225616,+917011225616,jayaansh.arora2017@gmail.com,jayaansh.arora2017@gmail.com,No,Yes,June 2026 | July 2026 | August 2026,"₹63,996 | ₹49,342 | ₹76,734",86 | 72 | 116, |  | , |  | 
159,8d526baaa36c432a,GITAARA,ACTIVE,No,silver,"B-301 ANTRIKSH HEIGHTS  NEAR D- MART Ved Road , VED GAM , KATARGAM SURAT 395004",2026-04-27,2026-05-28,4,2,639213633,GITAARA,"toy_sport, rice_light, art_craft_kit",,,LSTDMBHRC4AWAVQFSAQLVUEOB,,,,+917990992813,+917990992813,cgnayani07@gmail.com,cgnayani07@gmail.com,No,No,June 2026 | July 2026 | August 2026,"₹0 | ₹14,964 | ₹20,531",0 | 64 | 72, |  | , |  | 
,,,,,,,,,,,615295142,GETAARA,art_craft_kit,,,LSTBRSHZMJGYKZWJNYG47POWI,,,,,,,,,,,,,,
160,195384df1e7e4ddd,TheKhalsaTraders,ACTIVE,No,bronze,"New shri krishna colony near Dr Ahuja house flat 102 palak coaching classes in front of doli namkin factory, Shri Krishna Colony District: GWALIOR State: MADHYA PRADESH GWALIOR 474001",2026-04-25,2026-04-28,13,10,634484842,Everyuth Naturals,"face_wash, scrub",,INVOICE,-,,,,+919926253348,+919926253348,damanipalak0@gmail.com,damanipalak0@gmail.com,No,No,June 2026 | July 2026 | August 2026,"₹1.2 L | ₹1.75 L | ₹68,598",428 | 525 | 248, |  | , |  | 
,,,,,,,,,,,617000462,St. Louis,"perfume, deodorant",,INVOICE,-,,,,,,,,,,,,,,
,,,,,,,,,,,613296056,Kanchan Kaya,skin_treatment,,INVOICE,-,,,,,,,,,,,,,,
,,,,,,,,,,,610034705,Zohra,"moisturizer_cream, skin_treatment",,INVOICE,LSTKMTHNZFTDEUGDH2UPVHTEN,,,,,,,,,,,,,,
,,,,,,,,,,,605149166,PARK AVENUE,deodorant,,INVOICE,-,,,,,,,,,,,,,,
,,,,,,,,,,,604484147,SET WET,deodorant,,INVOICE,-,,,,,,,,,,,,,,
,,,,,,,,,,,603872200,LAYER'R,perfume,,INVOICE,-,,,,,,,,,,,,,,
,,,,,,,,,,,602236098,Clean and Clear,face_wash,,INVOICE,-,,,,,,,,,,,,,,
,,,,,,,,,,,600946184,BONNE,baby_bottle,,,-,,,,,,,,,,,,,,
,,,,,,,,,,,600317236,MARKSGO,moisturizer_cream,,INVOICE,LSTFRNGMBG4QZABQX6GH8VLR3,,,,,,,,,,,,,,
161,f625c67a86f24283,MSPUSHPATRADERS,ACTIVE,No,bronze,Shree ram market mandore mandi Jodhpur JODHPUR 342007,2026-04-25,2026-04-27,3,2,617245013,Welmora,"perfume, nut_dry_fruit",,INVOICE,,,https://www.instagram.com/welmora__/,"1,171",+919257419411,+919257419411,Welmora.in@gmail.com,Welmora.in@gmail.com,No,Yes,June 2026 | July 2026 | August 2026 (MTD),₹1.12 Lakh | ₹1.65 Lakh | ₹0,352 | 689 | 3, |  | , |  | 
,,,,,,,,,,,600359227,BRAND_2,nut_dry_fruit,,INVOICE,,,,,,,,,,,,,,,
162,460f02a75b99429c,BRCart,ACTIVE,No,silver,185 Dilip Nagar Lalsagar Near Gokul ji ki Piyau District: JODHPUR State: RAJASTHAN JODHPUR 342304,2023-03-28,2023-04-03,3,2,582495714,BRAND_1,popcorn,,,,,,,+919079392565,+919079392565,abhishekrathijodhpur@gmail.com,abhishekrathijodhpur@gmail.com,No,Yes,June 2026 | July 2026 | August 2026,₹4.72 Lakh | ₹6.06 Lakh | ₹6.82 Lakh,"2,037 | 2,848 | 3,165", |  | , |  | 
,,,,,,,,,,,577606877,BR Cart,"popcorn, face_pack",Yes,BAL,Active,,,,,,,,,,,,,,
163,6b031396421a4f97,eComLink,ACTIVE,No,gold,"100A, Rameshwardham, Murlipura Opposite HP Petrol Pump, Near Kedia palace Chuaraha JAIPUR 302039",2021-10-15,2021-11-01,2,2,614956467,ROYAL BHOG,nut_dry_fruit,,INVOICE,,,,,+919643476834,+919643476834,ecomlink100@gmail.com,ecomlink100@gmail.com,No,No,June 2026 | July 2026 | August 2026,"₹0 | ₹1,998 | ₹1.4 L", |  | , |  | , |  | 
,,,,,,,,,,,604288970,BRAND_2,nut_dry_fruit,,INVOICE,,,,,,,,,,,,,,,
164,1857ac5d291949a4,privikfitfox,ACTIVE,No,silver,"c-7 room no -102 officers enclave, Gardanibagh, PATNA, BIHAR - 800002 PATNA 800002",2026-03-05,2026-03-11,2,2,588369789,FitFox,nut_dry_fruit,,TM,Active,,,,+918924089135,+919667977035,privikfitfox@gmail.com,privikfitfox@gmail.com,No,Yes,June 2026 | July 2026 | August 2026,"₹2,979 | ₹2,495 | ₹1,209",11 | 9 | 2, |  | , |  | 
,,,,,,,,,,,585582486,BRAND_2,nut_dry_fruit,,,Active,,,,,,,,,,,,,,
165,d7423ea2d82543ca,DummyNorthVikas,ONHOLD,No,bronze,"Ludhiana 1 xyz hha aaa , bb LUDHIANA 141001",2020-04-27,,0,0,,,,,,,,,,+918929292848,+918929292848,jatin.bindra2020@gmail.com,jatin.bindra2020@gmail.com,No,No,,,,,
166,2586b2f02d0a4314,JUSTSHUDH,ACTIVE,No,gold,"Sampurn Enclave , House no 121 Fazilka District: FEROZEPUR State: PUNJAB FEROZEPUR 152123",2025-10-06,2026-04-12,2,2,546758813,BRAND_2,sweet_mithai,,TM,,,,,+918544867843,+918544867843,justshudh@gmail.com,justshudh@gmail.com,No,Yes,June 2026 | July 2026 | August 2026,"₹15,880 | ₹30,690 | ₹57,845",85 | 157 | 281, |  | , |  | 
,,,,,,,,,,,546758813,BRAND_2,sweet_mithai,,TM,,,,,,,,,,,,,,,
167,a0196cf1597546b4,SELFDOCTOR,ACTIVE,No,silver,"R-2/64 Mohan Garden Dwarka Mor , Near Womens Beauty Parlour NEW DELHI 110059",2021-09-19,2026-05-08,2,2,600380159,SELF DOCTOR FOODS,nut_dry_fruit,Yes,BAL,,https://selfdoctorfoods.com/,,,+917532042534,+917532042534,adityagiri0820@gmail.com,adityagiri0820@gmail.com,No,Yes,June 2026 | July 2026 | August 2026,"₹2,936 | ₹8,267 | ₹16,134",7 | 25 | 62, |  | , |  | 
,,,,,,,,,,,599853858,BRAND_2,nut_dry_fruit,,,,,,,,,,,,,,,,,
168,b8c4d385d8cc4efb,ANAAJOO,ACTIVE,No,silver,"Ward 2, Old ab road Indore naka 465674 Biaora BIAORA 465674",2026-05-19,2026-06-12,3,2,607086305,Anaajoo,"grain_millet, flour",Yes,TM,active,https://anaajoo.com/,,,+917880299103,+917880299103,anaajoocompany@gmail.com,anaajoocompany@gmail.com,No,Yes,June 2026 | July 2026 | August 2026,"₹512 | ₹19,834 | ₹0",2 | 71 | 0, |  | , |  | 
,,,,,,,,,,,606573446,Anaajoo,flour,Yes,TM,active,,,,,,,,,,,,,,
169,cbd9ef990ec34e15,YashPacking,ACTIVE,No,silver,"B-355 MAHALAKSHMI SOCIETY,YOGI CHOWK , SURAT Mahalaxmi Society SURAT 395011",2026-06-27,2026-06-28,0,0,,,,,,,,https://www.instagram.com/shreeyashpacking/,,+919054847651,+919054847651,yashsuhagiya61@gmail.com,yashsuhagiya61@gmail.com,No,Yes,June 2026 | July 2026 | August 2026,"₹0 | ₹2,477 | ₹8,955",0 | 14 | 52, |  | , |  | 
170,39ca514d9166453c,RNCARPETS,ACTIVE,Yes,silver,"1, MOHD AMEEN HOUSE, 10, Ward No-4 Sinha Road Ghosia Bazar Road, Ghosia Bazar, Bhadohi, SANT RAVIDAS NAGAR SANT RAVIDAS NAGAR 221301",2024-05-02,2024-05-04,1,1,429129441,RN CARPET,carpet_rug,,LOGO,,,,,+919235629411,+919235629411,rncarpet09@gmail.com,rncarpet09@gmail.com,No,No,June 2026 | July 2026 | August 2026,-:::neutral | +29.2%:::positive | -8.1%:::negative,758 | 998 | 748, |  | , |  | 
171,6ccf8617e42b4c07,HAMZACARPRET,ACTIVE,Yes,silver,"HAJI ANGNU ALI Ghosia Bazar , Ghosia Bazar , MISHRANI MASJID SANT RAVIDAS NAGAR 221301",2026-06-20,2026-06-25,2,2,620437171,KAYNAT CARPET,carpet_rug,,PROD_IMAGE,Active,,https://www.instagram.com/kaynat_khan_07dz/,,+918968681493,+918968681493,amirhamza77534@gmail.com,amirhamza77534@gmail.com,No,Yes,June 2026 | July 2026 | August 2026,"₹0 | ₹66,894 | ₹28,820",0 | 234 | 88, |  | , |  | 
,,,,,,,,,,,617490214,HAMZA CARPET,carpet_rug,,PROD_IMAGE,,,,,,,,,,,,,,,
172,ed998db9675d4411,RUGORIACARPETS,ACTIVE,Yes,bronze,"Near.... Bari masjid Ghosia Bazar , Ghosia Bazar , sarwar mobile SANT RAVIDAS NAGAR 221301",2026-04-28,2026-05-07,0,0,,,,,,,,,,+917393963404,+917393963404,danishindustries378@gmail.com,danishindustries378@gmail.com,No,No,June 2026 | July 2026,₹4.54 Lakh | ₹10.21 Lakh,"733 | 2,530", | , | 
173,26a3c7c1cc1a4250,ShankerJiSmartFarm,ACTIVE,No,gold,"Shanker Ji Smart Farm 25/26, Mayapuri, Balaji Puram, Mathura MATHURA 281001",2025-12-07,2026-01-10,4,4,603437766,Rajamrit Organics,edible_seed,Yes,TM,,,https://www.instagram.com/__rajamrit/,65,+919412828352,+919412828352,amit0208@gmail.com,amit0208@gmail.com,No,Yes,June 2026 | July 2026 | August 2026,"₹45,576 | ₹94,287 | ₹84,604",174 | 276 | 248, |  | , |  | 
,,,,,,,,,,,561398069,Rajamrit,spice_masala,,TM,,,,,,,,,,,,,,,
,,,,,,,,,,,561399039,RAJAMRIT Grown in Air Raised to Purity,spice_masala,,TM,,,,,,,,,,,,,,,
,,,,,,,,,,,554512595,BRAND_4,spice_masala,,,,,,,,,,,,,,,,,
174,930251b975e242a4,Shyamkar,ACTIVE,No,gold,"Shop no 5 Dhod road , Raj nagar SIKAR 332001",2025-10-05,2025-10-06,29,20,645392346,WDK,"face_pack, drinks_juice, headphone, printer, battery_charger, water_geyser, room_heater",No,BAL,,,https://www.instagram.com/wdk_oficial/,"5,355",+918690504456,+918690504456,amazonmanager25@gmail.com,amazonmanager25@gmail.com,No,Yes,June 2026 | July 2026 | August 2026,₹2.03 Lakh | ₹2.00 Lakh | ₹1.53 Lakh,460 | 517 | 436,₹1.76 Lakh | ₹1.77 Lakh | ₹1.36 Lakh, |  | 
,,,,,,,,,,,644622505,VITALCHEMY,vitamin_supplement,No,BAL,,,,,,,,,,,,,,,
,,,,,,,,,,,641209763,GWALBROS,headphone,,,,,,,,,,,,,,,,,
,,,,,,,,,,,624821386,BRAND_4,ayurvedic,,,,,,,,,,,,,,,,,
,,,,,,,,,,,590870716,BRAND_5,drinks_juice,No,BAL,,,,,,,,,,,,,,,
,,,,,,,,,,,556610201,GHARGENIUS,"room_heater, water_geyser",,,,,,,,,,,,,,,,,
,,,,,,,,,,,591349352,FunFlickers,musical_toy,,,,,,,,,,,,,,,,,
,,,,,,,,,,,591098406,Galactic,musical_toy,,,,,,,,,,,,,,,,,
,,,,,,,,,,,590628845,Kidzfun,musical_toy,,,,,,,,,,,,,,,,,
,,,,,,,,,,,577578347,vivo,"battery_charger, headphone, data_cable",,INVOICE,,,,,,,,,,,,,,,
,,,,,,,,,,,574359743,airtech,tripod,,PROD_IMAGE,,,,,,,,,,,,,,,
,,,,,,,,,,,558572763,BBD Kitchen Shop,room_heater,,MRP_IMAGE,,,,,,,,,,,,,,,
,,,,,,,,,,,558572869,BSRENTERPRISEZ,room_heater,,,,,,,,,,,,,,,,,
,,,,,,,,,,,558319299,rendol,room_heater,,,,,,,,,,,,,,,,,
,,,,,,,,,,,552205971,TOYOX,learning_toy,,,,,,,,,,,,,,,,,
,,,,,,,,,,,548179140,WXZX,headphone,,,,,,,,,,,,,,,,,
,,,,,,,,,,,547750095,Hokti,role_play_toy,,,,,,,,,,,,,,,,,
,,,,,,,,,,,547256941,SHAMS,headphone,,,,,,,,,,,,,,,,,
,,,,,,,,,,,547308880,TUSHIKA,role_play_toy,,,,,,,,,,,,,,,,,
,,,,,,,,,,,547260622,V A VALAK,battery_charger,,,,,,,,,,,,,,,,,
175,daeafc72e93d4541,AdityaTraders007,ACTIVE,No,silver,ward no 7 dhani dholiya kuwa Loharu LOHARU 127201,2022-04-25,2022-04-30,37,29,612588905,Dabur,"drinks_juice, massage_oil, bath_essential_oil, soap, toothpaste, body_pain_relief, ayurvedic",No,INVOICE,,,,,+918221857961,+918221857961,adityatraders00007@gmail.com,adityatraders00007@gmail.com,No,No,June 2026 | July 2026 | August 2026,₹4.45 L | ₹6.01 L | ₹5.96 L,"772 | 1,054 | 858",₹3.92 L | ₹4.96 L | ₹4.16 L, |  | 
,,,,,,,,,,,431251608,ENSURE,milk_drink_mix,No,INVOICE,,,,,,,,,,,,,,,
,,,,,,,,,,,357010732,BRAND_3,sweet_mithai,,,,,,,,,,,,,,,,,
,,,,,,,,,,,537065103,toyzzle,spin_press_launch_toy,,,,,,,,,,,,,,,,,
,,,,,,,,,,,536232251,Zigzo,spin_press_launch_toy,,,,,,,,,,,,,,,,,
,,,,,,,,,,,293572788,NIVEA,moisturizer_cream,No,INVOICE,,,,,,,,,,,,,,,
,,,,,,,,,,,347736790,Kesh King,hair_oil,No,INVOICE,,,,,,,,,,,,,,,
,,,,,,,,,,,300004708,Godrej,liquid_detergent,No,INVOICE,,,,,,,,,,,,,,,
,,,,,,,,,,,298749967,Dindayal,ayurvedic,No,INVOICE,,,,,,,,,,,,,,,
,,,,,,,,,,,294046394,Good Health,ayurvedic,No,INVOICE,,,,,,,,,,,,,,,
,,,,,,,,,,,290784077,MamyPoko,diaper,No,INVOICE,,,,,,,,,,,,,,,
,,,,,,,,,,,288203453,Dr. Biswas,ayurvedic,No,INVOICE,,,,,,,,,,,,,,,
,,,,,,,,,,,286056074,BOROPLUS,ayurvedic,No,INVOICE,,,,,,,,,,,,,,,
,,,,,,,,,,,283733069,Drools,pet_food,No,INVOICE,,,,,,,,,,,,,,,
,,,,,,,,,,,267180467,Charak,ayurvedic,No,INVOICE,,,,,,,,,,,,,,,
,,,,,,,,,,,276036769,Zandu,ayurvedic,No,INVOICE,,,,,,,,,,,,,,,
,,,,,,,,,,,270278214,Kamasutra,condom,No,INVOICE,,,,,,,,,,,,,,,
,,,,,,,,,,,267658858,parachute,hair_oil,No,INVOICE,,,,,,,,,,,,,,,
,,,,,,,,,,,267524982,Hit,insect_repellent,No,INVOICE,,,,,,,,,,,,,,,
,,,,,,,,,,,266807691,Bajaj,hair_oil,No,INVOICE,,,,,,,,,,,,,,,
,,,,,,,,,,,262610163,Stayfree,sanitary_pad_pantyliner,No,INVOICE,,,,,,,,,,,,,,,
,,,,,,,,,,,258903515,Bonne,baby_bottle,No,INVOICE,,,,,,,,,,,,,,,
,,,,,,,,,,,253522359,Sachi Saheli,ayurvedic,No,INVOICE,,,,,,,,,,,,,,,
,,,,,,,,,,,253521842,Hempushpa,ayurvedic,No,INVOICE,,,,,,,,,,,,,,,
,,,,,,,,,,,250596974,Torque,"combo_kit, body_skin_treatment, hair_removal",No,INVOICE,,,,,,,,,,,,,,,
,,,,,,,,,,,248674740,NO-SCARS,body_skin_treatment,No,INVOICE,,,,,,,,,,,,,,,
,,,,,,,,,,,247655974,Whisper,sanitary_pad_pantyliner,No,INVOICE,,,,,,,,,,,,,,,
,,,,,,,,,,,246248917,Heampushpa,ayurvedic,No,INVOICE,,,,,,,,,,,,,,,
,,,,,,,,,,,244248707,NIHAR,hair_oil,No,INVOICE,,,,,,,,,,,,,,,
176,b1410aba93264fbb,NUTROSERVE,ACTIVE,No,bronze,"C-23, Swamajyanti Puram Sadarpur Road Opposite City Park , City Park GHAZIABAD 201002",2025-01-30,2025-03-17,2,2,483998018,BRAND_1,protein_supplement,,BAL,active,,,,+919810689100,+919810689100,Nutroserve@gmail.com,Nutroserve@gmail.com,No,Yes,June 2026 | July 2026 | August 2026,"₹31,133 | ₹87,119 | ₹47,708",19 | 62 | 36, |  | , |  | 
,,,,,,,,,,,487613962,NUTROSERVE,protein_supplement,,BAL,,,,,,,,,,,,,,,
177,7e8414a2c6cd454c,JANTAMARKETING005,ACTIVE,No,bronze,252 CIVIL LINE STATION ROAD District: KATNI State: MADHYA PRADESH KATNI 483501,2023-04-01,2023-04-03,8,7,632300390,Deli,calculator,,PROD_IMAGE,,,,,+919806283905,+919806283905,rawatamar32@gmail.com,rawatamar32@gmail.com,No,Yes,June 2026 | July 2026 | August 2026,"₹18,190 | ₹40,592 | ₹26,712",43 | 113 | 99, |  | , |  | 
,,,,,,,,,,,552453646,BRAND_2,jaggery,,,,,,,,,,,,,,,,,
,,,,,,,,,,,606928353,Weikfield,baking_ingredient,No,INVOICE,,,,,,,,,,,,,,,
,,,,,,,,,,,606651536,Figaro,"massage_oil, edible_oil",No,INVOICE,,,,,,,,,,,,,,,
,,,,,,,,,,,421460801,BRAND_5,baking_decorative,,,,,,,,,,,,,,,,,
,,,,,,,,,,,544477936,BRAND_6,salt,No,INVOICE,,,,,,,,,,,,,,,
,,,,,,,,,,,604349684,Mangalam POOJA OIL,havan_items,,INVOICE,,,,,,,,,,,,,,,
178,fbac1433be174502,Ghanshyam masala,ACTIVE,Yes,silver,"37,shyamsunder road, Kushal Nagar behind kenya hospital, opp. himmatnagar gate ANJAR 370110",2018-02-04,2019-07-16,4,2,567857504,dharmasut,"combo_kit, spice_masala, sweet_mithai",Yes,TM,active,www.dharmasutmasala.com,,,+918160908271,+918160908271,dharmasut.brand11@gmail.com,dharmasut.brand11@gmail.com,No,Yes,June 2026 | July 2026 | August 2026,₹6.19 L | ₹3.62 L | ₹3.36 L,"2,567 | 1,553 | 1,303", |  | , |  | 
,,,,,,,,,,,9923657,BRAND_2,spice_masala,,,,,,,,,,,,,,,,,
179,f7f93632bb7644a3,Digital Biz 360,ACTIVE,No,silver,"Shop no. 25, Crystal Apartment, Near Hill Park Next to Amazing Kids School Landmark : Off SV Road,Jogeshwari West, District : Mumbai State : Maharashtra MUMBAI 400102",2019-11-27,2020-09-11,30,21,285910646,BRAND_1,vitamin_supplement,No,BAL,,,,,+917977369856,+917977369856,sales@digitalbiz360.com,sales@digitalbiz360.com,Yes,Yes,June 2026 | July 2026 | August 2026,₹1.46 Lakh | ₹1.51 Lakh | ₹1.95 Lakh, |  | , |  | , |  | 
,,,,,,,,,,,271412256,BRAND_2,nut_dry_fruit,No,INVOICE,,,,,,,,,,,,,,,
,,,,,,,,,,,528817263,CennaCure,"ayurvedic, body_pain_relief",Yes,BAL,,,,,,,,,,,,,,,
,,,,,,,,,,,128001347,BRAND_4,honey,No,INVOICE,,,,,,,,,,,,,,,
,,,,,,,,,,,554557753,HerbalPrash,"spice_masala, herb_seasoning, ayurvedic",Yes,TM,,,,,,,,,,,,,,,
,,,,,,,,,,,291257353,Adaa Herbal,vitamin_supplement,No,BAL,,,,,,,,,,,,,,,
,,,,,,,,,,,277002993,Go Nuts,nut_dry_fruit,No,BAL,,,,,,,,,,,,,,,
,,,,,,,,,,,281460946,WHOLESOME fIRST,nut_dry_fruit,No,INVOICE,,,,,,,,,,,,,,,
,,,,,,,,,,,561008764,ECOMPACK,"storage_pouch, packaging_security_bag",,,,,,,,,,,,,,,,,
,,,,,,,,,,,364780905,ShelaBella,"face_pack, face_wash, moisturizer_cream, fairness",No,BAL,,,,,,,,,,,,,,,
,,,,,,,,,,,361386414,FemiHerb,ayurvedic,Yes,BAL,,,,,,,,,,,,,,,
,,,,,,,,,,,208718139,Party Sharty,balloon,Yes,PROD_IMAGE,,,,,,,,,,,,,,,
,,,,,,,,,,,192519135,Party Decorz,banner,,PROD_IMAGE,,,,,,,,,,,,,,,
,,,,,,,,,,,281147390,LL-RELIEF,body_pain_relief,No,INVOICE,,,,,,,,,,,,,,,
,,,,,,,,,,,275121594,Shabnam's,"body_pain_relief, ayurvedic",No,TM,,,,,,,,,,,,,,,
,,,,,,,,,,,172928044,BRAND_16,ayurvedic,Yes,TM,,,,,,,,,,,,,,,
,,,,,,,,,,,240592341,LL Relief,body_pain_relief,No,BAL,,,,,,,,,,,,,,,
,,,,,,,,,,,169937639,NEONA CREATIONS,decorative_bottle,Yes,TM,,,,,,,,,,,,,,,
,,,,,,,,,,,135596419,Asbah Professional,"hair_straightener, trimmer",No,BAL,,,,,,,,,,,,,,,
,,,,,,,,,,,150392864,Asbah,trimmer,No,BAL,,,,,,,,,,,,,,,
,,,,,,,,,,,135145608,Asbah Health,trimmer,No,,,,,,,,,,,,,,,,
180,cc3dcd8bab164806,SATTVIKFOODPRODUCTS,ACTIVE,No,silver,"Service road no 2,Near institute of vocational training Tetelia KAMRUP 781011",2026-06-19,2026-06-22,2,2,617986679,SFP'S SARTAZ,nut_dry_fruit,Yes,INVOICE,,,,,+918752062296,+918752062296,sattvikfoodproductsghy@gmail.com,sattvikfoodproductsghy@gmail.com,No,No,June 2026 | July 2026 | August 2026,"₹0 | ₹1,298 | ₹0",0 | 4 | 0, |  | , |  | 
,,,,,,,,,,,617644606,BRAND_2,nut_dry_fruit,,,,,,,,,,,,,,,,,
181,21e08d6629bc4ef5,SFNSTORE,ACTIVE,No,silver,"Vill and post Singan khera Singan khera , Bank of baroda BILASPUR 244921",2026-06-08,2026-07-01,0,0,,,,,,,,,,+917668650921,+917668650921,shifaanenterprises.rmp@gmail.com,shifaanenterprises.rmp@gmail.com,No,No,June 2026 | July 2026 | August 2026,₹0 | ₹470 | ₹592,0 | 2 | 3, |  | , |  | 
182,94a80d1fd8c54c11,MADRAS TOYS,ACTIVE,No,gold,"No41, Medavakkam main road, ullagaram, chennai, Tamil nadu CHENNAI 600091",2020-10-26,2020-12-07,43,20,622255062,K A Enterprises,"role_play_toy, vehicle_pull_along, doll_doll_house",No,,0,,,,+919952929140,+919952929140,muthu4948@gmail.com,muthu4948@gmail.com,No,Yes,June 2026 | July 2026 | August 2026,"₹75,126 | ₹3.05 Lakh | ₹4.46 Lakh","245 | 1,056 | 1,496", |  | , |  | 
,,,,,,,,,,,619789860,INOS,role_play_toy,,,,,,,,,,,,,,,,,
,,,,,,,,,,,618402061,Tinytale,role_play_toy,,,0,,,,,,,,,,,,,,
,,,,,,,,,,,616128979,shubhronixindustries07,role_play_toy,,PROD_IMAGE,0,,,,,,,,,,,,,,
,,,,,,,,,,,613681653,MADRAS TOYS,"doll_doll_house, block_construction, shopsy_role_play_toy, shopsy_learning_toy, action_figure, musical_toy, role_play_toy, learning_toy, vehicle_pull_along, baby_rattle, shopsy_musical_toy, bath_toy, coin_bank",No,PROD_IMAGE,0,,,,,,,,,,,,,,
,,,,,,,,,,,611994508,Sanvi metal,role_play_toy,No,,0,,,,,,,,,,,,,,
,,,,,,,,,,,146226514,krishtoys,"bath_toy, vehicle_pull_along, action_figure, role_play_toy, coin_bank",No,,,,,,,,,,,,,,,,
,,,,,,,,,,,399200431,BN ENTER PRISE,vehicle_pull_along,,,,,,,,,,,,,,,,,
,,,,,,,,,,,357988254,AVP,musical_toy,,,,,,,,,,,,,,,,,
,,,,,,,,,,,348834698,Galactic,vehicle_pull_along,No,,,,,,,,,,,,,,,,
,,,,,,,,,,,348834500,Vente,"musical_toy, learning_toy",No,,,,,,,,,,,,,,,,
,,,,,,,,,,,168393057,CENTY97,vehicle_pull_along,,PROD_IMAGE,,,,,,,,,,,,,,,
,,,,,,,,,,,143955035,CENTY,vehicle_pull_along,No,INVOICE,,,,,,,,,,,,,,,
,,,,,,,,,,,337928993,Tomcat,musical_toy,No,LOGO,,,,,,,,,,,,,,,
,,,,,,,,,,,255776264,Madari Toys,"role_play_toy, coin_bank",No,MRP_IMAGE,0,,,,,,,,,,,,,,
,,,,,,,,,,,253834680,mukti,role_play_toy,No,,,,,,,,,,,,,,,,
,,,,,,,,,,,290059696,sagar enterprises,vehicle_pull_along,No,,0,,,,,,,,,,,,,,
,,,,,,,,,,,168389557,CENTY.L,vehicle_pull_along,,PROD_IMAGE,,,,,,,,,,,,,,,
,,,,,,,,,,,176956618,KRISH TOYS,"musical_toy, toy_tricycle, block_construction, electric_ride_on",No,PROD_IMAGE,0,,,,,,,,,,,,,,
,,,,,,,,,,,167128872,KRISH TOY,toy_tricycle,No,PROD_IMAGE,,,,,,,,,,,,,,,
183,0d4feac079fb40c6,DHOOTSALES,ACTIVE,No,silver,D 152 Rameshwar nagar basni Saraswati Nagar JODHPUR 342005,2025-04-11,2025-05-11,4,2,597242278,BRAND_1,edible_seed,,,N/A,,,,+918239052505,+918239052505,dhootsalesjdh@gmail.com,dhootsalesjdh@gmail.com,No,No,June 2026 | July 2026,₹2.36 L | ₹3.84 L,"2,086 | 3,544", | , | 
,,,,,,,,,,,565907488,VIRAANKAL,"edible_seed, face_pack, aftershave_lotion",,INVOICE,LSTRYMHKJC8FTUZDYXGNTGCLT,,,,,,,,,,,,,,
184,6c09bfeb5b7d4cc4,itrafume,ACTIVE,No,silver,"Sahid Tunvar, 52 Shifa Park, Gathaman Road, Near Shree Chaitanya Techno School, PALANPUR 385001",2026-04-18,2026-05-06,2,1,597829127,ITRAFUME,"attar, perfume",Yes,TM,,,https://www.instagram.com/itrafume/,62,+917490089429,+917490089429,itrafume.com@gmail.com,itrafume.com@gmail.com,No,Yes,June 2026 | July 2026 | August 2026,₹0 | ₹0 | ₹0,0 | 0 | 0, |  | , |  | 
185,732a0085015547c8,AkhtarsArena,ACTIVE,No,silver,"House No. 122 2nd Floor , Hauz Rani, Malviya Nagar 122 Hauz Rani Road , Hauz Rani , zakariya park NEW DELHI 110017",2026-02-23,2026-05-11,1,1,616617087,Akhtar's Arena,attar,Yes,INVOICE,Active,https://www.akhtarsarena.com/,https://www.instagram.com/akhisar_arena/,,+919716389158,+919716389158,nayab11nov@gmail.com,nayab11nov@gmail.com,No,Yes,June 2026 | July 2026 | August 2026,"₹0 | ₹0 | ₹1,944",0 | 0 | 2, |  | , |  | 
186,3c7bab85718d4c20,CHAMUNDACREATION111,ACTIVE,No,bronze,47 NO BALAJI SOCIETY Balaji Nagar Society District: SURAT State: GUJARAT SURAT 395004,2025-06-30,2025-07-05,5,2,634912984,ETONIA,"hair_oil, face_pack, attar, soap",Yes,TM,,,https://www.instagram.com/etonia2024/,173,+919054059698,+919054059698,info.etonia@gmail.com,info.etonia@gmail.com,No,Yes,June 2026 | July 2026,"₹4,845 | ₹2.9 L",9 | 598, | , | 
,,,,,,,,,,,515136141,Tridosha,soap,,TM,,,,,,,,,,,,,,,
187,a80757385c5d48e2,KAKUENTERPRISE,ACTIVE,No,silver,M-111 Pervesh Nagar NEW DELHI 110081,2024-11-29,2025-12-16,0,0,,,,,,,,,,+917065996879,+917065996879,karanofficial9654@gmail.com,karanofficial9654@gmail.com,No,No,June 2026 | July 2026 | August 2026,"₹37,773 | ₹50,812 | ₹40,833",125 | 172 | 141, |  | , |  | 
188,d0a5f23fd8914a50,shivammart18,ACTIVE,No,silver,"plot no  15 varnihomes Laskana-Kholvad Road , Bhada , eleganza home SURAT 394190",2026-04-09,2026-06-07,0,0,,,,,,,,,,+917383632761,+917383632761,shivammart18@gmail.com,shivammart18@gmail.com,No,No,June 2026 | July 2026 | August 2026,"₹1,268 | ₹15,531 | ₹9,560",5 | 69 | 44, |  | , |  | 
189,1594bc4f7b7649ce,INSPIRATIONWORLD,ACTIVE,No,silver,"Lal Masjid Road, Near Masjid Mulla Qasim MORADABAD 244001",2015-01-20,2015-03-16,9,3,600703889,INSPIRATIONWORLD,"condiment_set, car_polish, ceiling_lamp, table_lamp, diya, jug, wall_decoration",Yes,TM,,www.inspirationworld.in,https://www.instagram.com/_inspirationworld_/,78,+919897175577,+919897175577,inspirationworld@mail.com,inspirationworld@mail.com,No,Yes,June 2026 | July 2026 | August 2026,₹47.9 K | ₹53.9 K | ₹44.2 K,115 | 105 | 97, |  | , |  | 
,,,,,,,,,,,5443036,drona_,diya,,,,,,,,,,,,,,,,,
,,,,,,,,,,,14558108,Inspiration World,candle_tealight_holder,Yes,,,,,,,,,,,,,,,,
190,a6db30f55f3a4f31,ZSStores,ACTIVE,Yes,silver,"House Number. 122 feel khana Road  , Masjid Mulla Qasim MORADABAD 244001",2026-01-18,2026-01-20,0,0,,,,,,,,https://www.instagram.com/z_s_stores/,301,+919997035577,+919997035577,zs.store@hotmail.com,zs.store@hotmail.com,No,Yes,June 2026 | July 2026 | August 2026,"₹38,886 | ₹52,108 | ₹58,905",73 | 113 | 177, |  | , |  | 
191,dde52b48a81c42b3,FALCONCARPET,ACTIVE,Yes,bronze,"Opposite Chhoti Masjid Ward 11 Mishrani , Ghosia Bazar , SANT RAVIDAS NAGAR 221301",2022-08-26,2026-06-09,0,0,,,,,,,,https://www.instagram.com/falconcarpetcare210/,"1,278",+919455524296,+919455524296,hasrataurai5@gmail.com,hasrataurai5@gmail.com,No,Yes,June 2026 | July 2026 | August 2026,"₹0 | ₹19,507 | ₹32,058",0 | 16 | 32, |  | , |  | 
192,4794977df6b84d0f,ArfainRugs,ACTIVE,Yes,silver,Ghosia Bazar near Shifa Carpet Ghosia Thangu road misrani District: SANT RAVIDAS NAGAR State: UTTAR PRADESH SANT RAVIDAS NAGAR 221301,2026-06-04,2026-06-14,0,0,,,,,,,,,,+919455471746,+919455471746,arfainrugs@gmail.com,arfainrugs@gmail.com,No,No,June 2026 | July 2026 | August 2026,"₹0 | ₹2,661 | ₹4,730",0 | 11 | 13,"₹0 | ₹2,504 | ₹4,730", |  | 
193,0e1f5ca8e15042d3,jayasivaphotoframes,ACTIVE,No,silver,"13-6-657a Peddakapu Colony , Peddakapu Colony , CHITTOOR 517501",2026-04-15,2026-04-18,1,1,597194026,god photo frames,normal_photo_frame,,PROD_IMAGE,,,,,+919390106653,+919390106653,Jayasivaphotoframes752@gmail.com,Jayasivaphotoframes752@gmail.com,No,No,June 2026 | July 2026 | August 2026,"₹3,539 | ₹2,589 | ₹8,794",18 | 12 | 43, |  | , |  | 
194,96b9543d853e4ce6,BrightGhar,ACTIVE,No,gold,shop no. 03 sadwa mod sadwa AMER 302027,2026-03-25,2026-05-25,3,2,605595201,BRAND_2,"drinks_juice, shopsy_drinks_juice",,TM,,,,,+919950099105,+919950099105,gansodenterprises@gmail.com,gansodenterprises@gmail.com,No,Yes,June 2026 | July 2026 | August 2026,"₹817 | ₹5,482 | ₹16,587",3 | 30 | 92, |  | , |  | 
,,,,,,,,,,,605595201,BRAND_2,drinks_juice,,TM,,,,,,,,,,,,,,,
195,c350ec6ce01d49c5,PPEcoins,ACTIVE,Yes,silver,"Lane No.-1, Rajeshwar Nagar Ph-1 Extn Sundhowali Jakhan District: DEHRADUN State: UTTARAKHAND DEHRADUN 248001",2025-07-03,2025-07-08,5,5,548852930,COINS WORLD,coin_collection,,PROD_IMAGE,,,https://www.instagram.com/old.coins.world/,525,+919717875959,+919717875959,onlinesellportal@gmail.com,onlinesellportal@gmail.com,No,Yes,June 2026 | July 2026 | August 2026,₹8.05 L | ₹7.82 L | ₹9.49 L, |  | , |  | , |  | 
,,,,,,,,,,,550034392,Prideindia,coin_collection,,PROD_IMAGE,,,,,,,,,,,,,,,
,,,,,,,,,,,526820407,MAHAPHILLA,coin_collection,,PROD_IMAGE,,,,,,,,,,,,,,,
,,,,,,,,,,,524844722,Sansuka,coin_collection,,PROD_IMAGE,,,,,,,,,,,,,,,
,,,,,,,,,,,524899099,Antique collection,printed_currency,,PROD_IMAGE,,,,,,,,,,,,,,,
196,275cc6c687954727,Goodwillcreation,ACTIVE,No,bronze,Shree shyam apartment UG-4 B-21/22 B block kiran garden near fed bank finanace NEW DELHI 110059,2026-06-10,2026-06-11,1,1,619132823,Goodwill,mixer_grinder_juicer,,,,,https://www.instagram.com/good_willcreation/,43,+919910667992,+919910667992,goodwillcreation2025@gmail.com,goodwillcreation2025@gmail.com,No,Yes,June 2026 | July 2026 | August 2026,"₹3,219 | ₹7,464 | ₹207",13 | 32 | 1, |  | , |  | 
197,8273014f27174b43,ignitionbright,ACTIVE,No,silver,"a-402,sweet residency appartment,honey park road adajan,surat , l.p savani school , SURAT 395009",2017-07-19,2026-06-20,1,1,637546512,ignition bright,pet_hair_trimmer,No,PROD_IMAGE,,,,,+919979977902,+919979977902,lashkaric@gmail.com,lashkaric@gmail.com,No,No,June 2026 | July 2026 | August 2026,"₹1.03 L | ₹4.12 L | ₹94,554",147 | 431 | 144, |  | , |  | 
198,8484808453ad4488,SELZONE,ACTIVE,No,silver,"72,73 maniba park soc. sitanagar chowkdi ni baju ma, punagam , surat , SURAT 395010",2025-10-05,2025-10-06,3,2,612007308,ordot,"shampoo, perfume",,BAL,,,,,+919624947159,+919624947159,mahakalenterprice08@gmail.com,mahakalenterprice08@gmail.com,No,Yes,June 2026 | July 2026 | August 2026,"₹5,021 | ₹10,084 | ₹1.5 L",15 | 32 | 394, |  | , |  | 
,,,,,,,,,,,595702856,SELZONE,shapewear,,,,,,,,,,,,,,,,,
199,8710b4eb751049b9,ROYALTTRADERS,ACTIVE,Yes,gold,"15, Therkuvasal Stop, Near Nadar vidhiyasalai School South Gate District: MADURAI State: TAMIL NADU MADURAI 625001",2023-06-16,2023-06-26,1,1,427652541,NEW MOM,sanitary_pad_pantyliner,,INVOICE,,,,,+918667528519,+918667528519,bullysiva.sr@gmail.com,bullysiva.sr@gmail.com,No,No,June 2026 | July 2026 | August 2026,-:::neutral | +206.0%:::positive | +58.0%:::positive,28 | 87 | 134, |  | , |  | 
200,d65a34db83974ba5,jenishasodara,ACTIVE,No,bronze,"ABHAY NAGAR 68  L H ROAD Abhaynagar Society , Abhaynagar Society , SURAT 395006",2026-06-08,2026-06-11,9,1,639750224,driddle,"hair_oil, condom, nipple_cream, shampoo, body_wash, breast_nipple_care, women_intimate_care, moisturizer_cream, face_wash",,BAL,active,,https://www.instagram.com/driddle_toys/,307,+917490060693,+917490060693,asodarajenish@gmail.com,asodarajenish@gmail.com,No,Yes,June 2026 | July 2026 | August 2026,"₹12,717 | ₹3,989 | ₹130",77 | 18 | 1, |  | , |  | 
201,3e4061323a5d4211,TonguelipsNutritions,ACTIVE,No,bronze,"A-125 1st floor ekta vihar gyan mandir road jaitpur extn part-1 badarpur south delhi , Star pizza house oppsite gali NEW DELHI 110044",2026-02-17,2026-06-04,2,2,606955880,BRAND_2,edible_seed,Yes,TM,,,,,+919217719792,+919217719792,tonguelipshealthcare@gmail.com,tonguelipshealthcare@gmail.com,No,Yes,June 2026 | July 2026,"₹162 | ₹1,137",1 | 4, | , | 
,,,,,,,,,,,606955880,BRAND_2,edible_seed,Yes,TM,,,,,,,,,,,,,,,
202,aa4d207cc39f4f7b,GLOWDERMASKIN,ACTIVE,No,bronze,"Shop No F104, Plot No.591/A1-A2,, Krishna Bansari Complex Crescent Road, Opp A V School Ground, Above SBI Bank, Beside Purnima Studio, Cresent Circle , Opp A V School Ground BHAVNAGAR 364001",2026-05-09,2026-05-19,5,2,625581018,BRAND_1,drinks_juice,,,,,,,+918469039495,+918469039495,glowderma.skin.hair.care@gmail.com,glowderma.skin.hair.care@gmail.com,No,Yes,June 2026 | July 2026 | August 2026,"₹7,902 | ₹16,863 | ₹24,888",12 | 29 | 45, |  | , |  | 
,,,,,,,,,,,622082467,GLOW DERMA SKIN AND HAIR CARE,"soap, face_wash, sunscreen, moisturizer_cream",Yes,TM,Active,,,,,,,,,,,,,,
203,9fc47e9b018145ac,SWIFTLYTE,ONHOLD,No,gold,"house no 323/2 gali no 3 975 , Hanuman Dhani , new basti BHIWANI 127021",2026-05-16,2026-05-20,13,1,641609800,Swiftlyte,"combo_kit, hair_oil, scrub, foundation, lip_balm, body_wash, hair_removal, shampoo, hair_treatment, moisturizer_cream, face_wash, highlighter, hair_serum",,TM,,,,,+919053428868,+919053428868,balajitradingcompany820@gmail.com,balajitradingcompany820@gmail.com,No,Yes,June 2026 | July 2026,₹2.92 L | ₹2.84 L, | , | , | 
204,a357cb3a7e844c26,Sovixa,ACTIVE,No,bronze,Fulia pareshnathpur near mohaldar pond Basak para SANTIPUR 741402,2026-04-01,2026-04-06,0,0,,,,,,,,https://www.instagram.com/sovixa/,324,+917679329522,+917679329522,titlibusiness100@gmail.com,titlibusiness100@gmail.com,No,Yes,June 2026 | July 2026 | August 2026,"₹8,247 | ₹711 | ₹0",9 | 2 | 0, |  | , |  | 
205,0d3a6a0939c746ac,AnkitaArtwork,ACTIVE,No,bronze,"1st floor,swami kalash jagdamb bhavan marg, undri , Behind little heart society and beside vinayak hospital PUNE 411060",2026-04-05,2026-04-10,1,1,614616856,The Ankita and co.,nose_ring_stud,,PROD_IMAGE,Active,,https://www.instagram.com/house_of_ankita/,,+919834957963,+919834957963,pawarankita3344@gmail.com,pawarankita3344@gmail.com,No,Yes,June 2026 | July 2026 | August 2026,"₹5,234 | ₹4,170 | ₹20,431", |  | , |  | , |  | 
206,10d1e4673e234732,APXLABS,ACTIVE,No,bronze,"1301 E wing Dheeraj Jamuna Chincholi Bunder Road , Malad West , Near Rejoice Schoold MUMBAI 400064",2026-05-04,2026-05-07,2,2,618339528,Genko Japan,toy_weapon,,PROD_IMAGE,LSTTWPHPJMAAGFYUE2V3HQGRC,,,,+919136855400,+919136855400,teamapxlabs@gmail.com,teamapxlabs@gmail.com,No,Yes,June 2026 | July 2026 | August 2026,-:::neutral | +81.6%:::positive | +0.01%:::positive,166 | 236 | 154, |  | , |  | 
,,,,,,,,,,,604544231,Bull-LEDs,head_light_unit,Yes,PROD_IMAGE,LSTHLUHNEV2DGGZGFZ3SMGJ6Q,,,,,,,,,,,,,,
207,aa61d2107e954234,ShubhronixIndustries,ACTIVE,No,gold,"Krushan kamal niwas, datir mala ambad MIDC Ambad , MIDC Ambad , Near perfect car service, datir mala NASHIK 422010",2026-02-24,2026-04-08,2,2,588752939,shubhronixindustries.,role_play_toy,,PROD_IMAGE,,,,,+917420929171,+917420929171,contactshubhronixindustries@gmail.com,contactshubhronixindustries@gmail.com,No,No,June 2026 | July 2026 | August 2026,₹3.42 Lakh | ₹2.24 Lakh | ₹3.19 Lakh,"1,285 | 888 | 1,447", |  | , |  | 
,,,,,,,,,,,588511825,Shubhronixindustries07,role_play_toy,,PROD_IMAGE,,,,,,,,,,,,,,,
208,25948323a3f348be,Elynas,ACTIVE,No,silver,"Ground floor D82 Gali Number 1 , New Govindpura , Makki masjid NEW DELHI 110051",2026-04-07,2026-07-01,1,1,595242590,Elynas,perfume,,TM,,,,,+919643432633,+919643432633,ecombazaar3@gmail.com,ecombazaar3@gmail.com,No,Yes,June 2026 | July 2026 | August 2026,"₹0 | ₹3,225 | ₹952",0 | 7 | 2,"₹0 | ₹3,225 | ₹952", |  | 
209,bce2bc6383c34dcd,RAWDELIGHT,ACTIVE,No,gold,OPPOSITE DR M N JHA CLINIC HOSPITAL ROAD FORBESGANJ ARARIA 854318,2020-02-02,2020-03-20,2,2,466757185,RAW DELIGHT,cereal_flake,,INVOICE,1,,,,+919431244820,+919431244820,sanyamsth02@gmail.com,sanyamsth02@gmail.com,No,No,June 2026 | July 2026 | August 2026,₹1.70 L | ₹1.62 L | ₹1.17 L,"1,173 | 1,240 | 985", |  | , |  | 
,,,,,,,,,,,77343490,HEVIN,sling_bag,Yes,,,,,,,,,,,,,,,,
210,7285f3f084f84628,DGPENTERPRISES,ACTIVE,No,silver,"Laxmi Tower, Bhaskar Circle, Ratanada Jodhpur Jodhpur JODHPUR 342001",2022-07-12,2022-07-12,2,2,555367053,BRAND_2,nut_dry_fruit,,TM,,,,,+919784626621,+919784626621,Dgpenterprisesjodhpur@gmail.com,Dgpenterprisesjodhpur@gmail.com,No,Yes,June 2026 | July 2026,₹0 | ₹2.6 K,0 | 6, | , | 
,,,,,,,,,,,555367053,BRAND_2,nut_dry_fruit,,TM,,,,,,,,,,,,,,,
211,7c5cf23820104868,SHREESHYAMBABASTORES,ACTIVE,No,gold,"FLOOR NO 4, FLAT NO 401, RIDDHI SIDDHI RESIDENCY NEAR SHARAD PAWAR FRUIT MARKET Samarth Nagar District: NASHIK State: MAHARASHTRA NASHIK 422003",2026-04-27,2026-04-28,2,2,616481087,SHREE SHYAM BABA,vitamin_supplement,,INVOICE,,,,,+917378393676,+917378393676,niteenpande777@gmail.com,niteenpande777@gmail.com,No,No,June 2026 | July 2026 | August 2026,-:::neutral | +129.9%:::positive | +146.1%:::positive,"629 | 1,536 | 4,390", |  | , |  | 
,,,,,,,,,,,607087706,BRAND_2,vitamin_supplement,Yes,,,,,,,,,,,,,,,,
212,977516259e524a29,WELLNESSMASALE,ACTIVE,No,silver,"C-2/ A-11, Royal Industrial Estate, 5B Naigaon Cross Road, Wadala (W), Mumbai- 400031 Sahakar Nagar MUMBAI 400031",2024-03-09,2024-06-12,2,2,592012236,Wellness masale,spice_masala,Yes,TM,active,,,,+919920833886,+919004996211,wellnessmasale22@gmail.com,wellnessmasale22@gmail.com,No,Yes,June 2026 | July 2026,₹0 | ₹223,0 | 1, | , | 
,,,,,,,,,,,414072578,BRAND_2,spice_masala,Yes,TM,,,,,,,,,,,,,,,
213,995e6a4901ff4195,AKCARPET,ACTIVE,Yes,bronze,"Sinha Road Ghosia Aurai Bhadohi Sinha Road Bazar Road , Ghosia , ALAM HOSPITAL SANT RAVIDAS NAGAR 221301",2026-02-25,2026-04-01,1,1,589202201,AK CARPET,carpet_rug,,LOGO,,,https://www.instagram.com/ak_carpet_studio/,124,+916388889110,+916388889110,zamzammotors9@gmail.com,zamzammotors9@gmail.com,No,Yes,June 2026 | July 2026 | August 2026,"₹1.26 Lakh | ₹55,651 | ₹50,339",101 | 68 | 30,"₹1.20 Lakh | ₹53,752 | ₹45,394", |  | 
214,b8f8e7b1f22c442b,MRECOM123,ACTIVE,No,bronze,Rupnagar lp school Moila-Pathar GOALPARA 783101,2026-02-19,2026-02-20,1,1,600697457,Zahan,chopper,,TM,,,,,+918822541285,+918822541285,islammakmudul33@gmail.com,islammakmudul33@gmail.com,No,Yes,June 2026 | July 2026 | August 2026,"₹29,957 | ₹13,823 | ₹2,682",137 | 53 | 9, |  | , |  | 
215,37644f6be95c4c1b,SHRADDHAGLOBAL,ACTIVE,No,bronze,"SHOP L-26, KASHI PLAZA, Kamrej Gam Road, Kamrej,suratgujrat, Surat, Gujarat, Kamrej SURAT 394185",2026-05-16,2026-06-02,0,0,,,,,,,,https://www.instagram.com/shraddha_global/,38,+918238319027,+918238319027,parthpatel99138@gmail.com,parthpatel99138@gmail.com,No,Yes,June 2026 | July 2026 | August 2026,₹51.7 K | ₹37.3 K | ₹3.3 K,170 | 176 | 17, |  | , |  | 
216,802a90bfddc3483f,MOONCAREINTERNATIONAL,ACTIVE,No,silver,sheri no.23 home no.54 rajeshvari soc.near abc mall kamrej surat gujrat SURAT 394180,2024-06-03,2024-07-16,9,6,629644667,PURESHILAJIT,ayurvedic,Yes,TM,0,,,,+917405700174,+917405700174,MOONCAREINTERNATIONAL@GMAIL.COM,MOONCAREINTERNATIONAL@GMAIL.COM,No,Yes,June 2026 | July 2026 | August 2026,"₹849 | ₹1,429 | ₹731",3 | 4 | 2, |  | , |  | 
,,,,,,,,,,,626917292,BRAND_2,ayurvedic,Yes,TM,0,,,,,,,,,,,,,,
,,,,,,,,,,,454826019,CLAYROOT,"massage_oil, bath_essential_oil",,TM,3,,,,,,,,,,,,,,
,,,,,,,,,,,616031086,mooncare,"soap, skin_treatment, mixer_grinder_juicer",Yes,TM,15,,,,,,,,,,,,,,
,,,,,,,,,,,458560895,achita,lingerie_set,,,0,,,,,,,,,,,,,,
,,,,,,,,,,,442734416,ONESEVEN,shapewear,,BAL,0,,,,,,,,,,,,,,
217,b9feb982f20642d6,VayodhaCosmetics,ACTIVE,No,silver,"213,2-FLOOR, ROYAL BUSINESS HUB ,NEW KATARGAM VARIYAV CHAPPRABHATTA, GANESHPURA, SURAT, Chapprabhatta District: SURAT State: GUJARAT SURAT 394520",2020-06-21,2024-05-16,23,3,542004871,VAYODHA,"blackhead_remover, perfume, hair_oil, deodorant, toner, tanning_liquid, tanning_accelerator, sunscreen, facial_kit, nipple_cream, eye_cream, face_pack, skin_treatment, hair_treatment, combo_kit, face_wash, hair_fragrance, conditioner, shampoo, hair_serum, moisturizer_cream",,TM,active,,,,+919374373793,+919374373793,vayodhacosmetics@gmail.com,vayodhacosmetics@gmail.com,No,Yes,June 2026 | July 2026 | August 2026,-:::neutral | -77.3%:::negative | +101.5%:::positive,44 | 14 | 33, |  | , |  | 
,,,,,,,,,,,515358706,Vayodha Cosmetics,moisturizer_cream,,TM,active,,,,,,,,,,,,,,
,,,,,,,,,,,440992366,Harmi,grocery_bag,,INVOICE,active,,,,,,,,,,,,,,
218,556803fb99d849c0,RADHIKAENTERPRISES13,ACTIVE,No,gold,Near lilaram dairy madhav nagar katni Near lilaram dairy Madhav nagar katni KATNI 483501,2022-01-17,2026-02-16,44,37,636140980,Karvi Collection,musical_toy,,,,,https://www.instagram.com/karvi_collection2/,30,+916267464144,+916267464144,radhikaenterprises113@gmail.com,radhikaenterprises113@gmail.com,No,Yes,June 2026 | July 2026 | August 2026,₹5.9 L | ₹6.6 L | ₹5.0 L,"1,263 | 1,475 | 1,036", |  | , |  | 
,,,,,,,,,,,635123549,SAWARIYASETH ENTERPRISE,musical_toy,,,,,,,,,,,,,,,,,
,,,,,,,,,,,634896067,Mukul,musical_toy,,,,,,,,,,,,,,,,,
,,,,,,,,,,,634498592,NKL,musical_toy,,,,,,,,,,,,,,,,,
,,,,,,,,,,,634216308,VVG TRADERS,musical_toy,,,,,,,,,,,,,,,,,
,,,,,,,,,,,633537498,FIVE NINE TOYS,musical_toy,,,,,,,,,,,,,,,,,
,,,,,,,,,,,633133924,Gleamverse,musical_toy,,,,,,,,,,,,,,,,,
,,,,,,,,,,,632664074,Wonderbox,musical_toy,,,,,,,,,,,,,,,,,
,,,,,,,,,,,632862429,R K BIGHIT,brief,,PROD_IMAGE,,,,,,,,,,,,,,,
,,,,,,,,,,,631980441,RADHE ENTERPRISE,musical_toy,,,,,,,,,,,,,,,,,
,,,,,,,,,,,631924878,Shrinath,"role_play_toy, musical_toy",,,,,,,,,,,,,,,,,
,,,,,,,,,,,631602359,Excitent,musical_toy,,,,,,,,,,,,,,,,,
,,,,,,,,,,,631483937,TWKS,musical_toy,,,,,,,,,,,,,,,,,
,,,,,,,,,,,631219734,A To Z Enterprises,musical_toy,,,,,,,,,,,,,,,,,
,,,,,,,,,,,631157182,Celvia,musical_toy,,,,,,,,,,,,,,,,,
,,,,,,,,,,,630728997,Saaishvi,musical_toy,,,,,,,,,,,,,,,,,
,,,,,,,,,,,618749630,Hokti,"camera, role_play_toy",,,,,,,,,,,,,,,,,
,,,,,,,,,,,614896514,Patly,role_play_toy,,,,,,,,,,,,,,,,,
,,,,,,,,,,,611972684,Neha Traders,"role_play_toy, shopsy_role_play_toy",,,,,,,,,,,,,,,,,
,,,,,,,,,,,608180006,The P,role_play_toy,,,,,,,,,,,,,,,,,
,,,,,,,,,,,601524194,Neel Enterprises,"role_play_toy, shopsy_role_play_toy",,,,,,,,,,,,,,,,,
,,,,,,,,,,,597535332,SHIVANA,shopsy_role_play_toy,,PROD_IMAGE,,,,,,,,,,,,,,,
,,,,,,,,,,,599463252,VybeMart,role_play_toy,,,,,,,,,,,,,,,,,
,,,,,,,,,,,599512752,AVOIHS,sports_action_camera,,PROD_IMAGE,,,,,,,,,,,,,,,
,,,,,,,,,,,592844416,Zdea,shopsy_role_play_toy,,,,,,,,,,,,,,,,,
,,,,,,,,,,,592842090,Divya,"shopsy_role_play_toy, role_play_toy",,PROD_IMAGE,,,,,,,,,,,,,,,
,,,,,,,,,,,590620893,NAYARATOYS,role_play_toy,,,,,,,,,,,,,,,,,
,,,,,,,,,,,583738902,VISSHI,role_play_toy,,,,,,,,,,,,,,,,,
,,,,,,,,,,,582435397,Point Zero,role_play_toy,,,,,,,,,,,,,,,,,
,,,,,,,,,,,582216137,Kidzly,role_play_toy,,,,,,,,,,,,,,,,,
,,,,,,,,,,,581399336,TUSHIKA,"shopsy_role_play_toy, role_play_toy",,,,,,,,,,,,,,,,,
,,,,,,,,,,,580060314,Ranjanatraders,role_play_toy,,,,,,,,,,,,,,,,,
,,,,,,,,,,,580004036,SUNIL TRADERS,"role_play_toy, shopsy_role_play_toy",,,,,,,,,,,,,,,,,
,,,,,,,,,,,579620526,clickcam2,role_play_toy,,PROD_IMAGE,,,,,,,,,,,,,,,
,,,,,,,,,,,579138446,istylei,camera,,,,,,,,,,,,,,,,,
,,,,,,,,,,,579015255,Pushkar Traders,shopsy_role_play_toy,,,,,,,,,,,,,,,,,
,,,,,,,,,,,578321061,The Heaven Store,role_play_toy,,PROD_IMAGE,,,,,,,,,,,,,,,
219,1695a12f714d4bad,DECOLASE,ACTIVE,No,bronze,"D-350 First Floor Sector 10  , NOIDA 201301",2016-02-25,2024-01-08,0,0,,,,,,,,https://www.instagram.com/deco_lase/,26,+917011874277,+919311430603,laserjobwork.in@gmail.com,laserjobwork.in@gmail.com,No,Yes,June 2026 | July 2026 | August 2026,"₹62,807 | ₹1.0 Lakh | ₹97,374",156 | 301 | 301,"₹58,503 | ₹1.0 Lakh | ₹91,103", |  | 
220,94bfc8513b584b85,ASHAPPYZONE,ACTIVE,No,gold,"21, ppd road, thangal, thiruvottiyur, chennai-60019. 21 PPD Road , Thangal , shifa medical opposite CHENNAI 600019",2026-02-22,2026-02-27,7,1,636458636,as happy zone,"remote_control_toy, action_figure, baby_rattle, toy_weapon, learning_toy, block_construction, stuffed_toy",Yes,TM,Active,,https://www.instagram.com/happy_zone____/,,+917358554671,+917358554671,aquibsimra@gmail.com,aquibsimra@gmail.com,No,Yes,June 2026 | July 2026 | August 2026,"₹18,502 | ₹17,062 | ₹20,652",66 | 63 | 69, |  | , |  | 
221,e0748d514d4c4664,HoneyTabs,ACTIVE,Yes,bronze,"Shop No.- 215 Regent Plaza, Opp. Rami park , Dindoli Road SURAT 394210",2026-04-17,2026-05-07,3,3,607453236,Belvie,jaggery,Yes,TM,0,,,,+916359204856,+918320860700,honeytabs2021@gmail.com,honeytabs2021@gmail.com,No,Yes,June 2026 | July 2026 | August 2026,₹6.4 L | ₹6.68 L | ₹10.02 L,"2,253 | 2,362 | 3,678", |  | , |  | 
,,,,,,,,,,,599947740,Honey Tabs,chocolate,Yes,INVOICE,0,,,,,,,,,,,,,,
,,,,,,,,,,,598583515,BRAND_3,chocolate,,,0,,,,,,,,,,,,,,
222,09fb549122bc4cc7,crunchmitraa,ACTIVE,No,bronze,near annd bagh Patel Colony District: JAMNAGAR State: GUJARAT JAMNAGAR 361002,2024-12-25,2026-04-01,2,2,613809645,crunchmitraa,snack_savourie,,TM,active,,,,+919824942395,+919824942395,yaxeshsampat03@gmail.com,yaxeshsampat03@gmail.com,No,Yes,June 2026 | July 2026 | August 2026,"₹0 | ₹1,242 | ₹2,279",0 | 8 | 15, |  | , |  | 
,,,,,,,,,,,592815448,BRAND_2,snack_savourie,,,,,,,,,,,,,,,,,
223,956d14c3ed304cf3,Teamora,ACTIVE,No,silver,"16 Mahishya para Choto Belu Milky, PAYARAPUR , SRIRAMPORE , Sanghrami Sangha Club HOOGHLY 712203",2026-05-03,2026-06-03,2,2,602187914,Teamora,tea,Yes,TM,Active,,,,+917003359796,+917003359796,banerjeesucharita52@gmail.com,banerjeesucharita52@gmail.com,No,Yes,June 2026 | July 2026 | August 2026,₹414 | ₹0 | ₹213,2 | 0 | 1,₹414 | ₹0 | ₹0, |  | 
,,,,,,,,,,,602187914,Teamora,tea,Yes,TM,Active,,,,,,,,,,,,,,
224,de5e09d19b384acb,XXXXXXXQQQQ,ONHOLD,No,silver,Madeena Colony 1st Cross Akram Shane Usmania Colony BHATKAL 581320,2026-01-04,2026-03-27,18,12,636187999,Youth Face,"soap, face_wash, moisturizer_cream, skin_treatment",No,INVOICE,,,https://www.instagram.com/youth_care_whitening__cream/,16K,+919620906078,+919620906078,caremug9@gmail.com,caremug9@gmail.com,No,Yes,June 2026 | July 2026 | August 2026,₹1.3 L | ₹2.0 L | ₹1.4 L,304 | 567 | 418, |  | , |  | 
,,,,,,,,,,,633554911,YC WHITENING,face_wash,,INVOICE,,,,,,,,,,,,,,,
,,,,,,,,,,,623192292,Facewin,skin_treatment,,INVOICE,,,,,,,,,,,,,,,
,,,,,,,,,,,625524697,Navia,skin_treatment,,INVOICE,,,,,,,,,,,,,,,
,,,,,,,,,,,625527766,Pure Herbal Papaya,soap,,INVOICE,,,,,,,,,,,,,,,
,,,,,,,,,,,613589450,Gluta pearl,skin_treatment,,INVOICE,,,,,,,,,,,,,,,
,,,,,,,,,,,622541188,Pure Herbal,soap,,INVOICE,,,,,,,,,,,,,,,
,,,,,,,,,,,608167039,Renew,soap,No,INVOICE,,,,,,,,,,,,,,,
,,,,,,,,,,,616457360,AL Hiza,"deodorant, perfume",No,INVOICE,,,,,,,,,,,,,,,
,,,,,,,,,,,611350938,Almas,"perfume, attar",,INVOICE,,,,,,,,,,,,,,,
,,,,,,,,,,,607950437,Maryam,moisturizer_cream,No,INVOICE,,,,,,,,,,,,,,,
,,,,,,,,,,,608425871,Al Hiba,"deodorant, perfume",,INVOICE,,,,,,,,,,,,,,,
225,c395657e66474d5d,SANATURALHERBSSPICES,ACTIVE,No,bronze,"3132, SANGAT RASAN BAZAR, PAHARGANJ, DELHI, Central Delhi, NEW DELHI 110055",2022-03-28,2022-06-03,4,2,619136358,H HARBIES SPICES,"face_pack, edible_seed, herb_seasoning",,TM,active,,,,+918851204050,+918851204050,sanaturalherbs5254@gmail.com,sanaturalherbs5254@gmail.com,No,Yes,June 2026 | July 2026,"₹3,263 | ₹4,357",6 | 12,"₹2,998 | ₹3,671", | 
,,,,,,,,,,,236299366,BRAND_2,herb_seasoning,,,,,,,,,,,,,,,,,
226,1e4dac7b13d74045,SuanikCreation,ACTIVE,No,bronze,"201 Parande Home 2nd floor Dighi Goanthan  , Om Traders PUNE 411015",2026-05-21,2026-05-23,0,0,,,,,,,,,,+919028500555,+919028500555,suanik027@gmail.com,suanik027@gmail.com,No,No,June 2026 | July 2026 | August 2026,"₹19,072 | ₹15,868 | ₹11,674",39 | 35 | 10,"₹16,923 | ₹13,054 | ₹7,618", |  | 
227,3c1f703da0bd4b96,GIFTORAHUB,ACTIVE,No,silver,"Dakshin chakowakheti Dakshin chakowakheti , P.H.E ALIPURDUAR 736121",2025-12-05,2025-12-14,0,0,,,,,,,,https://www.instagram.com/giftora.hub/,8,+919641692658,+919641692658,bimanghosh897@gmail.com,bimanghosh897@gmail.com,No,Yes,June 2026 | July 2026 | August 2026,"₹49,907 | ₹46,441 | ₹38,594",128 | 126 | 99, |  | , |  | 
228,cc720b4803714e82,NaturalBiteIndia,ACTIVE,No,bronze,x310 lala laj pat rai colony sardarpura  5th road choti  idgag polic chowki JODHPUR 342003,2022-08-04,2022-08-04,4,1,536671564,Natural Bite India,"spice_masala, shopsy_herb_seasoning, plant_seed",Yes,TM,,,https://www.instagram.com/natural_.bite/,10,+919057560794,+919057560794,naturalbite754@gmail.com,naturalbite754@gmail.com,No,Yes,June 2026 | July 2026 | August 2026,"₹28,543 | ₹34,311 | ₹28,143",123 | 138 | 123,"₹27,373 | ₹29,918 | ₹25,833", |  | 
229,12f9afc00fb04fb3,HIDDENTOUCHATTAR,ACTIVE,No,bronze,"HIDDEN TOUCH (scented with fragrance attar), YOUSUPUR BHAGWAN SBI BANK, Makrand Nagar, Kannauj, Uttar Pradesh 209726 HIDDEN TOUCH (scented with fragrance attar), YOUSUPUR BHAGWAN SBI BANK, Makrand Nagar, Kannauj, Uttar Pradesh 209726 KANNAUJ 209726",2025-02-27,2025-06-17,16,4,558637304,HIDDEN TOUCH,"shopsy_battery_charger, lipstick, microphone, camera_led_light, smartwatch, compact, toner, deodorant, perfume, shampoo, home_security_camera, dhoop_cone, attar",,TM,LSTATTHN842W3YHEDBAZHVHPD,,,,+918081303229,+918081303229,vineetkamur@gmail.com,vineetkamur@gmail.com,No,Yes,June 2026 | July 2026 | August 2026,"₹55,953 | ₹34,399 | ₹1.1 L",90 | 55 | 90, |  | , |  | 
,,,,,,,,,,,537129974,HIEEDN TOUCH,microphone,,BAL,LSTATTHN842W3YHEDBAZHVHPD,,,,,,,,,,,,,,
,,,,,,,,,,,521124670,mprix,microphone,Yes,BAL,,,,,,,,,,,,,,,
,,,,,,,,,,,518230083,balag,home_security_camera,,,,,,,,,,,,,,,,,
230,bc035753d0814d6b,RUDRANUTRITION,ACTIVE,No,silver,"D 74 A Ground Floor prem vihar G-12 , Shiv Vihar , Nav Jeevan Adarsh Public School NEW DELHI 110090",2026-05-29,2026-06-10,2,2,610636703,BRAND_2,protein_supplement,,INVOICE,,,,,+918178407613,+918178407613,rudranutritiondelhi@gmail.com,rudranutritiondelhi@gmail.com,No,No,June 2026 | July 2026 | August 2026,"₹0 | ₹0 | ₹48,764",0 | 0 | 31, |  | , |  | 
,,,,,,,,,,,610636703,BRAND_2,protein_supplement,,INVOICE,,,,,,,,,,,,,,,
231,70f8778623e945d6,EarthyWay,ACTIVE,No,bronze,"NO.2, second floor, Suryansh Enclave Vineet Kunj, Kolar Road , Behind Arihant Hospital ,  , BHOPAL 462042",2023-01-31,2023-03-15,4,3,512830694,earthyway,coffee,Yes,,,https://earthyway.in,,,+917898295989,+917898295989,earthyway.in@gmail.com,earthyway.in@gmail.com,No,Yes,June 2026 | July 2026 | August 2026,"₹2,239 | ₹2,321 | ₹2,734",7 | 8 | 8, |  | , |  | 
,,,,,,,,,,,512266672,earthy way,"ready_mix, sweet_mithai",Yes,,Active,,,,,,,,,,,,,,
,,,,,,,,,,,583956628,BRAND_3,ready_mix,,,,,,,,,,,,,,,,,
232,598d666a16974016,FitOnly,ACTIVE,Yes,gold,"Maitri delights , kumkum beauty parlor gali Near Taramandal Gate no 1, Bela Industrial estate, sundarpur DARBHANGA 846004",2025-11-05,2025-11-06,2,2,590046848,fitonly,nut_dry_fruit,,TM,,,https://www.instagram.com/fitonly_official/,1,+919810382373,+919006847890,maitridelights@gmail.com,maitridelights@gmail.com,No,Yes,June 2026 | July 2026 | August 2026,₹5.09 Lakh | ₹5.88 Lakh | ₹6.10 Lakh,837 | 945 | 968,₹4.76 Lakh | ₹5.34 Lakh | ₹5.67 Lakh, |  | 
,,,,,,,,,,,588981690,BRAND_2,nut_dry_fruit,,,,,,,,,,,,,,,,,
233,d111482df05444a0,GYMHACK,ACTIVE,No,bronze,38 cto colony madukkari road sidco post near equitas school District: COIMBATORE State: TAMIL NADU COIMBATORE 641021,2025-12-11,2026-02-13,2,2,569978866,GYM HACK,cereal_flake,Yes,BAL,3,,,,+916379123952,+916379123952,carbonearthindia@gmail.com,carbonearthindia@gmail.com,No,Yes,Jun 2026 | Jul 2026 | Aug 2026,0%:::neutral | -21.0%:::negative | +62.1%:::positive,72 | 68 | 105, |  | , |  | 
,,,,,,,,,,,568169952,BRAND_2,cereal_flake,,,3,,,,,,,,,,,,,,
234,24ca90a958d4488f,SharvilEnterpriz,ACTIVE,No,bronze,Ambedkar Nagar Agarwal Nagar MALEGAON 423203,2025-08-25,2025-09-29,5,4,623812171,Sharu,"marble_goti, musical_toy",No,,,,,,+917588816809,+917588816809,ssd_dolas@yahoo.co.in,ssd_dolas@yahoo.co.in,No,No,June 2026 | July 2026 | August 2026,"₹42,032 | ₹28,671 | ₹22,126",315 | 224 | 137, |  | , |  | 
,,,,,,,,,,,606561515,Sharu Packaging,carton_packaging_box,,,,,,,,,,,,,,,,,
,,,,,,,,,,,592488459,AS TRADERS,toy_bubble_maker,No,,,,,,,,,,,,,,,,
,,,,,,,,,,,540308762,Sharvil Enterprises,vehicle_pull_along,Yes,,,,,,,,,,,,,,,,
235,2bb05fed6dd046e5,VedBasket,ACTIVE,No,silver,"103/3 K. K. Puri Colony, Awas Vikas Near Kamal Traders JHANSI 284003",2025-11-07,2025-11-13,4,4,560542211,BRAND_1,vitamin_supplement,,,,,,,+919971287163,+919971287163,vedbasket@gmail.com,vedbasket@gmail.com,No,Yes,June 2026 | July 2026 | August 2026,N/A:::neutral | +5.6%:::positive | +278.3%:::positive,7 | 7 | 28, |  | , |  | 
,,,,,,,,,,,565174825,VedBasket,vitamin_supplement,Yes,INVOICE,,,,,,,,,,,,,,,
,,,,,,,,,,,544970753,BRAND_4,ayurvedic,Yes,TM,,,,,,,,,,,,,,,
,,,,,,,,,,,544970753,BRAND_4,ayurvedic,Yes,TM,,,,,,,,,,,,,,,
236,1a415bc570c34d16,Natureshrig,ACTIVE,No,silver,"Jawahar Ward Link Road , Bina , Near Ashirwad School BINA 470113",2026-05-06,2026-06-10,2,2,607114943,Nature Shri'G Foods,edible_seed,,INVOICE,active,,https://www.instagram.com/natureshrigfoods/,55,+919755182660,+919755182660,yashpanthi94@gmail.com,yashpanthi94@gmail.com,No,Yes,July 2026 | June 2026 | August 2026,"₹5,121 | ₹1,125 | ₹302",27 | 6 | 2, |  | , |  | 
,,,,,,,,,,,606050749,BRAND_2,edible_seed,,,active,,,,,,,,,,,,,,
237,b7b6cfada6b742ba,rajeshmamma,ACTIVE,No,gold,"House no,1 Gram Reda Gram Reda DATIA 475661",2024-08-15,2024-10-05,7,4,525997688,BRAND_4,"vitamin_supplement, grain_millet, flour, face_pack",Yes,TM,,,,,+916268985965,+918815476142,shivaniandvaishali@gmail.com,shivaniandvaishali@gmail.com,No,Yes,August 2026 | June 2026 | July 2026,"₹1.31 L | ₹98,334 | ₹96,342",524 | 402 | 428,"₹1.14 L | ₹92,306 | ₹90,523", |  | 
,,,,,,,,,,,466748272,Shivani and Vaishali Enterprises,snack_savourie,,INVOICE,,,,,,,,,,,,,,,
,,,,,,,,,,,466482417,BRAND_3,snack_savourie,,INVOICE,,,,,,,,,,,,,,,
,,,,,,,,,,,525997688,BRAND_4,vitamin_supplement,Yes,TM,,,,,,,,,,,,,,,
238,d1cb2e9c6165434b,EATaly,ACTIVE,No,silver,NRI Colony near GOL building District: NIZAMABAD State: TELANGANA NIZAMABAD 503001,2026-01-21,2026-07-01,2,2,597230975,EATALY,nut_dry_fruit,Yes,INVOICE,active,www.janthabazar.com,,,+918500703752,+918500703752,jkmart050@gmail.com,jkmart050@gmail.com,No,Yes,June 2026 | July 2026 | August 2026,₹0 | ₹0 | ₹202,0 | 0 | 1, |  | , |  | 
,,,,,,,,,,,593229706,BRAND_2,nut_dry_fruit,,,active,,,,,,,,,,,,,,
239,553452293da64942,Zainflex,ACTIVE,No,silver,House of common lodge New Azimabad colony street 18 PATNA 800006,2025-06-12,2026-05-20,2,2,613998214,zainflex,nut_dry_fruit,,TM,active,,https://www.instagram.com/_zainflex_/,102,+916201244389,+916201244389,zainflexofficial@gmail.com,zainflexofficial@gmail.com,No,Yes,June 2026 | July 2026 | August 2026,₹636 | ₹0 | ₹0,5 | 0 | 0, |  | , |  | 
,,,,,,,,,,,610396102,BRAND_2,nut_dry_fruit,Yes,BAL,active,,,,,,,,,,,,,,
240,1587a23293984fb7,MAHIYASTORE,ACTIVE,No,bronze,MIRZA GALIB PATH HOUSE NO 21 Hatigaon KAMRUP 781038,2026-04-03,2026-05-06,0,0,,,,,,,,,,+917896145556,+917896145556,muktadulislam89@gmail.com,muktadulislam89@gmail.com,No,No,June 2026 | July 2026 | August 2026,"₹79,817 | ₹1.43 Lakh | ₹1.53 Lakh",441 | 975 | 849, |  | , |  | 
241,b9bd4aacfd874f35,Worldoflantern,ACTIVE,No,silver,"Maqbara 1st inside gate 1st Maqbara Road , Hayat Nagar , Near five star banquet hall MORADABAD 244001",2026-06-27,2026-07-01,0,0,,,,,,,,,,+916397178668,+916397178668,siddiqsadain26@gmail.com,siddiqsadain26@gmail.com,No,No,June 2026 | July 2026 | August 2026,₹0 | ₹0 | ₹0, |  | , |  | , |  | 
242,4ae1b352127d48b0,MISHIenterprise,ACTIVE,No,gold,"Mathurapur West, PO+PS- Sonarpur,Kolkata Near Mathurapur Van Stand, opposite of pond 1st House KOLKATA 700150",2026-06-07,2026-06-09,0,0,,,,,,,,,,+917428784746,+917428784746,mondalasish8@gmail.com,mondalasish8@gmail.com,No,No,June 2026 (MTD) | July 2026 | August 2026,₹1.9 K | ₹25.4 K | ₹28.9 K,9 | 127 | 147,₹1.7 K | ₹24.6 K | ₹25.4 K,₹191 | ₹7.8 K | ₹8.3 K
243,137f6f7c1658495e,ARSHRETAIL,ACTIVE,No,bronze,"E 80/271, krishna market , jhilmil colony Nearby neha jwellers NEW DELHI 110095",2026-05-27,2026-06-01,0,0,,,,,,,,,,+919971783329,+919971783329,kalki7023@gmail.com,kalki7023@gmail.com,No,No,June 2026 | July 2026 | August 2026,"₹20,341 | ₹20,650 | ₹0",84 | 105 | 0,"₹18,877 | ₹19,302 | ₹0", |  | 
244,2c25f3e31fb24283,OnlineAlways,ACTIVE,No,silver,"J7, GALI NO 7 SHARSWATI COLONY PALLA NO. 1, FARIDABAD, HARYANA FARIDABAD 121003",2019-02-19,2019-03-30,77,26,646268511,Modicare,"toner, vitamin_supplement, drinks_juice, digestive_probiotic, perfume, conditioner, hair_color, sunscreen, face_pack, combo_kit, moisturizer_cream, deodorant, face_wash, soap, bath_essential_oil, fairness, shampoo, cleanser, hair_oil",No,INVOICE,,,,,+919811878252,+919811878252,granddiscountcollection2019@gmail.com,granddiscountcollection2019@gmail.com,No,Yes,June 2026 | July 2026 | August 2026,- | +29.4%:::positive | -11.8%:::negative,"2,781 | 2,965 | 2,957", |  | , |  | 
,,,,,,,,,,,644070270,Dent,toothpaste,No,INVOICE,,,,,,,,,,,,,,,
,,,,,,,,,,,642821812,dentassure,"shampoo, toothpaste",,BAL,,,,,,,,,,,,,,,
,,,,,,,,,,,639928380,HAOMA,"moisturizer_cream, soap, syrup, face_wash, toothpaste",No,INVOICE,,,,,,,,,,,,,,,
,,,,,,,,,,,527528396,BRAND_5,energy_sport_drink_mix,No,BAL,,,,,,,,,,,,,,,
,,,,,,,,,,,540106332,BRAND_6,vitamin_supplement,No,BAL,,,,,,,,,,,,,,,
,,,,,,,,,,,325252132,Well,"baby_supplement, energy_sport_drink_mix, vitamin_supplement, protein_supplement",No,INVOICE,,,,,,,,,,,,,,,
,,,,,,,,,,,569759049,Amway,"vitamin_supplement, protein_supplement",No,INVOICE,,,,,,,,,,,,,,,
,,,,,,,,,,,540922034,Forever Living,honey,,INVOICE,,,,,,,,,,,,,,,
,,,,,,,,,,,611299080,Renatus,vitamin_supplement,,BAL,,,,,,,,,,,,,,,
,,,,,,,,,,,595807224,taka saki,action_figure,,,,,,,,,,,,,,,,,
,,,,,,,,,,,593591287,Gllaggerius,"stuffed_toy, action_figure",Yes,TM,,,,,,,,,,,,,,,
,,,,,,,,,,,589633325,ATHRAVTOYS,stuffed_toy,,,,,,,,,,,,,,,,,
,,,,,,,,,,,572677274,ZESTHOME,action_figure,,PROD_IMAGE,,,,,,,,,,,,,,,
,,,,,,,,,,,589196711,EMVORA,action_figure,,,,,,,,,,,,,,,,,
,,,,,,,,,,,581296761,oramsa,balloon,,,,,,,,,,,,,,,,,
,,,,,,,,,,,577977393,ALTOYS,action_figure,,,,,,,,,,,,,,,,,
,,,,,,,,,,,562197901,Gsoon,"action_figure, track_pant",No,,,,,,,,,,,,,,,,
,,,,,,,,,,,546751159,ASSURE,"toner, hair_styling, deodorant, skin_treatment, hair_oil, hair_treatment, face_pack, sunscreen, face_wash, soap, hair_serum, conditioner, moisturizer_cream, combo_kit, shampoo",No,BAL,,,,,,,,,,,,,,,
,,,,,,,,,,,504162955,MODICARE SCHLOKA,"face_pack, combo_kit, face_wash, sunscreen, toner, moisturizer_cream, fairness",,INVOICE,,,,,,,,,,,,,,,
,,,,,,,,,,,472211673,sofwash,soap,,INVOICE,,,,,,,,,,,,,,,
,,,,,,,,,,,392318520,Vaseline,moisturizer_cream,No,INVOICE,,,,,,,,,,,,,,,
,,,,,,,,,,,458861521,PARK AVENUE,"perfume, deodorant",,INVOICE,,,,,,,,,,,,,,,
,,,,,,,,,,,427701652,Engage,"perfume, deodorant",No,INVOICE,,,,,,,,,,,,,,,
,,,,,,,,,,,392316426,Kamasutra,deodorant,No,INVOICE,,,,,,,,,,,,,,,
,,,,,,,,,,,392316289,SET WET,deodorant,No,INVOICE,,,,,,,,,,,,,,,
245,4c045cee43d84049,ZAIDCARPETS,ACTIVE,Yes,bronze,"HAji nagar Ghosia Bazar , Ghosia Bazar , aalam hospitel SANT RAVIDAS NAGAR 221301",2026-03-07,2026-03-09,0,0,,,,,,,,https://www.instagram.com/zaid_carpets_and_furnishings/,324,+918840264118,+918840264118,handcraftfloorsfloors@gmail.com,handcraftfloorsfloors@gmail.com,No,Yes,June 2026 | July 2026 | August 2026,₹2.1 L | ₹1.9 L | ₹70.4 K,125 | 128 | 0,₹1.9 L | ₹1.8 L | ₹33.5 K, |  | 
246,027948732cc1430c,Infoedgesolution,ACTIVE,Yes,silver,"Amrapali silicon city J-1101 76 Noida  , 76 Metro Station  ,  ,  ,  , NOIDA 201301",2024-05-10,2024-07-06,5,2,632706904,Nuwishtek,"face_wash, block_construction, stuffed_toy, learning_toy",,TM,,,https://www.instagram.com/nuwish/,,+917678573464,+917678573464,prakhar.singh2e@gmail.com,prakhar.singh2e@gmail.com,No,Yes,June 2026 | July 2026,₹3.34 Lakh | ₹4.94 Lakh,"1,921 | 2,471", | , | 
,,,,,,,,,,,456860412,Playfull,learning_toy,Yes,,,,,,,,,,,,,,,,
247,e9b03cc1210645c2,BiswasEnterprises0,ACTIVE,No,bronze,Bongaon Subho Sondha Puja comettiee Debgarh District: BANGAON State: WEST BENGAL BANGAON 743235,2026-05-28,2026-05-29,0,0,,,,,,,,https://www.instagram.com/biswas_enterprises/,33,+918670333972,+918670333972,biswasenterprises.amazon@gmail.com,biswasenterprises.amazon@gmail.com,No,Yes,June 2026 | July 2026 | August 2026,₹1.01 L | ₹2.69 L | ₹2.31 L,"526 | 1,355 | 1,118", |  | , |  | 
248,46dfeced20a946dc,IndusSmith,ACTIVE,No,silver,"Zee Tea Company , A308 Second Floor Jigar Colony MORADABAD 244001",2019-06-10,2025-07-23,2,2,592634794,IndusSmith,hookah,Yes,,,,,,+917351366786,+917351366786,zee_group@yahoo.com,zee_group@yahoo.com,No,No,June 2026 | July 2026 | August 2026,-:::neutral | +39.95%:::positive | -15.36%:::negative,250 | 339 | 314, |  | , |  | 
,,,,,,,,,,,528083428,Zee Tea Company,hookah,,LOGO,,,,,,,,,,,,,,,
249,501dfb5ab9b44d1a,SwastikTraders3,ACTIVE,No,silver,"Block - C, house no. 190, Sainik nagar, new delhi , Near nawada metro pillar no. 750, saturday market road NEW DELHI 110059",2025-10-29,2026-01-21,1,1,626205929,Shubh Flame,iron,,,Active,,,,+919354212930,+919354212930,singhsiddhi374@gmail.com,singhsiddhi374@gmail.com,No,No,June 2026 | July 2026 | August 2026,"₹0 | ₹4,874 | ₹20,196",0 | 13 | 51, |  | , |  | 
250,6bb7a40711d74cf8,Wagwanfly,ACTIVE,Yes,gold,"144, 3nd vashundara Sector 16 GHAZIABAD 201012",2018-09-10,2019-07-17,15,6,618384051,Wagwanfly,"vitamin_supplement, drinks_juice, immersion_rod, learning_toy, diaper, baby_bottle",Yes,INVOICE,active,,,,+918868811976,+919411806983,rojgarshop@gmail.com,rojgarshop@gmail.com,No,No,June 2026 | July 2026 | August 2026,₹48.25 L | ₹49.26 L | ₹50.39 L,"15,852 | 16,375 | 19,551",₹45.33 L | ₹45.27 L | ₹46.03 L, |  | 
,,,,,,,,,,,616539892,BRAND_2,drinks_juice,Yes,,active,,,,,,,,,,,,,,
,,,,,,,,,,,612049354,BRAND_3,vitamin_supplement,Yes,INVOICE,active,,,,,,,,,,,,,,
,,,,,,,,,,,454823546,House Of Common,baby_bottle,,,active,,,,,,,,,,,,,,
,,,,,,,,,,,437238729,KIdbea,baby_bottle,No,,active,,,,,,,,,,,,,,
,,,,,,,,,,,235342676,wagwan,"learning_toy, baby_bottle, hand_blender, mug, valentine_gift_set",Yes,INVOICE,active,,,,,,,,,,,,,,
251,78806a3a07834b9d,ArjunTrader,ONBOARDING,No,bronze,"C1/625 New York city Machala , Machala , Sage university INDORE 452020",2026-06-12,,0,0,,,,,,,,,,+918085302458,+918085302458,Kumararjun98299@gmail.com,Kumararjun98299@gmail.com,No,No,June 2026 | July 2026,₹0 | ₹0, | , | , | 
252,5c93bb0765484dcf,JGupta08,ACTIVE,No,silver,"E-28/3, 3rd Floor Centurian Park Low Rise , 1 Murty GREATER NOIDA 201308",2026-03-24,2026-04-20,2,2,613529063,BRAND_2,nut_dry_fruit,,TM,,,,,+918922964555,+918922964555,guptajuhi08101994@gmail.com,guptajuhi08101994@gmail.com,No,Yes,June 2026 | July 2026 | August 2026,"₹514 | ₹3,079 | ₹0",3 | 16 | 0, |  | , |  | 
,,,,,,,,,,,613529063,BRAND_2,nut_dry_fruit,,TM,,,,,,,,,,,,,,,
253,b9e29c085f324e8c,NATURE GREEN,ACTIVE,No,gold,18 Nehru Road Loha Bazar BHOPAL 462001,2019-11-03,2019-12-24,15,9,347352192,shan,spice_masala,No,INVOICE,,,https://www.instagram.com/shan_kikon/,153K,+919893040016,+919893040016,tiqbal401@gmail.com,tiqbal401@gmail.com,No,Yes,June 2026 | July 2026,₹3.62 Lakh | ₹3.84 Lakh,"1,726 | 1,939", | , | 
,,,,,,,,,,,577019116,NATURE BUCKET,"bath_essential_oil, shaving_soap, hair_treatment, face_pack, spice_masala, vitamin_supplement, nut_dry_fruit",Yes,TM,,,,,,,,,,,,,,,
,,,,,,,,,,,119184907,KOHINOOR,vermicelli,No,INVOICE,,,,,,,,,,,,,,,
,,,,,,,,,,,310453448,BRAND_4,nut_dry_fruit,,,,,,,,,,,,,,,,,
,,,,,,,,,,,165843827,SHAHI,spice_masala,No,INVOICE,,,,,,,,,,,,,,,
,,,,,,,,,,,61938511,BRAND_6,herb_seasoning,,,,,,,,,,,,,,,,,
,,,,,,,,,,,77787476,BRAND_7,protein_supplement,,,,,,,,,,,,,,,,,
,,,,,,,,,,,62691249,BRAND_8,vitamin_supplement,,,,,,,,,,,,,,,,,
,,,,,,,,,,,61993635,NATURE GREEN,plant_seed,Yes,OTHER,,,,,,,,,,,,,,,
254,38203f787d5c4563,SKMANDIRITEMSANDKITCHENWARE,ACTIVE,No,gold,JAMA MASJID NEAR DUTTA GUEST HOUSE NADIYA MOHALLA BHARATPUR 321001,2025-06-16,2025-06-18,4,1,510211118,S.K.MandirItemsAnd Kitchenware,"pot_pan, rolling_pin_board, microwave_potato_bag, general_bell",Yes,LOGO,,,,,+917878376040,+917878376040,samitkasera901@gmail.com,samitkasera901@gmail.com,No,No,June 2026 | July 2026 | August 2026,"₹88,068 | ₹41,790 | ₹61,234",123 | 52 | 84, |  | , |  | 
255,c9e90253df8341c7,SHALIMARBAGHOUSE,ACTIVE,No,silver,"8,INDRA KUMAR KARNANI STREET,GROUND FLOOR JACKSON LANE , SHALIMAR BAG HOUSE KOLKATA 700001",2025-10-29,2025-10-30,9,6,622311300,Mr.Kleen,scrub_pad,,INVOICE,active,,https://www.instagram.com/mrkleenindia/,5,+918810583778,+918810583778,shalimarbaghouse@gmail.com,shalimarbaghouse@gmail.com,No,Yes,June 2026 | July 2026 | August 2026,₹0 | ₹1.9 K | ₹2.1 K,0 | 6 | 6, |  | , |  | 
,,,,,,,,,,,613971282,MASCO,attar,,BAL,active,,,,,,,,,,,,,,
,,,,,,,,,,,614396791,SPARKLEEN,scrub_pad,,BAL,active,,,,,,,,,,,,,,
,,,,,,,,,,,576844155,SONAR BANGLA,"backpack, hand_messenger_bag",,PROD_IMAGE,active,,,,,,,,,,,,,,
,,,,,,,,,,,576686877,CRAZYWORLD,attar,,TM,active,,,,,,,,,,,,,,
,,,,,,,,,,,542258219,SHALIMARBAG,"sling_bag, wallet_card_wallet, clutch",,TM,active,,,,,,,,,,,,,,
256,1a64a6e245034964,GlowNex,ACTIVE,No,silver,"Shivam Apartment, Block-B, 2nd Floor, Flat No 22, 20 Satish Chandra Ghosh Lane, Serampure, Hooghly 20 Satish Chandra Ghosh Lane , Mahesh Colony , Near Blinkit  warehouse HOOGHLY 712201",2026-06-15,2026-06-17,0,0,,,,,,,,,,+918013198502,+918013198502,theglownex@gmail.com,theglownex@gmail.com,No,No,June 2026 | July 2026 | August 2026,₹848 | ₹0 | ₹0,4 | 0 | 0, |  | , |  | 
257,74ef1ce1a73a4e40,GAURAVKNIVES,ACTIVE,No,bronze,hakikat nagar krishna farnicher District: KARNAL State: HARYANA KARNAL 132001,2026-02-07,2026-02-12,0,0,,,,,,,,,,+919991900663,+919991900663,aanchalknives@gmail.com,aanchalknives@gmail.com,No,No,June 2026 | July 2026 | August 2026,₹1.79 L | ₹1.43 L | ₹1.25 L,646 | 530 | 520, |  | , |  | 
258,6f996eabaaea4200,AMITSHWETATRADING,ACTIVE,No,bronze,"Mission Road, Bhinder Hospital Garden Colony, Near Renuka Mandir, 4th Lane PATHANKOT 145001",2025-06-22,2025-08-15,24,24,629522903,TOOL MASTER,screw_gun,No,,,,,,+919463480498,+919463480498,mahajanutsav243@gmail.com,mahajanutsav243@gmail.com,No,Yes,June 2026 | July 2026 | August 2026,₹6.9 L | ₹7.4 L | ₹7.7 L,"1,268 | 1,572 | 1,685", |  | , |  | 
,,,,,,,,,,,602506371,YOGA,angle_grinder,No,,,,,,,,,,,,,,,,
,,,,,,,,,,,597431272,CREDIT,cutter,No,,,,,,,,,,,,,,,,
,,,,,,,,,,,590769916,MAXTRA,tile_cutter,No,,,,,,,,,,,,,,,,
,,,,,,,,,,,587429038,RED HORSE,cutter,No,,,,,,,,,,,,,,,,
,,,,,,,,,,,585382683,HUSPANDA,cutter,No,,,,,,,,,,,,,,,,
,,,,,,,,,,,585380601,B2E,tile_cutter,No,,,,,,,,,,,,,,,,
,,,,,,,,,,,579199672,TRUST ME,safety_glove,No,,,,,,,,,,,,,,,,
,,,,,,,,,,,573662437,GOLDMaxx,tile_cutter,No,,,,,,,,,,,,,,,,
,,,,,,,,,,,546618133,BANSAL,welding_machine,No,,,,,,,,,,,,,,,,
,,,,,,,,,,,540513040,Seven star,hammer_drill,No,,,,,,,,,,,,,,,,
,,,,,,,,,,,545779307,ACCURATE,tile_cutter,No,,,,,,,,,,,,,,,,
,,,,,,,,,,,540825067,Mark,cutter,No,,,,,,,,,,,,,,,,
,,,,,,,,,,,524666579,humac,cutter,No,,,,,,,,,,,,,,,,
,,,,,,,,,,,538673493,Really,grass_trimmer,No,,,,,,,,,,,,,,,,
,,,,,,,,,,,538258171,ZAIRA,masonry_trowel,No,,,,,,,,,,,,,,,,
,,,,,,,,,,,536232619,BLUTEC,angle_grinder,No,,,,,,,,,,,,,,,,
,,,,,,,,,,,536101272,SPEAR,angle_grinder,No,,,,,,,,,,,,,,,,
,,,,,,,,,,,535654249,MAXIM,hammer_drill,No,,,,,,,,,,,,,,,,
,,,,,,,,,,,530278642,PROTECH,hammer_drill,No,,,,,,,,,,,,,,,,
,,,,,,,,,,,528369830,ELEPHANT,hammer_drill,No,,,,,,,,,,,,,,,,
,,,,,,,,,,,527555244,Flymax,rotary_tool,No,,,,,,,,,,,,,,,,
,,,,,,,,,,,524671409,Humac Abrasives,cutter,,PROD_IMAGE,,,,,,,,,,,,,,,
,,,,,,,,,,,524689132,xtrapower,tile_cutter,,LOGO,,,,,,,,,,,,,,,
259,982d7097a01d4518,NutritionArena,ACTIVE,No,silver,H. No 235/22 Vikas Nagar ROHTAK 124001,2021-09-15,2021-09-20,39,37,646799969,Nutricost,vitamin_supplement,,BAL,,,,,+919646883393,+919646883393,adco99am@gmail.com,adco99am@gmail.com,No,Yes,June 2026 | July 2026 | August 2026,7.7 L | 11.8 L | 9.3 L,429 | 659 | 584, |  | , |  | 
,,,,,,,,,,,643929222,Jarrow Formulas,vitamin_supplement,,INVOICE,,,,,,,,,,,,,,,
,,,,,,,,,,,609092373,kEVIN lEVRONE,protein_supplement,,INVOICE,,,,,,,,,,,,,,,
,,,,,,,,,,,610427801,Arnold,protein_supplement,,INVOICE,,,,,,,,,,,,,,,
,,,,,,,,,,,603177625,DREAM TAN,tanning_liquid,,INVOICE,,,,,,,,,,,,,,,
,,,,,,,,,,,601035596,Force Factor,vitamin_supplement,,BAL,,,,,,,,,,,,,,,
,,,,,,,,,,,601030258,Redcon1,protein_supplement,,BAL,,,,,,,,,,,,,,,
,,,,,,,,,,,600006603,Nature Made,vitamin_supplement,,BAL,,,,,,,,,,,,,,,
,,,,,,,,,,,599283885,Nature's Bounty,vitamin_supplement,,BAL,,,,,,,,,,,,,,,
,,,,,,,,,,,593241883,EVLUTION NUTRITION,vitamin_supplement,,BAL,,,,,,,,,,,,,,,
,,,,,,,,,,,527779884,KAGED MUSCLE,protein_supplement,,BAL,,,,,,,,,,,,,,,
,,,,,,,,,,,507397503,Condemned Labz,protein_supplement,,BAL,,,,,,,,,,,,,,,
,,,,,,,,,,,504734509,RONNIE COLEMAN,"protein_supplement, vitamin_supplement",,BAL,,,,,,,,,,,,,,,
,,,,,,,,,,,447770854,innovative lab,vitamin_supplement,,INVOICE,,,,,,,,,,,,,,,
,,,,,,,,,,,427859942,MHP,vitamin_supplement,,INVOICE,,,,,,,,,,,,,,,
,,,,,,,,,,,387495019,Doctor's Best,vitamin_supplement,,INVOICE,,,,,,,,,,,,,,,
,,,,,,,,,,,581312432,PRIMAFORCE,vitamin_supplement,,BAL,,,,,,,,,,,,,,,
,,,,,,,,,,,579752280,Puritan's Pride,vitamin_supplement,,BAL,,,,,,,,,,,,,,,
,,,,,,,,,,,188531007,Scivation,protein_supplement,,INVOICE,,,,,,,,,,,,,,,
,,,,,,,,,,,188167737,Nutrex,vitamin_supplement,,INVOICE,,,,,,,,,,,,,,,
,,,,,,,,,,,194730547,DYMATIZE,protein_supplement,,INVOICE,,,,,,,,,,,,,,,
,,,,,,,,,,,206995405,ABSN,vitamin_supplement,,INVOICE,,,,,,,,,,,,,,,
,,,,,,,,,,,188163530,Natrol,vitamin_supplement,,INVOICE,,,,,,,,,,,,,,,
,,,,,,,,,,,187141852,BRAND_37,protein_supplement,,INVOICE,,,,,,,,,,,,,,,
,,,,,,,,,,,196571324,Jnx Sports,vitamin_supplement,,INVOICE,,,,,,,,,,,,,,,
,,,,,,,,,,,193929357,cloma pharma,vitamin_supplement,,INVOICE,,,,,,,,,,,,,,,
,,,,,,,,,,,187321454,Now Foods,vitamin_supplement,,INVOICE,,,,,,,,,,,,,,,
,,,,,,,,,,,325665390,dragon pharma,vitamin_supplement,,INVOICE,,,,,,,,,,,,,,,
,,,,,,,,,,,190992906,ALLMAX,vitamin_supplement,,INVOICE,,,,,,,,,,,,,,,
,,,,,,,,,,,231351389,BPI Sports,protein_supplement,,INVOICE,,,,,,,,,,,,,,,
,,,,,,,,,,,342181893,GAT SPORT,vitamin_supplement,No,INVOICE,,,,,,,,,,,,,,,
,,,,,,,,,,,195382372,MUSCLEPHARM,vitamin_supplement,,INVOICE,,,,,,,,,,,,,,,
,,,,,,,,,,,218323136,now,"vitamin_supplement, bath_essential_oil",No,INVOICE,,,,,,,,,,,,,,,
,,,,,,,,,,,296035136,ProSupps,vitamin_supplement,,INVOICE,,,,,,,,,,,,,,,
,,,,,,,,,,,191146837,Universal Nutrition,vitamin_supplement,,INVOICE,,,,,,,,,,,,,,,
,,,,,,,,,,,195383838,GAT,vitamin_supplement,,INVOICE,,,,,,,,,,,,,,,
,,,,,,,,,,,187141852,BRAND_37,protein_supplement,,INVOICE,,,,,,,,,,,,,,,
260,1367113cd6524e93,ABENTERPRISESAB,ACTIVE,No,bronze,Chandpara Station Road Dhakuria Udyan Palli CHANDPARA 743245,2018-09-05,2025-08-27,26,22,630781708,SAMRIDHI HERBS,plant_seed,,PROD_IMAGE,active,,,,+917477879268,+917477879268,anikbaul406@gmail.com,anikbaul406@gmail.com,No,Yes,June 2026 | July 2026 | August 2026,₹3.8 L | ₹2.2 L | ₹3.8 L,"1,677 | 877 | 1,446",₹3.5 L | ₹2.0 L | ₹3.4 L, |  | 
,,,,,,,,,,,630442912,SAMRIDHI+HERBS,plant_seed,,PROD_IMAGE,active,,,,,,,,,,,,,,
,,,,,,,,,,,553487591,BRIJ BOOTI,"shopsy_nut_dry_fruit, nut_dry_fruit",,BAL,active,,,,,,,,,,,,,,
,,,,,,,,,,,555206856,BRAND_15,herb_seasoning,,BAL,,,,,,,,,,,,,,,
,,,,,,,,,,,620797724,Sorich+Organics,plant_seed,,PROD_IMAGE,,,,,,,,,,,,,,,
,,,,,,,,,,,553267182,BRAND_6,nut_dry_fruit,,,,,,,,,,,,,,,,,
,,,,,,,,,,,620110966,VAN OUSI,"nut_dry_fruit, plant_seed",,BAL,active,,,,,,,,,,,,,,
,,,,,,,,,,,605240706,Naturewise Organic,plant_seed,,PROD_IMAGE,,,,,,,,,,,,,,,
,,,,,,,,,,,605151902,Naturewell Organics,plant_seed,,PROD_IMAGE,,,,,,,,,,,,,,,
,,,,,,,,,,,552775079,Organic and Pure,plant_seed,,PROD_IMAGE,,,,,,,,,,,,,,,
,,,,,,,,,,,595666088,ORGANIC PACIFIC,plant_seed,,PROD_IMAGE,,,,,,,,,,,,,,,
,,,,,,,,,,,565517673,Farm & Farmers,edible_seed,,BAL,,,,,,,,,,,,,,,
,,,,,,,,,,,558331422,Ecochoice,edible_seed,,BAL,,,,,,,,,,,,,,,
,,,,,,,,,,,553828746,GO VEGAN,"nut_dry_fruit, shopsy_nut_dry_fruit, plant_seed",,BAL,,,,,,,,,,,,,,,
,,,,,,,,,,,555206856,BRAND_15,herb_seasoning,,BAL,,,,,,,,,,,,,,,
,,,,,,,,,,,551426808,ORGANIC HERBS,plant_seed,,PROD_IMAGE,active,,,,,,,,,,,,,,
,,,,,,,,,,,554817926,Aero Seeds,plant_seed,,BAL,active,,,,,,,,,,,,,,
,,,,,,,,,,,547660132,Indias Creation,plant_seed,,PROD_IMAGE,,,,,,,,,,,,,,,
,,,,,,,,,,,546616322,MALLICK ENTERPRISES,plant_seed,,PROD_IMAGE,,,,,,,,,,,,,,,
,,,,,,,,,,,546290114,MALLICK ENTERPRISES0,plant_seed,,PROD_IMAGE,,,,,,,,,,,,,,,
,,,,,,,,,,,545500397,MALLICK TREDERS0,plant_seed,,PROD_IMAGE,,,,,,,,,,,,,,,
,,,,,,,,,,,545001913,Biosnyg,plant_seed,,PROD_IMAGE,,,,,,,,,,,,,,,
261,23565ad022624066,V P ENTERPRISE,ACTIVE,No,bronze,"15/16, swasray Bhavan app, trikam nagar 2, near Radha Krishna mandir District: SURAT State: GUJARAT SURAT 395006",2019-12-17,2019-12-18,8,5,492857155,wagh,car_charger,,INVOICE,0,,,,+919825438855,+919825438855,vpenterprise805@gmail.com,vpenterprise805@gmail.com,No,Yes,June 2026 | July 2026 | August 2026,"₹97,969 | ₹91,060 | ₹94,924",141 | 129 | 136,"₹87,950 | ₹74,212 | ₹85,603", |  | 
,,,,,,,,,,,478726692,sekzina,"air_freshener, car_charger, condom",Yes,TM,9,,,,,,,,,,,,,,
,,,,,,,,,,,492542868,ECZEMARON,moisturizer_cream,,INVOICE,0,,,,,,,,,,,,,,
,,,,,,,,,,,487768936,Yantra,showpiece_figurine,,TM,10,,,,,,,,,,,,,,
,,,,,,,,,,,172212922,clubknight,"lubricant, condom",Yes,TM,1,,,,,,,,,,,,,,
262,30f0289ad26d4376,KRIDHARAFOUNDATION,ACTIVE,No,bronze,VINAR NAGAR VINAR NAGAR ALIGARH 202002,2022-04-21,2022-05-09,3,3,583802575,EXNESS PHARMA,chips,,TM,active,,https://www.instagram.com/exness/,,+919897010473,+919897010473,3redfashion@gmail.com,3redfashion@gmail.com,No,Yes,June 2026 | July 2026 | August 2026,"₹2,582 | ₹23,494 | ₹45,272",6 | 60 | 89, |  | , |  | 
,,,,,,,,,,,577668467,BRAND_2,chips,,,active,,,,,,,,,,,,,,
,,,,,,,,,,,240538815,3RED FASHION,ethnic_set,Yes,TM,active,,,,,,,,,,,,,,
263,988d5cee24784a5f,MedopharmWellness,ACTIVE,No,silver,"48/105, Kasturba Road 1st Floor, Mohan Mansion Landmark: Opposite to Visvesvaraya Industrial & Technical Museum District: Bangalore Urban State: Karnataka BANGALORE 560001",2023-02-17,2023-03-02,12,4,623359136,Medopharm Wellness,"talc, milk_drink_mix, vitamin_supplement, syrup, sunscreen, soap, ayurvedic, body_pain_relief",Yes,TM,active,https://medopharmwellness.com/,https://www.instagram.com/medopharm_wellness/,625,+919538671325,+919538671325,dm@medopharmwellness.com,dm@medopharmwellness.com,Yes,Yes,June 2026 | July 2026 | August 2026,"₹97,807 | ₹1.15 Lakh | ₹1.49 Lakh",617 | 679 | 675, |  | , |  | 
,,,,,,,,,,,449342694,Dive,digestive_probiotic,,TM,active,,,,,,,,,,,,,,
,,,,,,,,,,,449342694,Dive,"digestive_probiotic, sunscreen",,TM,active,,,,,,,,,,,,,,
,,,,,,,,,,,320310281,BRAND_4,ayurvedic,Yes,TM,,,,,,,,,,,,,,,
264,d94e318fd6a74928,Raaqi,ACTIVE,No,bronze,"Building no 2132 2132 , ram Nagar 7 th Street  , Kalaimagal school area guthoos school road PUDUKKOTTAI 622001",2026-04-29,2026-05-11,0,0,,,,,,,,,,+918838173783,+918838173783,sharmi.samaleee@gmail.com,sharmi.samaleee@gmail.com,No,No,June 2026 | July 2026 | August 2026,"₹52,042 | ₹17,102 | ₹387",63 | 27 | 0,"₹44,976 | ₹12,293 | ₹0", |  | 
265,d40484ca246147d9,HomelyTouch,ACTIVE,No,bronze,"A1 - 35, Address Line 2: Pramukh Vihar, Naroli Road District: DADRA & NAGAR HAVELI State: DAMAN AND DIU DADRA AND NAGAR HAVELI DADRA & NAGAR HAVELI 396230",2021-05-19,2025-10-22,13,1,646930400,Homely Touch,"gag_toy, electric_ride_on, role_play_toy, doll_doll_house, coin_bank, iron, musical_toy, glass, bottle, container, diya, oil_dispenser, chopper",Yes,LOGO,active,homelytouch.in,,,+919016013270,+919016013270,yashnimse12345678@gmail.com,yashnimse12345678@gmail.com,No,Yes,June 2026 | July 2026 | August 2026,"₹45,363 | ₹51,852 | ₹31,846",107 | 200 | 172, |  | , |  | 
266,1c75d05b00f94055,Glowric,ACTIVE,No,bronze,Near shrji water plant Murshid Nagar UDAIPUR 313002,2025-08-14,2026-05-11,2,2,600137435,BRAND_2,drinks_juice,,INVOICE,active,,,,+918852045750,+919166260460,dushyantdevda8@gmail.com,dushyantdevda8@gmail.com,No,No,June 2026 | July 2026 | August 2026,"₹0 | ₹588 | ₹21,149",0 | 1 | 35, |  | , |  | 
,,,,,,,,,,,600137435,BRAND_2,drinks_juice,,INVOICE,active,,,,,,,,,,,,,,
267,2fda156ee06841da,ANMIKA001,ACTIVE,No,bronze,"B/8.Bloack No.77, Krupa Rental, MOTA VARCCHA, Landmark AR Mall District: SURAT State: GUJRAT, SURAT 394101 B/8.Bloack No.77, Krupa Rental, MOTA VARCCHA, Landmark AR Mall District: SURAT State: GUJRAT, SURAT 394101 SURAT 394101",2025-12-18,2025-12-24,13,1,633368583,ANMIKA,"face_pack, hair_treatment, eye_cream, shampoo, face_wash, eye_serum, hair_removal, moisturizer_cream, hair_styling, hair_serum, soap, body_pain_relief, skin_treatment",,TM,4,,https://www.instagram.com/anmika/,206,+917698923870,+917698923870,ANMIKA7606@GMAIL.COM,ANMIKA7606@GMAIL.COM,No,Yes,June 2026 | July 2026 | August 2026,₹2.6 L | ₹3.4 L | ₹1.5 L,"812 | 1,079 | 458",₹2.4 L | ₹3.2 L | ₹1.3 L, |  | 
268,16691a4210cb45d3,S11brand002,ONHOLD,No,silver,"Plot no. 42 , surya nagar C , GOKULPURA JAIPUR District: JAIPUR State: RAJASTHAN JAIPUR 302012",2025-04-06,2025-04-08,4,4,631889041,AVR,protein_supplement,,INVOICE,active,,,,+919428522002,+919428522002,kamleshkmwt007@gmail.com,kamleshkmwt007@gmail.com,No,Yes,June 2026 | July 2026 | August 2026,"₹23,010 | 5.3 L | 5.8 L",26 | 520 | 484, |  | , |  | 
,,,,,,,,,,,614094036,harbal mantra,protein_supplement,Yes,TM,active,,,,,,,,,,,,,,
,,,,,,,,,,,495723374,BRAND_3,shopsy_protein_supplement,,,active,,,,,,,,,,,,,,
,,,,,,,,,,,556638454,Vestige,combo_kit,No,BAL,active,,,,,,,,,,,,,,
269,6108e11db8074002,New Tea marketing Pvt Ltd,ACTIVE,No,silver,NEW TEA MARKETING PVT LTD 30 SDA COMPOUND LASDUIAMORI Landmark : NEAR - AGARWAL WEIGH BRIDGE District : INDORE State : Madhya Pradesh INDORE 453771,2019-10-21,2019-11-02,3,3,162075698,BRAND_1,tea,,OTHER,No listings found,,,,+918981830202,+918981830202,newteaecom@gmail.com,newteaecom@gmail.com,No,Yes,June 2026 | July 2026 | August 2026,"₹52,278 | ₹62,073 | ₹73,428",154 | 177 | 201, |  | , |  | 
,,,,,,,,,,,53203939,Maharaja Tea,tea,Yes,TM,"8908015919312, 8908015919466, Premium Leaf Tea 1kg (Red), 8908015919060, 86513T, Garden Fresh Dust Tea 500 gm",,,,,,,,,,,,,,
,,,,,,,,,,,595836957,Shera,tea,Yes,BAL,"Regalia 500gm, 8908015919008R, 8908015919565, Tea Combo, 890801591907, 8908015919329",,,,,,,,,,,,,,
270,44b9017ff3f24827,ShreeHingspices,ACTIVE,No,silver,"169,street no 02 Balaji Puram , Balaji Puram , Shankar ghar ki puliya AGRA 282010",2026-03-09,2026-03-27,2,2,610983417,Shreevika,spice_masala,Yes,TM,active,,,,+919568259050,+919568259050,shreehingspices@gmail.com,shreehingspices@gmail.com,No,Yes,June 2026 | July 2026 | August 2026,"₹0 | ₹0 | ₹1,943",0 | 0 | 6, |  | , |  | 
,,,,,,,,,,,592494311,BRAND_2,spice_masala,,,Active,,,,,,,,,,,,,,
271,649735a1eb4c4902,EarningFingersInternational,ONBOARDING,No,bronze,"Plot No 10 Survay No 81 Anand Nagar , Amar Jyoti Colony , Behind Prakash Towers New Bowenpally 500011 HYDERABAD 500011",2026-06-02,,2,2,611083528,BRAND_1,vitamin_supplement,,,,,,,+919100060527,+919100060527,earningfingersinternational@gmail.com,earningfingersinternational@gmail.com,No,No,June 2026 | July 2026 | August 2026,₹0 | ₹0 | ₹0,0 | 0 | 0, |  | , |  | 
,,,,,,,,,,,617477128,EarningFingers,spice_masala,,INVOICE,,,,,,,,,,,,,,,
272,e6854e87a7ac44e3,HAPPY7700,ACTIVE,Yes,silver,shanti sadan near nehru park crazzy coffee nehru park road 1st c road sardarpura Jodhpur JODHPUR 342001,2025-04-11,2025-04-23,5,2,570211038,Happy Harvest,"candy_mouth_freshener, shopsy_nut_dry_fruit, snack_savourie, nut_dry_fruit",,INVOICE,active,,https://www.instagram.com/happy.harvest/,416,+919024911947,+918209172148,maheshwari.enterprises1985@gmail.com,maheshwari.enterprises1985@gmail.com,No,Yes,June 2026 | July 2026 | August 2026,₹43.56 Lakh | ₹76.81 Lakh | ₹33.63 Lakh, |  | , |  | , |  | 
,,,,,,,,,,,564611723,BRAND_2,nut_dry_fruit,,,active,,,,,,,,,,,,,,
273,cf9e6102f5d84677,SWASTIKANNAPRIVATELIMITED,ACTIVE,No,gold,"Shiv krupa 90-b Street Number 7 , Nirmal Nagar , BHAVNAGAR 364001",2026-06-06,2026-06-22,2,2,612534921,BRAND_2,cookie_biscuit,Yes,BAL,,,,,+917600138900,+917600138900,swastikanna.info@gmail.com,swastikanna.info@gmail.com,No,Yes,June 2026 | July 2026 | August 2026,N/A:::neutral | —:::neutral | +14.7%:::positive,0 | 112 | 115, |  | , |  | 
,,,,,,,,,,,612534921,BRAND_2,cookie_biscuit,Yes,BAL,,,,,,,,,,,,,,,
274,ce42ef1f65554226,SamantaMart,ACTIVE,No,silver,"Raynagar,Guninpara Hallyan Road Samanta Enterprise,Raynagar HOWRAH 711312",2025-10-31,2025-11-02,18,13,642493414,SamantaMart,carton_packaging_box,,,,,,,+917980934287,+917980934287,Sovansamantaios@gmail.com,Sovansamantaios@gmail.com,No,Yes,June 2026 | July 2026 | August 2026,"₹75,019 | ₹2.2 L | ₹2.1 L","369 | 1,391 | 1,253", |  | , |  | 
,,,,,,,,,,,643028509,VqueenS,vehicle_pull_along,,,,,,,,,,,,,,,,,
,,,,,,,,,,,642982772,BEENA,garden_mulch,,PROD_IMAGE,,,,,,,,,,,,,,,
,,,,,,,,,,,623919268,Arizuul,vehicle_pull_along,,,,,,,,,,,,,,,,,
,,,,,,,,,,,618732229,Kabi Aggro,garden_tool_set,,PROD_IMAGE,,,,,,,,,,,,,,,
,,,,,,,,,,,617738366,Sub Enterprises,garden_tool_set,,PROD_IMAGE,,,,,,,,,,,,,,,
,,,,,,,,,,,613997568,PANTROLA,vehicle_pull_along,,PROD_IMAGE,,,,,,,,,,,,,,,
,,,,,,,,,,,600726550,TrekTiny,"vehicle_pull_along, baby_rattle, remote_control_toy, learning_toy, musical_toy",Yes,TM,,,,,,,,,,,,,,,
,,,,,,,,,,,605493705,FUNBOX,learning_toy,,,,,,,,,,,,,,,,,
,,,,,,,,,,,571460205,SVS,"remote_control_toy, musical_toy",,PROD_IMAGE,,,,,,,,,,,,,,,
,,,,,,,,,,,543439661,KidiMaza,musical_toy,,,,,,,,,,,,,,,,,
,,,,,,,,,,,542754124,SamantaPlayNest,vehicle_pull_along,,,,,,,,,,,,,,,,,
,,,,,,,,,,,542690546,ToyRipple,musical_toy,,,,,,,,,,,,,,,,,
275,bfddac266d6949b1,SKRGOLDSTORE,ACTIVE,No,bronze,"No.14, Lal Bahadur Shastri Street , ,  opposite Street Of Mahitha Andhra Restaurant CHENNAI 600119",2025-09-08,2026-04-29,15,2,609971715,SKR GOLD,"hair_oil, pasta, noodle, pulses, ghee, spice_masala, honey, grain_millet, cereal_flake, salt, sweet_mithai, ready_mix, nut_dry_fruit, chips",Yes,TM,LSTSATHZ5GTXFZGB4ZYG6QLG0,www.skrgold.com,https://www.instagram.com/skrgoldstore/,0,+919384818123,+919384818123,skrgold777@gmail.com,skrgold777@gmail.com,No,Yes,June 2026 | July 2026 | August 2026,"₹8,267 | ₹17,260 | ₹23,281",19 | 54 | 80,"₹7,592 | ₹16,342 | ₹21,701", |  | 
,,,,,,,,,,,602509997,BRAND_2,edible_oil,,,-,,,,,,,,,,,,,,
276,0c3add5ec72445bb,ASHAENTERPRISESMUZ,ACTIVE,No,bronze,"ASHA ENTERPRISES ,SAHBAJPUR NEAR AMAR SINGH,ZERO MILE, MUZAFFARPUR AHBAJPUR NEAR AMAR SINGH, ZERO MILE, MUZAFFARPUR District: MUZAFFARPUR State: BIHAR MUZAFFARPUR 842001",2026-05-23,2026-05-25,0,0,,,,,,,,https://www.instagram.com/ashaenterprise_/,29,+919576719371,+919576719371,adi7172@gmail.com,adi7172@gmail.com,No,Yes,June 2026 | July 2026 | August 2026,₹30.1 K | ₹6.78 L | ₹8.37 L, |  | , |  | , |  | 
277,3b64c3e802604dca,Denzaiperfume,ACTIVE,Yes,bronze,"Anandpuri house number 319 Kidwai Nagar , Kidwai Nagar , South x mall KANPUR 208011",2026-05-30,2026-06-02,1,1,610023465,DENZAI,perfume,,TM,4,,https://www.instagram.com/denzai_group/,"4,124",+918004933354,+918004933354,denzaiperfume@gmail.com,denzaiperfume@gmail.com,No,Yes,June 2026 | July 2026 | August 2026,"₹7,776 | ₹33,852 | ₹17,378",46 | 132 | 68, |  | , |  | 
278,d1bc34bbe0ca4a19,DITYACOSMETIC,ACTIVE,No,gold,"417 Crystal plaza, Silver chowk, Jai Bhawani Society Jai Bhawani Society Punagam Parmukhpark Society , Silver chowk Yoginagar Society, Surat, Gujarat 395011, India SURAT 395011",2026-05-16,2026-05-19,10,2,629214864,FlowBiz,"moisturizer_cream, lubricant, toner, hair_removal, skin_treatment",,INVOICE,,,https://www.instagram.com/flowbiz_/,45,+916355247411,+916355247411,dityacosmetic6212@gmail.com,dityacosmetic6212@gmail.com,No,Yes,June 2026 | July 2026 | August 2026,"₹11,968 | ₹63,752 | ₹26,363",74 | 349 | 110, |  | , |  | 
,,,,,,,,,,,629094706,Ubji,"moisturizer_cream, women_intimate_care, hair_removal, massage_oil, toner",,INVOICE,,,,,,,,,,,,,,,
279,79987e844f2b4f0b,UNIQUENESS001,ACTIVE,No,gold,Kirti nagar police chowki ke pass Bhatiyon Ka Bass JODHPUR 342304,2026-02-12,2026-03-30,3,2,638164006,Grow Organic,"hair_treatment, edible_seed",,TM,Active,,https://www.instagram.com/groworganic_jp/,629,+919352815986,+919352815986,uniquenesstrading5@gmail.com,uniquenesstrading5@gmail.com,No,Yes,June 2026 | July 2026 | August 2026,"₹22,863 | ₹82,883 | ₹1.7 L",116 | 456 | 855, |  | , |  | 
,,,,,,,,,,,601128832,BRAND_2,nut_dry_fruit,,,Active,,,,,,,,,,,,,,
280,009b32e674ab45f5,TarkashMasale,ACTIVE,No,silver,"98, Behind Shanti Market Neerav Nikunj , Near Bajrang Nagar, Sikandra , Shanti Market AGRA 282007",2026-03-19,2026-05-05,2,2,599160702,BRAND_1,spice_masala,,,,,,,+919258169177,+919258169177,tarkashmasale@gmail.com,tarkashmasale@gmail.com,No,Yes,June 2026 | July 2026 | August 2026,₹138 | ₹86 | ₹179,0 | 1 | 0,₹0 | ₹86 | ₹0, |  | 
,,,,,,,,,,,599160719,Tarkash Masale,spice_masala,,TM,Active,,,,,,,,,,,,,,
281,9500c7ef3f7544b0,Glowzybeauty,ACTIVE,No,bronze,"wz-501 1st floor gali no-1 Sri nagar shakur basti subhash place north west delhi 110034 , Hanuman mandir NEW DELHI 110034",2025-06-25,2025-07-21,30,3,631881220,gulglow99,"bath_essential_oil, shopsy_hair_volumizer, makeup_kit, shaving_cream, combo_kit, shampoo, toner, eye_cream, facial_kit, nail_paint_remover, eyelash_adhesive, eye_gel, make_up_remover, bronzer, false_eyelash, lip_plumper, face_wash, lip_stain, hair_oil, eye_shadow, blackhead_remover, blush, eyebrow_pencil, eyebrow_enhancer, concealer, nail_polish, primer",,,LSTLPPHPG35J5TSADWEMV1R7O,,,,+918510952108,+918506075189,tradingcoazad@gmail.com,tradingcoazad@gmail.com,No,Yes,June 2026 | July 2026 | August 2026,₹1.63 L | ₹1.68 L | ₹1.96 L,287 | 325 | 432,₹1.44 L | ₹1.47 L | ₹1.77 L, |  | 
,,,,,,,,,,,521624401,gulglow 99,"lip_liner, lip_gloss",,BAL,,,,,,,,,,,,,,,
,,,,,,,,,,,579547014,gulgow99,shopsy_hair_color,,PROD_IMAGE,,,,,,,,,,,,,,,
282,ef4ce13c8c334eaf,Essntlnotes,ACTIVE,No,silver,"ESSNTL NOTES, 2ND FLOOR, TOWER - D, SPECTRUM MALL PHASE - 1 Block-F , F Block , METRO STATION SECTOR 51 NOIDA 201303",2026-06-06,2026-06-13,1,1,612416776,ESSNTL NOTES,perfume,Yes,TM,Active,essntl.co.in,https://www.instagram.com/essntl.notes/,993,+919625111768,+919625111768,factory.of.essentials@gmail.com,factory.of.essentials@gmail.com,No,Yes,June 2026 | July 2026 | August 2026,₹0 | ₹921 | ₹0,0 | 1 | 0, |  | , |  | 
283,be4278616b67406c,MICRAFTS,ACTIVE,No,bronze,Near Radha govind college Nanpur District: MORADABAD State: UTTAR PRADESH MORADABAD 244001,2023-11-01,2023-12-20,4,4,620364808,Kitchen Storage,kitchen_rack,,PROD_IMAGE,Active,,,,+917983139370,+917983139370,mascoimpex01@gmail.com,mascoimpex01@gmail.com,No,No,June 2026 | July 2026 | August 2026 (MTD),"₹75,633 | ₹54,514 | ₹23,018",318 | 218 | 85, |  | , |  | 
,,,,,,,,,,,610682672,Fruit Basket,fruit_vegetable_basket,,PROD_IMAGE,Active,,,,,,,,,,,,,,
,,,,,,,,,,,608528229,Fruit Picker,garden_tool_set,,PROD_IMAGE,Active,,,,,,,,,,,,,,
,,,,,,,,,,,395058662,MASCO IMPEX,vase,Yes,LOGO,Active,,,,,,,,,,,,,,
284,e8e3feaaccc343ce,KARIHAPVTLTD,ACTIVE,Yes,gold,316 3rd Floor Nilkanth Plaza Near Kiranchowk to yogichowk Yogichowk District: SURAT State: GUJARAT SURAT 395011,2024-06-09,2024-06-09,2,1,438898329,KARIHA,"sewing_machine, mixer_grinder_juicer",,TM,Active,,,,+919978783839,+919978783839,kkoshiya34@gmail.com,kkoshiya34@gmail.com,No,Yes,June 2026 | July 2026 | August 2026,₹5.20 Lakh | ₹8.30 Lakh | ₹9.35 Lakh,"1,511 | 2,739 | 4,196", |  | , |  | 
285,c2b3da38960d4f90,SATPALGARDENINGTOOLS,ACTIVE,Yes,gold,"PLOT NO 204 Shree Nagar , Mirjapur Road ,Near HP Petrol Pump HISAR 125001",2022-12-25,2023-08-31,0,0,,,,,,,,,,+917206192343,+919050860346,Vishal.lot789@gmail.com,Vishal.lot789@gmail.com,No,No,June 2026 | July 2026 | August 2026,₹2.61 Lakh | ₹7.36 Lakh | ₹10.48 Lakh,"658 | 2,065 | 3,270", |  | , |  | 
286,4af8074e880a48b7,SWARYASATHJI,ACTIVE,No,bronze,Chhitahi Chhitahi District: MAHULI State: UTTAR PRADESH MAHULI 272172,2025-09-22,2025-09-26,18,10,604497467,Mandala Beauty,"bath_essential_oil, hair_serum, face_pack, massage_oil, toner, face_wash, eye_serum, hair_removal",,BAL,,,,,+917275932775,+917275932775,adishree08@yahoo.com,adishree08@yahoo.com,No,Yes,June 2026 | July 2026 | August 2026,-::: | +45.0%:::positive | +66.4%:::positive,"527 | 771 | 1,128", |  | , |  | 
,,,,,,,,,,,541145232,Khatu Naturals,hair_removal,,INVOICE,,,,,,,,,,,,,,,
,,,,,,,,,,,556105799,blestaaa essentialss,hair_removal,,INVOICE,,,,,,,,,,,,,,,
,,,,,,,,,,,574443468,keydiyam,toner,,INVOICE,,,,,,,,,,,,,,,
,,,,,,,,,,,572967862,Laxit,body_pain_relief,,INVOICE,,,,,,,,,,,,,,,
,,,,,,,,,,,546326271,sp 4,teeth_whitening_liquid,,INVOICE,,,,,,,,,,,,,,,
,,,,,,,,,,,559809853,EXOMOON,"toner, bath_essential_oil",,INVOICE,,,,,,,,,,,,,,,
,,,,,,,,,,,559590020,OSUFI,body_pain_relief,,INVOICE,,,,,,,,,,,,,,,
,,,,,,,,,,,545261341,Mielle,hair_oil,,INVOICE,,,,,,,,,,,,,,,
,,,,,,,,,,,545261052,Medicube,face_pack,,INVOICE,,,,,,,,,,,,,,,
287,650349d234d94cdc,TRHERBAL,ACTIVE,No,silver,"D 775,Inder Enclave phase 1, Kirari Suleman Nagar, Delhi 110086 Sanatan Dharm mandir NEW DELHI 110086",2025-04-03,2025-04-03,4,3,630516284,BRAND_1,vitamin_supplement,,,,,,,+919560706108,+919560706108,ashasharma12041992@gmail.com,ashasharma12041992@gmail.com,No,Yes,June 2026 | July 2026 | August 2026,-:::neutral | +9.6%:::positive | +21.9%:::positive,651 | 708 | 830, |  | , |  | 
,,,,,,,,,,,588362179,BRAND_2,spice_masala,,,,,,,,,,,,,,,,,
,,,,,,,,,,,525849403,TRH,"face_pack, herb_seasoning",,BAL,,,,,,,,,,,,,,,
288,9e15fad1682c4c4a,GROLYORGANIC,ACTIVE,No,silver,Near Kirti nagar police Chowki Near Kirti nagar police chowki JODHPUR 342304,2024-01-20,2024-03-11,18,3,488728224,groly,"rice, vitamin_supplement, spice_masala, nut_dry_fruit, herb_seasoning, candy_mouth_freshener, bath_essential_oil, henna, hair_treatment, face_pack, aftershave_lotion, skin_treatment, face_wash, body_skin_treatment, moisturizer_cream",Yes,TM,,,,,+917976101167,+917976101167,grolyorganic@gmail.com,grolyorganic@gmail.com,No,Yes,June 2026 | July 2026 | August 2026,₹2.34 Lakh | ₹2.86 Lakh | ₹2.42 Lakh,"1,243 | 1,549 | 1,231", |  | , |  | 
,,,,,,,,,,,584662420,BRAND_2,candy_mouth_freshener,,,,,,,,,,,,,,,,,
,,,,,,,,,,,584047243,BRAND_3,snack_savourie,,,,,,,,,,,,,,,,,
289,6fc9fc88f6904e1b,BAJRANGTRADERSS9,ONHOLD,No,bronze,ashram rood dayal medical GWALIOR 474012,2026-05-09,2026-05-25,10,3,617683773,raaga,"hair_treatment, moisturizer_cream, sunscreen, face_pack",,INVOICE,0,,,,+919713176574,+919713176574,dileepkushwah532@gmail.com,dileepkushwah532@gmail.com,No,No,June 2026 | July 2026 | August 2026,"₹8.02 L | ₹5,340 | ₹0",955 | 7 | 0, |  | , |  | 
,,,,,,,,,,,617328864,facetune,"sunscreen, face_wash, hair_treatment, moisturizer_cream, skin_treatment",,INVOICE,0,,,,,,,,,,,,,,
,,,,,,,,,,,609757303,Youth Face,moisturizer_cream,,INVOICE,0,,,,,,,,,,,,,,
290,cacb05dfe947465d,HORTICOGREENS,ACTIVE,No,bronze,"T.C. 79/1703-1, BNRA-3B-1, Vaishnavam, MLA Road, Balavan Nagar, , Balavan Nagar THIRUVANANTHAPURAM 695008",2026-02-12,2026-03-12,5,2,610064482,HorticoGreens,"jaggery, nut_dry_fruit, face_pack, skin_treatment",Yes,TM,Active,https://horticogreens.com/,https://www.instagram.com/horticogreens/,,+916235529849,+916235529849,info@horticogreens.com,info@horticogreens.com,Yes,Yes,June 2026 | July 2026 | August 2026,"₹2,427 | ₹3,895 | ₹1,826", |  | , |  | , |  | 
,,,,,,,,,,,579718014,BRAND_2,jaggery,,,Active,,,,,,,,,,,,,,
291,6ac42867cae943f0,BALUKADRYFRUITMART,ACTIVE,No,gold,"Ground Floor, Sohna Badam Apartment, Shop 3 Raj Bhavan Rd, Somajiguda, Hyderabad, Telangana HYDERABAD 500082",2025-10-24,2025-10-27,3,3,544211601,BALUKA MART,nut_dry_fruit,,TM,,,https://www.instagram.com/balukadryfruit/,152,+918670091666,+918670091666,roshniagarwal1234@gmail.com,roshniagarwal1234@gmail.com,No,Yes,June 2026 | July 2026 | August 2026,"₹1,319 | ₹13,681 | ₹59,342",3 | 43 | 129, |  | , |  | 
,,,,,,,,,,,543359096,BRAND_3,nut_dry_fruit,,TM,,,,,,,,,,,,,,,
,,,,,,,,,,,543359096,BRAND_3,nut_dry_fruit,,TM,,,,,,,,,,,,,,,
292,9d680611952c45c4,IKHODALENTERPRISE22,ACTIVE,No,bronze,"' Patanjali ' Shiv Dhara Residensy  , kuvadava raod rajkot RAJKOT 360003",2025-05-18,2025-05-19,0,0,,,,,,,,https://www.instagram.com/ikhodalenterprise/,14,+919408880905,+919408880905,jj2046392@gmail.com,jj2046392@gmail.com,No,Yes,June 2026 | July 2026 | August 2026,"₹2,586 | ₹4,660 | ₹1,763",14 | 29 | 9, |  | , |  | 
293,4c7bb8404e464e76,VIHOTENTERPRIS,ACTIVE,No,silver,"PLOT NO 9 SHOP NO-131 SHREE KHODIYAR society SMVS SWAMINARAYAN TEMPLE KE SAME Dabholi Road SURAT , SURAT SURAT 395004",2026-02-21,2026-02-24,0,0,,,,,,,,,,+919904339595,+919904339595,kbrflipkart@gmail.com,kbrflipkart@gmail.com,No,No,June 2026 | July 2026 | August 2026,"₹14,076 | ₹59,713 | ₹78,667",21 | 184 | 251, |  | , |  | 
294,2448a916c14a474d,AnkitEnterprisesstore,ACTIVE,No,bronze,Shekpura Ward No 35 SIKAR 332001,2023-01-12,2024-01-31,9,7,481406830,Life immune,"drinks_juice, vitamin_supplement, ayurvedic",Yes,BAL,10+,,https://www.instagram.com/life_immune/,,+918302151045,+918302151045,Ankitsain121.aa@gmail.com,Ankitsain121.aa@gmail.com,No,Yes,June 2026 | July 2026 | August 2026,₹3.23 Lakh | ₹3.04 Lakh | ₹2.41 Lakh,"1,045 | 1,003 | 796",₹3.10 Lakh | ₹2.86 Lakh | ₹2.29 Lakh, |  | 
,,,,,,,,,,,401557999,Ramoshdhee,vitamin_supplement,No,BAL,0,,,,,,,,,,,,,,
,,,,,,,,,,,395649943,KDM,headphone,No,,0,,,,,,,,,,,,,,
,,,,,,,,,,,580860698,MOM EARTH,drinks_juice,,BAL,6,,,,,,,,,,,,,,
,,,,,,,,,,,564311455,BRAND_5,drinks_juice,,,0,,,,,,,,,,,,,,
,,,,,,,,,,,401891554,BRAND_6,vitamin_supplement,,,0,,,,,,,,,,,,,,
,,,,,,,,,,,416300306,BRAND_7,ayurvedic,No,BAL,0,,,,,,,,,,,,,,
295,61232f4de44d44b6,SKGSSales,ACTIVE,Yes,gold,"Shop no 10, Somya residence, Keshav road Near Ujala circle, Sarkhej AHMEDABAD 382210",2022-02-03,2022-02-10,60,55,646635973,Trideyam,"skin_treatment, vitamin_supplement, ayurvedic",,TM,1,,,,+918238327250,+918238327250,khush.agarwal12max@gmail.com,khush.agarwal12max@gmail.com,No,Yes,June 2026 | July 2026 | August 2026,₹6.37 L | ₹5.86 L | ₹3.67 L,"1,909 | 1,760 | 1,080",₹5.69 L | ₹5.24 L | ₹3.30 L, |  | 
,,,,,,,,,,,621868380,Kelpy,vitamin_supplement,,INVOICE,,,,,,,,,,,,,,,
,,,,,,,,,,,621870095,Agaro,data_cable,,INVOICE,,,,,,,,,,,,,,,
,,,,,,,,,,,619321599,Sivvia,vitamin_supplement,,INVOICE,3,,,,,,,,,,,,,,
,,,,,,,,,,,617995113,Nippo,battery,,INVOICE,,,,,,,,,,,,,,,
,,,,,,,,,,,615689897,BigShine,moisturizer_cream,,INVOICE,,,,,,,,,,,,,,,
,,,,,,,,,,,615691701,Emucee,vitamin_supplement,,INVOICE,,,,,,,,,,,,,,,
,,,,,,,,,,,612999547,Protitas,protein_supplement,,INVOICE,,,,,,,,,,,,,,,
,,,,,,,,,,,612999265,Nevil,"ayurvedic, vitamin_supplement",,INVOICE,2,,,,,,,,,,,,,,
,,,,,,,,,,,610034303,Voltaren,body_pain_relief,,INVOICE,1,,,,,,,,,,,,,,
,,,,,,,,,,,606975537,Eldervit,vitamin_supplement,,INVOICE,,,,,,,,,,,,,,,
,,,,,,,,,,,561853133,BRAND_12,vitamin_supplement,,,,,,,,,,,,,,,,,
,,,,,,,,,,,606974471,D3,vitamin_supplement,,INVOICE,,,,,,,,,,,,,,,
,,,,,,,,,,,606973951,Zydus,vitamin_supplement,,INVOICE,,,,,,,,,,,,,,,
,,,,,,,,,,,606975060,Protifresh,protein_supplement,,INVOICE,,,,,,,,,,,,,,,
,,,,,,,,,,,606976154,Corsivvia,vitamin_supplement,,INVOICE,1,,,,,,,,,,,,,,
,,,,,,,,,,,606978115,Estrellas,vitamin_supplement,,INVOICE,3,,,,,,,,,,,,,,
,,,,,,,,,,,606976581,IIFA,vitamin_supplement,,INVOICE,,,,,,,,,,,,,,,
,,,,,,,,,,,606973565,Protisivvia,protein_supplement,,INVOICE,3,,,,,,,,,,,,,,
,,,,,,,,,,,606978500,Maxirich,vitamin_supplement,,INVOICE,,,,,,,,,,,,,,,
,,,,,,,,,,,606976471,Zinolvita,vitamin_supplement,,INVOICE,,,,,,,,,,,,,,,
,,,,,,,,,,,504044336,BRAND_22,energy_sport_drink_mix,,,,,,,,,,,,,,,,,
,,,,,,,,,,,606976311,Calcigen,vitamin_supplement,,INVOICE,,,,,,,,,,,,,,,
,,,,,,,,,,,606974273,Gencee,vitamin_supplement,,INVOICE,1,,,,,,,,,,,,,,
,,,,,,,,,,,606976884,Centrum,vitamin_supplement,,INVOICE,5,,,,,,,,,,,,,,
,,,,,,,,,,,228234246,Feel,cleanser,,INVOICE,,,,,,,,,,,,,,,
,,,,,,,,,,,606973763,Supradyn,vitamin_supplement,,INVOICE,2,,,,,,,,,,,,,,
,,,,,,,,,,,587568114,Dabur,"vitamin_supplement, ayurvedic",No,INVOICE,,,,,,,,,,,,,,,
,,,,,,,,,,,606978390,Hairvantage,vitamin_supplement,,INVOICE,,,,,,,,,,,,,,,
,,,,,,,,,,,606971820,Smart Laboratories,vitamin_supplement,,INVOICE,,,,,,,,,,,,,,,
,,,,,,,,,,,606977286,Sivvia health pro,vitamin_supplement,,INVOICE,3,,,,,,,,,,,,,,
,,,,,,,,,,,571254022,Colgate,toothpaste,,INVOICE,,,,,,,,,,,,,,,
,,,,,,,,,,,590719373,Duracell,battery,,INVOICE,,,,,,,,,,,,,,,
,,,,,,,,,,,555338057,Gooral,toothbrush,,PROD_IMAGE,,,,,,,,,,,,,,,
,,,,,,,,,,,585279254,Glamium,face_wash,,INVOICE,1,,,,,,,,,,,,,,
,,,,,,,,,,,552066313,Acnestar,face_wash,,INVOICE,,,,,,,,,,,,,,,
,,,,,,,,,,,567615153,Kesh Root,shampoo,,INVOICE,,,,,,,,,,,,,,,
,,,,,,,,,,,565880426,Lotus Flex,toothbrush,,LOGO,,,,,,,,,,,,,,,
,,,,,,,,,,,528641736,Enmoist,"body_wash, moisturizer_cream",,INVOICE,,,,,,,,,,,,,,,
,,,,,,,,,,,565403512,Sensodyne,toothbrush,,INVOICE,,,,,,,,,,,,,,,
,,,,,,,,,,,564152463,Wellmoist,moisturizer_cream,,INVOICE,,,,,,,,,,,,,,,
,,,,,,,,,,,564153559,Sensotas,toothpaste,,INVOICE,1,,,,,,,,,,,,,,
,,,,,,,,,,,555337868,Dentablist,toothpaste,,INVOICE,,,,,,,,,,,,,,,
,,,,,,,,,,,533484069,Ortholive,body_pain_relief,,INVOICE,,,,,,,,,,,,,,,
,,,,,,,,,,,533177200,Tinyface,soap,,INVOICE,,,,,,,,,,,,,,,
,,,,,,,,,,,532816214,Rashoff,moisturizer_cream,,INVOICE,2,,,,,,,,,,,,,,
,,,,,,,,,,,530913716,Melacare,face_wash,,INVOICE,,,,,,,,,,,,,,,
,,,,,,,,,,,530692273,Oakard,baby_care_combo,,INVOICE,,,,,,,,,,,,,,,
,,,,,,,,,,,529504213,Skeen glow,face_wash,,INVOICE,2,,,,,,,,,,,,,,
,,,,,,,,,,,528219218,Clinsol,face_wash,,INVOICE,,,,,,,,,,,,,,,
,,,,,,,,,,,528449918,Viagesic,body_pain_relief,,INVOICE,,,,,,,,,,,,,,,
,,,,,,,,,,,224482458,BRAND_52,ayurvedic,,OTHER,,,,,,,,,,,,,,,
,,,,,,,,,,,227957598,Acwash,face_wash,No,INVOICE,3,,,,,,,,,,,,,,
,,,,,,,,,,,225237958,Adutus plys,ayurvedic,,INVOICE,,,,,,,,,,,,,,,
,,,,,,,,,,,223450287,Diclowal,body_pain_relief,,INVOICE,1,,,,,,,,,,,,,,
296,d3e1a00beb3342e5,MMTOYS,ACTIVE,Yes,silver,Inside Khajuri gate Near Shiv Mandir GURDASPUR 143505,2015-03-27,2019-06-23,41,6,490373381,MM TOYS,"usb_gadget, balloon, bath_toy, ball, board_game, printer_filament, packaging_security_bag, coin_bank, shopsy_musical_toy, shopsy_role_play_toy, shopsy_learning_toy, block_construction, music_box, wind_spinner_toy, spin_press_launch_toy, outdoor_toy, action_figure, putty_toy, musical_toy, baby_rattle, stuffed_toy, doll_doll_house, vehicle_pull_along, remote_control_toy, role_play_toy, puzzle, learning_toy, toy_weapon, toy_bubble_maker, toy_sport, toy_accessory, art_craft_kit, shopsy_outdoor_toy",,BAL,active,,,,+919988692296,+919988692296,mmtoyworld@gmail.com,mmtoyworld@gmail.com,No,Yes,June 2026 | July 2026 | August 2026,₹13.46 L | ₹12.98 L | ₹16.03 L,"1,580 | 1,594 | 2,037",₹12.08 L | ₹11.47 L | ₹14.61 L, |  | 
,,,,,,,,,,,447620077,Panasonic,battery,,INVOICE,active,,,,,,,,,,,,,,
,,,,,,,,,,,447262024,PLATINUM TOYS,prayer_kit,,BAL,active,,,,,,,,,,,,,,
,,,,,,,,,,,431800487,LuvLap,"baby_bottle, breast_pump",No,INVOICE,active,,,,,,,,,,,,,,
,,,,,,,,,,,355776893,Nerf,toy_weapon,No,INVOICE,active,,,,,,,,,,,,,,
,,,,,,,,,,,336952761,Imagimake,"learning_toy, puzzle, art_craft_kit",No,OTHER,active,,,,,,,,,,,,,,
297,39b2266d512c4875,SAIRAIBOW,ACTIVE,No,silver,OPP BATCHU FOUNDATION SIVALAYAM STREET EAST GODAVARI 533437,2020-12-15,2020-12-26,27,25,648182822,Grocery Hub,rice,,INVOICE,,,,,+917660912809,+917660912809,srisaikalkitejaagencies@gmail.com,srisaikalkitejaagencies@gmail.com,No,Yes,June 2026 | July 2026 | August 2026,"₹2,079 | ₹77,700 | ₹49,918",3 | 258 | 169, |  | , |  | 
,,,,,,,,,,,648182737,kamadhenu,milk_powder,,INVOICE,,,,,,,,,,,,,,,
,,,,,,,,,,,645431807,MVR,rice,,INVOICE,,,,,,,,,,,,,,,
,,,,,,,,,,,645476778,Vanitha,flour,,INVOICE,,,,,,,,,,,,,,,
,,,,,,,,,,,619272329,Hello Life,edible_oil,,INVOICE,,,,,,,,,,,,,,,
,,,,,,,,,,,402790472,sai rainbow,"headphone, bangle_bracelet_armlet",,INVOICE,,,,,,,,,,,,,,,
,,,,,,,,,,,619271290,Gold Winner,edible_oil,,INVOICE,,,,,,,,,,,,,,,
,,,,,,,,,,,613298967,Matha,pickle_murabba,No,INVOICE,,,,,,,,,,,,,,,
,,,,,,,,,,,609699223,aishwarya,rice,,INVOICE,,,,,,,,,,,,,,,
,,,,,,,,,,,613298491,Hasini,vermicelli,No,INVOICE,,,,,,,,,,,,,,,
,,,,,,,,,,,619256927,Sunpure,edible_oil,,INVOICE,,,,,,,,,,,,,,,
,,,,,,,,,,,332495843,Rasna,concentrate,No,INVOICE,,,,,,,,,,,,,,,
,,,,,,,,,,,619129918,Freedom,edible_oil,,INVOICE,,,,,,,,,,,,,,,
,,,,,,,,,,,645828669,Amma Ruchi Foods,snack_savourie,,INVOICE,,,,,,,,,,,,,,,
,,,,,,,,,,,397090604,BRAND_15,spice_masala,,,,,,,,,,,,,,,,,
,,,,,,,,,,,619259591,FORTUNE,edible_oil,,INVOICE,,,,,,,,,,,,,,,
,,,,,,,,,,,349011310,BRAND_17,milk_powder,,,,,,,,,,,,,,,,,
,,,,,,,,,,,620033482,Black Gold,hair_color,,INVOICE,,,,,,,,,,,,,,,
,,,,,,,,,,,625231286,AXE,"perfume, deodorant",,INVOICE,,,,,,,,,,,,,,,
,,,,,,,,,,,619248867,Dabur,toothpaste,,INVOICE,,,,,,,,,,,,,,,
,,,,,,,,,,,131921418,TARA room freshner,air_freshener,No,INVOICE,,,,,,,,,,,,,,,
,,,,,,,,,,,396144672,taraa,air_freshener,,INVOICE,,,,,,,,,,,,,,,
,,,,,,,,,,,395347952,Pressfit,bulb,,PROD_IMAGE,,,,,,,,,,,,,,,
,,,,,,,,,,,166014055,Pigeon,chopper,No,INVOICE,,,,,,,,,,,,,,,
,,,,,,,,,,,135534251,All Time,bucket,No,INVOICE,,,,,,,,,,,,,,,
298,7d453b4a1c5445dc,MbsHandloom,ACTIVE,Yes,gold,Batra Colony Road indian oil petrol pump PANIPAT 132103,2019-11-09,2025-08-02,20,20,647640878,HR CARPET,carpet_rug,,PROD_IMAGE,,,https://www.instagram.com/hr_carpet_furnishing/,,+919671582264,+919671582264,guptanikhil12310@gmail.com,guptanikhil12310@gmail.com,No,Yes,June 2026 | July 2026 | August 2026,0.0%:::neutral | +20.9%:::positive | +3.0%:::positive,"8,259 | 9,953 | 10,755", |  | , |  | 
,,,,,,,,,,,642256976,HOME HACK,mat,,PROD_IMAGE,,,,,,,,,,,,,,,
,,,,,,,,,,,638204894,SHEMMO COMFORTS,cushion_pillow_cover,,PROD_IMAGE,,,,,,,,,,,,,,,
,,,,,,,,,,,638205621,Weava Home,mat,,PROD_IMAGE,,,,,,,,,,,,,,,
,,,,,,,,,,,635006822,Sunrise Decor,mat,,PROD_IMAGE,,,,,,,,,,,,,,,
,,,,,,,,,,,630286164,NARWAL'S COLLECTION,mat,,PROD_IMAGE,,,,,,,,,,,,,,,
,,,,,,,,,,,627751956,Flooring India,mat,,PROD_IMAGE,,,,,,,,,,,,,,,
,,,,,,,,,,,621028228,Dolce Casa,blanket,,PROD_IMAGE,,,,,,,,,,,,,,,
,,,,,,,,,,,619909586,VRPAN Enterprise,mat,,PROD_IMAGE,,,,,,,,,,,,,,,
,,,,,,,,,,,618311604,STAR TEX,mat,,PROD_IMAGE,,,,,,,,,,,,,,,
,,,,,,,,,,,616895645,KAYNAT CARPET,carpet_rug,,PROD_IMAGE,,,,,,,,,,,,,,,
,,,,,,,,,,,616808786,RUDRA HOME,sofa_fabric,,PROD_IMAGE,,,,,,,,,,,,,,,
,,,,,,,,,,,616807011,Being Handloom,slipcover,,PROD_IMAGE,,,,,,,,,,,,,,,
,,,,,,,,,,,616646435,NEW GLITER,mat,,PROD_IMAGE,,,,,,,,,,,,,,,
,,,,,,,,,,,616292288,Weave Luxe Home,blanket,,PROD_IMAGE,,,,,,,,,,,,,,,
,,,,,,,,,,,598719108,Hommie,mat,,PROD_IMAGE,,,,,,,,,,,,,,,
,,,,,,,,,,,609464340,LivSpacey,cushion_pillow_cover,,PROD_IMAGE,,,,,,,,,,,,,,,
,,,,,,,,,,,595740721,M.S.D.PRODUCTS,mat,,PROD_IMAGE,,,,,,,,,,,,,,,
,,,,,,,,,,,522869297,MAA HOME CONCEPT,mat,,LOGO,,,,,,,,,,,,,,,
,,,,,,,,,,,571440939,MY HOME,cushion_pillow_cover,,INVOICE,,,,,,,,,,,,,,,
299,1221a92ed9954f45,HARBALNEST,ACTIVE,No,silver,"101  SAFFRON PRIDE  PUSKARDHAM SOCIETY Madhapar , Madhapar , MADHAPAR RAJKOT 360006",2026-06-04,2026-06-17,2,2,612646289,BRAND_2,coffee,Yes,TM,,,,,+918140660970,+918140660970,infoatharbalnest@gmail.com,infoatharbalnest@gmail.com,No,Yes,June 2026 | July 2026 | August 2026,₹0 | ₹0 | ₹0,0 | 0 | 0, |  | , |  | 
,,,,,,,,,,,612646289,BRAND_2,coffee,Yes,TM,,,,,,,,,,,,,,,
300,7e0da6a4f5ce4dd3,WarBeast,ACTIVE,No,silver,vanshika Colony Govindpuri Modinagar Modinagar District: MODINAGAR State: UTTAR PRADESH MODINAGAR 201201,2026-04-18,2026-04-24,3,2,615730852,War Beast,"vitamin_supplement, shopsy_protein_supplement",Yes,TM,Active,na,https://www.instagram.com/mayaforbeast/,394,+919870819957,+919870819957,sahilmalik31311@gmail.com,sahilmalik31311@gmail.com,No,Yes,June 2026 | July 2026 | August 2026,"₹2,532 | ₹3,069 | ₹9,113",4 | 3 | 12,"₹2,532 | ₹1,863 | ₹7,963", |  | 
,,,,,,,,,,,615592152,BRAND_2,protein_supplement,,,,,,,,,,,,,,,,,
301,4b927e2b9ede4d6d,ABIndia,ACTIVE,No,gold,H NO 201 Gali No. 2 Near Madina Masjid Saboli Extension NEW DELHI 110093,2017-10-18,2022-04-14,13,12,520997546,AInuaim,shopsy_attar,,INVOICE,,,,,+919871274089,+919871274089,mrizwan213@gmail.com,mrizwan213@gmail.com,No,Yes,June 2026 | July 2026 | August 2026,₹1.52 Lakh | ₹1.85 Lakh | ₹2.06 Lakh,"768 | 914 | 1,030", |  | , |  | 
,,,,,,,,,,,522795208,Kyraan,attar,Yes,TM,,,,,,,,,,,,,,,
,,,,,,,,,,,273715905,White Gold,earring,Yes,LOGO,,,,,,,,,,,,,,,
,,,,,,,,,,,264970450,ECO,"garment_cover, packaging_security_bag",Yes,MRP_IMAGE,,,,,,,,,,,,,,,
,,,,,,,,,,,409485308,Paradise,attar,,INVOICE,,,,,,,,,,,,,,,
,,,,,,,,,,,377147278,ROOHI,attar,,INVOICE,,,,,,,,,,,,,,,
,,,,,,,,,,,366226749,Nemat,attar,,INVOICE,,,,,,,,,,,,,,,
,,,,,,,,,,,366230254,Altaiba,attar,,INVOICE,,,,,,,,,,,,,,,
,,,,,,,,,,,286080444,Emirates,attar,No,INVOICE,,,,,,,,,,,,,,,
,,,,,,,,,,,279658213,Meena,attar,No,INVOICE,,,,,,,,,,,,,,,
,,,,,,,,,,,270690969,ZAM ZAM PERFUMERS,attar,No,INVOICE,,,,,,,,,,,,,,,
,,,,,,,,,,,238482192,century,rubber_band,No,,,,,,,,,,,,,,,,
302,509350058e4a4ee1,ARMASNATURALS0,ACTIVE,No,silver,"J 256 sector 1 dsidc bawana ind area delhi 39 , J 256 sector 1 NEW DELHI 110039",2025-09-17,2025-10-11,8,2,629936101,Armas Naturals,"slipper_flip_flop, electric_cooking_heater, water_geyser, induction_cook_top, hair_fragrance, dhoop_cone, incense_stick",,PROD_IMAGE,,,,,+919711566697,+919711566697,armasnaturals@gmail.com,armasnaturals@gmail.com,No,No,June 2026 | July 2026 | August 2026,- ::: neutral | +18098.1% ::: positive | +33.5% ::: positive,1 | 244 | 300, |  | , |  | 
,,,,,,,,,,,617408055,Armas Natural,attar,,INVOICE,,,,,,,,,,,,,,,
303,0533b15c98c146f9,theadityaenterprice,ACTIVE,No,bronze,"aditya pedak road, near swimingpool,raj geraj street, gulabwadi-2, , PN-157 RAJKOT 360003",2026-02-28,2026-06-13,0,0,,,,,,,,,,+919687986787,+919687986787,TARAPADADIVYESH@GMAIL.COM,TARAPADADIVYESH@GMAIL.COM,No,No,June 2026 | July 2026 | August 2026,"₹5,516 | ₹20,515 | ₹32,032",33 | 111 | 156, |  | , |  | 
304,ebd0e62617834be1,LASTUMELUXURY,ACTIVE,No,silver,"house no -37 , sector -3  part 2 , near session court Sector 3 REWARI 123401",2025-12-11,2026-02-12,1,1,577856541,Lastume luxury,perfume,Yes,TM,,https://lastumeluxury.com/,,,+919991857503,+919991857503,lastumeluxury@gmail.com,lastumeluxury@gmail.com,No,Yes,June 2026 | July 2026 | August 2026,"₹13,856 | ₹1,266 | ₹4,466",9 | 2 | 3, |  | , |  | 
305,4f2ed4d7aa944f48,SRENTERPRISE02,ACTIVE,Yes,silver,virani aghat Ghanshyam nagar RAJKOT 360002,2024-08-01,2024-08-02,9,3,565063011,Panchanan Enteprise,shopsy_kitchen_knife,,PROD_IMAGE,0,,https://www.instagram.com/__panchanan_/,"1,075",+918320098905,+918320098905,srenterprise20000@gmail.com,srenterprise20000@gmail.com,No,Yes,June 2026 | July 2026 | August 2026,- :::neutral | -32.9% :::negative | -30.8% :::negative,"3,559 | 2,281 | 1,564", |  | , |  | 
,,,,,,,,,,,564375121,EBBSTONE,knife_tool,,TM,0,,,,,,,,,,,,,,
,,,,,,,,,,,484280924,Kappali,"puzzle, vehicle_pull_along, board_game, stacking_toy, shopsy_puzzle, learning_toy, block_construction",,,0,,,,,,,,,,,,,,
306,618d32f198ed4f6d,SSTraderHab,ONBOARDING,No,bronze,"3031, Bal Bharti School St, Ward 30 Block B, Vishnu Garden.Sector 105, Gurugram, Pawala Khasrupur , Bal Bharti School GURGAON 122006",2026-06-07,,0,0,,,,,,,,,,+918873281300,+918873281300,rahulpatil8021@gmail.com,rahulpatil8021@gmail.com,No,No,June 2026 | July 2026 | August 2026,₹0 | ₹0 | ₹0, |  | , |  | , |  | 
307,fec1401c3c70426a,ROBUX,ACTIVE,No,bronze,"ground floor, house no - 12, singankheda, Khizarpur Rampur Rampur, Landmark : khizarpur District : Rampur State : Uttar Pradesh BILASPUR 244921",2024-07-24,2024-07-27,1,1,451811020,SUN SHINE,vacuum_bag_sealer,Yes,PROD_IMAGE,active,,https://www.instagram.com/_sun_shine_xx_/,225K,+918433472459,+918433472459,shahnawazalillc@gmail.com,shahnawazalillc@gmail.com,No,Yes,June 2026 | July 2026 | August 2026,₹1.8 L | ₹6.9 L | ₹3.5 L,"677 | 2,428 | 1,189", |  | , |  | 
308,d613666d91044528,ToyEx,ACTIVE,No,bronze,"213 secound florr , BIZ HUB, near: 99shopping center, Sayan Rd, Brahmani Nagar Society, Amroli, Surat, Gujarat SURAT 394107",2024-09-04,2024-09-07,10,5,605321019,infinity love,"massager, women_intimate_care, doll_doll_house, condom",,BAL,active,,,,+919265981213,+919265981213,171darshakramani@gmail.com,171darshakramani@gmail.com,No,Yes,June 2026 | July 2026 | August 2026,₹3.02 L | ₹1.85 L | ₹1.60 L,82 | 55 | 88,₹2.35 L | ₹1.37 L | ₹1.59 L, |  | 
,,,,,,,,,,,603845729,TOYEX,"massager, art_craft_kit, condom",Yes,TM,active,,,,,,,,,,,,,,
,,,,,,,,,,,599195897,BRAND_3,massager,,BAL,active,,,,,,,,,,,,,,
,,,,,,,,,,,590218463,infinty love,lubricant,,BAL,active,,,,,,,,,,,,,,
,,,,,,,,,,,590219519,INFIONITY LOVE,women_intimate_care,,BAL,active,,,,,,,,,,,,,,
309,313ed1e4e1ab4010,Mayankrungta,ACTIVE,No,silver,"Vtp hilife, tower 2, 301, Datta mandir road, mangal nagar wakad , Dmart PUNE 411033",2026-05-20,2026-06-17,2,2,611933631,Indori tadka,snack_savourie,Yes,INVOICE,active,,https://www.instagram.com/indori_desi_tadka/,236,+918287164661,+918287164661,mayankrungta9@gmail.com,mayankrungta9@gmail.com,No,Yes,June 2026 | July 2026 | August 2026,"₹0 | ₹40,307 | ₹75,039",0 | 311 | 475,"₹0 | ₹34,152 | ₹63,314", |  | 
,,,,,,,,,,,607084037,BRAND_2,snack_savourie,Yes,INVOICE,,,,,,,,,,,,,,,
310,2a9dbd77dd954e5c,PHAGANMALANDSONS,ACTIVE,No,bronze,"SAKAR BAZAR DANAPITH , MENDI CHOWK BHAVNAGAR 364001",2024-12-12,2024-12-13,2,2,602835957,SHEE SHRESHTH,snack_savourie,Yes,TM,LSTSNSHNFSMJGZXZXNXDLSE8Z,,https://www.instagram.com/_.shreshth._04/,204,+919979994977,+919979994977,phaganmalnsons@gmail.com,phaganmalnsons@gmail.com,No,Yes,June 2026 | July 2026 | August 2026,"₹221 | ₹1,566 | ₹2,485",2 | 16 | 22, |  | , |  | 
,,,,,,,,,,,473236159,BRAND_2,snack_savourie,,,,,,,,,,,,,,,,,
311,475b1dc1e24a43fb,TOYVERSEPRIME,ACTIVE,No,gold,"208, Second Flore, ABC - Apple Bussiness Center Canal Road, kamrej , Wisdom internation school SURAT 394180",2025-11-21,2025-12-25,3,2,566113873,SparkToy,"role_play_toy, remote_control_toy",No,BAL,1 Inactive Listing (0 Active),,,,+919638982089,+919638982089,jbenterprise892@gmail.com,jbenterprise892@gmail.com,No,Yes,,,,,
,,,,,,,,,,,553579028,PrimeShield,condom,No,BAL,10 Active Listings,,,,,,,,,,,,,,
312,828d16bb771749d8,SakhiyaaEnterprise,ACTIVE,No,silver,"208, abc ,canal road ,kamrej, pincode 394185 Kamrej SURAT 394185",2024-08-04,2025-01-17,3,3,560727170,SparkToy,remote_control_toy,No,BAL,No listings found under your seller account,,,,+919512468798,+919512468798,meetsakhiya06289@gmail.com,meetsakhiya06289@gmail.com,No,Yes,June 2026 | July 2026 | August 2026,"₹1.4 L | ₹99,893 | ₹49,067",341 | 246 | 117,"₹1.2 L | ₹83,248 | ₹41,929", |  | 
,,,,,,,,,,,509198019,PrimeShield,condom,Yes,TM,"23 Active Listings (e.g., LOU_____09 / LSTCDMHJYH22PMJ9DFFA4HHUI)",,,,,,,,,,,,,,
,,,,,,,,,,,471581439,highherbs,massage_oil,,BAL,0 Active Listings (1 Inactive listing: TEETH____0001),,,,,,,,,,,,,,
313,91de97c82a254312,baidyanursery,ACTIVE,No,bronze,"Supriyo Pally, 3rd house, Blue colour Sulanggari KOLKATA 700059",2025-11-12,2025-11-21,0,0,,,,,,,,,,+919123397768,+919123397768,baidyanursery65@gmail.com,baidyanursery65@gmail.com,No,No,June 2026 | July 2026 | August 2026,"₹6,852 | ₹24,528 | ₹60,231",38 | 127 | 312, |  | , |  | 
314,0573a54b544e44c0,Elhlix,ACTIVE,No,bronze,61-62 krushna nagar society near multipurpose hall katargam surat. Krishna Nagar SURAT 395004,2026-05-13,2026-05-14,8,4,620104110,Elhlix,anti_snoring_device,,TM,,,https://www.instagram.com/elhlix_jss.00/,156,+916351752691,+916351752691,namramangukiya1582005@gmail.com,namramangukiya1582005@gmail.com,No,Yes,June 2026 | July 2026 | August 2026,"₹1.11 L | ₹33,482 | ₹2,491",323 | 62 | 8, |  | , |  | 
,,,,,,,,,,,612558658,Excitent,"toy_sport, outdoor_toy, musical_toy, sewing_kit, action_figure",,,,,,,,,,,,,,,,,
,,,,,,,,,,,610762640,DZX-RE,umbrella,,PROD_IMAGE,,,,,,,,,,,,,,,
,,,,,,,,,,,610175989,R-RGK,umbrella,,PROD_IMAGE,,,,,,,,,,,,,,,
315,bdff40bc5d5d4f57,adsstudioaliganj,ACTIVE,Yes,silver,ADS STUDIO In Fount Dayal Garden Aliganj ALIGANJ 207247,2025-03-30,2025-07-26,2,1,633814258,ADS STUDIO,"wall_clock, battery_charger",Yes,INVOICE,,,https://www.instagram.com/studio/,523,+917055534334,+917055534334,adsaliganj@gmail.com,adsaliganj@gmail.com,No,Yes,June 2026 | July 2026 | August 2026,₹63.6 K | ₹1.07 Lakh | ₹1.08 Lakh,71 | 125 | 126, |  | , |  | 
316,e6bad0576af44956,MRKHETIVALAH,ACTIVE,No,gold,"217,  Vinayak Arcade ,Krishna Twp Rd Krishna Park Township, Mota varacha ,surat SURAT 394101",2026-03-29,2026-04-25,5,2,595015378,BRAND_1,vitamin_supplement,,,active,,,,+919898268728,+919913287840,mrkhetivalah1394@gmail.com,mrkhetivalah1394@gmail.com,No,Yes,June 2026 | July 2026 | August 2026,"₹11,159 | ₹19,683 | ₹86,541",61 | 121 | 588,"₹10,523 | ₹18,768 | ₹79,900", |  | 
,,,,,,,,,,,595732216,MR. KHETIVALAH,"vitamin_supplement, sindoor, hair_treatment, face_pack",Yes,TM,active,,,,,,,,,,,,,,
317,dcb98458d11d458c,HUJIQSALES,ACTIVE,No,bronze,"2ND FLOOR PLOT NO.5 Bhagu Nagar Society, Singanpor Road Surat , Gujarat 395004 causeway road, surat , Radhe Shyam Society Singanpor Surat, Gujarat 395004 SURAT 395004",2026-05-08,2026-05-09,3,2,617484096,hujiqsales,"stuffed_toy, block_construction",,TM,,,,,+919081090594,+919081090594,truvitasolanki@gmail.com,truvitasolanki@gmail.com,No,Yes,June 2026 | July 2026,"₹70,769 | ₹1.3 L", | , | , | 
,,,,,,,,,,,611095825,TAPUJI,musical_toy,,TM,,,,,,,,,,,,,,,
318,d8fa24ea3836444a,RMUSIC111,ACTIVE,No,bronze,"Fifth Floor,  Flat No.H-503, Sun Shantam New , Chapprabhatta , New Katargam SURAT 394520",2026-06-09,2026-06-13,1,1,613664269,R MUSIC,glass,,PROD_IMAGE,,,,,+919327475203,+919327475203,RISHABHVADODARIYA99@GMAIL.COM,RISHABHVADODARIYA99@GMAIL.COM,No,No,June 2026 | July 2026 | August 2026,"₹1,818 | ₹23,107 | ₹2,366",4 | 46 | 5, |  | , |  | 
