Sr No,Customer ID,Account Name,Support Manager,Seller Tier,Signed Up Date,Live Date,Brand List,Listing Brand,Is Brand,Brand Name,Mobile Number,Registered Mobile Number,Email ID,Registered Email ID
1002,61d1dce608ae4001,TeeGlee,Yes,bronze,2023-08-19,2024-02-09,,,,,,,,
1003,04ba2efbb0af4490,TrendyTrends7,Yes,gold,2025-02-10,2025-02-12,,,,,,,,
1004,bd5d8021371c4a2e,PrintNestt,No,bronze,2025-12-05,2025-12-06,"Printnest Boys & Girls Printed Cotton Blend Regular T Shirt (White, Pack of 1)",Printnest,Possibly a Brand,Printnest,+917289908739,+917289908739,shrikhatunaresh1994@gmail.com,shrikhatunaresh1994@gmail.com
,,,,,,,"Printnest Boys & Girls Printed Cotton Blend Regular T Shirt (White, Pack of 1)",Printnest,,,,,,
,,,,,,,"Printnest Boys & Girls Printed Cotton Blend Regular T Shirt (White, Pack of 1)",Printnest,,,,,,
,,,,,,,"Printnest Boys & Girls Printed Cotton Blend Regular T Shirt (White, Pack of 1)",Printnest,,,,,,
,,,,,,,"Printnest Baby Girls Graphic Print Cotton Blend Regular T Shirt (White, Pack of 1)",Printnest,,,,,,
,,,,,,,"Printnest Baby Girls Graphic Print Cotton Blend Regular T Shirt (White, Pack of 1)",Printnest,,,,,,
,,,,,,,"Printnest Baby Girls Graphic Print Cotton Blend Regular T Shirt (White, Pack of 1)",Printnest,,,,,,
,,,,,,,"Printnest Boys & Girls Printed Cotton Blend Regular T Shirt (White, Pack of 1)",Printnest,,,,,,
,,,,,,,"Printnest Boys & Girls Printed Cotton Blend Regular T Shirt (White, Pack of 1)",Printnest,,,,,,
,,,,,,,"Printnest Boys & Girls Printed Cotton Blend Regular T Shirt (White, Pack of 1)",Printnest,,,,,,
,,,,,,,"Printnest Boys & Girls Printed Cotton Blend Regular T Shirt (White, Pack of 1)",Printnest,,,,,,
,,,,,,,"Printnest Boys & Girls Printed Cotton Blend Regular T Shirt (White, Pack of 1)",Printnest,,,,,,
,,,,,,,"Printnest Boys & Girls Printed Cotton Blend Regular T Shirt (White, Pack of 1)",Printnest,,,,,,
,,,,,,,"Printnest Boys & Girls Graphic Print Cotton Blend Regular T Shirt (White, Pack of 1)",Printnest,,,,,,
,,,,,,,"Printnest Boys & Girls Printed Cotton Blend Regular T Shirt (White, Pack of 1)",Printnest,,,,,,
,,,,,,,"Dad Dream Boys & Girls Printed Cotton Blend Regular T Shirt (White, Pack of 1)",Dad Dream,,,,,,
,,,,,,,"Dad Dream Boys & Girls Printed Cotton Blend Regular T Shirt (White, Pack of 1)",Dad Dream,,,,,,
,,,,,,,"Printnest Boys & Girls Printed Cotton Blend Regular T Shirt (Black, Pack of 1)",Printnest,,,,,,
,,,,,,,"Printnest Boys & Girls Printed Cotton Blend Regular T Shirt (White, Pack of 1)",Printnest,,,,,,
,,,,,,,"Printnest Boys & Girls Printed Cotton Blend Regular T Shirt (White, Pack of 1)",Printnest,,,,,,
1005,ca73c4fec1e64e84,SLICS,No,silver,2022-03-29,2022-03-31,"SLICS Printed Men Round Neck Black, Green T-Shirt",SLICS,Possibly a Brand,SLICS,+919500494705,+919500494705,Alffahealth@gmail.com,Alffahealth@gmail.com
,,,,,,,SLICS Typography Men V Neck White T-Shirt,SLICS,,,,,,
,,,,,,,"SLICS Printed, Typography Men Round Neck Green T-Shirt",SLICS,,,,,,
,,,,,,,SLICS Typography Men V Neck White T-Shirt,SLICS,,,,,,
,,,,,,,SLICS Printed Men Round Neck Multicolor T-Shirt,SLICS,,,,,,
,,,,,,,SLICS Printed Men Round Neck Black T-Shirt,SLICS,,,,,,
,,,,,,,SLICS Printed Men Round Neck Blue T-Shirt,SLICS,,,,,,
,,,,,,,"SLICS Printed Men Round Neck Black, Green T-Shirt",SLICS,,,,,,
,,,,,,,"SLICS Printed Men Round Neck Black, Green T-Shirt",SLICS,,,,,,
,,,,,,,"SLICS Printed, Typography Men Round Neck Black T-Shirt",SLICS,,,,,,
,,,,,,,SLICS Printed Men Round Neck Multicolor T-Shirt,SLICS,,,,,,
,,,,,,,SLICS Printed Men Round Neck Black T-Shirt,SLICS,,,,,,
,,,,,,,SLICS Printed Men Round Neck Blue T-Shirt,SLICS,,,,,,
,,,,,,,SLICS Printed Men Round Neck Yellow T-Shirt,SLICS,,,,,,
,,,,,,,SLICS Printed Men Round Neck Dark Blue T-Shirt,SLICS,,,,,,
,,,,,,,SLICS Printed Men Round Neck Blue T-Shirt,SLICS,,,,,,
,,,,,,,SLICS Printed Men Round Neck Orange T-Shirt,SLICS,,,,,,
,,,,,,,SLICS Printed Men Round Neck Green T-Shirt,SLICS,,,,,,
,,,,,,,SLICS Printed Men Round Neck Blue T-Shirt,SLICS,,,,,,
,,,,,,,SLICS Typography Men Round Neck Blue T-Shirt,SLICS,,,,,,
1006,5f8fd58164104525,SamridhiGarment,Yes,bronze,2017-11-12,2018-03-17,,,,,,,,
1007,a672c1370c26415c,RASHIFASHIONHUB,No,silver,2025-07-12,2025-07-15,Osjs Casual Solid Women Purple Top,Osjs,Possibly a Brand,JSK Creation,+917054497092,+917054497092,rashiindustries93@gmail.com,rashiindustries93@gmail.com
,,,,,,,"JSK Creation Girls Graphic Print Cotton Blend T Shirt (Multicolor, Pack of 2)",JSK Creation,,,,,,
,,,,,,,"JSK Creation Girls Graphic Print Cotton Blend T Shirt (Multicolor, Pack of 2)",JSK Creation,,,,,,
,,,,,,,"JSK Creation Girls Graphic Print Cotton Blend T Shirt (Multicolor, Pack of 2)",JSK Creation,,,,,,
,,,,,,,"JSK Creation Girls Graphic Print Cotton Blend T Shirt (Multicolor, Pack of 2)",JSK Creation,,,,,,
,,,,,,,"JSK Creation Girls Graphic Print Cotton Blend T Shirt (Multicolor, Pack of 2)",JSK Creation,,,,,,
,,,,,,,"JSK Creation Girls Graphic Print Cotton Blend T Shirt (Multicolor, Pack of 2)",JSK Creation,,,,,,
,,,,,,,"JSK Creation Girls Graphic Print Cotton Blend T Shirt (Multicolor, Pack of 2)",JSK Creation,,,,,,
,,,,,,,"JSK Creation Girls Graphic Print Cotton Blend T Shirt (Multicolor, Pack of 2)",JSK Creation,,,,,,
,,,,,,,"JSK Creation Girls Graphic Print Cotton Blend T Shirt (Multicolor, Pack of 2)",JSK Creation,,,,,,
,,,,,,,"JSK Creation Girls Graphic Print Cotton Blend T Shirt (Multicolor, Pack of 2)",JSK Creation,,,,,,
,,,,,,,"JSK Creation Girls Graphic Print Cotton Blend T Shirt (Multicolor, Pack of 2)",JSK Creation,,,,,,
,,,,,,,"JSK Creation Girls Graphic Print Cotton Blend T Shirt (Yellow, Pack of 1)",JSK Creation,,,,,,
,,,,,,,"JSK Creation Girls Graphic Print Cotton Blend T Shirt (White, Pack of 1)",JSK Creation,,,,,,
,,,,,,,"JSK Creation Girls Graphic Print Cotton Blend T Shirt (Pink, Pack of 1)",JSK Creation,,,,,,
,,,,,,,"JSK Creation Girls Graphic Print Cotton Blend T Shirt (Light Blue, Pack of 1)",JSK Creation,,,,,,
,,,,,,,"JSK Creation Girls Graphic Print Cotton Blend T Shirt (Red, Pack of 1)",JSK Creation,,,,,,
,,,,,,,"JSK Creation Girls Graphic Print Cotton Blend T Shirt (Green, Pack of 1)",JSK Creation,,,,,,
,,,,,,,"JSK Creation Girls Graphic Print Cotton Blend T Shirt (Maroon, Pack of 1)",JSK Creation,,,,,,
,,,,,,,"JSK Creation Girls Graphic Print Cotton Blend T Shirt (Red, Pack of 1)",JSK Creation,,,,,,
1008,d1e7508a955f4c40,AKASHHOSIERY,No,bronze,2022-03-26,2022-04-06,"Kid's Yuga Boys Printed Cotton Blend Regular T Shirt (White, Pack of 1)",Kid's Yuga,Possibly a Brand,Kid's Yuga,+918527589679,+918527589679,Akashhosiery22@gmail.com,Akashhosiery22@gmail.com
,,,,,,,"Kid's Yuga Boys Printed Cotton Blend Regular T Shirt (White, Pack of 1)",Kid's Yuga,,,,,,
,,,,,,,"Kid's Yuga Boys Printed Cotton Blend Regular T Shirt (White, Pack of 1)",Kid's Yuga,,,,,,
,,,,,,,"Kid's Yuga Boys Printed Cotton Blend Regular T Shirt (White, Pack of 1)",Kid's Yuga,,,,,,
,,,,,,,Kid's Yuga Girls Solid Casual Grey Shirt,Kid's Yuga,,,,,,
,,,,,,,"Kid's Yuga Boys Printed Cotton Blend Regular T Shirt (White, Pack of 1)",Kid's Yuga,,,,,,
,,,,,,,"Kid's Yuga Boys Graphic Print Polyester Regular T Shirt (White, Pack of 1)",Kid's Yuga,,,,,,
,,,,,,,"Kid's Yuga Boys Printed Cotton Blend Regular T Shirt (White, Pack of 1)",Kid's Yuga,,,,,,
,,,,,,,"Kid's Yuga Girls Casual Rayon A-line Top (Grey, Pack of 1)",Kid's Yuga,,,,,,
,,,,,,,"Kid's Yuga Boys Printed Polyester Regular T Shirt (White, Pack of 1)",Kid's Yuga,,,,,,
,,,,,,,"Kid's Yuga Boys Printed Cotton Blend Regular T Shirt (White, Pack of 1)",Kid's Yuga,,,,,,
,,,,,,,"Kid's Yuga Girls Casual Rayon Top (White, Pack of 1)",Kid's Yuga,,,,,,
,,,,,,,"Kid's Yuga Girls Casual Rayon Top (Blue, Pack of 1)",Kid's Yuga,,,,,,
,,,,,,,"Kid's Yuga Boys Printed Cotton Blend Regular T Shirt (White, Pack of 1)",Kid's Yuga,,,,,,
,,,,,,,"Kid's Yuga Boys Printed Cotton Blend Regular T Shirt (White, Pack of 1)",Kid's Yuga,,,,,,
,,,,,,,"Kid's Yuga Baby Boys & Baby Girls Printed Polyester Regular T Shirt (White, Pack of 1)",Kid's Yuga,,,,,,
,,,,,,,"Kid's Yuga Boys Graphic Print Polyester Regular T Shirt (White, Pack of 1)",Kid's Yuga,,,,,,
,,,,,,,"Kid's Yuga Boys Printed Cotton Blend Regular T Shirt (White, Pack of 1)",Kid's Yuga,,,,,,
,,,,,,,"Kid's Yuga Boys Printed Cotton Blend Regular T Shirt (White, Pack of 1)",Kid's Yuga,,,,,,
,,,,,,,"Kid's Yuga Baby Boys & Baby Girls Graphic Print Polyester Regular T Shirt (White, Pack of 1)",Kid's Yuga,,,,,,
1009,c6f73ead45cd4435,AlanJonesClothing,Yes,silver,2014-11-27,2015-01-30,,,,,,,,
1010,bfc1f8d422c44962,FASLA PRODUCTS PVT LTD,Yes,silver,2019-01-23,2019-03-29,,,,,,,,
1011,767d0940e87945d9,A b textile,No,bronze,2019-07-20,2025-05-01,AAHL FASHION Flared/A-line Gown (Pink),AAHL FASHION,Possibly a Brand,aahil fashion,+917003930855,+917003930855,a.b.textilefashion@gmail.com,a.b.textilefashion@gmail.com
,,,,,,,AAHL FASHION Flared/A-line Gown (Pink),AAHL FASHION,,,,,,
,,,,,,,"aahil fashion Girls Festive & Party Kurta, Pyjama & Dupatta Set (Purple Pack of 1)",aahil fashion,,,,,,
,,,,,,,aahil fashion Baby Girls Party(Festive) Top Shorts (BLACK),aahil fashion,,,,,,
,,,,,,,aahil fashion Girls Party(Festive) Dress Jacket (PINK),aahil fashion,,,,,,
,,,,,,,aahil fashion Baby Girls Party(Festive) Top Shorts (MAROON),aahil fashion,,,,,,
,,,,,,,aahil fashion Girls Party(Festive) Dress Jacket (PINK),aahil fashion,,,,,,
,,,,,,,AAHL FASHION Flared/A-line Gown (Orange),AAHL FASHION,,,,,,
,,,,,,,aahil fashion Baby Girls Party(Festive) Top Shorts (Purple),aahil fashion,,,,,,
,,,,,,,aahil fashion Baby Girls Party(Festive) Top Shorts (BLACK),aahil fashion,,,,,,
,,,,,,,"aahil fashion Girls Festive & Party Kurta, Pyjama & Dupatta Set (Purple Pack of 1)",aahil fashion,,,,,,
,,,,,,,AAHL FASHION Flared/A-line Gown (Orange),AAHL FASHION,,,,,,
,,,,,,,"aahil fashion Girls Festive & Party Kurta, Pyjama & Dupatta Set (Purple Pack of 1)",aahil fashion,,,,,,
,,,,,,,AAHL FASHION Flared/A-line Gown (Pink),AAHL FASHION,,,,,,
,,,,,,,aahil fashion Baby Girls Party(Festive) Top Shorts (Purple),aahil fashion,,,,,,
,,,,,,,aahil fashion Girls Party(Festive) Dress Jacket (PINK),aahil fashion,,,,,,
,,,,,,,AAHL FASHION Flared/A-line Gown (Orange),AAHL FASHION,,,,,,
,,,,,,,AAHL FASHION Flared/A-line Gown (Yellow),AAHL FASHION,,,,,,
,,,,,,,aahil fashion Baby Girls Party(Festive) Top Shorts (BLACK),aahil fashion,,,,,,
,,,,,,,aahil fashion Baby Girls Party(Festive) Top Shorts (Purple),aahil fashion,,,,,,
1012,aea437d154e44c1a,KSCOLLECTIONSRE,Yes,silver,2026-04-23,2026-04-25,,,,,,,,
1013,b319ea097a3d4c8f,ZGGARMENTS,Yes,gold,2023-10-27,2023-11-02,,,,,,,,
1014,2d68f857e2924470,SRPFASHIONKIDS,Yes,gold,2025-12-05,2025-12-06,,,,,,,,
1015,b1cee273080642f1,HUMAIZAKIDSWEAR,No,silver,2025-12-15,2025-12-16,HUMAIZAKIDSWEAR Baby Boys & Baby Girls Casual T-shirt Track Pants (Multicolor),HUMAIZAKIDSWEAR,Possibly a Brand,HUMAIZAKIDSWEAR,+918910071246,+918910071246,sumairakidswear@gmail.com,sumairakidswear@gmail.com
,,,,,,,"HUMAIZAKIDSWEAR Boys Casual T-shirt T-shirt, Shorts (Orange)",HUMAIZAKIDSWEAR,,,,,,
,,,,,,,"HUMAIZAKIDSWEAR Baby Boys & Baby Girls Casual T-shirt Shorts (Cream, Pack of 1)",HUMAIZAKIDSWEAR,,,,,,
,,,,,,,HUMAIZAKIDSWEAR Baby Boys Casual T-shirt Pant (Light Blue),HUMAIZAKIDSWEAR,,,,,,
,,,,,,,HUMAIZAKIDSWEAR Baby Girls Casual T-shirt Pant (Light Orange),HUMAIZAKIDSWEAR,,,,,,
,,,,,,,"HUMAIZAKIDSWEAR Boys Casual T-shirt T-shirt, Shorts (Orange)",HUMAIZAKIDSWEAR,,,,,,
,,,,,,,"HUMAIZAKIDSWEAR Boys Party(Festive) Shirt Shirt, Shorts (Blue, Pack of 1)",HUMAIZAKIDSWEAR,,,,,,
,,,,,,,"HUMAIZAKIDSWEAR Boys Party(Festive) Shirt Shirt, Shorts (Blue, Pack of 1)",HUMAIZAKIDSWEAR,,,,,,
,,,,,,,"HUMAIZAKIDSWEAR Boys Casual T-shirt Pant (Yellow, Black, Pack of 1)",HUMAIZAKIDSWEAR,,,,,,
,,,,,,,"HUMAIZAKIDSWEAR Boys Casual T-shirt T-shirt, Shorts (Orange)",HUMAIZAKIDSWEAR,,,,,,
,,,,,,,HUMAIZAKIDSWEAR Boys Casual T-shirt Pant (Light Blue),HUMAIZAKIDSWEAR,,,,,,
,,,,,,,HUMAIZAKIDSWEAR Girls Casual Sweatshirt Pant (Multicolor),HUMAIZAKIDSWEAR,,,,,,
,,,,,,,HUMAIZAKIDSWEAR Baby Girls Casual T-shirt Pant (Purple),HUMAIZAKIDSWEAR,,,,,,
,,,,,,,HUMAIZAKIDSWEAR Baby Boys & Baby Girls Casual T-shirt Track Pants (Multicolor),HUMAIZAKIDSWEAR,,,,,,
,,,,,,,"HUMAIZAKIDSWEAR Boys Casual T-shirt Bloomer (Red, Black, Pack of 1)",HUMAIZAKIDSWEAR,,,,,,
,,,,,,,HUMAIZAKIDSWEAR Baby Boys & Baby Girls Casual T-shirt Track Pants (na),HUMAIZAKIDSWEAR,,,,,,
,,,,,,,HUMAIZAKIDSWEAR Baby Boys & Baby Girls Casual T-shirt Track Pants (na),HUMAIZAKIDSWEAR,,,,,,
,,,,,,,HUMAIZAKIDSWEAR Baby Boys & Baby Girls Casual T-shirt Track Pants (Multicolor),HUMAIZAKIDSWEAR,,,,,,
,,,,,,,"HUMAIZAKIDSWEAR Boys Casual T-shirt Shorts (OrangeT, Dino-Orange, Pack of 1)",HUMAIZAKIDSWEAR,,,,,,
,,,,,,,HUMAIZAKIDSWEAR Baby Boys & Baby Girls Casual T-shirt Pant (Light Yellow),HUMAIZAKIDSWEAR,,,,,,
1016,933acfd30f224acc,Srivetrivinayagatex,No,gold,2025-01-03,2025-11-26,"YtwoDesigns Boys Printed Cotton Blend Regular T Shirt (Blue, Pack of 1)",YtwoDesigns,Possibly a Brand,YtwoDesigns,+919976987369,+919976987369,srivetrivinayagatex@gmail.com,srivetrivinayagatex@gmail.com
,,,,,,,YtwoDesigns Graphic Print Men Round Neck Black T-Shirt,YtwoDesigns,,,,,,
,,,,,,,"YtwoDesigns Boys Solid Cotton Blend Regular T Shirt (Black, Pack of 1)",YtwoDesigns,,,,,,
,,,,,,,"YtwoDesigns Boys Printed Cotton Blend Regular T Shirt (Red, Pack of 1)",YtwoDesigns,,,,,,
,,,,,,,"YtwoDesigns Boys Printed Cotton Blend Regular T Shirt (Yellow, Pack of 1)",YtwoDesigns,,,,,,
,,,,,,,"YtwoDesigns Boys Printed Cotton Blend Regular T Shirt (Black, Pack of 1)",YtwoDesigns,,,,,,
,,,,,,,"YtwoDesigns Boys Solid Cotton Blend Regular T Shirt (Red, Pack of 1)",YtwoDesigns,,,,,,
,,,,,,,"YtwoDesigns Boys Printed Cotton Blend Regular T Shirt (Green, Pack of 1)",YtwoDesigns,,,,,,
,,,,,,,"YtwoDesigns Boys Printed Cotton Blend Regular T Shirt (Black, Pack of 1)",YtwoDesigns,,,,,,
,,,,,,,YtwoDesigns Full Sleeve Self Design Boys Reversible Sweatshirt,YtwoDesigns,,,,,,
,,,,,,,YtwoDesigns Full Sleeve Self Design Boys Reversible Sweatshirt,YtwoDesigns,,,,,,
,,,,,,,"YtwoDesigns Boys Solid Cotton Blend Regular T Shirt (Green, Pack of 1)",YtwoDesigns,,,,,,
,,,,,,,"YtwoDesigns Boys Printed Cotton Blend Regular T Shirt (Black, Pack of 1)",YtwoDesigns,,,,,,
,,,,,,,"YtwoDesigns Boys Printed Cotton Blend Regular T Shirt (Yellow, Pack of 1)",YtwoDesigns,,,,,,
,,,,,,,"YtwoDesigns Boys Casual T-shirt Shorts (Black, Peppy Red)",YtwoDesigns,,,,,,
,,,,,,,YtwoDesigns Boys Casual T-shirt Shorts (Navy Blue),YtwoDesigns,,,,,,
,,,,,,,"YtwoDesigns Boys Graphic Print Cotton Blend Regular T Shirt (Black, Pack of 1)",YtwoDesigns,,,,,,
,,,,,,,"YtwoDesigns Boys Casual T-shirt Shorts (Black, Navy Blue)",YtwoDesigns,,,,,,
,,,,,,,YtwoDesigns Boys Casual T-shirt Shorts (Black-1),YtwoDesigns,,,,,,
,,,,,,,YtwoDesigns Boys Casual T-shirt Shorts (Olive Green),YtwoDesigns,,,,,,
1017,ebd9a28c7ceb408c,PRASHIVFASHION,Yes,gold,2025-12-29,2026-01-05,,,,,,,,
1018,fdddc8382eea454d,MaakFashion,Yes,gold,2020-10-02,2020-12-02,,,,,,,,
1019,8c512f3d0b5b44e9,VISOWears,No,silver,2026-07-09,2026-07-12,"VISOWears Girls Casual Top Pant (Blue, Pack of 2)",VISOWears,Possibly a Brand,VISOWears,+917017424331,+917017424331,sohipandey15@gmail.com,sohipandey15@gmail.com
,,,,,,,"VISOWears Girls Casual Top Pant (Blue, Pink, Pack of 2)",VISOWears,,,,,,
,,,,,,,VISOWears Girls Casual Top Capri (Pink),VISOWears,,,,,,
,,,,,,,VISOWears Girls Casual Top Capri (Blue),VISOWears,,,,,,
,,,,,,,"VISOWears Baby Girls Casual Top Shorts (Red & White, Pack of 1)",VISOWears,,,,,,
,,,,,,,"VISOWears Girls Casual Top Dress (Pink, white, Pack of 1)",VISOWears,,,,,,
,,,,,,,"VISOWears Girls Casual Top Capri (Cream or Off White, Pack of 1)",VISOWears,,,,,,
,,,,,,,"VISOWears Girls Casual Top Capri (Cream Or Off-White, Pack of 2)",VISOWears,,,,,,
,,,,,,,"VISOWears Girls Casual Top Capri (Cream Or Off-White, Pack of 2)",VISOWears,,,,,,
,,,,,,,"VISOWears Girls Casual Top Pant (Red & Black, White & Black, Pack of 2)",VISOWears,,,,,,
,,,,,,,"VISOWears Girls Casual Top Pant (Red & Black, White & Black, Pack of 2)",VISOWears,,,,,,
,,,,,,,VISOWears Girls Casual Top Capri (Blue),VISOWears,,,,,,
,,,,,,,"VISOWears Girls Casual Top Pant (Blue, Pink, Pack of 2)",VISOWears,,,,,,
,,,,,,,"VISOWears Girls Casual Top Pant (Blue, Pink, Pack of 2)",VISOWears,,,,,,
,,,,,,,"VISOWears Girls Casual Top Pant (Red & Black, Pack of 2)",VISOWears,,,,,,
,,,,,,,"VISOWears Baby Girls Casual Top Shorts (Red & White, Pack of 1)",VISOWears,,,,,,
,,,,,,,"VISOWears Girls Casual Top Capri (Cream or Off White, Pack of 1)",VISOWears,,,,,,
,,,,,,,"VISOWears Girls Casual Top Capri (Cream or Off White, Pack of 1)",VISOWears,,,,,,
,,,,,,,"VISOWears Girls Casual Top Shorts (Pink & White, Blue & White, Pack of 2)",VISOWears,,,,,,
,,,,,,,"VISOWears Baby Girls Casual Top Shorts (Blue & White, Pack of 1)",VISOWears,,,,,,
1020,105f2410a95e4688,BROADBRAND,No,silver,2022-06-01,2022-06-07,FADMARK Printed Men Round Neck Black T-Shirt,FADMARK,Possibly a Seller,,+919080127722,+919080127722,broadbrand.ecom@gmail.com,broadbrand.ecom@gmail.com
,,,,,,,"FADMARK Printed Men Round Neck Dark Blue, Black T-Shirt",FADMARK,,,,,,
,,,,,,,FADMARK Printed Women Round Neck Orange T-Shirt,FADMARK,,,,,,
,,,,,,,"FADMARK Printed Men Round Neck Dark Blue, Red T-Shirt",FADMARK,,,,,,
,,,,,,,"FADMARK Printed Men Round Neck Green, Red T-Shirt",FADMARK,,,,,,
,,,,,,,"FADMARK Printed Men Round Neck Green, Red T-Shirt",FADMARK,,,,,,
,,,,,,,FADMARK Printed Men Round Neck Green T-Shirt,FADMARK,,,,,,
,,,,,,,"FADMARK Printed Men Round Neck Red, Black T-Shirt",FADMARK,,,,,,
,,,,,,,"Miss & Chief Track Pant For Baby Boys & Baby Girls (Black, Pack of 1)",Miss & Chief,,,,,,
,,,,,,,"Miss & Chief Baby Boys & Baby Girls Casual T-shirt Pant (Brick Red, Pack of 1)",Miss & Chief,,,,,,
,,,,,,,METRONAUT Solid Men Round Neck Blue T-Shirt,METRONAUT,,,,,,
,,,,,,,METRONAUT Solid Men Round Neck Black T-Shirt,METRONAUT,,,,,,
,,,,,,,"Miss & Chief Baby Boys & Baby Girls Casual T-shirt Pant (Lemon Yellow, Pack of 1)",Miss & Chief,,,,,,
,,,,,,,"Miss & Chief Boys Casual T-shirt Shorts (Dark Orange, Pack of 1)",Miss & Chief,,,,,,
,,,,,,,"Miss & Chief Boys & Girls Casual T-shirt Shorts (Pale Yellow, Pack of 1)",Miss & Chief,,,,,,
,,,,,,,"Miss & Chief Boys & Girls Casual T-shirt Shorts (Maroon, Pack of 1)",Miss & Chief,,,,,,
,,,,,,,METRONAUT Solid Men Round Neck Multicolor T-Shirt,METRONAUT,,,,,,
,,,,,,,METRONAUT Solid Men Round Neck Multicolor T-Shirt,METRONAUT,,,,,,
,,,,,,,"Miss & Chief Track Pant For Baby Boys & Baby Girls (Black, Pack of 1)",Miss & Chief,,,,,,
,,,,,,,METRONAUT Solid Men Round Neck Black T-Shirt,METRONAUT,,,,,,
1021,cac6ddd1940e467a,MHABIBA,Yes,gold,2025-10-20,2025-10-20,,,,,,,,
1022,77a85606fae749ae,PAYALAPPARELSANDGARMENT,No,gold,2026-02-25,2026-03-11,"URBANKOOL Boys Casual T-shirt T-shirt, Shorts (GREEN, Pack of 1)",URBANKOOL,Possibly a Seller,,+919830069341,+919830069341,payalapparels@ecomvente.com,payalapparels@ecomvente.com
,,,,,,,"URBANKOOL Boys Casual T-shirt T-shirt, Shorts (ORANGE, Pack of 1)",URBANKOOL,,,,,,
,,,,,,,"URBANKOOL Boys Casual T-shirt Shorts (Beige, Blue, Pack of 1)",URBANKOOL,,,,,,
,,,,,,,URBANKOOL Boys Casual Kurta and Pyjama Set (Grey Pack of 1),URBANKOOL,,,,,,
,,,,,,,"LITTLES4EVER Baby Girls Midi/Knee Length Casual Dress (Brown, Multicolor, Half Sleeve)",LITTLES4EVER,,,,,,
,,,,,,,"MY JUSTKIDS Girls Midi/Knee Length Casual Dress (Multicolor, Sleeveless)",MY JUSTKIDS,,,,,,
,,,,,,,Neon Baby Girls Casual Top Shorts (GREEN),Neon,,,,,,
,,,,,,,"Meloni Girls Midi/Knee Length Casual Dress (Multicolor, Half Sleeve)",Meloni,,,,,,
,,,,,,,Neon Girls Casual Top Shorts (MAROON),Neon,,,,,,
,,,,,,,Neon Girls Casual Top Shorts (PINK),Neon,,,,,,
,,,,,,,"MY JUSTKIDS Girls Midi/Knee Length Casual Dress (Green, Short Sleeve)",MY JUSTKIDS,,,,,,
,,,,,,,KID N KIDS Girls Casual Top Skirt (ONION),KID N KIDS,,,,,,
,,,,,,,Neon Baby Girls Casual Top Shorts (PEACH),Neon,,,,,,
,,,,,,,KID N KIDS Girls Casual Top Skirt (PEACH),KID N KIDS,,,,,,
,,,,,,,Neon Girls Casual Top Shorts (MAROON),Neon,,,,,,
,,,,,,,"LITTLES4EVER Baby Girls Midi/Knee Length Casual Dress (Purple, Half Sleeve)",LITTLES4EVER,,,,,,
,,,,,,,Mushroo Baby Boys Casual Shirt Shorts (Beige),Mushroo,,,,,,
,,,,,,,"KID N KIDS Baby Girls Midi/Knee Length Casual Dress (Pink, Half Sleeve)",KID N KIDS,,,,,,
,,,,,,,Kid N Cub Baby Boys Casual Shirt Pant (BROWN),Kid N Cub,,,,,,
,,,,,,,"Meloni Girls Midi/Knee Length Casual Dress (Multicolor, Short Sleeve)",Meloni,,,,,,
1023,bbbb915590914182,NAVYABOTGO,No,silver,2026-06-15,2026-06-29,HouseOfCommon Baby Girls Casual T-shirt Pyjama (PURPLE),HouseOfCommon,Possibly a Brand,HouseOfCommon,+919081816048,+919081816048,navyabotgo@gmail.com,navyabotgo@gmail.com
,,,,,,,"HouseOfCommon Girls Casual Top Pant (Black, White)",HouseOfCommon,,,,,,
,,,,,,,HouseOfCommon Baby Girls Casual T-shirt Pyjama (PURPLE),HouseOfCommon,,,,,,
,,,,,,,HouseOfCommon Girls Casual Top Pyjama (Purple),HouseOfCommon,,,,,,
,,,,,,,HouseOfCommon Baby Girls Casual T-shirt Pyjama (PINK),HouseOfCommon,,,,,,
,,,,,,,HouseOfCommon Baby Girls Casual T-shirt Pyjama (PURPLE),HouseOfCommon,,,,,,
,,,,,,,HouseOfCommon Baby Girls Casual T-shirt Pyjama (ANIMAL),HouseOfCommon,,,,,,
,,,,,,,HouseOfCommon Baby Girls Casual T-shirt Pyjama (ANIMAL),HouseOfCommon,,,,,,
,,,,,,,HouseOfCommon Baby Girls Casual Top Pyjama (MAROON),HouseOfCommon,,,,,,
,,,,,,,"HouseOfCommon Girls Casual Top Pant (Black, White, Pack of 1)",HouseOfCommon,,,,,,
,,,,,,,"HouseOfCommon Girls Casual Top Pant (Black, White)",HouseOfCommon,,,,,,
,,,,,,,HouseOfCommon Baby Girls Casual Top Pyjama (MAROON),HouseOfCommon,,,,,,
,,,,,,,HouseOfCommon Baby Girls Casual Top Pyjama (MAROON),HouseOfCommon,,,,,,
,,,,,,,HouseOfCommon Baby Girls Casual T-shirt Pyjama (ANIMAL),HouseOfCommon,,,,,,
,,,,,,,HouseOfCommon Baby Girls Casual Top Pyjama (MAROON),HouseOfCommon,,,,,,
,,,,,,,"HouseOfCommon Girls Party(Festive) Top Pant (PINK, MULTICOLOR)",HouseOfCommon,,,,,,
,,,,,,,HouseOfCommon Baby Girls Casual T-shirt Pyjama (PURPLE),HouseOfCommon,,,,,,
,,,,,,,HouseOfCommon Girls Casual T-shirt Pyjama (BLACK),HouseOfCommon,,,,,,
,,,,,,,HouseOfCommon Girls Casual T-shirt Pyjama (PINK),HouseOfCommon,,,,,,
,,,,,,,HouseOfCommon Girls Casual T-shirt Pyjama (MAROON),HouseOfCommon,,,,,,
1024,0f5fe931142544f4,DhruvinFab,No,silver,2023-01-25,2023-01-30,Toobactoo Girls Party(Festive) Shirt Pant (Multicolor),Toobactoo,Possibly a Brand,Toobactoo,+919409912186,+919409912186,druvincreation07@gmail.com,druvincreation07@gmail.com
,,,,,,,Toobactoo Women Kurta Palazzo Set,Toobactoo,,,,,,
,,,,,,,Toobactoo Women Kurta Palazzo Set,Toobactoo,,,,,,
,,,,,,,Toobactoo Women Kurta Palazzo Set,Toobactoo,,,,,,
,,,,,,,Toobactoo Girls Party(Festive) Top Pant (Multicolor),Toobactoo,,,,,,
,,,,,,,Toobactoo Girls Casual Shirt Pant (Multicolor),Toobactoo,,,,,,
,,,,,,,Toobactoo Girls Casual Shirt Pant (Multicolor),Toobactoo,,,,,,
,,,,,,,Toobactoo Girls Casual Shirt Pant (Multicolor),Toobactoo,,,,,,
,,,,,,,Toobactoo Girls Casual Shirt Pant (Multicolor),Toobactoo,,,,,,
,,,,,,,Toobactoo Girls Party(Festive) Top Pant (Multicolor),Toobactoo,,,,,,
,,,,,,,DhruinFab Girls Casual Top Pant (BLUE),DhruinFab,,,,,,
,,,,,,,Toobactoo Girls Casual Shirt Pant (GREEN),Toobactoo,,,,,,
,,,,,,,Toobactoo Girls Casual Top Pant (Multicolor),Toobactoo,,,,,,
,,,,,,,Toobactoo Girls Casual Shirt Pant (Multicolor),Toobactoo,,,,,,
,,,,,,,Toobactoo Girls Casual Shirt Pant (Multicolor),Toobactoo,,,,,,
,,,,,,,Toobactoo Girls Party(Festive) Top Pant (Black),Toobactoo,,,,,,
,,,,,,,Toobactoo Girls Party(Festive) Top Pant (Pink),Toobactoo,,,,,,
,,,,,,,Toobactoo Girls Party(Festive) Top Pant (Black),Toobactoo,,,,,,
,,,,,,,DHruvinFab Girls Casual Top Pant (BROWN),DHruvinFab,,,,,,
,,,,,,,Toobactoo Girls Casual Shirt Pant (Multicolor),Toobactoo,,,,,,
1025,62a42498ee634ba7,Buzzykids,No,silver,2026-06-28,2026-07-06,"BUZZY FASHION Baby Boys & Baby Girls Casual T-shirt T-shirt, Shorts (Pink, Pack of 1)",BUZZY FASHION,Possibly a Brand,BUZZY FASHION,+917900480062,+917900480062,buzzykids2@gmail.com,buzzykids2@gmail.com
,,,,,,,"DOSTITCH Boys & Girls Casual T-shirt Shorts (Blue, White)",DOSTITCH,,,,,,
,,,,,,,LITTLE FIGHTER Boys Casual T-shirt Shorts (MULTICOLOR),LITTLE FIGHTER,,,,,,
,,,,,,,"BUZZY FASHION Boys & Girls Casual Vest Shorts (Beige, Pack of 1)",BUZZY FASHION,,,,,,
,,,,,,,"BUZZY FASHION Baby Girls Casual Top Shorts (light pink, Pack of 1)",BUZZY FASHION,,,,,,
,,,,,,,"BUZZY FASHION Baby Girls Casual Top Shorts (yellow, Pack of 1)",BUZZY FASHION,,,,,,
,,,,,,,"BUZZY FASHION Baby Girls Casual Top Shorts (Pink, Pack of 1)",BUZZY FASHION,,,,,,
,,,,,,,"BUZZY FASHION Baby Girls Casual Top Shorts (yellow, Pack of 1)",BUZZY FASHION,,,,,,
,,,,,,,DOSTITCH Boys & Girls Casual T-shirt Shorts (Blue),DOSTITCH,,,,,,
,,,,,,,"BUZZY FASHION Boys & Girls Conversational Cotton Blend Regular T Shirt (Black, White, Pack of 1)",BUZZY FASHION,,,,,,
,,,,,,,"BUZZY FASHION Printed, Sporty Men Polo Neck Reversible White, Black T-Shirt",BUZZY FASHION,,,,,,
,,,,,,,"BUZZY FASHION Baby Girls Casual Top Shorts (Pink, Pack of 1)",BUZZY FASHION,,,,,,
,,,,,,,"GWA Boys Casual T-shirt Shorts (multicolor, Pack of 1)",GWA,,,,,,
,,,,,,,"BUZZY FASHION Boys & Girls Conversational, Graphic Print Cotton Blend Regular T Shirt (Dark Blue, White, Pack of 1)",BUZZY FASHION,,,,,,
,,,,,,,"BUZZY FASHION Baby Girls Casual Top Shorts (neon yellow, Pack of 1)",BUZZY FASHION,,,,,,
,,,,,,,COOL BOYS Baby Boys & Baby Girls Casual T-shirt Pant (pink),COOL BOYS,,,,,,
,,,,,,,Iffat collection Boys & Girls Casual T-shirt Shorts (Green),Iffat collection,,,,,,
,,,,,,,Attis Boys & Girls Casual T-shirt Shorts (Black White),Attis,,,,,,
,,,,,,,"BUZZY FASHION Boys Casual T-shirt Shorts (Blue, ORANGE FOX, Pack of 2)",BUZZY FASHION,,,,,,
,,,,,,,"BUZZY FASHION Boys & Girls Solid, Embroidered Cotton Blend Regular T Shirt (Blue, White, Pack of 2)",BUZZY FASHION,,,,,,
1026,e549e70f8c9a48be,CLOTHFABINDIA,Yes,silver,2025-02-24,2025-05-19,,,,,,,,
1027,db2a2b6c00434653,Exgyan,No,gold,2026-02-13,2026-02-18,"EXGYAN Hydrating Ocean Essence  for Tan Removal, Pollution Defense, and Healthy Glow Face Wash (300 ml)",EXGYAN,Possibly a Brand,EXGYAN,+919429528189,+919429528189,exgyan2003@gmail.com,exgyan2003@gmail.com
,,,,,,,"EXGYAN Refreshing Ocean Vitality Cleanser for Tan Removing, Oil Balance, and Clear Smooth Skin Face Wash (300 ml)",EXGYAN,,,,,,
,,,,,,,EXGYAN Aqua Bright De-Tan  for Fresh & Even Skin Face Wash (300 ml),EXGYAN,,,,,,
,,,,,,,EXGYAN Boys Casual Shirt Shorts (Multicolor),EXGYAN,,,,,,
,,,,,,,EXGYAN Boys Casual Shirt Shorts (Grey),EXGYAN,,,,,,
,,,,,,,EXGYAN Boys Casual Shirt Shorts (Pink),EXGYAN,,,,,,
,,,,,,,EXGYAN Aqua Fresh  for Men | Deep Pore Cleanser | Anti-Oil Face Wash (300 ml),EXGYAN,,,,,,
,,,,,,,EXGYAN Sea Detox Bright Skin Face Cleanser Face Wash (300 ml),EXGYAN,,,,,,
,,,,,,,EXGYAN Ocean Blast  for Men | Deep Clean | Oil Control Face Wash (300 ml),EXGYAN,,,,,,
,,,,,,,EXGYAN Boys Casual Shirt Shorts (Multicolor),EXGYAN,,,,,,
,,,,,,,EXGYAN Boys Casual Shirt Shorts (Green),EXGYAN,,,,,,
,,,,,,,EXGYAN Boys Casual Shirt Shorts (Pink),EXGYAN,,,,,,
,,,,,,,EXGYAN Boys Casual Shirt Shorts (White),EXGYAN,,,,,,
,,,,,,,EXGYAN Boys Casual Shirt Shorts (Multicolor),EXGYAN,,,,,,
,,,,,,,"EXGYAN Ultra Hydrating Ocean Fresh Face Cleanser for Tan Removal, Dirt Removal, and Soft Glowing Skin Face Wash (300 ml)",EXGYAN,,,,,,
,,,,,,,EXGYAN Sea Breeze  | Purifying Deep Clean Formula Face Wash (300 ml),EXGYAN,,,,,,
,,,,,,,EXGYAN Ocean Glow  | Advanced Oil Control Formula Face Wash (300 ml),EXGYAN,,,,,,
,,,,,,,EXGYAN Boys Casual Shirt Shorts (Multicolor),EXGYAN,,,,,,
,,,,,,,EXGYAN Boys Casual Shirt Shorts (Green),EXGYAN,,,,,,
,,,,,,,EXGYAN Boys Casual Shirt Shorts (White),EXGYAN,,,,,,
1028,d4d4a59d2e534f77,rajadhirajcreation01,Yes,silver,2026-04-21,2026-04-22,,,,,,,,
1029,7c420ffa3bc84329,ANISHHFASHION,No,silver,2025-09-14,2025-10-03,"ANISHHFASHION Girls Calf Length Party Dress (Yellow, Sleeveless)",ANISHHFASHION,Possibly a Brand,ANISHHFASHION,+919830835572,+919830835572,anishfashion015@gmail.com,anishfashion015@gmail.com
,,,,,,,"ANISHHFASHION Baby Girls Calf Length Party Dress (Blue, Sleeveless)",ANISHHFASHION,,,,,,
,,,,,,,anisha fashion Girls Casual Top Pant (Pink),anisha fashion,,,,,,
,,,,,,,ANISHHFASHION Baby Girls Casual Dress Dress (Multicolor),ANISHHFASHION,,,,,,
,,,,,,,ANISHHFASHION Baby Girls Casual Dress Dress (Multicolor),ANISHHFASHION,,,,,,
,,,,,,,ANISHHFASHION Baby Girls Casual Dress Dress (Multicolor),ANISHHFASHION,,,,,,
,,,,,,,ANISHHFASHION Baby Girls Casual Dress Dress (Multicolor),ANISHHFASHION,,,,,,
,,,,,,,ANISHHFASHION Baby Girls Casual Dress Dress (Multicolor),ANISHHFASHION,,,,,,
,,,,,,,ANISHHFASHION Baby Girls Casual Dress Dress (Multicolor),ANISHHFASHION,,,,,,
,,,,,,,anisha fashion Girls Casual Top Pant (White),anisha fashion,,,,,,
,,,,,,,ANISHHFASHION Baby Girls Casual Dress Dress (Multicolor),ANISHHFASHION,,,,,,
,,,,,,,anisha fashion Baby Girls Casual Top Skirt (Light Green),anisha fashion,,,,,,
,,,,,,,ANISHHFASHION Baby Girls Casual Dress Dress (Multicolor),ANISHHFASHION,,,,,,
,,,,,,,anisha fashion Girls Casual Top Pant (Fuchsia),anisha fashion,,,,,,
,,,,,,,anisha fashion Baby Girls Casual Top Pant (Beige),anisha fashion,,,,,,
,,,,,,,ANISHHFASHION Baby Girls Casual Dress Dress (Multicolor),ANISHHFASHION,,,,,,
,,,,,,,ANISHHFASHION Baby Girls Casual Dress Dress (Multicolor),ANISHHFASHION,,,,,,
,,,,,,,ANISHHFASHION Baby Girls Casual Dress Dress (Multicolor),ANISHHFASHION,,,,,,
,,,,,,,ANISHHFASHION Baby Girls Casual Dress Shorts (Multicolor),ANISHHFASHION,,,,,,
,,,,,,,ANISHHFASHION Baby Girls Casual Dress Dress (Multicolor),ANISHHFASHION,,,,,,
1030,316ce48a7035482f,STYPAYAL,No,bronze,2025-07-05,2025-07-08,STYPAYAL Boys Casual T-shirt Shorts (Blue),STYPAYAL,Possibly a Brand,STYPAYAL,+917977904184,+917977904184,prstypayal@gmail.com,prstypayal@gmail.com
,,,,,,,STYPAYAL Boys Casual Shirt Pant (White),STYPAYAL,,,,,,
,,,,,,,STYPAYAL Boys Casual T-shirt Shorts (Black),STYPAYAL,,,,,,
,,,,,,,STYPAYAL Boys Casual T-shirt Pant (WHITE),STYPAYAL,,,,,,
,,,,,,,STYPAYAL Boys & Girls Casual Shirt Pant (Green),STYPAYAL,,,,,,
,,,,,,,STYPAYAL Boys Casual T-shirt Pant (BLACK),STYPAYAL,,,,,,
,,,,,,,STYPAYAL Boys Casual Shirt Pant (White),STYPAYAL,,,,,,
,,,,,,,STYPAYAL Boys Casual T-shirt Shorts (Blue),STYPAYAL,,,,,,
,,,,,,,STYPAYAL Boys & Girls Casual Shirt Pant (Pink),STYPAYAL,,,,,,
,,,,,,,STYPAYAL Boys Casual T-shirt Pant (YELLOW),STYPAYAL,,,,,,
,,,,,,,STYPAYAL Boys & Girls Casual Shirt Pant (Yellow),STYPAYAL,,,,,,
,,,,,,,STYPAYAL Boys Casual Shirt Pant (Blue),STYPAYAL,,,,,,
,,,,,,,STYPAYAL Boys Casual T-shirt Shorts (Light Green),STYPAYAL,,,,,,
,,,,,,,STYPAYAL Boys Casual T-shirt Shorts (Brown),STYPAYAL,,,,,,
,,,,,,,STYPAYAL Boys Casual T-shirt Pant (WHITE),STYPAYAL,,,,,,
,,,,,,,STYPAYAL Boys Casual T-shirt Shorts (White),STYPAYAL,,,,,,
,,,,,,,STYPAYAL Boys Casual T-shirt Pant (WHITE),STYPAYAL,,,,,,
,,,,,,,STYPAYAL Boys Casual Shirt Pant (Pink),STYPAYAL,,,,,,
,,,,,,,STYPAYAL Boys Casual T-shirt Pant (Pink),STYPAYAL,,,,,,
,,,,,,,STYPAYAL Boys Casual Shirt Pant (White),STYPAYAL,,,,,,
1031,74d9eaf5295541d2,Silken,Yes,silver,2025-01-21,2025-01-23,,,,,,,,
1032,8e578f0ab7b1427a,RameshtEnterprise117,Yes,silver,2026-04-14,2026-04-20,,,,,,,,
1033,20b34481d8544b7f,RINKUCREATION01,No,silver,2026-05-30,2026-06-01,"Cubix Boys Party(Festive) Shirt Pant (BLACK, Pack of 1)",Cubix,Possibly a Brand,Cubix,+917096644494,+917096644494,rinkalsatani145@gmail.com,rinkalsatani145@gmail.com
,,,,,,,"Cubix Boys Printed Cotton Blend Regular T Shirt (Black, Pack of 1)",Cubix,,,,,,
,,,,,,,"Cubix Boys Casual Sweatshirt Track Pants (Pink, Pack of 1)",Cubix,,,,,,
,,,,,,,"Cubix Boys Party(Festive) T-shirt Capri (Nevy Blue, Pack of 1)",Cubix,,,,,,
,,,,,,,"Cubix Trendz Boys Casual T-shirt Track Pants (Dark Green, Pack of 1)",Cubix Trendz,,,,,,
,,,,,,,"Cubix Boys Party(Festive) T-shirt Capri (Multicolor, Pack of 1)",Cubix,,,,,,
,,,,,,,"Cubix Trendz Boys Casual T-shirt Track Pants (Dark Green, Pack of 1)",Cubix Trendz,,,,,,
,,,,,,,"Cubix Boys Casual Sweatshirt Track Pants (Blue, Pack of 1)",Cubix,,,,,,
,,,,,,,"Cubix Boys Printed Cotton Blend Regular T Shirt (Blue, Pack of 1)",Cubix,,,,,,
,,,,,,,"Cubix Boys Casual Jacket Pant (BLUE, Pack of 1)",Cubix,,,,,,
,,,,,,,"Cubix Boys Casual Sweatshirt Track Pants (Yellow, Pack of 1)",Cubix,,,,,,
,,,,,,,"Cubix Boys Casual Sweatshirt Track Pants (Light Green, Pack of 1)",Cubix,,,,,,
,,,,,,,"Cubux Romper For Baby Boys & Baby Girls Casual Checkered Cotton Blend (Red, Pack of 1)",Cubux,,,,,,
,,,,,,,"Cubix Boys Party(Festive) Waistcoat Pant (BLUE, Pack of 1)",Cubix,,,,,,
,,,,,,,"Cubix Boys Striped Cotton Blend Regular T Shirt (Multicolor, Pack of 1)",Cubix,,,,,,
,,,,,,,"Cubix Boys Striped Cotton Blend Regular T Shirt (Blue, Pack of 1)",Cubix,,,,,,
,,,,,,,"Cubix Trendz Boys Casual T-shirt Track Pants (Blue, Pack of 1)",Cubix Trendz,,,,,,
,,,,,,,"Cubix Boys Casual Sweatshirt Track Pants (Blue, Pack of 1)",Cubix,,,,,,
,,,,,,,"Cubix Trendz Boys Casual T-shirt Track Pants (Maroon, Pack of 1)",Cubix Trendz,,,,,,
,,,,,,,"Cubix Romper For Baby Boys & Baby Girls Casual Solid Cotton Blend (Maroon, Pack of 1)",Cubix,,,,,,
1034,cf0fd08004704e11,CARTIKAAY,Yes,bronze,2024-09-03,2024-09-06,,,,,,,,
1035,e45dbd4d4bd448e7,ZNewKOLPONAFashion,No,bronze,2023-04-06,2023-04-07,"Mmaisha Girls Maxi/Full Length Party Dress (Green, 3/4 Sleeve)",Mmaisha,Possibly a Seller,,+919230222335,+919230222335,rimilaskar180@gmail.com,rimilaskar180@gmail.com
,,,,,,,"Mmaisha Girls Maxi/Full Length Party Dress (Green, 3/4 Sleeve)",Mmaisha,,,,,,
,,,,,,,"Mmaisha Girls Maxi/Full Length Party Dress (Green, 3/4 Sleeve)",Mmaisha,,,,,,
,,,,,,,"Z NEW KOLPONA FASHION Indi Girls Maxi/Full Length Casual Dress (Yellow, 3/4 Sleeve)",Z NEW KOLPONA FASHION,,,,,,
,,,,,,,"Mmaisha Girls Maxi/Full Length Party Dress (Green, 3/4 Sleeve)",Mmaisha,,,,,,
,,,,,,,"Mmaisha Girls Maxi/Full Length Party Dress (Yellow, 3/4 Sleeve)",Mmaisha,,,,,,
,,,,,,,"Z NEW KOLPONA FASHION Indi Girls Maxi/Full Length Casual Dress (Yellow, 3/4 Sleeve)",Z NEW KOLPONA FASHION,,,,,,
,,,,,,,"Mmaisha Girls Maxi/Full Length Party Dress (Green, 3/4 Sleeve)",Mmaisha,,,,,,
,,,,,,,Z NEW KOLPONA FASHION Girls Party(Festive) Top Pant (Blue),Z NEW KOLPONA FASHION,,,,,,
,,,,,,,"Z NEW KOLPONA FASHION Indi Girls Maxi/Full Length Casual Dress (Yellow, 3/4 Sleeve)",Z NEW KOLPONA FASHION,,,,,,
,,,,,,,"Mmaisha Girls Maxi/Full Length Party Dress (Yellow, 3/4 Sleeve)",Mmaisha,,,,,,
,,,,,,,"Mmaisha Girls Maxi/Full Length Party Dress (Yellow, 3/4 Sleeve)",Mmaisha,,,,,,
,,,,,,,"Z NEW KOLPONA FASHION Indi Girls Maxi/Full Length Casual Dress (Yellow, 3/4 Sleeve)",Z NEW KOLPONA FASHION,,,,,,
,,,,,,,"Z NEW KOLPONA FASHION Indi Girls Maxi/Full Length Casual Dress (Yellow, 3/4 Sleeve)",Z NEW KOLPONA FASHION,,,,,,
,,,,,,,"Z NEW KOLPONA FASHION Indi Girls Maxi/Full Length Casual Dress (Yellow, 3/4 Sleeve)",Z NEW KOLPONA FASHION,,,,,,
,,,,,,,Z NEW KOLPONA FASHION Girls Party(Festive) Top Pant (Blue),Z NEW KOLPONA FASHION,,,,,,
,,,,,,,Z NEW KOLPONA FASHION Girls Party(Festive) Top Pant (Blue),Z NEW KOLPONA FASHION,,,,,,
,,,,,,,Z NEW KOLPONA FASHION Girls Party(Festive) Top Pant (Blue),Z NEW KOLPONA FASHION,,,,,,
,,,,,,,"Mmaisha Girls Maxi/Full Length Party Dress (Yellow, 3/4 Sleeve)",Mmaisha,,,,,,
,,,,,,,"Mmaisha Girls Maxi/Full Length Party Dress (Yellow, 3/4 Sleeve)",Mmaisha,,,,,,
1036,263bf571440a470b,NoorCreation990,No,silver,2024-11-27,2024-11-28,NOORCREATION Baby Girls Party(Festive) Top Skirt (Red),NOORCREATION,Possibly a Brand,NOORCREATION,+917890799709,+917890799709,noorcreation990@gmail.com,noorcreation990@gmail.com
,,,,,,,NOORCREATION Baby Girls Party(Festive) Top Skirt (White),NOORCREATION,,,,,,
,,,,,,,NOORCREATION Baby Girls Party(Festive) Top Skirt (Red),NOORCREATION,,,,,,
,,,,,,,NOORCREATION Baby Girls Party(Festive) Top Skirt (Orange),NOORCREATION,,,,,,
,,,,,,,NOORCREATION Baby Girls Party(Festive) Top Skirt (Orange),NOORCREATION,,,,,,
,,,,,,,NOORCREATION Baby Girls Party(Festive) Top Skirt (Red),NOORCREATION,,,,,,
,,,,,,,NOORCREATION Baby Girls Party(Festive) Kurta Pyjama (White),NOORCREATION,,,,,,
,,,,,,,NOORCREATION Baby Girls Party(Festive) Top Skirt (Brown),NOORCREATION,,,,,,
,,,,,,,NOORCREATION Baby Girls Party(Festive) Top Skirt (Brown),NOORCREATION,,,,,,
,,,,,,,NOORCREATION Baby Girls Party(Festive) Top Skirt (Red),NOORCREATION,,,,,,
,,,,,,,NoorCreations Cotton Blend Printed Coat,NoorCreations,,,,,,
,,,,,,,NOORCREATION Baby Girls Party(Festive) Kurta Pyjama (White),NOORCREATION,,,,,,
,,,,,,,NOORCREATION Baby Girls Party(Festive) Tunic Pullover (Yellow),NOORCREATION,,,,,,
,,,,,,,NOORCREATION Baby Girls Party(Festive) Top Skirt (Orange),NOORCREATION,,,,,,
,,,,,,,NOORCREATION Baby Girls Party(Festive) Top Skirt (Orange),NOORCREATION,,,,,,
,,,,,,,NOORCREATION Baby Girls Party(Festive) Top Skirt (Brown),NOORCREATION,,,,,,
,,,,,,,NoorCreations Cotton Blend Printed Coat,NoorCreations,,,,,,
,,,,,,,NoorCreations Cotton Blend Printed Coat,NoorCreations,,,,,,
,,,,,,,NOORCREATION Baby Girls Party(Festive) Top Skirt (Brown),NOORCREATION,,,,,,
,,,,,,,NOORCREATION Baby Girls Party(Festive) Top Skirt (Red),NOORCREATION,,,,,,
1037,iomewjrt4mo4rxdt,Dollarbigboss,Yes,silver,2013-10-17,2013-12-02,,,,,,,,
1038,af24b5ed9a8e42d1,ALVASTRACLOTHING,No,silver,2019-01-31,2019-02-08,"ROZZBY Girls Midi/Knee Length Casual Dress (Red, Sleeveless)",ROZZBY,Possibly a Brand,ROZZBY,+919636874806,+917294943741,albelaenterprises2019@gmail.com,albelaenterprises2019@gmail.com
,,,,,,,"ROZZBY Girls Midi/Knee Length Casual Dress (Red, Sleeveless)",ROZZBY,,,,,,
,,,,,,,"ROZZBY Girls Midi/Knee Length Casual Dress (Black, Sleeveless)",ROZZBY,,,,,,
,,,,,,,"ROZZBY Indi Girls Midi/Knee Length Casual Dress (Green, Sleeveless)",ROZZBY,,,,,,
,,,,,,,"ROZZBY Girls Midi/Knee Length Casual Dress (Red, Sleeveless)",ROZZBY,,,,,,
,,,,,,,"ROZZBY Girls Midi/Knee Length Casual Dress (Red, Sleeveless)",ROZZBY,,,,,,
,,,,,,,"ROZZBY Girls Midi/Knee Length Casual Dress (Black, Sleeveless)",ROZZBY,,,,,,
,,,,,,,"ROZZBY Girls Midi/Knee Length Casual Dress (Green, Sleeveless)",ROZZBY,,,,,,
,,,,,,,"ROZZBY Indi Girls Midi/Knee Length Casual Dress (Green, Sleeveless)",ROZZBY,,,,,,
,,,,,,,"ROZZBY Girls Midi/Knee Length Casual Dress (Black, Sleeveless)",ROZZBY,,,,,,
,,,,,,,"ROZZBY Girls Midi/Knee Length Casual Dress (Black, Sleeveless)",ROZZBY,,,,,,
,,,,,,,"ROZZBY Indi Girls Midi/Knee Length Casual Dress (Green, Sleeveless)",ROZZBY,,,,,,
,,,,,,,"ROZZBY Girls Midi/Knee Length Casual Dress (Red, Sleeveless)",ROZZBY,,,,,,
,,,,,,,"ROZZBY Girls Midi/Knee Length Casual Dress (Red, Sleeveless)",ROZZBY,,,,,,
,,,,,,,"ROZZBY Girls Midi/Knee Length Casual Dress (Black, Sleeveless)",ROZZBY,,,,,,
,,,,,,,"ROZZBY Girls Midi/Knee Length Casual Dress (Black, Sleeveless)",ROZZBY,,,,,,
,,,,,,,"ROZZBY Indi Girls Midi/Knee Length Casual Dress (Green, Sleeveless)",ROZZBY,,,,,,
,,,,,,,"ROZZBY Girls Midi/Knee Length Casual Dress (Black, Sleeveless)",ROZZBY,,,,,,
,,,,,,,"ROZZBY Girls Midi/Knee Length Casual Dress (Red, Sleeveless)",ROZZBY,,,,,,
,,,,,,,"ROZZBY Indi Girls Midi/Knee Length Casual Dress (Green, Sleeveless)",ROZZBY,,,,,,
1039,df85f468fdbe4638,ArhamFashion9003,No,gold,2022-07-17,2022-08-05,TORHAM Baby Boys Party(Festive) Jacket Pant (Yellow),TORHAM,Possibly a Brand,TORHAM,+919974553678,+919974553678,arhamfashion9003@gmail.com,arhamfashion9003@gmail.com
,,,,,,,TORHAM Baby Boys Party(Festive) Waistcoat Pant (MARUN),TORHAM,,,,,,
,,,,,,,TORHAM Baby Boys Party(Festive) Waistcoat Pant (MARUN),TORHAM,,,,,,
,,,,,,,TORHAM Baby Boys Party(Festive) Waistcoat Pant (MARUN),TORHAM,,,,,,
,,,,,,,TORHAM Baby Boys & Baby Girls T-shirt Dungaree (Yellow),TORHAM,,,,,,
,,,,,,,TORHAM Baby Boys Party(Festive) Jacket Pant (Red),TORHAM,,,,,,
,,,,,,,TORHAM Baby Boys Party(Festive) Jacket Pant (Yellow),TORHAM,,,,,,
,,,,,,,TORHAM Baby Boys Party(Festive) Waistcoat Pant (MARUN),TORHAM,,,,,,
,,,,,,,TORHAM Baby Boys Party(Festive) Waistcoat Pant (White),TORHAM,,,,,,
,,,,,,,TORHAM Baby Boys Party(Festive) Waistcoat Pant (Maroon),TORHAM,,,,,,
,,,,,,,TORHAM Baby Boys Party(Festive) Jacket Pant (Red),TORHAM,,,,,,
,,,,,,,TORHAM Baby Boys & Baby Girls T-shirt Dungaree (Yellow),TORHAM,,,,,,
,,,,,,,TORHAM Baby Boys Party(Festive) Waistcoat Pant (Maroon),TORHAM,,,,,,
,,,,,,,TORHAM Baby Boys Party(Festive) Jacket Pant (Blue),TORHAM,,,,,,
,,,,,,,TORHAM Baby Boys Party(Festive) Jacket Pant (Blue),TORHAM,,,,,,
,,,,,,,TORHAM Baby Boys Party(Festive) Jacket Pant (Blue),TORHAM,,,,,,
,,,,,,,TORHAM Baby Boys Party(Festive) Waistcoat Pant (White),TORHAM,,,,,,
,,,,,,,TORHAM Baby Boys Party(Festive) Jacket Pant (Yellow),TORHAM,,,,,,
,,,,,,,TORHAM Baby Boys Party(Festive) Jacket Pant (Red),TORHAM,,,,,,
,,,,,,,TORHAM Baby Boys Party(Festive) Jacket Pant (Red),TORHAM,,,,,,
1040,4c152d45302e46b6,fashionbucket,Yes,silver,2015-03-11,2015-06-05,,,,,,,,
1041,df8c416921a742d4,KEYADESIGNS,Yes,bronze,2026-02-03,2026-02-05,,,,,,,,
1042,c495cbd58bf3483e,AEBAFASHION,Yes,silver,2024-12-20,2024-12-20,,,,,,,,
1043,365ee63c2e2f4ed5,MAATEXTILE0101,Yes,bronze,2023-12-13,2023-12-19,,,,,,,,
1044,1c666fbaa8ff4faf,PANETAR.,No,silver,2019-05-01,2019-05-18,Panetar Embellished Bollywood Lycra Blend Saree with Stitched Blouse (Black),Panetar,Possibly a Brand,PANETAR,+917046297020,+917046297020,info.panetar@gmail.com,info.panetar@gmail.com
,,,,,,,PANETAR Embellished Bollywood Lycra Blend Saree (Pink),PANETAR,,,,,,
,,,,,,,PANETAR Embellished Bollywood Lycra Blend Saree (Green),PANETAR,,,,,,
,,,,,,,PANETAR Self Design Bollywood Lycra Blend Saree with Unstitched Blouse (Pink),PANETAR,,,,,,
,,,,,,,PANETAR Embellished Bollywood Lycra Blend Saree (Red),PANETAR,,,,,,
,,,,,,,PANETAR Embellished Bollywood Lycra Blend Saree (Pink),PANETAR,,,,,,
,,,,,,,PANETAR Embellished Bollywood Lycra Blend Saree with Unstitched Blouse (Pink),PANETAR,,,,,,
,,,,,,,PANETAR Solid/Plain Bollywood Lycra Blend Saree (Black),PANETAR,,,,,,
,,,,,,,PANETAR Embellished Bollywood Lycra Blend Saree (Purple),PANETAR,,,,,,
,,,,,,,PANETAR Embellished Bollywood Lycra Blend Saree with Unstitched Blouse (Blue),PANETAR,,,,,,
,,,,,,,PANETAR Embellished Bollywood Lycra Blend Saree with Unstitched Blouse (Green),PANETAR,,,,,,
,,,,,,,PANETAR Embellished Daily Wear Lycra Blend Saree (Black),PANETAR,,,,,,
,,,,,,,VIJOTY Embellished Bollywood Lycra Blend Saree with Unstitched Blouse (Dark Blue),VIJOTY,,,,,,
,,,,,,,VIJOTY Embellished Bollywood Lycra Blend Saree with Unstitched Blouse (Black),VIJOTY,,,,,,
,,,,,,,PANETAR Embellished Bollywood Lycra Blend Saree (Green),PANETAR,,,,,,
,,,,,,,PANETAR Embellished Bollywood Lycra Blend Saree (Purple),PANETAR,,,,,,
,,,,,,,PANETAR Self Design Bollywood Lycra Blend Saree with Unstitched Blouse (Maroon),PANETAR,,,,,,
,,,,,,,PANETAR Embellished Bollywood Lycra Blend Saree with Unstitched Blouse (Red),PANETAR,,,,,,
,,,,,,,Panetar Digital Print Fashion Lycra Blend Saree with Unstitched Blouse (Black),Panetar,,,,,,
,,,,,,,PANETAR Embellished Bollywood Lycra Blend Saree (Pink),PANETAR,,,,,,
1045,f1d65797f31049ef,DIGITALFASHION99,No,bronze,2025-06-08,2025-06-09,ASHRAF ENTERPRISE Women Self Design Kurta (Brown),ASHRAF ENTERPRISE,Possibly a Brand,Ashraf Enterprise,+917984183293,+917984183293,ashrafali63519@gmail.com,ashrafali63519@gmail.com
,,,,,,,Ashraf Enterprise Women Kurta Pant Dupatta Set,Ashraf Enterprise,,,,,,
,,,,,,,Ashraf Enterprise Women Kurta Pant Dupatta Set,Ashraf Enterprise,,,,,,
,,,,,,,Ashraf Enterprise Women Kurta Pant Dupatta Set,Ashraf Enterprise,,,,,,
,,,,,,,Ashraf Enterprise Women Kurta Pant Dupatta Set,Ashraf Enterprise,,,,,,
,,,,,,,Ashraf Enterprise Women Kurta Pant Dupatta Set,Ashraf Enterprise,,,,,,
,,,,,,,Ashraf Enterprise Women Kurta Pant Dupatta Set,Ashraf Enterprise,,,,,,
,,,,,,,Ashraf Enterprise Women Kurta Pant Dupatta Set,Ashraf Enterprise,,,,,,
,,,,,,,Ashraf Enterprise Women Kurta Pant Dupatta Set,Ashraf Enterprise,,,,,,
,,,,,,,Ashraf Enterprise Women Kurta Pant Dupatta Set,Ashraf Enterprise,,,,,,
,,,,,,,Ashraf Enterprise Women Kurta Pant Dupatta Set,Ashraf Enterprise,,,,,,
,,,,,,,Ashraf Enterprise Women Kurta Pant Dupatta Set,Ashraf Enterprise,,,,,,
,,,,,,,Ashraf Enterprise Women Kurta Pant Dupatta Set,Ashraf Enterprise,,,,,,
,,,,,,,Ashraf Enterprise Women Kurta Pant Dupatta Set,Ashraf Enterprise,,,,,,
,,,,,,,Ashraf Enterprise Women Kurta Pant Dupatta Set,Ashraf Enterprise,,,,,,
,,,,,,,Ashraf Enterprise Women Kurta Pant Dupatta Set,Ashraf Enterprise,,,,,,
,,,,,,,Ashraf Enterprise Women Kurta Pant Dupatta Set,Ashraf Enterprise,,,,,,
,,,,,,,Ashraf Enterprise Women Kurta Pant Dupatta Set,Ashraf Enterprise,,,,,,
,,,,,,,Ashraf Enterprise Women Kurta Churidar Dupatta Set,Ashraf Enterprise,,,,,,
,,,,,,,ASHRAF ENTERPRISES Women Kurta Churidar Dupatta Set,ASHRAF ENTERPRISES,,,,,,
1046,493a8ab8269b47f4,NeervaFashion,No,silver,2024-06-17,2024-06-18,BlissWeave Women Kurta Palazzo Dupatta Set,BlissWeave,Possibly a Brand,BlissWeave,+918000341788,+918000341788,neervafashion26@gmail.com,neervafashion26@gmail.com
,,,,,,,BlissWeave Women Kurta Palazzo Dupatta Set,BlissWeave,,,,,,
,,,,,,,BlissWeave Women Kurta Palazzo Dupatta Set,BlissWeave,,,,,,
,,,,,,,BlissWeave Women Kurta Palazzo Dupatta Set,BlissWeave,,,,,,
,,,,,,,BlissWeave Women Kurta Palazzo Dupatta Set,BlissWeave,,,,,,
,,,,,,,BlissWeave Women Kurta Palazzo Dupatta Set,BlissWeave,,,,,,
,,,,,,,BlissWeave Women Kurta Palazzo Dupatta Set,BlissWeave,,,,,,
,,,,,,,BlissWeave Women Kurta Palazzo Dupatta Set,BlissWeave,,,,,,
,,,,,,,BlissWeave Women Kurta Palazzo Dupatta Set,BlissWeave,,,,,,
,,,,,,,BlissWeave Women Kurta Palazzo Dupatta Set,BlissWeave,,,,,,
,,,,,,,BlissWeave Women Kurta Palazzo Dupatta Set,BlissWeave,,,,,,
,,,,,,,BlissWeave Women Kurta Palazzo Dupatta Set,BlissWeave,,,,,,
,,,,,,,BlissWeave Women Kurta Palazzo Dupatta Set,BlissWeave,,,,,,
,,,,,,,BlissWeave Women Kurta Palazzo Dupatta Set,BlissWeave,,,,,,
,,,,,,,BlissWeave Women Kurta Palazzo Dupatta Set,BlissWeave,,,,,,
,,,,,,,BlissWeave Women Kurta Palazzo Dupatta Set,BlissWeave,,,,,,
,,,,,,,BlissWeave Women Kurta Palazzo Dupatta Set,BlissWeave,,,,,,
,,,,,,,BlissWeave Women Kurta Palazzo Dupatta Set,BlissWeave,,,,,,
,,,,,,,BlissWeave Women Kurta Palazzo Dupatta Set,BlissWeave,,,,,,
,,,,,,,BlissWeave Women Kurta Palazzo Dupatta Set,BlissWeave,,,,,,
1047,82d0eeea85154453,MEENABAZAARSTORE,Yes,bronze,2023-01-04,2023-11-09,,,,,,,,
1048,25e78963870e4416,SAHAJANAND9ENTERPRISE,No,silver,2023-05-15,2023-06-03,Lolar Boys Solid Casual Light Blue Shirt,Lolar,Possibly a Brand,Lolar,+919426937409,+919426937409,sahajanand091988@gmail.com,sahajanand091988@gmail.com
,,,,,,,Lolar Boys Solid Casual Yellow Shirt,Lolar,,,,,,
,,,,,,,Lolar Boys Solid Casual Light Blue Shirt,Lolar,,,,,,
,,,,,,,Lolar Boys Solid Casual Light Green Shirt,Lolar,,,,,,
,,,,,,,Lolar Boys Solid Casual Light Blue Shirt,Lolar,,,,,,
,,,,,,,Lolar Boys Solid Casual Dark Green Shirt,Lolar,,,,,,
,,,,,,,Lolar Boys Solid Casual Orange Shirt,Lolar,,,,,,
,,,,,,,Lolar Boys Solid Casual Pink Shirt,Lolar,,,,,,
,,,,,,,Lolar Boys Solid Casual Cream Shirt,Lolar,,,,,,
,,,,,,,Lolar Boys Solid Casual Light Green Shirt,Lolar,,,,,,
,,,,,,,Lolark Color Block Men Light Green T-Shirt,Lolark,,,,,,
,,,,,,,Lolar Men Solid Party Pink Shirt,Lolar,,,,,,
,,,,,,,Lolar Men Solid Party Green Shirt,Lolar,,,,,,
,,,,,,,Lolar Men Solid Party Cream Shirt,Lolar,,,,,,
,,,,,,,Lolar Men Solid Party Yellow Shirt,Lolar,,,,,,
,,,,,,,Lolar Boys Printed Casual Grey Shirt,Lolar,,,,,,
,,,,,,,Lolar Boys Printed Casual White Shirt,Lolar,,,,,,
,,,,,,,Lolar Boys Printed Casual Grey Shirt,Lolar,,,,,,
,,,,,,,Lolar Boys Printed Casual Grey Shirt,Lolar,,,,,,
,,,,,,,Lolar Boys Printed Casual Beige Shirt,Lolar,,,,,,
1049,7aaaf3fa2784491e,RoyalSmartWear,Yes,bronze,2023-03-05,2023-03-14,,,,,,,,
1050,5209e2c15d944543,jayeshfashio,No,silver,2026-05-29,2026-06-07,"Sinfonia enterprise Embroidered Kurta, Trouser/Pant & Dupatta Set",Sinfonia enterprise,Possibly a Brand,VISHWA FASHION,+916354340676,+916354340676,vishwaa.patil.14@gmail.com,vishwaa.patil.14@gmail.com
,,,,,,,"VISHWA FASHION Embroidered Kurta, Trouser/Pant & Dupatta Set",VISHWA FASHION,,,,,,
,,,,,,,"VISHWA FASHION Embroidered Kurta, Trouser/Pant & Dupatta Set",VISHWA FASHION,,,,,,
,,,,,,,VISHWA FASHION Women Embroidered Straight Kurta (Purple),VISHWA FASHION,,,,,,
,,,,,,,VISHWA FASHION Women Kurta Salwar Dupatta Set,VISHWA FASHION,,,,,,
,,,,,,,"VISHWA FASHION Embroidered Kurta, Trouser/Pant & Dupatta Set",VISHWA FASHION,,,,,,
,,,,,,,"VISHWA FASHION Embroidered Kurta, Trouser/Pant & Dupatta Set",VISHWA FASHION,,,,,,
,,,,,,,"VISHWA FASHION Embroidered Kurta, Trouser/Pant & Dupatta Set",VISHWA FASHION,,,,,,
,,,,,,,"VISHWA FASHION Embroidered Kurta, Trouser/Pant & Dupatta Set",VISHWA FASHION,,,,,,
,,,,,,,"VISHWA FASHION Floral Print Kurta, Trouser/Pant & Dupatta Set",VISHWA FASHION,,,,,,
,,,,,,,"VISHWA FASHION Embroidered Kurta, Trouser/Pant & Dupatta Set",VISHWA FASHION,,,,,,
,,,,,,,JAYESHFASHION Women Embroidered A-line Kurta (White),JAYESHFASHION,,,,,,
,,,,,,,"VISHWA FASHION Embellished Kurta, Trouser/Pant & Dupatta Set",VISHWA FASHION,,,,,,
,,,,,,,"Poya Fab Embroidered Kurta, Trouser/Pant & Dupatta Set",Poya Fab,,,,,,
,,,,,,,"VISHWA FASHION Embroidered Kurta, Salwar & Dupatta Set",VISHWA FASHION,,,,,,
,,,,,,,"VISHWA FASHION Embroidered Kurta, Salwar & Dupatta Set",VISHWA FASHION,,,,,,
,,,,,,,"VISHWA FASHION Embroidered Kurta, Trouser/Pant & Dupatta Set",VISHWA FASHION,,,,,,
,,,,,,,"VISHWA FASHION Embroidered Kurta, Salwar & Dupatta Set",VISHWA FASHION,,,,,,
,,,,,,,"VISHWA FASHION Embroidered Kurta, Trouser/Pant & Dupatta Set",VISHWA FASHION,,,,,,
,,,,,,,"Samoo Embroidered Kurta, Salwar & Dupatta Set",Samoo,,,,,,
1051,0031017e35344a03,Srsaba,Yes,silver,2025-08-23,2025-08-25,,,,,,,,
1052,21f077860d084ad1,Texxica,No,silver,2026-03-04,2026-03-24,"Texxica Floral Print Kurta, Trouser/Pant & Dupatta Set",Texxica,Possibly a Seller,,+919024537941,+919024537941,shreeramenterprises.helps@gmail.com,shreeramenterprises.helps@gmail.com
,,,,,,,"Hanvin Printed Kurta, Trouser/Pant & Dupatta Set",Hanvin,,,,,,
,,,,,,,Hanvin Women Kurta Pyjama Set,Hanvin,,,,,,
,,,,,,,"Hanvin Printed Kurta, Trouser/Pant & Dupatta Set",Hanvin,,,,,,
,,,,,,,"Hanvin Printed Kurta, Trouser/Pant & Dupatta Set",Hanvin,,,,,,
,,,,,,,KASHRA Women Kurta Pyjama Dupatta Set,KASHRA,,,,,,
,,,,,,,"Texxica Printed Kurta, Trouser/Pant & Dupatta Set",Texxica,,,,,,
,,,,,,,"Texxica Printed Kurta, Salwar & Dupatta Set",Texxica,,,,,,
,,,,,,,"Texxica Embroidered Kurta, Trouser/Pant & Dupatta Set",Texxica,,,,,,
,,,,,,,"Texxica Printed Kurta, Trouser/Pant & Dupatta Set",Texxica,,,,,,
,,,,,,,Hanvin Women Kurta Pant Dupatta Set,Hanvin,,,,,,
,,,,,,,Hanvin Women Kurta Pant Set,Hanvin,,,,,,
,,,,,,,KASHRA Women Kurta Pyjama Dupatta Set,KASHRA,,,,,,
,,,,,,,housepride Women Kurta Pant Dupatta Set,housepride,,,,,,
,,,,,,,"Texxica Printed Kurta, Salwar & Dupatta Set",Texxica,,,,,,
,,,,,,,"Texxica Printed Kurta, Trouser/Pant & Dupatta Set",Texxica,,,,,,
,,,,,,,"xyaa Printed Kurta, Trouser/Pant & Dupatta Set",xyaa,,,,,,
,,,,,,,"Hanorix Embroidered Kurta, Trouser/Pant & Dupatta Set",Hanorix,,,,,,
,,,,,,,Ethenictime Women Kurta Pant Attached Dupatta Set,Ethenictime,,,,,,
,,,,,,,Ethenictime Women Kurta Pant Attached Dupatta Set,Ethenictime,,,,,,
1053,4b484f5a48544637,SMNCreation,No,silver,2026-06-06,2026-06-13,"SMNCreation Printed Kurta, Trouser/Pant & Dupatta Set",SMNCreation,Possibly a Brand,SMNCreation,+919898232529,+919898232529,zaracreation056@gmail.com,zaracreation056@gmail.com
,,,,,,,"SMNCreation Printed Kurta, Trouser/Pant & Dupatta Set",SMNCreation,,,,,,
,,,,,,,"SMNCreation Printed Kurta, Trouser/Pant & Dupatta Set",SMNCreation,,,,,,
,,,,,,,"SMNCreation Printed Kurta, Trouser/Pant & Dupatta Set",SMNCreation,,,,,,
,,,,,,,"SMNCreation Printed Kurta, Trouser/Pant & Dupatta Set",SMNCreation,,,,,,
,,,,,,,"SMNCreation Printed Kurta, Trouser/Pant & Dupatta Set",SMNCreation,,,,,,
,,,,,,,SMNCreation Women Kurta Pyjama Set,SMNCreation,,,,,,
,,,,,,,SMNCreation Women Kurta Palazzo Set,SMNCreation,,,,,,
,,,,,,,Zara Creation Women Kurta Pyjama Set,Zara Creation,,,,,,
,,,,,,,"SMNCreation Printed Kurta, Trouser/Pant & Dupatta Set",SMNCreation,,,,,,
,,,,,,,"SMNCreation Printed Kurta, Trouser/Pant & Dupatta Set",SMNCreation,,,,,,
,,,,,,,"SMNCreation Printed Kurta, Trouser/Pant & Dupatta Set",SMNCreation,,,,,,
,,,,,,,Zara Creation Women Kurta Pyjama Set,Zara Creation,,,,,,
,,,,,,,"SMNCreation Printed Kurta, Trouser/Pant & Dupatta Set",SMNCreation,,,,,,
,,,,,,,"SMNCreation Printed Kurta, Trouser/Pant & Dupatta Set",SMNCreation,,,,,,
,,,,,,,"SMNCreation Printed Kurta, Trouser/Pant & Dupatta Set",SMNCreation,,,,,,
,,,,,,,"ZiwaCreation Printed Kurta, Trouser/Pant & Dupatta Set",ZiwaCreation,,,,,,
,,,,,,,"SMNCreation Printed Kurta, Trouser/Pant & Dupatta Set",SMNCreation,,,,,,
,,,,,,,"ZiwaCreation Printed Kurta, Trouser/Pant & Dupatta Set",ZiwaCreation,,,,,,
,,,,,,,"SMNCreation Printed Kurta, Trouser/Pant & Dupatta Set",SMNCreation,,,,,,
1054,5824ecbf651a4620,RUVIFASHION,No,bronze,2022-06-27,2022-06-28,"Clothyvia Cotton 300 GSM Bath, Beach, Face, Sport, Hand, Hair Towel Set (Pack of 2)",Clothyvia,Possibly a Brand,Clothyvia,+919825482827,+919825482827,bhaveahgajera36@gmail.com,bhaveahgajera36@gmail.com
,,,,,,,"Clothyvia Embroidered Kurta, Trouser/Pant & Dupatta Set",Clothyvia,,,,,,
,,,,,,,"Clothyvia Cotton 300 GSM Bath, Beach, Face, Sport, Hand, Hair Towel Set (Pack of 2)",Clothyvia,,,,,,
,,,,,,,"Clothyvia Cotton 300 GSM Bath, Beach, Face, Sport, Hand, Hair Towel Set (Pack of 2)",Clothyvia,,,,,,
,,,,,,,"Clothyvia Cotton 300 GSM Bath, Beach, Face, Sport, Hand, Hair Towel Set (Pack of 2)",Clothyvia,,,,,,
,,,,,,,"Clothyvia Cotton 300 GSM Bath, Beach, Face, Sport, Hand, Hair Towel Set (Pack of 2)",Clothyvia,,,,,,
,,,,,,,"Clothyvia Cotton 300 GSM Bath, Beach, Face, Sport, Hand, Hair Towel Set (Pack of 2)",Clothyvia,,,,,,
,,,,,,,"Clothyvia Cotton 300 GSM Bath, Beach, Face, Sport, Hand, Hair Towel Set (Pack of 2)",Clothyvia,,,,,,
,,,,,,,"Clothyvia Embroidered Kurta, Trouser/Pant & Dupatta Set",Clothyvia,,,,,,
,,,,,,,"Clothyvia Embroidered Kurta, Trouser/Pant & Dupatta Set",Clothyvia,,,,,,
,,,,,,,"Clothyvia Embroidered Kurta, Trouser/Pant & Dupatta Set",Clothyvia,,,,,,
,,,,,,,"Clothyvia Embroidered Kurta, Trouser/Pant & Dupatta Set",Clothyvia,,,,,,
,,,,,,,"kiwastudio Embroidered Kurta, Trouser/Pant & Dupatta Set",kiwastudio,,,,,,
,,,,,,,Clothyvia Cotton 500 GSM Bath Towel Set (Pack of 2),Clothyvia,,,,,,
,,,,,,,"kiwastudio Embroidered Kurta, Trouser/Pant & Dupatta Set",kiwastudio,,,,,,
,,,,,,,"Clothyvia Cotton 300 GSM Bath, Beach, Face, Sport, Hand, Hair Towel Set (Pack of 2)",Clothyvia,,,,,,
,,,,,,,"Clothyvia Cotton 300 GSM Bath, Beach, Face, Sport, Hand, Hair Towel Set (Pack of 2)",Clothyvia,,,,,,
,,,,,,,"Clothyvia Cotton 300 GSM Bath, Beach, Face, Sport, Hand, Hair Towel Set (Pack of 2)",Clothyvia,,,,,,
,,,,,,,"Clothyvia Cotton 300 GSM Bath, Beach, Face, Sport, Hand, Hair Towel Set (Pack of 2)",Clothyvia,,,,,,
,,,,,,,"kiwastudio Embroidered Kurta, Trouser/Pant & Dupatta Set",kiwastudio,,,,,,
1055,5d063029db32400c,KishoriSales,No,silver,2026-04-15,2026-04-18,"KISHORI SALES Printed Kurta, Dhoti Pant & Dupatta Set",KISHORI SALES,Possibly a Brand,KISHORI SALES,+919425733386,+919425733386,kishorisales@zohomail.in,kishorisales@zohomail.in
,,,,,,,"KISHORI SALES Floral Print Kurta, Trouser/Pant & Dupatta Set",KISHORI SALES,,,,,,
,,,,,,,"KISHORI SALES Printed Kurta, Trouser/Pant & Dupatta Set",KISHORI SALES,,,,,,
,,,,,,,JuJu Women Kurta Pant Dupatta Set,JuJu,,,,,,
,,,,,,,"KISHORI SALES Printed Kurta, Trouser/Pant & Dupatta Set",KISHORI SALES,,,,,,
,,,,,,,"KISHORI SALES Embroidered Kurta, Trouser/Pant & Dupatta Set",KISHORI SALES,,,,,,
,,,,,,,"KISHORI SALES Embroidered Kurta, Trouser/Pant & Dupatta Set",KISHORI SALES,,,,,,
,,,,,,,"KISHORI SALES Printed Kurta, Palazzo & Dupatta Set",KISHORI SALES,,,,,,
,,,,,,,"KISHORI SALES Embroidered Kurta, Trouser/Pant & Dupatta Set",KISHORI SALES,,,,,,
,,,,,,,"KISHORI SALES Floral Print Kurta, Trouser/Pant & Dupatta Set",KISHORI SALES,,,,,,
,,,,,,,"KISHORI SALES Embroidered Kurta, Trouser/Pant & Dupatta Set",KISHORI SALES,,,,,,
,,,,,,,"KISHORI SALES Printed Kurta, Trouser/Pant & Dupatta Set",KISHORI SALES,,,,,,
,,,,,,,JuJu Women Kurta Pant Dupatta Set,JuJu,,,,,,
,,,,,,,"KISHORI SALES Printed Kurta, Trouser/Pant & Dupatta Set",KISHORI SALES,,,,,,
,,,,,,,"KISHORI SALES Printed Kurta, Palazzo & Dupatta Set",KISHORI SALES,,,,,,
,,,,,,,"KISHORI SALES Printed Kurta, Trouser/Pant & Dupatta Set",KISHORI SALES,,,,,,
,,,,,,,"KISHORI SALES Embroidered Kurta, Trouser/Pant & Dupatta Set",KISHORI SALES,,,,,,
,,,,,,,"KISHORI SALES Printed Kurta, Palazzo & Dupatta Set",KISHORI SALES,,,,,,
,,,,,,,"KISHORI SALES Embroidered Kurta, Trouser/Pant & Dupatta Set",KISHORI SALES,,,,,,
,,,,,,,"KISHORI SALES Printed Kurta, Trouser/Pant & Dupatta Set",KISHORI SALES,,,,,,
1056,f2cc6d3e16ca47de,QuilaExplore,No,bronze,2022-03-05,2022-03-09,QuilaExplore Brass Mangalsutra,QuilaExplore,Possibly a Brand,QuilaExplore,+918735814300,+918735814300,hardjacker8997@gmail.com,hardjacker8997@gmail.com
,,,,,,,QuilaExplore Brass Mangalsutra,QuilaExplore,,,,,,
,,,,,,,QuilaExplore Waist Hip Belt Kamarband,QuilaExplore,,,,,,
,,,,,,,QuilaExplore Brass Mangalsutra,QuilaExplore,,,,,,
,,,,,,,QuilaExplore Brass Mangalsutra,QuilaExplore,,,,,,
,,,,,,,QuilaExplore Brass Bracelet,QuilaExplore,,,,,,
,,,,,,,"QuilaExplore Gold-plated Cubic Zirconia Brass, Copper",QuilaExplore,,,,,,
,,,,,,,QuilaExplore Silver Cubic Zirconia Stainless Steel,QuilaExplore,,,,,,
,,,,,,,QuilaExplore Brass Mangalsutra,QuilaExplore,,,,,,
,,,,,,,QuilaExplore Brass Mangalsutra,QuilaExplore,,,,,,
,,,,,,,QuilaExplore Brass Mangalsutra,QuilaExplore,,,,,,
,,,,,,,QuilaExplore Brass Mangalsutra,QuilaExplore,,,,,,
,,,,,,,QuilaExplore Brass Mangalsutra,QuilaExplore,,,,,,
,,,,,,,QuilaExplore Brass Mangalsutra,QuilaExplore,,,,,,
,,,,,,,QuilaExplore RK-1 B1 Brass Silver Kamarband,QuilaExplore,,,,,,
,,,,,,,"QuilaExplore Solid Kurta, Trouser/Pant & Dupatta Set",QuilaExplore,,,,,,
,,,,,,,QuilaExplore EA-13-50 Diamond Stainless Steel Stud Earring,QuilaExplore,,,,,,
,,,,,,,QuilaExplore Brass Mangalsutra,QuilaExplore,,,,,,
,,,,,,,"QuilaExplore Brass Pearl, Cubic Zirconia Brass, Metal",QuilaExplore,,,,,,
,,,,,,,"QuilaExplore Gold-plated Cubic Zirconia, Moonstone Brass",QuilaExplore,,,,,,
1057,d198fb9470cf4460,YashFashion21,No,silver,2026-06-22,2026-06-22,Yash Fashion Women Embroidered Straight Kurta (Brown),Yash Fashion,Possibly a Brand,Yash Fashion,+919316559782,+919316559782,fyash669@gmail.com,fyash669@gmail.com
,,,,,,,Yash Fashion Women Printed A-line Kurta (Light Blue),Yash Fashion,,,,,,
,,,,,,,Yash Fashion Women Kurta Set,Yash Fashion,,,,,,
,,,,,,,"Yash Fashion Embroidered Kurta, Trouser/Pant & Dupatta Set",Yash Fashion,,,,,,
,,,,,,,"Yash Fashion Embroidered Kurta, Trouser/Pant & Dupatta Set",Yash Fashion,,,,,,
,,,,,,,"Yash Fashion Women Embroidered, Chikan Embroidery, Printed, Self Design Straight Kurta (Pink)",Yash Fashion,,,,,,
,,,,,,,"Yash Fashion Embroidered Kurta, Trouser/Pant & Dupatta Set",Yash Fashion,,,,,,
,,,,,,,Yash Fashion Women Embroidered Straight Kurta (Beige),Yash Fashion,,,,,,
,,,,,,,"Yash Fashion Embroidered Kurta, Trouser/Pant & Dupatta Set",Yash Fashion,,,,,,
,,,,,,,Yash Fashion Women Embroidered Straight Kurta (Purple),Yash Fashion,,,,,,
,,,,,,,Yash Fashion Women Embroidered Straight Kurta (Blue),Yash Fashion,,,,,,
,,,,,,,Yash Fashion Women Embroidered Anarkali Kurta (Purple),Yash Fashion,,,,,,
,,,,,,,Yash Fashion Women Embroidered Anarkali Kurta (Brown),Yash Fashion,,,,,,
,,,,,,,Yash Fashion Women Embroidered Anarkali Kurta (Brown),Yash Fashion,,,,,,
,,,,,,,"Yash Fashion Embroidered Kurta, Trouser/Pant & Dupatta Set",Yash Fashion,,,,,,
,,,,,,,"Yash Fashion Self Design Kurta, Trouser/Pant & Dupatta Set",Yash Fashion,,,,,,
,,,,,,,"Yash Fashion Applique Kurta, Trouser/Pant & Dupatta Set",Yash Fashion,,,,,,
,,,,,,,Yash Fashion Women Embroidered Straight Kurta (Brown),Yash Fashion,,,,,,
,,,,,,,Yash Fashion Women Kurta Set,Yash Fashion,,,,,,
,,,,,,,Yash Fashion Women Embroidered Straight Kurta (Blue),Yash Fashion,,,,,,
1058,44a3dbd53b564b84,DEVSHREEFASHION23,No,silver,2025-06-05,2025-06-07,DEVSHREEFASHION Women Kurta Palazzo Dupatta Set,DEVSHREEFASHION,Possibly a Brand,DEVSHREEFASHION,+919974834306,+919974834306,devshreefashion23824@gmail.com,devshreefashion23824@gmail.com
,,,,,,,DEVSHREEFASHION Women Kurta Palazzo Dupatta Set,DEVSHREEFASHION,,,,,,
,,,,,,,DEVSHREEFASHION Women Kurta Palazzo Dupatta Set,DEVSHREEFASHION,,,,,,
,,,,,,,DEVSHREEFASHION Women Kurta Palazzo Dupatta Set,DEVSHREEFASHION,,,,,,
,,,,,,,DEVSHREEFASHION Women Kurta Palazzo Dupatta Set,DEVSHREEFASHION,,,,,,
,,,,,,,DEVSHREEFASHION Embroidered Semi Stitched Lehenga Choli (Purple),DEVSHREEFASHION,,,,,,
,,,,,,,DEVSHREEFASHION Embroidered Semi Stitched Lehenga Choli (Blue),DEVSHREEFASHION,,,,,,
,,,,,,,DEVSHREEFASHION Women Kurta Palazzo Dupatta Set,DEVSHREEFASHION,,,,,,
,,,,,,,DEVSHREEFASHION Embroidered Semi Stitched Lehenga Choli (Green),DEVSHREEFASHION,,,,,,
,,,,,,,DEVSHREEFASHION Anarkali Gown (Dark Blue),DEVSHREEFASHION,,,,,,
,,,,,,,DEVSHREEFASHION Embroidered Semi Stitched Lehenga Choli (Green),DEVSHREEFASHION,,,,,,
,,,,,,,DEVSHREEFASHION Anarkali Gown (Green),DEVSHREEFASHION,,,,,,
,,,,,,,ISHUFAB Women Ethnic Top Set,ISHUFAB,,,,,,
,,,,,,,DEVSHREEFASHION Embroidered Semi Stitched Lehenga Choli (Black),DEVSHREEFASHION,,,,,,
,,,,,,,ISHUFAB Women Ethnic Top Set,ISHUFAB,,,,,,
,,,,,,,DEVSHREEFASHION Embroidered Semi Stitched Lehenga Choli (Purple),DEVSHREEFASHION,,,,,,
,,,,,,,DEVSHREEFASHION Flared/A-line Gown (Purple),DEVSHREEFASHION,,,,,,
,,,,,,,DEVSHREEFASHION Embroidered Semi Stitched Lehenga Choli (Blue),DEVSHREEFASHION,,,,,,
,,,,,,,DEVSHREEFASHION Women Kurta Palazzo Dupatta Set,DEVSHREEFASHION,,,,,,
,,,,,,,ISHUFAB Women Ethnic Top Set,ISHUFAB,,,,,,
1059,7e8b5de00f3b4877,TheRawThreadCo,Yes,gold,2026-02-14,2026-02-19,,,,,,,,
1060,56c3ccf314314ff5,TRADITIONALCREATIVE,No,silver,2022-12-27,2023-01-05,"TRADITIONAL CREATIVE Embroidered Kurta, Trouser/Pant & Dupatta Set",TRADITIONAL CREATIVE,Possibly a Brand,TRADITIONAL CREATIVE,+919712099561,+919712099561,pankajmavani012@gmail.com,pankajmavani012@gmail.com
,,,,,,,"TRADITIONAL CREATIVE Embroidered Kurta, Trouser/Pant & Dupatta Set",TRADITIONAL CREATIVE,,,,,,
,,,,,,,"TRADITIONAL CREATIVE Embroidered Kurta, Trouser/Pant & Dupatta Set",TRADITIONAL CREATIVE,,,,,,
,,,,,,,"TRADITIONAL CREATIVE Embroidered Kurta, Trouser/Pant & Dupatta Set",TRADITIONAL CREATIVE,,,,,,
,,,,,,,TRADITIONAL CREATIVE Tunic Pant Co-ords Set,TRADITIONAL CREATIVE,,,,,,
,,,,,,,"TRADITIONAL CREATIVE Embroidered Kurta, Trouser/Pant & Dupatta Set",TRADITIONAL CREATIVE,,,,,,
,,,,,,,"TRADITIONAL CREATIVE Embroidered Kurta, Trouser/Pant & Dupatta Set",TRADITIONAL CREATIVE,,,,,,
,,,,,,,"TRADITIONAL CREATIVE Embroidered Kurta, Trouser/Pant & Dupatta Set",TRADITIONAL CREATIVE,,,,,,
,,,,,,,"TRADITIONAL CREATIVE Embroidered Kurta, Trouser/Pant & Dupatta Set",TRADITIONAL CREATIVE,,,,,,
,,,,,,,TRADITIONAL CREATIVE Cotton Silk Embroidered Salwar Suit Material,TRADITIONAL CREATIVE,,,,,,
,,,,,,,"TRADITIONAL CREATIVE Embroidered Kurta, Trouser/Pant & Dupatta Set",TRADITIONAL CREATIVE,,,,,,
,,,,,,,"TRADITIONAL CREATIVE Embroidered Kurta, Trouser/Pant & Dupatta Set",TRADITIONAL CREATIVE,,,,,,
,,,,,,,"TRADITIONAL CREATIVE Embroidered Kurta, Trouser/Pant & Dupatta Set",TRADITIONAL CREATIVE,,,,,,
,,,,,,,"TRADITIONAL CREATIVE Embroidered Kurta, Trouser/Pant & Dupatta Set",TRADITIONAL CREATIVE,,,,,,
,,,,,,,TRADITIONAL CREATIVE Tunic Pant Co-ords Set,TRADITIONAL CREATIVE,,,,,,
,,,,,,,"TRADITIONAL CREATIVE Embroidered Kurta, Trouser/Pant & Dupatta Set",TRADITIONAL CREATIVE,,,,,,
,,,,,,,TRADITIONAL CREATIVE Tunic Pant Co-ords Set,TRADITIONAL CREATIVE,,,,,,
,,,,,,,"TRADITIONAL CREATIVE Printed Kurta, Trouser/Pant & Dupatta Set",TRADITIONAL CREATIVE,,,,,,
,,,,,,,TRADITIONAL CREATIVE Tunic Pant Co-ords Set,TRADITIONAL CREATIVE,,,,,,
,,,,,,,TRADITIONAL CREATIVE Tunic Pant Co-ords Set,TRADITIONAL CREATIVE,,,,,,
1061,a97d614488ad4500,SNDAttire,No,bronze,2023-12-21,2023-12-22,,,Possibly a Seller,,+916376446753,+916376446753,dharm142@gmail.com,dharm142@gmail.com
1062,6b82176d4ef7438a,VMKStore,No,silver,2020-12-28,2021-01-07,"KREZVI Printed, Embellished, Floral Print, Solid/Plain Daily Wear Chiffon Saree (Orange)",KREZVI,Possibly a Brand,KREZVI,+919904399060,+919904399060,drashtifab1409@gmail.com,drashtifab1409@gmail.com
,,,,,,,"KREZVI Self Design, Printed, Digital Print, Solid/Plain Bollywood Cotton Blend, Cotton Silk Saree (Yellow)",KREZVI,,,,,,
,,,,,,,"KREZVI Printed, Embellished, Floral Print, Solid/Plain Daily Wear Chiffon Saree (Red)",KREZVI,,,,,,
,,,,,,,"KREZVI Self Design, Embroidered, Solid/Plain Bollywood Silk Blend, Pure Silk Saree (Maroon)",KREZVI,,,,,,
,,,,,,,KREZVI Jacquard Self Design Salwar Suit Material,KREZVI,,,,,,
,,,,,,,KREZVI Cotton Silk Self Design Blouse Material,KREZVI,,,,,,
,,,,,,,KREZVI Cotton Silk Floral Print Blouse Material,KREZVI,,,,,,
,,,,,,,"KREZVI Chiffon Solid, Floral Print, Embellished, Printed Blouse Material",KREZVI,,,,,,
,,,,,,,"KREZVI Woven Banarasi Pure Silk, Art Silk Saree (Light Blue)",KREZVI,,,,,,
,,,,,,,KREZVI Cotton Silk Floral Print Blouse Material,KREZVI,,,,,,
,,,,,,,"KREZVI Self Design, Printed, Striped, Embroidered, Woven, Floral Print Kanjivaram Jacquard, Pure Silk Saree (Mustard, Black)",KREZVI,,,,,,
,,,,,,,KREZVI Cotton Silk Floral Print Blouse Material,KREZVI,,,,,,
,,,,,,,KREZVI Solid/Plain Bollywood Art Silk Saree (Green),KREZVI,,,,,,
,,,,,,,"KREZVI Printed, Embellished, Floral Print, Solid/Plain Daily Wear Chiffon Saree (Yellow)",KREZVI,,,,,,
,,,,,,,KREZVI Cotton Silk Floral Print Blouse Material,KREZVI,,,,,,
,,,,,,,"KREZVI Printed, Self Design, Floral Print, Solid/Plain Daily Wear Cotton Blend, Pure Cotton Saree (Yellow)",KREZVI,,,,,,
,,,,,,,"KREZVI Woven Narayanpet Jacquard, Cotton Silk Saree (Mustard)",KREZVI,,,,,,
,,,,,,,"KREZVI Self Design, Temple Border, Embroidered, Floral Print, Solid/Plain Bollywood Silk Blend, Pure Silk Saree (Black)",KREZVI,,,,,,
,,,,,,,"KREZVI Self Design, Embroidered, Solid/Plain Bollywood Silk Blend, Satin Saree (Purple)",KREZVI,,,,,,
,,,,,,,"KREZVI Printed, Embellished, Floral Print, Solid/Plain Daily Wear Chiffon Saree (Dark Blue)",KREZVI,,,,,,
1063,4505384aa9ce4343,AKDYUG,No,bronze,2026-03-06,2026-03-08,AKDYUG Girls Casual Shirt Pyjama (Purple),AKDYUG,Possibly a Brand,AKDYUG,+918154808515,+918154808515,abhicreation499@gmail.com,abhicreation499@gmail.com
,,,,,,,AKDYUG Girls Casual Shirt Pyjama (Blue),AKDYUG,,,,,,
,,,,,,,AKDYUG Girls Casual Shirt Pyjama (Beige),AKDYUG,,,,,,
,,,,,,,AKDYUG Girls Casual Top Shorts (Blue),AKDYUG,,,,,,
,,,,,,,AKDYUG Girls Casual Top Shorts (Blue),AKDYUG,,,,,,
,,,,,,,AKDYUG Girls Casual Top Shorts (White),AKDYUG,,,,,,
,,,,,,,AKDYUG Kids Nightwear Baby Boys & Baby Girls Printed Rayon (Black Pack of 1),AKDYUG,,,,,,
,,,,,,,AKDYUG Kids Nightwear Baby Boys & Baby Girls Printed Rayon (Light Blue Pack of 1),AKDYUG,,,,,,
,,,,,,,AKDYUG Kids Nightwear Baby Boys & Baby Girls Rayon Shirt & Pyjama Set (Pack of 1),AKDYUG,,,,,,
,,,,,,,AKDYUG Girls Casual Top Pant (Pink),AKDYUG,,,,,,
,,,,,,,AKDYUG Girls Casual Top Skirt (Blue),AKDYUG,,,,,,
,,,,,,,AKDYUG Kids Nightwear Boys & Girls Rayon Top & Pyjama Set (Pack of 1),AKDYUG,,,,,,
,,,,,,,"AKDYUG Indi Girls Midi/Knee Length Casual Dress (White, Sleeveless)",AKDYUG,,,,,,
,,,,,,,"AKDYUG Indi Girls Midi/Knee Length Casual Dress (Pink, Sleeveless)",AKDYUG,,,,,,
,,,,,,,"AKDYUG Indi Girls Midi/Knee Length Casual Dress (Pink, Sleeveless)",AKDYUG,,,,,,
,,,,,,,"AKDYUG Indi Girls Midi/Knee Length Casual Dress (Multicolor, Sleeveless)",AKDYUG,,,,,,
,,,,,,,"AKDYUG Indi Girls Midi/Knee Length Casual Dress (Blue, Sleeveless)",AKDYUG,,,,,,
,,,,,,,AKDYUG Baby Boys & Baby Girls Party(Festive) Top Pyjama (Multicolor),AKDYUG,,,,,,
,,,,,,,AKDYUG Baby Boys & Baby Girls Party(Festive) Top Pyjama (Orange),AKDYUG,,,,,,
,,,,,,,"AKDYUG Indi Girls Midi/Knee Length Casual Dress (Blue, Sleeveless)",AKDYUG,,,,,,
1064,6dcea156399f4aa3,fabrikaa,No,gold,2025-04-15,2025-04-17,"fabrikaa Woven, Floral Print Banarasi Jacquard Saree (Red)",fabrikaa,Possibly a Brand,Febrikka,+918160947184,+918160947184,jalpapsheladiya@gmail.com,jalpapsheladiya@gmail.com
,,,,,,,"fabrikaa Woven, Floral Print Banarasi Jacquard Saree (Pink)",fabrikaa,,,,,,
,,,,,,,Febrikka Anarkali Gown (Maroon),Febrikka,,,,,,
,,,,,,,Febrikka Anarkali Gown (Yellow),Febrikka,,,,,,
,,,,,,,"fabrikaa Woven, Floral Print Banarasi Jacquard Saree (Red)",fabrikaa,,,,,,
,,,,,,,Febrikka Anarkali Gown (Yellow),Febrikka,,,,,,
,,,,,,,Febrikka Anarkali Gown (Yellow),Febrikka,,,,,,
,,,,,,,Febrikka Anarkali Gown (Light Blue),Febrikka,,,,,,
,,,,,,,Febrikka Anarkali Gown (Maroon),Febrikka,,,,,,
,,,,,,,Febrikka Anarkali Gown (Pink),Febrikka,,,,,,
,,,,,,,Febrikka Anarkali Gown (Light Blue),Febrikka,,,,,,
,,,,,,,Febrikka Anarkali Gown (Light Blue),Febrikka,,,,,,
,,,,,,,Febrikka Anarkali Gown (Maroon),Febrikka,,,,,,
,,,,,,,Febrikka Anarkali Gown (Maroon),Febrikka,,,,,,
,,,,,,,Febrikka Anarkali Gown (Yellow),Febrikka,,,,,,
,,,,,,,Febrikka Anarkali Gown (Maroon),Febrikka,,,,,,
,,,,,,,Febrikka Anarkali Gown (Orange),Febrikka,,,,,,
,,,,,,,Febrikka Anarkali Gown (Orange),Febrikka,,,,,,
,,,,,,,Febrikka Anarkali Gown (Maroon),Febrikka,,,,,,
,,,,,,,Febrikka Anarkali Gown (Pink),Febrikka,,,,,,
1065,df4b011e5df94697,RUVAPARICREATION,No,silver,2025-08-20,2025-09-02,"ADS FASHION Kurta, Trouser/Pant & Dupatta Set",ADS FASHION,Possibly a Brand,ADS FASHION,+919275160042,+919275160042,ruvaparicreation@gmail.com,ruvaparicreation@gmail.com
,,,,,,,"ADS FASHION Kurta, Trouser/Pant & Dupatta Set",ADS FASHION,,,,,,
,,,,,,,"ADS FASHION Kurta, Trouser/Pant & Dupatta Set",ADS FASHION,,,,,,
,,,,,,,"ADS FASHION Kurta, Trouser/Pant & Dupatta Set",ADS FASHION,,,,,,
,,,,,,,"ADS FASHION Kurta, Trouser/Pant & Dupatta Set",ADS FASHION,,,,,,
,,,,,,,"ADS FASHION Kurta, Trouser/Pant & Dupatta Set",ADS FASHION,,,,,,
,,,,,,,"ADS FASHION Kurta, Trouser/Pant & Dupatta Set",ADS FASHION,,,,,,
,,,,,,,"ADS FASHION Kurta, Trouser/Pant & Dupatta Set",ADS FASHION,,,,,,
,,,,,,,"ADS FASHION Kurta, Trouser/Pant & Dupatta Set",ADS FASHION,,,,,,
,,,,,,,"ADS FASHION Kurta, Trouser/Pant & Dupatta Set",ADS FASHION,,,,,,
,,,,,,,"ADS FASHION Kurta, Trouser/Pant & Dupatta Set",ADS FASHION,,,,,,
,,,,,,,"ADS FASHION Kurta, Trouser/Pant & Dupatta Set",ADS FASHION,,,,,,
,,,,,,,"ADS FASHION Kurta, Trouser/Pant & Dupatta Set",ADS FASHION,,,,,,
,,,,,,,"ADS FASHION Kurta, Trouser/Pant & Dupatta Set",ADS FASHION,,,,,,
,,,,,,,"ADS FASHION Kurta, Trouser/Pant & Dupatta Set",ADS FASHION,,,,,,
,,,,,,,"ADS FASHION Kurta, Trouser/Pant & Dupatta Set",ADS FASHION,,,,,,
,,,,,,,"ADS FASHION Kurta, Trouser/Pant & Dupatta Set",ADS FASHION,,,,,,
,,,,,,,"ADS FASHION Kurta, Trouser/Pant & Dupatta Set",ADS FASHION,,,,,,
,,,,,,,"ADS FASHION Kurta, Trouser/Pant & Dupatta Set",ADS FASHION,,,,,,
,,,,,,,"ADS FASHION Kurta, Trouser/Pant & Dupatta Set",ADS FASHION,,,,,,
1066,a6bebe8af43044a9,ZuriinThread,No,silver,2025-02-20,2025-02-22,"ZURIIN Floral Print Kurta, Trouser/Pant & Dupatta Set",ZURIIN,Possibly a Brand,ZURIIN,+919712023434,+919712023434,zuriinthread@gmail.com,zuriinthread@gmail.com
,,,,,,,"ZURIIN Embroidered Kurta, Trouser/Pant & Dupatta Set",ZURIIN,,,,,,
,,,,,,,"ZURIIN Floral Print Kurta, Trouser/Pant & Dupatta Set",ZURIIN,,,,,,
,,,,,,,"ZURIIN Floral Print Kurta, Trouser/Pant & Dupatta Set",ZURIIN,,,,,,
,,,,,,,"ZURIIN Floral Print Kurta, Trouser/Pant & Dupatta Set",ZURIIN,,,,,,
,,,,,,,"ZURIIN Floral Print Kurta, Trouser/Pant & Dupatta Set",ZURIIN,,,,,,
,,,,,,,"ZURIIN Embroidered Kurta, Trouser/Pant & Dupatta Set",ZURIIN,,,,,,
,,,,,,,"ZURIIN Embroidered Kurta, Trouser/Pant & Dupatta Set",ZURIIN,,,,,,
,,,,,,,"ZURIIN Embroidered Kurta, Trouser/Pant & Dupatta Set",ZURIIN,,,,,,
,,,,,,,"ZURIIN Floral Print Kurta, Trouser/Pant & Dupatta Set",ZURIIN,,,,,,
,,,,,,,"ZURIIN Embroidered Kurta, Trouser/Pant & Dupatta Set",ZURIIN,,,,,,
,,,,,,,"ZURIINTHREAD Embroidered Kurta, Churidar & Dupatta Set",ZURIINTHREAD,,,,,,
,,,,,,,"ZURIINTHREAD Embroidered Kurta, Churidar & Dupatta Set",ZURIINTHREAD,,,,,,
,,,,,,,"ZURIINTHREAD Embroidered Kurta, Churidar & Dupatta Set",ZURIINTHREAD,,,,,,
,,,,,,,"ZURIIN Floral Print Kurta, Trouser/Pant & Dupatta Set",ZURIIN,,,,,,
,,,,,,,"ZURIINTHREAD Embroidered Kurta, Churidar & Dupatta Set",ZURIINTHREAD,,,,,,
,,,,,,,"ZURIIN Embroidered Kurta, Trouser/Pant & Dupatta Set",ZURIIN,,,,,,
,,,,,,,"ZURIINTHREAD Embroidered Kurta, Churidar & Dupatta Set",ZURIINTHREAD,,,,,,
,,,,,,,"ZURIIN Embroidered Kurta, Trouser/Pant & Dupatta Set",ZURIIN,,,,,,
,,,,,,,"ZURIINTHREAD Embroidered Kurta, Churidar & Dupatta Set",ZURIINTHREAD,,,,,,
1067,7980c580800541cb,POOJAATREND,Yes,bronze,2025-06-12,2025-06-13,,,,,,,,
1068,0edf3b3528c84a13,HIVA TRENDZ,Yes,gold,2019-09-02,2019-09-12,,,,,,,,
1069,26a7cdb2ae074d31,GOLAMDAZCOLLECTION,No,bronze,2025-06-16,2025-07-15,"Golamdaz collectio Striped Kurta, Trouser/Pant & Dupatta Set",Golamdaz collectio,Possibly a Brand,Golamdaz collection,+919528609220,+919528609220,sultanpathan252@gmail.com,sultanpathan252@gmail.com
,,,,,,,"Golamdaz collectio Striped Kurta, Trouser/Pant & Dupatta Set",Golamdaz collectio,,,,,,
,,,,,,,"Golamdaz collectio Striped Kurta, Trouser/Pant & Dupatta Set",Golamdaz collectio,,,,,,
,,,,,,,"Golamdaz collection Women Embroidered, Floral Print Kurta (Dark Blue)",Golamdaz collection,,,,,,
,,,,,,,"Golamdaz collection Women Fashion Khadi Cotton Kurta, Trouser/Pant & Dupatta Set",Golamdaz collection,,,,,,
,,,,,,,Golamdaz collection Women Embroidered Straight Kurta (Green),Golamdaz collection,,,,,,
,,,,,,,Golamdaz collection Women Embroidered Straight Kurta (Dark Blue),Golamdaz collection,,,,,,
,,,,,,,"Golamdaz collection Women Embroidered, Floral Print Kurta (Green, Maroon)",Golamdaz collection,,,,,,
,,,,,,,"Golamdaz collection Women Embroidered, Floral Print Kurta (Green)",Golamdaz collection,,,,,,
,,,,,,,"Golamdaz collection Women Embroidered, Floral Print Kurta (Green, Maroon)",Golamdaz collection,,,,,,
,,,,,,,"Golamdaz collection Women Embroidered, Floral Print Straight Kurta (Green, Maroon)",Golamdaz collection,,,,,,
,,,,,,,"Golamdaz collection Women Embroidered, Floral Print Kurta (Dark Blue)",Golamdaz collection,,,,,,
,,,,,,,"Golamdaz collectio Striped Kurta, Trouser/Pant & Dupatta Set",Golamdaz collectio,,,,,,
,,,,,,,Golamdaz collection Women Kurta Pant Set,Golamdaz collection,,,,,,
,,,,,,,"Golamdaz collection Women Solid, Printed Straight Kurta (White, Blue, Pink)",Golamdaz collection,,,,,,
,,,,,,,Golamdaz collection Women Kurta Pant Set,Golamdaz collection,,,,,,
,,,,,,,"Golamdaz collectio Women Kurta, Pyjama & Dupatta Set",Golamdaz collectio,,,,,,
,,,,,,,"Golamdaz collectio Women Kurta, Pyjama & Dupatta Set",Golamdaz collectio,,,,,,
,,,,,,,Golamdaz collection Women Kurta Pant Set,Golamdaz collection,,,,,,
,,,,,,,Golamdaz collection Women Embroidered Straight Kurta (Maroon),Golamdaz collection,,,,,,
1070,4a0bb222c0c84ffa,CEVER,Yes,silver,2020-03-16,2020-07-28,,,,,,,,
1071,923ae400ab034668,VastraByAneha,No,silver,2026-06-17,2026-07-16,Vastra By Aneha Pure Cotton Printed Salwar Suit Material,Vastra By Aneha,Possibly a Seller,,+917087346023,+917087346023,jindalneha8902@gmail.com,jindalneha8902@gmail.com
,,,,,,,Vastra By Aneha Pure Cotton Printed Salwar Suit Material,Vastra By Aneha,,,,,,
,,,,,,,Vastra By Aneha Pure Cotton Printed Salwar Suit Material,Vastra By Aneha,,,,,,
,,,,,,,Vastra By Aneha Pure Cotton Printed Salwar Suit Material,Vastra By Aneha,,,,,,
1072,c870bb46b77b46e7,HIVAENTERPRISE1812,No,silver,2026-02-19,2026-02-19,ABCD Cotton Blend Graphic Print Shirt & Trouser Fabric,ABCD,Possibly a Brand,ABCD,+919016589218,+919016589218,febricvalley@gmail.com,febricvalley@gmail.com
,,,,,,,ABCD Cotton Blend Graphic Print Shirt & Trouser Fabric,ABCD,,,,,,
,,,,,,,ABCD Cotton Blend Graphic Print Shirt & Trouser Fabric,ABCD,,,,,,
,,,,,,,ABCD Cotton Blend Graphic Print Shirt & Trouser Fabric,ABCD,,,,,,
,,,,,,,ABCD Cotton Blend Graphic Print Shirt & Trouser Fabric,ABCD,,,,,,
,,,,,,,ABCD Cotton Blend Graphic Print Shirt & Trouser Fabric,ABCD,,,,,,
,,,,,,,ABCD Cotton Blend Graphic Print Shirt & Trouser Fabric,ABCD,,,,,,
,,,,,,,ABCD Cotton Blend Graphic Print Shirt & Trouser Fabric,ABCD,,,,,,
,,,,,,,ABCD Cotton Blend Graphic Print Shirt & Trouser Fabric,ABCD,,,,,,
,,,,,,,ABCD Cotton Blend Printed Shirt & Trouser Fabric,ABCD,,,,,,
,,,,,,,ABCD Cotton Blend Graphic Print Shirt & Trouser Fabric,ABCD,,,,,,
,,,,,,,ABCD Cotton Blend Graphic Print Shirt & Trouser Fabric,ABCD,,,,,,
,,,,,,,ABCD Cotton Blend Graphic Print Shirt & Trouser Fabric,ABCD,,,,,,
,,,,,,,ABCD Cotton Blend Graphic Print Shirt & Trouser Fabric,ABCD,,,,,,
,,,,,,,ABCD Cotton Blend Graphic Print Shirt & Trouser Fabric,ABCD,,,,,,
,,,,,,,ABCD Cotton Blend Graphic Print Shirt & Trouser Fabric,ABCD,,,,,,
,,,,,,,ABCD Cotton Blend Graphic Print Shirt & Trouser Fabric,ABCD,,,,,,
,,,,,,,ABCD Cotton Blend Graphic Print Shirt & Trouser Fabric,ABCD,,,,,,
,,,,,,,ABCD Cotton Blend Graphic Print Shirt & Trouser Fabric,ABCD,,,,,,
,,,,,,,ABCD Cotton Blend Printed Shirt & Trouser Fabric,ABCD,,,,,,
1073,7cf00166e9c84343,THIRA,Yes,silver,2022-01-19,2022-01-20,,,,,,,,
1074,22e0f837041241a3,SHRIKHODALFASHION,No,silver,2020-06-24,2020-06-27,Divastri Embellished Bollywood Georgette Saree (Pink),Divastri,Possibly a Seller,,+917405908289,+917405908289,fashionseye2828@gmail.com,fashionseye2828@gmail.com
,,,,,,,VC Fashion Pure Cotton Printed Kurta & Churidar Material,VC Fashion,,,,,,
,,,,,,,HouseOfCommon Cotton Blend Printed Salwar Suit Material,HouseOfCommon,,,,,,
,,,,,,,VC Fashion Pure Cotton Printed Kurta & Churidar Material,VC Fashion,,,,,,
,,,,,,,HouseOfCommon Cotton Blend Printed Salwar Suit Material,HouseOfCommon,,,,,,
,,,,,,,Divastri Embroidered Bollywood Georgette Saree (Black),Divastri,,,,,,
,,,,,,,VC Fashion Pure Cotton Printed Kurta & Churidar Material,VC Fashion,,,,,,
,,,,,,,HouseOfCommon Cotton Blend Printed Salwar Suit Material,HouseOfCommon,,,,,,
,,,,,,,VC Fashion Pure Cotton Printed Kurta & Churidar Material,VC Fashion,,,,,,
,,,,,,,Divastri Embellished Bollywood Georgette Saree (Multicolor),Divastri,,,,,,
,,,,,,,TIRA Embellished Bollywood Georgette Saree (Multicolor),TIRA,,,,,,
,,,,,,,Divastri Embellished Daily Wear Georgette Saree (Grey),Divastri,,,,,,
,,,,,,,HouseOfCommon Cotton Blend Printed Salwar Suit Material,HouseOfCommon,,,,,,
,,,,,,,Clemira Cotton Blend Floral Print Salwar Suit Material,Clemira,,,,,,
,,,,,,,Clemira Cotton Blend Floral Print Salwar Suit Material,Clemira,,,,,,
,,,,,,,Clemira Cotton Blend Floral Print Salwar Suit Material,Clemira,,,,,,
,,,,,,,Divastri Embellished Bollywood Georgette Saree (Purple),Divastri,,,,,,
,,,,,,,Divastri Printed Bollywood Georgette Saree (Multicolor),Divastri,,,,,,
,,,,,,,Divastri Embellished Bollywood Georgette Saree (Blue),Divastri,,,,,,
,,,,,,,Divastri Embellished Bollywood Georgette Saree (Maroon),Divastri,,,,,,
1075,4746d6c36a6146a6,HRMFAB,No,silver,2024-12-26,2024-12-27,HRMFAB Self Design Semi Stitched Lehenga Choli (Purple),HRMFAB,Possibly a Brand,HRMFAB,+919328638966,+919328638966,hrmfab8145@gmail.com,hrmfab8145@gmail.com
,,,,,,,HRMFAB Self Design Semi Stitched Lehenga Choli (Multicolor),HRMFAB,,,,,,
,,,,,,,HRMFAB Self Design Semi Stitched Lehenga Choli (Beige),HRMFAB,,,,,,
,,,,,,,HRMFAB Women Ethnic Top Dhoti Pant Dupatta Set,HRMFAB,,,,,,
,,,,,,,HRMFAB Georgette Embroidered Kurta & Churidar Material,HRMFAB,,,,,,
,,,,,,,HRMFAB Self Design Semi Stitched Lehenga Choli (Multicolor),HRMFAB,,,,,,
,,,,,,,HRMFAB Women Ethnic Top Dhoti Pant Dupatta Set,HRMFAB,,,,,,
,,,,,,,HRMFAB Self Design Semi Stitched Lehenga Choli (Pink),HRMFAB,,,,,,
,,,,,,,HRMFAB Self Design Semi Stitched Lehenga Choli (Multicolor),HRMFAB,,,,,,
,,,,,,,HRMFAB Self Design Semi Stitched Lehenga Choli (Multicolor),HRMFAB,,,,,,
,,,,,,,HRMFAB Self Design Semi Stitched Lehenga Choli (Beige),HRMFAB,,,,,,
,,,,,,,HRMFAB Women Ethnic Top Palazzo Dupatta Set,HRMFAB,,,,,,
,,,,,,,HRMFAB Embellished Semi Stitched Lehenga Choli (Multicolor),HRMFAB,,,,,,
,,,,,,,HRMFAB Self Design Semi Stitched Lehenga Choli (Purple),HRMFAB,,,,,,
,,,,,,,HRMFAB Self Design Semi Stitched Lehenga Choli (Pink),HRMFAB,,,,,,
,,,,,,,HRMFAB Women Ethnic Top Skirt Dupatta Set,HRMFAB,,,,,,
,,,,,,,HRMFAB Self Design Semi Stitched Lehenga Choli (Pink),HRMFAB,,,,,,
,,,,,,,HRMFAB Self Design Semi Stitched Lehenga Choli (Multicolor),HRMFAB,,,,,,
,,,,,,,HRMFAB Self Design Semi Stitched Lehenga Choli (Orange),HRMFAB,,,,,,
,,,,,,,HRMFAB Self Design Semi Stitched Lehenga Choli (Multicolor),HRMFAB,,,,,,
1076,3d3e41f4278d4cb3,ARIHANTTRADING23,No,silver,2026-05-29,2026-05-29,HANTARI Women Crop Top Skirt Ethnic Jacket Set,HANTARI,Possibly a Brand,HANTARI,+919925347600,+919925347600,ahrihant23@gmail.com,ahrihant23@gmail.com
,,,,,,,HANTARI Women Crop Top Skirt Ethnic Jacket Set,HANTARI,,,,,,
,,,,,,,HANTARI Women Crop Top Skirt Ethnic Jacket Set,HANTARI,,,,,,
,,,,,,,HANTARI Women Crop Top Skirt Ethnic Jacket Set,HANTARI,,,,,,
,,,,,,,HANTARI Women Crop Top Skirt Ethnic Jacket Set,HANTARI,,,,,,
,,,,,,,HANTARI Women Crop Top Skirt Ethnic Jacket Set,HANTARI,,,,,,
,,,,,,,HANTARI Women Crop Top Skirt Ethnic Jacket Set,HANTARI,,,,,,
,,,,,,,HANTARI Women Crop Top Skirt Ethnic Jacket Set,HANTARI,,,,,,
,,,,,,,HANTARI Women Crop Top Skirt Ethnic Jacket Set,HANTARI,,,,,,
,,,,,,,HANTARI Women Kurta Palazzo Set,HANTARI,,,,,,
,,,,,,,HANTARI Women Kurta Palazzo Set,HANTARI,,,,,,
,,,,,,,HANTARI Women Kurta Palazzo Set,HANTARI,,,,,,
,,,,,,,HANTARI Women Crop Top Skirt Ethnic Jacket Set,HANTARI,,,,,,
,,,,,,,HANTARI Women Crop Top Skirt Ethnic Jacket Set,HANTARI,,,,,,
,,,,,,,HANTARI Women Crop Top Skirt Ethnic Jacket Set,HANTARI,,,,,,
,,,,,,,HANTARI Women Crop Top Skirt Ethnic Jacket Set,HANTARI,,,,,,
,,,,,,,HANTARI Women Crop Top Skirt Ethnic Jacket Set,HANTARI,,,,,,
,,,,,,,HANTARI Women Crop Top Skirt Ethnic Jacket Set,HANTARI,,,,,,
,,,,,,,HANTARI Women Crop Top Skirt Ethnic Jacket Set,HANTARI,,,,,,
,,,,,,,HANTARI Women Crop Top Skirt Ethnic Jacket Set,HANTARI,,,,,,
1077,2ead08e3367e42d6,WomenSilkFabric,No,gold,2023-07-18,2023-07-20,WOMENSILKFABRIC Women Printed Kurta (Multicolor),WOMENSILKFABRIC,Possibly a Brand,WOMENSILKFABRIC,+917202020621,+917202020621,womensilkfabrics@gmail.com,womensilkfabrics@gmail.com
,,,,,,,WOMENSILKFABRIC Women Printed Kurta (Multicolor),WOMENSILKFABRIC,,,,,,
,,,,,,,WOMENSILKFABRIC Women Printed Kurta (Multicolor),WOMENSILKFABRIC,,,,,,
,,,,,,,WOMENSILKFABRIC Women Printed Kurta (Multicolor),WOMENSILKFABRIC,,,,,,
,,,,,,,WOMENSILKFABRIC Women Printed Kurta (Multicolor),WOMENSILKFABRIC,,,,,,
,,,,,,,WOMENSILKFABRIC Women Printed A-line Kurta (Multicolor),WOMENSILKFABRIC,,,,,,
,,,,,,,WOMENSILK Women Embroidered A-line Kurta (Purple),WOMENSILK,,,,,,
,,,,,,,WOMENSILKFABRIC Women Printed A-line Kurta (Multicolor),WOMENSILKFABRIC,,,,,,
,,,,,,,WOMENSILKFABRIC Women Printed A-line Kurta (Multicolor),WOMENSILKFABRIC,,,,,,
,,,,,,,WOMENSILKFABRIC Women Printed A-line Kurta (Multicolor),WOMENSILKFABRIC,,,,,,
,,,,,,,WOMENSILKFABRIC Women Printed Kurta (Multicolor),WOMENSILKFABRIC,,,,,,
,,,,,,,WOMENSILKFABRIC Women Printed Kurta (Multicolor),WOMENSILKFABRIC,,,,,,
,,,,,,,WOMENSILKFABRIC Women Embroidered Kurta (Multicolor),WOMENSILKFABRIC,,,,,,
,,,,,,,WOMENSILKFABRIC Women Printed Kurta (Multicolor),WOMENSILKFABRIC,,,,,,
,,,,,,,WOMENSILK Women Embroidered A-line Kurta (Blue),WOMENSILK,,,,,,
,,,,,,,WOMENSILK Women Embroidered A-line Kurta (Purple),WOMENSILK,,,,,,
,,,,,,,WOMENSILKFABRIC Women Embroidered Kurta (Multicolor),WOMENSILKFABRIC,,,,,,
,,,,,,,WOMENSILKFABRIC Women Printed Kurta (Multicolor),WOMENSILKFABRIC,,,,,,
,,,,,,,WOMENSILK Women Embroidered Kurta (Purple),WOMENSILK,,,,,,
,,,,,,,WOMENSILKFABRIC Women Embroidered Kurta (Multicolor),WOMENSILKFABRIC,,,,,,
1078,20f17322a2c94e4a,bluebirdimpex,No,silver,2015-08-21,2015-08-24,TIRA Color Block Gadwal Crepe Saree (Black),TIRA,Possibly a Seller,,+919712441763,+919712441763,bluebirdimpex2828@gmail.com,bluebirdimpex2828@gmail.com
,,,,,,,Bluebirdimpex Self Design Bollywood Georgette Saree (Multicolor),Bluebirdimpex,,,,,,
,,,,,,,TIRA Color Block Gadwal Crepe Saree (Dark Blue),TIRA,,,,,,
,,,,,,,Bluebirdimpex Embroidered Bollywood Georgette Saree (Dark Green),Bluebirdimpex,,,,,,
,,,,,,,Bluebirdimpex Floral Print Daily Wear Georgette Saree (Black),Bluebirdimpex,,,,,,
,,,,,,,TIRA Embellished Gadwal Crepe Saree (Red),TIRA,,,,,,
,,,,,,,Vijaycreation Pure Cotton Printed Salwar Suit Material,Vijaycreation,,,,,,
,,,,,,,TIRA Embellished Gadwal Crepe Saree (Green),TIRA,,,,,,
,,,,,,,TIRA Embellished Bollywood Georgette Saree (Multicolor),TIRA,,,,,,
,,,,,,,Bluebirdimpex Striped Bollywood Georgette Saree (Black),Bluebirdimpex,,,,,,
,,,,,,,TIRA Embellished Bollywood Georgette Saree (Blue),TIRA,,,,,,
,,,,,,,TIRA Embellished Bollywood Georgette Saree (Purple),TIRA,,,,,,
,,,,,,,Bluebirdimpex Embroidered Bollywood Georgette Saree (Purple),Bluebirdimpex,,,,,,
,,,,,,,Bluebirdimpex Embellished Bollywood Georgette Saree (Cream),Bluebirdimpex,,,,,,
,,,,,,,Bluebirdimpex Embellished Bollywood Georgette Saree (Yellow),Bluebirdimpex,,,,,,
,,,,,,,Bluebirdimpex Embroidered Bollywood Georgette Saree (Yellow),Bluebirdimpex,,,,,,
,,,,,,,TIRA Embellished Bollywood Georgette Saree (Multicolor),TIRA,,,,,,
,,,,,,,ROYAL WAVESS Embroidered Bollywood Georgette Saree (Black),ROYAL WAVESS,,,,,,
,,,,,,,Bluebirdimpex Embroidered Bollywood Georgette Saree (Pink),Bluebirdimpex,,,,,,
,,,,,,,Bluebirdimpex Embellished Bollywood Georgette Saree (Purple),Bluebirdimpex,,,,,,
1079,43890ca21686484e,FashionDay,Yes,silver,2019-01-28,2019-02-05,,,,,,,,
1080,da8bf7747c584249,MAHARLIKA,No,silver,2026-04-11,2026-04-13,Maharlika Embellished Bollywood Organza Saree (Maroon),Maharlika,Possibly a Brand,Maharlika,+918302334297,+918302334297,maharlikafashionvilla01@gmail.com,maharlikafashionvilla01@gmail.com
,,,,,,,Maharlika Embellished Bollywood Organza Saree (Maroon),Maharlika,,,,,,
,,,,,,,"Maharlika Paisley, Embroidered Bollywood Jimmy Jimmy Saree (Beige)",Maharlika,,,,,,
,,,,,,,Maharlika Organza Embroidered Blouse Material,Maharlika,,,,,,
,,,,,,,Maharlika Embroidered Bollywood Chiffon Saree (Pink),Maharlika,,,,,,
,,,,,,,Maharlika Embroidered Bollywood Chiffon Saree (Yellow),Maharlika,,,,,,
,,,,,,,Maharlika Embroidered Bollywood Chiffon Saree (Dark Blue),Maharlika,,,,,,
,,,,,,,Maharlika Embroidered Bollywood Chiffon Saree (Light Green),Maharlika,,,,,,
,,,,,,,Maharlika Organza Embroidered Blouse Material,Maharlika,,,,,,
,,,,,,,Maharlika Embroidered Bollywood Chiffon Saree (Light Blue),Maharlika,,,,,,
,,,,,,,"Maharlika Embroidered Bollywood Chiffon Saree (Pink, Purple)",Maharlika,,,,,,
,,,,,,,Maharlika Embellished Bollywood Organza Saree (Light Blue),Maharlika,,,,,,
,,,,,,,Maharlika Organza Embellished Blouse Material,Maharlika,,,,,,
,,,,,,,Maharlika Embroidered Bollywood Organza Saree (Mustard),Maharlika,,,,,,
,,,,,,,Maharlika Organza Embellished Blouse Material,Maharlika,,,,,,
,,,,,,,Maharlika Embroidered Bollywood Organza Saree (Red),Maharlika,,,,,,
,,,,,,,Maharlika Chiffon Embellished Blouse Material,Maharlika,,,,,,
,,,,,,,Maharlika Embroidered Bollywood Satin Saree (Green),Maharlika,,,,,,
,,,,,,,Maharlika Chiffon Embellished Blouse Material,Maharlika,,,,,,
,,,,,,,Maharlika Embellished Bollywood Organza Saree (Red),Maharlika,,,,,,
1081,b8b9c87ef5244e08,JRKENTERPRISE,Yes,silver,2021-06-28,2021-07-01,,,,,,,,
1082,4724dd0887124e9b,DBCOLLECTION1705,No,silver,2024-07-03,2024-07-05,DB COLLECTION Women Printed Kurta (Multicolor),DB COLLECTION,Possibly a Brand,DB COLLECTION,+919054974424,+919558478296,dbcollection912@gmail.com,dbcollection912@gmail.com
,,,,,,,DB COLLECTION Women Printed Kurta (Multicolor),DB COLLECTION,,,,,,
,,,,,,,DB COLLECTION Women Printed Kurta (Multicolor),DB COLLECTION,,,,,,
,,,,,,,DB COLLECTION Women Embroidered Kurta (Yellow),DB COLLECTION,,,,,,
,,,,,,,DB COLLECTION Women Printed Kurta (Multicolor),DB COLLECTION,,,,,,
,,,,,,,DB COLLECTION Women Printed Kurta (Multicolor),DB COLLECTION,,,,,,
,,,,,,,DB COLLECTION Women Embroidered Kurta (Yellow),DB COLLECTION,,,,,,
,,,,,,,DB COLLECTION Women Printed Kurta (Multicolor),DB COLLECTION,,,,,,
,,,,,,,DB COLLECTION Women Embroidered Kurta (Yellow),DB COLLECTION,,,,,,
,,,,,,,DB COLLECTION Women Embroidered Kurta (Yellow),DB COLLECTION,,,,,,
,,,,,,,DB COLLECTION Women Printed Kurta (Multicolor),DB COLLECTION,,,,,,
,,,,,,,DB COLLECTION Women Printed Kurta (Multicolor),DB COLLECTION,,,,,,
,,,,,,,DB COLLECTION Women Printed Kurta (Multicolor),DB COLLECTION,,,,,,
,,,,,,,DB COLLECTION Women Printed Kurta (Blue),DB COLLECTION,,,,,,
,,,,,,,DB COLLECTION Women Printed Kurta (Multicolor),DB COLLECTION,,,,,,
,,,,,,,DB COLLECTION Women Printed Kurta (Multicolor),DB COLLECTION,,,,,,
,,,,,,,DB COLLECTION Women Printed Kurta (Multicolor),DB COLLECTION,,,,,,
,,,,,,,DB COLLECTION Women Printed Kurta (Multicolor),DB COLLECTION,,,,,,
,,,,,,,DB COLLECTION Women Printed Kurta (Multicolor),DB COLLECTION,,,,,,
,,,,,,,DB COLLECTION Women Printed Kurta (Multicolor),DB COLLECTION,,,,,,
1083,0b97544616d6473f,RIDDHICOLLECTIONMALL,No,bronze,2023-08-18,2023-08-19,RIDDHI COLLECTION MALL Women Printed Kurta (Multicolor),RIDDHI COLLECTION MALL,Possibly a Brand,RIDDHI COLLECTION MALL,+917383328208,+917383328208,arvindbhaibambhroliya74@gmail.com,arvindbhaibambhroliya74@gmail.com
,,,,,,,RIDDHI COLLECTION MALL Women Printed Anarkali Kurta (Multicolor),RIDDHI COLLECTION MALL,,,,,,
,,,,,,,RIDDHI COLLECTION MALL Women Printed Kurta (Multicolor),RIDDHI COLLECTION MALL,,,,,,
,,,,,,,RIDDHI COLLECTION MALL Women Printed Kurta (Multicolor),RIDDHI COLLECTION MALL,,,,,,
,,,,,,,RIDDHI COLLECTION MALL Women Printed Straight Kurta (Multicolor),RIDDHI COLLECTION MALL,,,,,,
,,,,,,,RIDDHI COLLECTION MALL Women Printed Kurta (Multicolor),RIDDHI COLLECTION MALL,,,,,,
,,,,,,,RIDDHI COLLECTION MALL Women Printed Anarkali Kurta (Multicolor),RIDDHI COLLECTION MALL,,,,,,
,,,,,,,RIDDHI COLLECTION MALL Women Floral Print Straight Kurta (Multicolor),RIDDHI COLLECTION MALL,,,,,,
,,,,,,,RIDDHI COLLECTION MALL Women Printed Straight Kurta (Multicolor),RIDDHI COLLECTION MALL,,,,,,
,,,,,,,RIDDHI COLLECTION MALL Women Printed Kurta (Multicolor),RIDDHI COLLECTION MALL,,,,,,
,,,,,,,"RIDDHI COLLECTION MALL Women Printed Straight Kurta (Red, Orange, White)",RIDDHI COLLECTION MALL,,,,,,
,,,,,,,RIDDHI COLLECTION MALL Women Printed Straight Kurta (Multicolor),RIDDHI COLLECTION MALL,,,,,,
,,,,,,,RIDDHI COLLECTION MALL Women Printed Kurta (Multicolor),RIDDHI COLLECTION MALL,,,,,,
,,,,,,,RIDDHI COLLECTION MALL Women Printed Kurta (Multicolor),RIDDHI COLLECTION MALL,,,,,,
,,,,,,,RIDDHI COLLECTION MALL Women Bandhani Straight Kurta (Multicolor),RIDDHI COLLECTION MALL,,,,,,
,,,,,,,RIDDHI COLLECTION MALL Women Printed Straight Kurta (Multicolor),RIDDHI COLLECTION MALL,,,,,,
,,,,,,,RIDDHI COLLECTION MALL Women Printed A-line Kurta (Multicolor),RIDDHI COLLECTION MALL,,,,,,
,,,,,,,"RIDDHI COLLECTION MALL Women Printed Straight Kurta (Blue, White)",RIDDHI COLLECTION MALL,,,,,,
,,,,,,,RIDDHI COLLECTION MALL Women Printed Straight Kurta (Multicolor),RIDDHI COLLECTION MALL,,,,,,
,,,,,,,RIDDHI COLLECTION MALL Women Printed Anarkali Kurta (Multicolor),RIDDHI COLLECTION MALL,,,,,,
1084,6971310cb85d49d6,VishwaCollectionMall,No,bronze,2022-08-12,2022-08-13,VISHWA COLLECTION MALL Women Printed Kurta (Multicolor),VISHWA COLLECTION MALL,Possibly a Seller,,+917041566859,+917041566859,piyushapatel1999@gmail.com,piyushapatel1999@gmail.com
,,,,,,,"VISHWA COLLECTION MALL Women Printed Kurta (Red, White)",VISHWA COLLECTION MALL,,,,,,
,,,,,,,VISHWA COLLECTION MALL Women Printed Kurta (Multicolor),VISHWA COLLECTION MALL,,,,,,
,,,,,,,VISHWA COLLECTION MALL Women Printed Kurta (Red),VISHWA COLLECTION MALL,,,,,,
,,,,,,,VISHWA COLLECTION MALL Women Printed Kurta (Multicolor),VISHWA COLLECTION MALL,,,,,,
,,,,,,,VISHWA COLLECTION MALL Women Printed Kurta (Blue),VISHWA COLLECTION MALL,,,,,,
,,,,,,,Vishwa Collection Mall Women Printed Kurta (Multicolor),Vishwa Collection Mall,,,,,,
,,,,,,,"VISHWA COLLECTION MALL Women Printed Kurta (Blue, White)",VISHWA COLLECTION MALL,,,,,,
,,,,,,,VISHWA COLLECTION MALL Women Bandhni Print Kurta (Multicolor),VISHWA COLLECTION MALL,,,,,,
,,,,,,,Vishwa Collection Mall Women Printed Kurta (Multicolor),Vishwa Collection Mall,,,,,,
,,,,,,,Vishwa Collection Mall Women Printed Kurta (Multicolor),Vishwa Collection Mall,,,,,,
,,,,,,,Vishwa Collection Mall Women Printed Kurta (Multicolor),Vishwa Collection Mall,,,,,,
,,,,,,,"VISHWA COLLECTION MALL Women Printed Kurta (Red, White)",VISHWA COLLECTION MALL,,,,,,
,,,,,,,VISHWA COLLECTION MALL Women Printed Kurta (Multicolor),VISHWA COLLECTION MALL,,,,,,
,,,,,,,VISHWA COLLECTION MALL Women Printed Kurta (Multicolor),VISHWA COLLECTION MALL,,,,,,
,,,,,,,Vishwa Collection Mall Women Printed Kurta (Multicolor),Vishwa Collection Mall,,,,,,
,,,,,,,Vishwa Collection Mall Women Solid Straight Kurta (Pink),Vishwa Collection Mall,,,,,,
,,,,,,,VISHWA COLLECTION MALL Women Printed Kurta (Multicolor),VISHWA COLLECTION MALL,,,,,,
,,,,,,,Vishwa Collection Mall Women Printed Kurta (Multicolor),Vishwa Collection Mall,,,,,,
,,,,,,,Vishwa Collection Mall Women Printed Kurta (Red),Vishwa Collection Mall,,,,,,
1085,9cfb7866e3274162,ShriRadheshyamTextiles,No,silver,2021-12-24,2023-10-28,shriradheshyam Crepe Floral Print Salwar Suit Material,shriradheshyam,Possibly a Brand,shriradheshyam,+917249660608,+917249660608,vishalpenti@gmail.com,vishalpenti@gmail.com
,,,,,,,shriradheshyam Wool Printed Salwar Suit Material,shriradheshyam,,,,,,
,,,,,,,shriradheshyam Georgette Embellished Salwar Suit Material,shriradheshyam,,,,,,
,,,,,,,shriradheshyam Georgette Embroidered Salwar Suit Material,shriradheshyam,,,,,,
,,,,,,,"shriradheshyam Pure Cotton Embroidered, Printed Salwar Suit Material",shriradheshyam,,,,,,
,,,,,,,shriradheshyam Viscose Rayon Embroidered Salwar Suit Material,shriradheshyam,,,,,,
,,,,,,,shriradheshyam Pure Cotton Embroidered Salwar Suit Material,shriradheshyam,,,,,,
,,,,,,,shriradheshyam Wool Printed Salwar Suit Material,shriradheshyam,,,,,,
,,,,,,,shriradheshyam Georgette Embroidered Salwar Suit Material,shriradheshyam,,,,,,
,,,,,,,shriradheshyam Pure Cotton Printed Salwar Suit Material,shriradheshyam,,,,,,
,,,,,,,shriradheshyam Organza Embroidered Salwar Suit Material,shriradheshyam,,,,,,
,,,,,,,shriradheshyam Wool Printed Salwar Suit Material,shriradheshyam,,,,,,
,,,,,,,shriradheshyam Georgette Embroidered Salwar Suit Material,shriradheshyam,,,,,,
,,,,,,,shriradheshyam Pure Cotton Printed Salwar Suit Material,shriradheshyam,,,,,,
,,,,,,,shriradheshyam Pure Cotton Embroidered Salwar Suit Material,shriradheshyam,,,,,,
,,,,,,,shriradheshyam Wool Embroidered Salwar Suit Material,shriradheshyam,,,,,,
,,,,,,,shriradheshyam Pure Cotton Printed Salwar Suit Material,shriradheshyam,,,,,,
,,,,,,,shriradheshyam Georgette Embroidered Salwar Suit Material,shriradheshyam,,,,,,
,,,,,,,Srt Crepe Printed Salwar Suit Material,Srt,,,,,,
,,,,,,,shriradheshyam Georgette Floral Print Salwar Suit Material,shriradheshyam,,,,,,
1086,d8fd2ac35fbf41a9,niyudresses,No,silver,2026-06-18,2026-06-27,Pratiksha Creation Cotton Blend Printed Salwar Suit Material,Pratiksha Creation,Possibly a Brand,Pratiksha Creation,+919586363837,+919586363837,creationskalpana32@gmail.com,creationskalpana32@gmail.com
,,,,,,,Pratiksha Creation Pure Cotton Printed Salwar Suit Material,Pratiksha Creation,,,,,,
,,,,,,,Pratiksha Creation Pure Cotton Printed Salwar Suit Material,Pratiksha Creation,,,,,,
,,,,,,,Pratiksha Creation Pure Cotton Printed Salwar Suit Material,Pratiksha Creation,,,,,,
,,,,,,,Pratiksha Creation Pure Cotton Printed Salwar Suit Material,Pratiksha Creation,,,,,,
,,,,,,,Pratiksha Creation Pure Cotton Printed Salwar Suit Material,Pratiksha Creation,,,,,,
,,,,,,,Pratiksha Creation Pure Cotton Printed Salwar Suit Material,Pratiksha Creation,,,,,,
,,,,,,,Pratiksha Creationss Pure Cotton Printed Salwar and Dupatta Material,Pratiksha Creationss,,,,,,
,,,,,,,PrATIKSHA CREATIONS Pure Cotton Self Design Salwar Suit Material,PrATIKSHA CREATIONS,,,,,,
,,,,,,,Pratiksha Creation Cotton Blend Printed Salwar Suit Material,Pratiksha Creation,,,,,,
,,,,,,,Pratiksha Creation Cotton Blend Printed Salwar Suit Material,Pratiksha Creation,,,,,,
,,,,,,,Pratiksha Creation Pure Cotton Embroidered Salwar Suit Material,Pratiksha Creation,,,,,,
,,,,,,,Pratiksha Creation Cotton Blend Printed Salwar Suit Material,Pratiksha Creation,,,,,,
,,,,,,,Pratisha Creation Pure Cotton Embroidered Salwar Suit Material,Pratisha Creation,,,,,,
,,,,,,,PrATIKSHA CREATIONS Pure Cotton Self Design Salwar Suit Material,PrATIKSHA CREATIONS,,,,,,
,,,,,,,"JANKIFABRIC Viscose Rayon Printed, Self Design, Colorblock Salwar Suit Material",JANKIFABRIC,,,,,,
,,,,,,,Pratiksha Creation Pure Cotton Embroidered Salwar Suit Material,Pratiksha Creation,,,,,,
,,,,,,,Pratisha Creation Pure Cotton Embroidered Salwar Suit Material,Pratisha Creation,,,,,,
,,,,,,,Pratiksha Creation Pure Cotton Embroidered Salwar Suit Material,Pratiksha Creation,,,,,,
,,,,,,,Pratiksha Creation Pure Cotton Embroidered Salwar Suit Material,Pratiksha Creation,,,,,,
1087,22f550726930405b,Raymondtrendz,Yes,bronze,2018-11-17,2018-12-15,,,,,,,,
1088,8fe1d5de25e9433b,JAHIMFASHION,No,silver,2023-11-03,2023-11-06,Jahim Pure Cotton Printed Kurta Fabric,Jahim,Possibly a Seller,,+917797445611,+917797445611,jahimfashion@gmail.com,jahimfashion@gmail.com
,,,,,,,"Jahim Slim Fit Women Black, Maroon Trousers",Jahim,,,,,,
,,,,,,,MTA COLLECTION Pure Cotton Printed Kurta Fabric,MTA COLLECTION,,,,,,
,,,,,,,MTA COLLECTION Pure Cotton Printed Blouse Material,MTA COLLECTION,,,,,,
,,,,,,,Jahim Pure Cotton Printed Kurta Fabric,Jahim,,,,,,
,,,,,,,Jahim Pure Cotton Printed Kurta Fabric,Jahim,,,,,,
,,,,,,,MTA COLLECTION Pure Cotton Printed Kurta Fabric,MTA COLLECTION,,,,,,
,,,,,,,Jahim Pure Cotton Printed Kurta Fabric,Jahim,,,,,,
,,,,,,,RAHI BOUTIQUE Pure Cotton Colorblock Kurta Fabric,RAHI BOUTIQUE,,,,,,
,,,,,,,MTA Pure Cotton Printed Blouse Material,MTA,,,,,,
,,,,,,,Jahim Pure Cotton Printed Blouse Material,Jahim,,,,,,
,,,,,,,"Jahim Slim Fit Women Black, Maroon Trousers",Jahim,,,,,,
,,,,,,,MTA COLLECTION Pure Cotton Printed Blouse Material,MTA COLLECTION,,,,,,
,,,,,,,"AREEBA COLLECTION Flared Women Maroon, Black Trousers",AREEBA COLLECTION,,,,,,
,,,,,,,AREEBA COLLECTION Flared Women Multicolor Trousers,AREEBA COLLECTION,,,,,,
,,,,,,,AREEBA COLLECTION Flared Women Multicolor Trousers,AREEBA COLLECTION,,,,,,
,,,,,,,MTA COLLECTION Pure Cotton Printed Kurta Fabric,MTA COLLECTION,,,,,,
,,,,,,,MTA COLLECTION Pure Cotton Printed Kurta Fabric,MTA COLLECTION,,,,,,
,,,,,,,MTA COLLECTION Pure Cotton Printed Kurta Fabric,MTA COLLECTION,,,,,,
,,,,,,,MTA COLLECTION Pure Cotton Printed Blouse Material,MTA COLLECTION,,,,,,
1089,37d246ae0c5c42ce,Nikkifashioninarachoice,No,silver,2020-12-04,2026-05-18,"nikki fashion Brocade Dyed, Animal Print, Floral Print, Self Design Salwar Suit Material",nikki fashion,Possibly a Brand,nikki fashion,+919855146965,+919855146965,maradha44@gmail.com,maradha44@gmail.com
,,,,,,,nikki fashion Cotton Silk Printed Salwar Suit Material,nikki fashion,,,,,,
,,,,,,,nikki fashion Cotton Silk Printed Salwar Suit Material,nikki fashion,,,,,,
,,,,,,,nikki fashion Brocade Printed Salwar Suit Material,nikki fashion,,,,,,
,,,,,,,"nikki fashion Muslin Animal Print, Self Design, Printed Salwar Suit Material",nikki fashion,,,,,,
,,,,,,,nikki fashion Cotton Silk Embroidered Salwar Suit Material,nikki fashion,,,,,,
,,,,,,,nikki fashion Crepe Embroidered Salwar Suit Material,nikki fashion,,,,,,
,,,,,,,nikki fashion Crepe Embroidered Salwar Suit Material,nikki fashion,,,,,,
,,,,,,,nikki fashion Muslin Embroidered Salwar Suit Material,nikki fashion,,,,,,
,,,,,,,nikki fashion Crepe Embroidered Salwar Suit Material,nikki fashion,,,,,,
,,,,,,,nikki fashion Cotton Blend Embroidered Gown/Anarkali Kurta & Bottom Material,nikki fashion,,,,,,
,,,,,,,nikki fashion Muslin Embroidered Salwar Suit Material,nikki fashion,,,,,,
,,,,,,,nikki fashion Cotton Blend Embroidered Salwar Suit Material,nikki fashion,,,,,,
,,,,,,,"nikki fashion Crepe Embroidered, Self Design Salwar Suit Material",nikki fashion,,,,,,
,,,,,,,"nikki fashion Cotton Silk Embroidered, Self Design, Printed Salwar Suit Material",nikki fashion,,,,,,
,,,,,,,Nikki faahion Organza Embroidered Salwar and Dupatta Material,Nikki faahion,,,,,,
,,,,,,,"Nikki faahion Crepe Embroidered, Self Design Salwar and Dupatta Material",Nikki faahion,,,,,,
,,,,,,,nikki fashion Organza Embroidered Salwar and Dupatta Material,nikki fashion,,,,,,
,,,,,,,nikki fashion Cotton Blend Embroidered Salwar Suit Material,nikki fashion,,,,,,
,,,,,,,nikki fashion Cotton Blend Embroidered Gown/Anarkali Kurta & Bottom Material,nikki fashion,,,,,,
1090,1b121dee2b51430b,Varun Cloth House,No,gold,2017-08-10,2019-05-14,Kashmiri Wool Embellished Men Shawl (Grey),Kashmiri,Possibly a Brand,Soul Essence,+919419283695,+919419283695,varun.majan@yahoo.in,varun.majan@yahoo.in
,,,,,,,Soul Essence Wool Embroidered Salwar Suit Material,Soul Essence,,,,,,
,,,,,,,Soul Essence Wool Embroidered Salwar Suit Material,Soul Essence,,,,,,
,,,,,,,Soul Essence Pashmina Woven Women Shawl (White),Soul Essence,,,,,,
,,,,,,,Soul Essence Wool Embroidered Salwar Suit Material,Soul Essence,,,,,,
,,,,,,,Soul Essence Wool Embroidered Salwar Suit Material,Soul Essence,,,,,,
,,,,,,,Kashmiri Wool Embroidered Women Shawl (Black),Kashmiri,,,,,,
,,,,,,,Soul Essence Wool Embroidered Salwar Suit Material,Soul Essence,,,,,,
,,,,,,,Soul Essence Embroidered Wool Blend Women Stole,Soul Essence,,,,,,
,,,,,,,Kashmiri Embroidered Wool Blend Women Stole,Kashmiri,,,,,,
,,,,,,,Kashmiri Wool Self Design Men Shawl (Grey),Kashmiri,,,,,,
,,,,,,,"Soul Essence Wool Solid, Embroidered Salwar Suit Material",Soul Essence,,,,,,
,,,,,,,Soul Essence Wool Woven Women Shawl (Purple),Soul Essence,,,,,,
,,,,,,,Soul Essence Wool Embroidered Women Shawl (Green),Soul Essence,,,,,,
,,,,,,,Soul Essence Wool Self Design Women Shawl (Red),Soul Essence,,,,,,
,,,,,,,Kashmiri Wool Woven Men Shawl (White),Kashmiri,,,,,,
,,,,,,,Kashmiri Wool Embroidered Women Shawl (Beige),Kashmiri,,,,,,
,,,,,,,Kashmiri Shawl Wool Embroidered Women Shawl (Multicolor),Kashmiri Shawl,,,,,,
,,,,,,,Soul Essence Cotton Blend Printed Shirt Fabric,Soul Essence,,,,,,
,,,,,,,Soul Essence Wool Embroidered Salwar Suit Material,Soul Essence,,,,,,
1091,98cdbc7f2d3b4559,NILKANTHCREATION3,No,bronze,2026-01-10,2026-01-12,NILKANTHTEX Women Crop Top Skirt Ethnic Jacket Set,NILKANTHTEX,Possibly a Brand,NILKANTHTEX,+919825512383,+919825512383,ksojitra1980@gmail.com,ksojitra1980@gmail.com
,,,,,,,NILKANTHTEX Women Crop Top Skirt Ethnic Jacket Set,NILKANTHTEX,,,,,,
,,,,,,,NILKANTHTEX Women Crop Top Skirt Ethnic Jacket Set,NILKANTHTEX,,,,,,
,,,,,,,NILKANTHTEX Women Crop Top Skirt Ethnic Jacket Set,NILKANTHTEX,,,,,,
,,,,,,,NILKANTHTEX Women Crop Top Skirt Ethnic Jacket Set,NILKANTHTEX,,,,,,
,,,,,,,NILKANTHTEX Women Crop Top Skirt Ethnic Jacket Set,NILKANTHTEX,,,,,,
,,,,,,,NILKANTHTEX Women Crop Top Skirt Ethnic Jacket Set,NILKANTHTEX,,,,,,
,,,,,,,NILKANTHTEX Women Crop Top Skirt Ethnic Jacket Set,NILKANTHTEX,,,,,,
,,,,,,,NILKANTHTEX Women Crop Top Skirt Ethnic Jacket Set,NILKANTHTEX,,,,,,
,,,,,,,NILKANTHTEX Women Crop Top Skirt Ethnic Jacket Set,NILKANTHTEX,,,,,,
,,,,,,,NILKANTHTEX Women Crop Top Skirt Ethnic Jacket Set,NILKANTHTEX,,,,,,
,,,,,,,NILKANTHTEX Women Crop Top Skirt Ethnic Jacket Set,NILKANTHTEX,,,,,,
,,,,,,,NILKANTHTEX Women Crop Top Skirt Ethnic Jacket Set,NILKANTHTEX,,,,,,
,,,,,,,NILKANTHTEX Women Crop Top Skirt Ethnic Jacket Set,NILKANTHTEX,,,,,,
,,,,,,,NILKANTHTEX Women Crop Top Skirt Ethnic Jacket Set,NILKANTHTEX,,,,,,
,,,,,,,NILKANTHTEX Women Crop Top Skirt Ethnic Jacket Set,NILKANTHTEX,,,,,,
,,,,,,,NILKANTHTEX Women Crop Top Skirt Ethnic Jacket Set,NILKANTHTEX,,,,,,
,,,,,,,NILKANTHTEX Women Crop Top Skirt Ethnic Jacket Set,NILKANTHTEX,,,,,,
,,,,,,,NILKANTHTEX Women Crop Top Skirt Ethnic Jacket Set,NILKANTHTEX,,,,,,
,,,,,,,NILKANTHTEX Women Kurta Palazzo Set,NILKANTHTEX,,,,,,
1092,c6ac8634ec0e4f8d,CREP,No,silver,2023-08-14,2023-08-16,SKYVILLA Crepe Solid Kurta Fabric,SKYVILLA,Possibly a Brand,SKYVILLA,+918866338364,+918866338364,kartvilla3112@gmail.com,kartvilla3112@gmail.com
,,,,,,,SKYVILLA Crepe Floral Print Kurta Fabric,SKYVILLA,,,,,,
,,,,,,,SKYVILLA Crepe Printed Kurta & Churidar Material,SKYVILLA,,,,,,
,,,,,,,kart villa Viscose Rayon Solid Shirt Fabric,kart villa,,,,,,
,,,,,,,SKYVILLA Crepe Floral Print Kurta & Patiyala Material,SKYVILLA,,,,,,
,,,,,,,SKYVILLA Crepe Printed Kurta Fabric,SKYVILLA,,,,,,
,,,,,,,SKYVILLA Crepe Floral Print Kurta Fabric,SKYVILLA,,,,,,
,,,,,,,kart villa Viscose Rayon Solid Shirt Fabric,kart villa,,,,,,
,,,,,,,SKYVILLA Crepe Printed Kurta Fabric,SKYVILLA,,,,,,
,,,,,,,SKYVILLA Crepe Printed Kurta & Churidar Material,SKYVILLA,,,,,,
,,,,,,,SKYVILLA Crepe Printed Kurta Fabric,SKYVILLA,,,,,,
,,,,,,,SKYVILLA Crepe Polka Print Kurta Fabric,SKYVILLA,,,,,,
,,,,,,,SKYVILLA Crepe Floral Print Kurta Fabric,SKYVILLA,,,,,,
,,,,,,,SKYVILLA Crepe Solid Kurta Fabric,SKYVILLA,,,,,,
,,,,,,,SKYVILLA Crepe Printed Kurta & Churidar Material,SKYVILLA,,,,,,
,,,,,,,SKYVILLA Crepe Floral Print Kurta Fabric,SKYVILLA,,,,,,
,,,,,,,SKYVILLA Crepe Floral Print Multi-purpose Fabric,SKYVILLA,,,,,,
,,,,,,,kart villa Viscose Rayon Solid Shirt Fabric,kart villa,,,,,,
,,,,,,,SKYVILLA Crepe Solid Kurta Fabric,SKYVILLA,,,,,,
,,,,,,,kart villa Crepe Printed Multi-purpose Fabric,kart villa,,,,,,
1093,0bb2bc122db44596,SanskritiThread,No,silver,2025-07-08,2026-04-30,BlissFlair Cotton Silk Printed Salwar and Dupatta Material,BlissFlair,Possibly a Brand,sanskritithread,+916352335967,+916352335967,sanskriitiithreads@gmail.com,sanskriitiithreads@gmail.com
,,,,,,,sanskritithread Georgette Floral Print Salwar and Dupatta Material,sanskritithread,,,,,,
,,,,,,,sanskritithread Georgette Embroidered Salwar and Dupatta Material,sanskritithread,,,,,,
,,,,,,,sanskritithread Cotton Lycra Embroidered Salwar and Dupatta Material,sanskritithread,,,,,,
,,,,,,,sanskritithread Cotton Lycra Embroidered Salwar and Dupatta Material,sanskritithread,,,,,,
,,,,,,,sanskritithread Viscose Rayon Embroidered Salwar and Dupatta Material,sanskritithread,,,,,,
,,,,,,,sanskritithread Viscose Rayon Embroidered Salwar and Dupatta Material,sanskritithread,,,,,,
,,,,,,,sanskritithread Georgette Embroidered Salwar and Dupatta Material,sanskritithread,,,,,,
,,,,,,,sanskrithread Georgette Embroidered Salwar and Dupatta Material,sanskrithread,,,,,,
,,,,,,,sanskritithread Cotton Lycra Embroidered Salwar and Dupatta Material,sanskritithread,,,,,,
,,,,,,,sanskritithread Cotton Lycra Embroidered Salwar and Dupatta Material,sanskritithread,,,,,,
,,,,,,,sanskritithread Cotton Lycra Embroidered Salwar and Dupatta Material,sanskritithread,,,,,,
,,,,,,,sanskrithread Georgette Embroidered Salwar and Dupatta Material,sanskrithread,,,,,,
,,,,,,,sanskritithread Cotton Lycra Embroidered Salwar and Dupatta Material,sanskritithread,,,,,,
,,,,,,,sanskritithread Cotton Lycra Embroidered Salwar and Dupatta Material,sanskritithread,,,,,,
,,,,,,,sanskritithread Georgette Embroidered Salwar and Dupatta Material,sanskritithread,,,,,,
,,,,,,,sanskritithread Jacquard Embroidered Salwar and Dupatta Material,sanskritithread,,,,,,
,,,,,,,sanskritithread Jacquard Embroidered Salwar and Dupatta Material,sanskritithread,,,,,,
,,,,,,,sanskritithread Jacquard Embroidered Salwar and Dupatta Material,sanskritithread,,,,,,
,,,,,,,sanskritithread Art Silk Embroidered Salwar and Dupatta Material,sanskritithread,,,,,,
1094,6bcec608ec764e42,MANVAA,Yes,gold,2014-12-14,2014-12-23,,,,,,,,
1095,3e51f9d0f5d4443b,AviraEnterprise9737,No,silver,2021-12-13,2021-12-14,AviraEnterprise Men Printed Casual Multicolor Shirt,AviraEnterprise,Possibly a Brand,AviraEnterprise,+919316802914,+919316802914,aviraenterprise9737@gmail.com,aviraenterprise9737@gmail.com
,,,,,,,AviraEnterprise Men Printed Casual White Shirt,AviraEnterprise,,,,,,
,,,,,,,AviraEnterprise Men Printed Casual Pink Shirt,AviraEnterprise,,,,,,
,,,,,,,AviraEnterprise Cotton Polyester Blend Printed Suit Fabric (Unstitched),AviraEnterprise,,,,,,
,,,,,,,AviraEnterprise Men Printed Casual Red Shirt,AviraEnterprise,,,,,,
,,,,,,,AviraEnterprise Men Printed Casual Dark Green Shirt,AviraEnterprise,,,,,,
,,,,,,,"AviraEnterprise Men Printed Casual White, Black Shirt",AviraEnterprise,,,,,,
,,,,,,,AviraEnterprise Polycotton Printed Shirt Fabric,AviraEnterprise,,,,,,
,,,,,,,AviraEnterprise Men Printed Casual Green Shirt,AviraEnterprise,,,,,,
,,,,,,,"AviraEnterprise Men Graphic Print Casual White, Black Shirt",AviraEnterprise,,,,,,
,,,,,,,AviraEnterprise Men Solid Casual Blue Shirt,AviraEnterprise,,,,,,
,,,,,,,AviraEnterprise Men Printed Casual White Shirt,AviraEnterprise,,,,,,
,,,,,,,AviraEnterprise Polycotton Printed Suit Fabric,AviraEnterprise,,,,,,
,,,,,,,"AviraEnterprise Men Printed Casual Pink, Black Shirt",AviraEnterprise,,,,,,
,,,,,,,AviraEnterprise Men Printed Casual Pink Shirt,AviraEnterprise,,,,,,
,,,,,,,AviraEnterprise Men Printed Casual White Shirt,AviraEnterprise,,,,,,
,,,,,,,AviraEnterprise Men Printed Casual Green Shirt,AviraEnterprise,,,,,,
,,,,,,,AviraEnterprise Men Printed Casual Black Shirt,AviraEnterprise,,,,,,
,,,,,,,"AviraEnterprise Men Printed Casual Red, Black Shirt",AviraEnterprise,,,,,,
,,,,,,,AviraEnterprise Polycotton Printed Shirt Fabric,AviraEnterprise,,,,,,
1096,60c47812c18f4b76,ASHFAQUEFABRICS,No,silver,2026-04-27,2026-04-28,Ashfaquefabric Cotton Silk Self Design Suit Fabric,Ashfaquefabric,Possibly a Brand,Ashfaquefabric,+919305497970,+919305497970,ashfaqueammar95@gmail.com,ashfaqueammar95@gmail.com
,,,,,,,Ashfaquefabric Cotton Linen Blend Self Design Suit Fabric (Unstitched),Ashfaquefabric,,,,,,
,,,,,,,Ashfaquefabric Cotton Linen Blend Printed Suit Fabric (Unstitched),Ashfaquefabric,,,,,,
,,,,,,,Ashfaqurfabric Silk Blend Self Design Suit Fabric,Ashfaqurfabric,,,,,,
,,,,,,,Ashfaquefabric Cotton Silk Self Design Suit Fabric,Ashfaquefabric,,,,,,
,,,,,,,Ashfaquefabric Cotton Linen Blend Self Design Suit Fabric (Unstitched),Ashfaquefabric,,,,,,
,,,,,,,Ashfaquefabric Art Silk Self Design Suit Fabric,Ashfaquefabric,,,,,,
,,,,,,,Ashfaquefabric Self Design Banarasi Silk Blend Saree (Blue),Ashfaquefabric,,,,,,
,,,,,,,Ashfaquefabric Self Design Banarasi Silk Blend Saree (Blue),Ashfaquefabric,,,,,,
,,,,,,,Ashfaquefabric Cotton Silk Printed Suit Fabric,Ashfaquefabric,,,,,,
,,,,,,,Ashfaquefabric Silk Blend Self Design Suit Fabric,Ashfaquefabric,,,,,,
,,,,,,,Ashfaquefabric Self Design Banarasi Tissue Saree (Red),Ashfaquefabric,,,,,,
,,,,,,,Ashfaquefabric Cotton Silk Self Design Suit Fabric,Ashfaquefabric,,,,,,
,,,,,,,Ashfaquefabric Cotton Silk Self Design Suit Fabric,Ashfaquefabric,,,,,,
,,,,,,,Ashfaquefabric Cotton Silk Printed Suit Fabric,Ashfaquefabric,,,,,,
,,,,,,,Ashfaquefabric Cotton Linen Blend Self Design Suit Fabric (Unstitched),Ashfaquefabric,,,,,,
,,,,,,,Ashfaquefabric Cotton Linen Blend Self Design Suit Fabric (Unstitched),Ashfaquefabric,,,,,,
,,,,,,,Ashfaquefabric Linen Printed Suit Fabric,Ashfaquefabric,,,,,,
,,,,,,,Ashfaquefabric Cotton Silk Printed Suit Fabric,Ashfaquefabric,,,,,,
,,,,,,,Ashfaquefabric Cotton Silk Self Design Suit Fabric,Ashfaquefabric,,,,,,
1097,d8a4d1afc27f4a4d,SONALIIMPEX,No,silver,2024-06-25,2024-06-27,Sonali Impex Women Printed Kurta (Multicolor),Sonali Impex,Possibly a Seller,,+919427013497,+919427013497,sonalimpex912@gmail.com,sonalimpex912@gmail.com
,,,,,,,SONALI IMPEX Women Printed Kurta (Multicolor),SONALI IMPEX,,,,,,
,,,,,,,SONALI IMPEX Women Printed Kurta (Multicolor),SONALI IMPEX,,,,,,
,,,,,,,Sonali Impex Women Printed Straight Kurta (Multicolor),Sonali Impex,,,,,,
,,,,,,,SONALI IMPEX Women Printed Kurta (Multicolor),SONALI IMPEX,,,,,,
,,,,,,,Sonali Impex Women Printed A-line Kurta (Multicolor),Sonali Impex,,,,,,
,,,,,,,SONALI IMPEX Women Printed Kurta (Multicolor),SONALI IMPEX,,,,,,
,,,,,,,SONALI IMPEX Women Printed Kurta (Multicolor),SONALI IMPEX,,,,,,
,,,,,,,Sonali Impex Women Printed A-line Kurta (Multicolor),Sonali Impex,,,,,,
,,,,,,,Sonali Impex Women Printed A-line Kurta (Multicolor),Sonali Impex,,,,,,
,,,,,,,SONALI IMPEX Women Printed Kurta (Blue),SONALI IMPEX,,,,,,
,,,,,,,Sonali Impex Women Printed Kurta (Multicolor),Sonali Impex,,,,,,
,,,,,,,Sonali Impex Women Printed Straight Kurta (Multicolor),Sonali Impex,,,,,,
,,,,,,,Sonali Impex Women Printed A-line Kurta (Multicolor),Sonali Impex,,,,,,
,,,,,,,SONALI IMPEX Women Printed Kurta (Multicolor),SONALI IMPEX,,,,,,
,,,,,,,Sonali Impex Women Printed Kurta (Red),Sonali Impex,,,,,,
,,,,,,,Sonali Impex Women Printed A-line Kurta (Multicolor),Sonali Impex,,,,,,
,,,,,,,Sonali Impex Women Printed Straight Kurta (Multicolor),Sonali Impex,,,,,,
,,,,,,,SONALI IMPEX Women Printed Kurta (Grey),SONALI IMPEX,,,,,,
,,,,,,,SONALI IMPEX Women Printed Kurta (Multicolor),SONALI IMPEX,,,,,,
1098,fa550895b1b044e1,THELOOKFABRICS,No,silver,2026-03-15,2026-03-18,ThelookFabrics Cotton Blend Floral Print Shirt & Trouser Fabric,ThelookFabrics,Possibly a Seller,,+919737424941,+919737424941,thelookfabrics@gmail.com,thelookfabrics@gmail.com
,,,,,,,ThelookFabrics Cotton Blend Floral Print Shirt & Trouser Fabric,ThelookFabrics,,,,,,
,,,,,,,ThelookFabrics Cotton Blend Floral Print Shirt & Trouser Fabric,ThelookFabrics,,,,,,
,,,,,,,The Look F Cotton Blend Graphic Print Shirt & Trouser Fabric,The Look F,,,,,,
,,,,,,,ABCD Cotton Blend Printed Shirt & Trouser Fabric,ABCD,,,,,,
,,,,,,,ABCD Cotton Blend Printed Shirt & Trouser Fabric,ABCD,,,,,,
,,,,,,,ABCD Cotton Blend Floral Print Shirt & Trouser Fabric,ABCD,,,,,,
,,,,,,,ThelookFabrics Cotton Blend Floral Print Shirt & Trouser Fabric,ThelookFabrics,,,,,,
,,,,,,,ABCD Cotton Blend Printed Shirt & Trouser Fabric,ABCD,,,,,,
,,,,,,,LOOKASH TREND Cotton Blend Printed Shirt & Trouser Fabric,LOOKASH TREND,,,,,,
,,,,,,,LOOKASH TREND Cotton Blend Graphic Print Shirt & Trouser Fabric,LOOKASH TREND,,,,,,
,,,,,,,LOOKASH TREND Cotton Blend Printed Shirt & Trouser Fabric,LOOKASH TREND,,,,,,
,,,,,,,ABCD Cotton Blend Checkered Shirt & Trouser Fabric,ABCD,,,,,,
,,,,,,,ABCD Cotton Blend Printed Shirt & Trouser Fabric,ABCD,,,,,,
,,,,,,,LOOKASH TREND Cotton Blend Graphic Print Shirt & Trouser Fabric,LOOKASH TREND,,,,,,
,,,,,,,ABCD Cotton Blend Printed Shirt & Trouser Fabric,ABCD,,,,,,
,,,,,,,ABCD Cotton Blend Printed Shirt & Trouser Fabric,ABCD,,,,,,
,,,,,,,ABCD Cotton Blend Printed Shirt & Trouser Fabric,ABCD,,,,,,
,,,,,,,LOOKASH TREND Cotton Blend Printed Shirt & Trouser Fabric,LOOKASH TREND,,,,,,
,,,,,,,LOOKASH TREND Cotton Blend Printed Shirt & Trouser Fabric,LOOKASH TREND,,,,,,
1099,261d61bcee2b4612,KumKumBoutiqueDesigner,No,silver,2026-05-09,2026-05-11,KUMKUM CREATION Crepe Printed Blouse Material,KUMKUM CREATION,Possibly a Seller,,+916354607501,+916354607501,jaychavda893@gmail.com,jaychavda893@gmail.com
,,,,,,,KUMKUM CREATION Cotton Blend Embellished Blouse Material,KUMKUM CREATION,,,,,,
,,,,,,,Kumkum boutique Designer Cotton Blend Embroidered Blouse Material,Kumkum boutique Designer,,,,,,
,,,,,,,Kumkum boutique Designer Cotton Blend Embroidered Blouse Material,Kumkum boutique Designer,,,,,,
,,,,,,,KUMKUM CREATION Organza Embroidered Blouse Material,KUMKUM CREATION,,,,,,
,,,,,,,KUMKUM CREATION Cotton Blend Printed Blouse Material,KUMKUM CREATION,,,,,,
,,,,,,,KUMKUM CREATION Cotton Blend Embellished Blouse Material,KUMKUM CREATION,,,,,,
,,,,,,,KUMKUM CREATION Organza Embroidered Blouse Material,KUMKUM CREATION,,,,,,
,,,,,,,KUMKUM CREATION Cotton Blend Embellished Blouse Material,KUMKUM CREATION,,,,,,
,,,,,,,KUMKUM CREATION Cotton Blend Embellished Blouse Material,KUMKUM CREATION,,,,,,
,,,,,,,Kumkum boutique Designer Cotton Blend Embroidered Blouse Material,Kumkum boutique Designer,,,,,,
,,,,,,,Kumkum boutique Designer Cotton Blend Embroidered Blouse Material,Kumkum boutique Designer,,,,,,
,,,,,,,Kumkum boutique Designer Cotton Blend Embroidered Blouse Material,Kumkum boutique Designer,,,,,,
,,,,,,,KUMKUM CREATION Jacquard Embroidered Blouse Material,KUMKUM CREATION,,,,,,
,,,,,,,KUMKUM CREATION Cotton Blend Embellished Blouse Material,KUMKUM CREATION,,,,,,
,,,,,,,KUMKUM CREATION Cotton Blend Embroidered Blouse Material,KUMKUM CREATION,,,,,,
,,,,,,,Kumkum boutique Designer Cotton Blend Embroidered Blouse Material,Kumkum boutique Designer,,,,,,
,,,,,,,Kumkum boutique Designer Cotton Blend Embroidered Blouse Material,Kumkum boutique Designer,,,,,,
,,,,,,,Kumkum boutique Designer Cotton Blend Embroidered Blouse Material,Kumkum boutique Designer,,,,,,
,,,,,,,Kumkum boutique Designer Cotton Blend Embroidered Blouse Material,Kumkum boutique Designer,,,,,,
1100,95fac8ae083d4e31,GAURICOLLECTION80,Yes,gold,2020-11-20,2020-11-24,,,,,,,,
1101,06e3e7472d564890,SHAFNUFABS,Yes,bronze,2025-07-14,2025-07-15,,,,,,,,
1102,dda9456fde97424d,MatrixFashion,No,silver,2020-09-29,2021-09-03,krishna boutique Pure Cotton Embroidered Salwar Suit Material,krishna boutique,Possibly a Seller,,+918018014708,+918018014708,kabita2019.sahoo@gmail.com,kabita2019.sahoo@gmail.com
,,,,,,,MYRAADESIGNER Pure Cotton Printed Salwar Suit Material,MYRAADESIGNER,,,,,,
,,,,,,,VC Fashion Pure Cotton Printed Kurta & Churidar Material,VC Fashion,,,,,,
,,,,,,,krishna boutique Pure Cotton Printed Salwar Suit Material,krishna boutique,,,,,,
,,,,,,,krishna boutique Pure Cotton Embroidered Salwar Suit Material,krishna boutique,,,,,,
,,,,,,,VARSHA COLLECTION Crepe Printed Salwar Suit Material,VARSHA COLLECTION,,,,,,
,,,,,,,krishna boutique Pure Cotton Embroidered Salwar Suit Material,krishna boutique,,,,,,
,,,,,,,VARSHA COLLECTION Cotton Blend Embroidered Salwar Suit Material,VARSHA COLLECTION,,,,,,
,,,,,,,VARSHA COLLECTION Cotton Blend Floral Print Salwar Suit Material,VARSHA COLLECTION,,,,,,
,,,,,,,VARSHA COLLECTION Pure Silk Embroidered Salwar Suit Material,VARSHA COLLECTION,,,,,,
,,,,,,,krishna boutique Pure Cotton Printed Salwar Suit Material,krishna boutique,,,,,,
,,,,,,,VARSHA COLLECTION Pure Cotton Geometric Print Salwar and Dupatta Material,VARSHA COLLECTION,,,,,,
,,,,,,,VARSHA COLLECTION Pure Cotton Floral Print Salwar Suit Material,VARSHA COLLECTION,,,,,,
,,,,,,,krishna boutique Pure Cotton Embroidered Salwar Suit Material,krishna boutique,,,,,,
,,,,,,,krishna boutique Pure Cotton Printed Salwar Suit Material,krishna boutique,,,,,,
,,,,,,,VARSHA COLLECTION Crepe Floral Print Salwar Suit Material,VARSHA COLLECTION,,,,,,
,,,,,,,VARSHA COLLECTION Pure Cotton Floral Print Salwar Suit Material,VARSHA COLLECTION,,,,,,
,,,,,,,Meghdoot Textiles Pure Cotton Printed Salwar Suit Material,Meghdoot Textiles,,,,,,
,,,,,,,PUNRASAR TEXTILE Cotton Blend Floral Print Salwar Suit Material,PUNRASAR TEXTILE,,,,,,
,,,,,,,VARSHA COLLECTION Crepe Floral Print Salwar Suit Material,VARSHA COLLECTION,,,,,,
1103,f829315e618f4919,anitalycra,No,silver,2021-12-20,2021-12-28,ANITA LYCRA Women Embroidered Straight Kurta (Multicolor),ANITA LYCRA,Possibly a Brand,ANITA LYCRA,+919173319406,+919173319406,anitalycra@gmail.com,anitalycra@gmail.com
,,,,,,,ANITA LYCRA Women Embroidered Straight Kurta (Multicolor),ANITA LYCRA,,,,,,
,,,,,,,"ANITA LYCRA Women Printed Kurta (Black, White)",ANITA LYCRA,,,,,,
,,,,,,,ANITA LYCRA Women Embroidered Straight Kurta (White),ANITA LYCRA,,,,,,
,,,,,,,ANITA LYCRA Women Embroidered Straight Kurta (Multicolor),ANITA LYCRA,,,,,,
,,,,,,,ANITA LYCRA Women Embroidered Straight Kurta (Red),ANITA LYCRA,,,,,,
,,,,,,,ANITA LYCRA Women Embroidered Straight Kurta (Multicolor),ANITA LYCRA,,,,,,
,,,,,,,ANITA LYCRA Women Printed Kurta (Multicolor),ANITA LYCRA,,,,,,
,,,,,,,ANITA LYCRA Women Printed Kurta (Multicolor),ANITA LYCRA,,,,,,
,,,,,,,ANITA LYCRA Women Printed Kurta (Multicolor),ANITA LYCRA,,,,,,
,,,,,,,GJFASHION Women Printed Straight Kurta (Multicolor),GJFASHION,,,,,,
,,,,,,,ANITA LYCRA Women Embroidered Straight Kurta (Multicolor),ANITA LYCRA,,,,,,
,,,,,,,ANITA LYCRA Women Embroidered Straight Kurta (Multicolor),ANITA LYCRA,,,,,,
,,,,,,,ANITA LYCRA Women Embroidered Straight Kurta (Multicolor),ANITA LYCRA,,,,,,
,,,,,,,"ANITA LYCRA Women Printed Kurta (Black, White)",ANITA LYCRA,,,,,,
,,,,,,,"ANITA LYCRA Women Printed Straight Kurta (Black, White)",ANITA LYCRA,,,,,,
,,,,,,,ANITA LYCRA Women Printed Kurta (Dark Blue),ANITA LYCRA,,,,,,
,,,,,,,ANITA LYCRA Women Printed Kurta (Multicolor),ANITA LYCRA,,,,,,
,,,,,,,GJFASHION Women Printed Straight Kurta (Multicolor),GJFASHION,,,,,,
,,,,,,,ANITA LYCRA Women Embroidered Straight Kurta (Multicolor),ANITA LYCRA,,,,,,
1104,5d149e35715346c2,khodiyarfashion1996,Yes,silver,2021-12-13,2021-12-17,,,,,,,,
1105,46ee4abff4c047ec,SAHJANANDFASHION0,No,silver,2022-04-01,2022-04-30,vishwambhari enterprise Pure Silk Embroidered Blouse Material,vishwambhari enterprise,Possibly a Brand,vishwambhari enterprise,+917600738912,+917600738912,sahjanandfashion007@gmail.com,sahjanandfashion007@gmail.com
,,,,,,,vishwambhari enterprise Art Silk Embroidered Blouse Material,vishwambhari enterprise,,,,,,
,,,,,,,"vishwambhari enterprise Floral Print, Woven Kanjivaram Jacquard Saree (Blue)",vishwambhari enterprise,,,,,,
,,,,,,,vishwambhari enterprise Art Silk Embroidered Blouse Material,vishwambhari enterprise,,,,,,
,,,,,,,vishwambhari enterprise Art Silk Embroidered Blouse Material,vishwambhari enterprise,,,,,,
,,,,,,,vishwambhari enterprise Art Silk Embroidered Blouse Material,vishwambhari enterprise,,,,,,
,,,,,,,vishwambhari enterprise Art Silk Embroidered Blouse Material,vishwambhari enterprise,,,,,,
,,,,,,,vishwambhari enterprise Art Silk Embroidered Blouse Material,vishwambhari enterprise,,,,,,
,,,,,,,vishwambhari enterprise Art Silk Embroidered Blouse Material,vishwambhari enterprise,,,,,,
,,,,,,,vishwambhari enterprise Art Silk Embroidered Blouse Material,vishwambhari enterprise,,,,,,
,,,,,,,ME AND FOX Pure Silk Embroidered Blouse Material,ME AND FOX,,,,,,
,,,,,,,vishwambhari enterprise Art Silk Embroidered Blouse Material,vishwambhari enterprise,,,,,,
,,,,,,,vishwambhari enterprise Art Silk Embroidered Blouse Material,vishwambhari enterprise,,,,,,
,,,,,,,vishwambhari enterprise Art Silk Embroidered Blouse Material,vishwambhari enterprise,,,,,,
,,,,,,,vishwambhari enterprise Art Silk Embroidered Blouse Material,vishwambhari enterprise,,,,,,
,,,,,,,vishwambhari enterprise Art Silk Embroidered Blouse Material,vishwambhari enterprise,,,,,,
,,,,,,,vishwambhari enterprise Art Silk Embroidered Blouse Material,vishwambhari enterprise,,,,,,
,,,,,,,vishwambhari enterprise Art Silk Embroidered Blouse Material (Unstitched),vishwambhari enterprise,,,,,,
,,,,,,,vishwambhari enterprise Art Silk Embroidered Blouse Material,vishwambhari enterprise,,,,,,
,,,,,,,vishwambhari enterprise Art Silk Embroidered Blouse Material (Unstitched),vishwambhari enterprise,,,,,,
1106,6b4bc496d5084545,RadheRadhaCollection,No,silver,2026-05-12,2026-05-18,RADHEY Cotton Blend Printed Suit Fabric,RADHEY,Possibly a Seller,,+917988351940,+917988351940,nirmalasaini0765@gmail.com,nirmalasaini0765@gmail.com
,,,,,,,Radhey Radhey Collection Pure Silk Embellished Salwar Suit Material,Radhey Radhey Collection,,,,,,
,,,,,,,Radhey Radhey Collection Pure Silk Chevron/Zig Zag Salwar Suit Material,Radhey Radhey Collection,,,,,,
,,,,,,,"Radhey Radhey Collection Cotton Blend Embroidered, Floral Print Salwar Suit Material",Radhey Radhey Collection,,,,,,
,,,,,,,Radhey Radhey Collection Cotton Silk Embellished Salwar Suit Material,Radhey Radhey Collection,,,,,,
,,,,,,,Radhey Radhey Collection Jacquard Embroidered Salwar Suit Material,Radhey Radhey Collection,,,,,,
1107,36d0f9673dd94dc0,RAJVILASH,Yes,silver,2020-07-30,2020-08-07,,,,,,,,
1108,c73d401f72ca4c3b,VermaTraderz,No,silver,2026-05-15,2026-05-29,"APTRADERS Girls Casual Top Shorts (Yellow, Pack of 2)",APTRADERS,Possibly a Brand,feshiva,+919243819536,+919243819536,Piyushsoni0098@gmail.com,Piyushsoni0098@gmail.com
,,,,,,,"Vermatrader Girls Casual T-shirt Skirt (Dark Blue, Navy blue, Pack of 3)",Vermatrader,,,,,,
,,,,,,,"feshiva Girls Casual Top Shorts (yellow, Pack of 1)",feshiva,,,,,,
,,,,,,,"feshiva Girls Casual Top Shorts (yellow, Pack of 1)",feshiva,,,,,,
,,,,,,,"Vermatraders Girls Casual T-shirt Shorts (Yellow, Pack of 2)",Vermatraders,,,,,,
,,,,,,,"Vermatraders Girls Casual T-shirt Shorts (Yellow, Pack of 2)",Vermatraders,,,,,,
,,,,,,,"feshiva Girls Casual Top Skirt (Multicolor, Pack of 1)",feshiva,,,,,,
,,,,,,,"feshiva Girls Casual T-shirt Shorts (Yellow, Pack of 1)",feshiva,,,,,,
,,,,,,,"feshiva Girls Casual Top Skirt (Multicolor, Pack of 1)",feshiva,,,,,,
,,,,,,,"feshiva Girls Casual T-shirt Shorts (Yellow, Pack of 1)",feshiva,,,,,,
,,,,,,,"feshiva Girls Casual Top Skirt (Multicolor, Pack of 1)",feshiva,,,,,,
,,,,,,,"feshiva Girls Casual Top Skirt (Multicolor, Pack of 1)",feshiva,,,,,,
,,,,,,,"feshiva Girls Casual T-shirt Shorts (Yellow, Pack of 1)",feshiva,,,,,,
,,,,,,,"feshiva Girls Casual T-shirt Shorts (Yellow, Pack of 1)",feshiva,,,,,,
,,,,,,,"feshiva Girls Casual Top Shorts (Yellow, Pack of 1)",feshiva,,,,,,
,,,,,,,"feshiva Girls Casual Top Shorts (yellow, Pack of 1)",feshiva,,,,,,
,,,,,,,"feshiva Baby Boys & Baby Girls Casual Romper Sweater (Peppy Red, Pack of 1)",feshiva,,,,,,
,,,,,,,"Vermatraders Girls Casual T-shirt Shorts (Yellow, Pack of 2)",Vermatraders,,,,,,
,,,,,,,"APTRADERS Girls Casual Top Shorts (Yellow, Pack of 2)",APTRADERS,,,,,,
,,,,,,,"feshiva Baby Boys & Baby Girls Casual Romper Sweater (Green, Pack of 1)",feshiva,,,,,,
1109,964ce3c61ed24f02,Skfashion786,Yes,gold,2023-10-04,2025-06-26,,,,,,,,
1110,721c903cf767494e,SkyLoveapparels,No,bronze,2025-11-01,2025-11-04,"BULBULDRESSES Girls Casual T-shirt Shorts (Royal Blue, Pack of 2)",BULBULDRESSES,Possibly a Brand,BULBULDRESSES,+919836298451,+919836298451,skyloveapparels020@Gmail.com,skyloveapparels020@Gmail.com
,,,,,,,"BULBULDRESSES Girls Casual T-shirt Shorts (Green Blue, Pack of 2)",BULBULDRESSES,,,,,,
,,,,,,,"BULBULDRESSES Girls Casual T-shirt Shorts (Green Blue, Pack of 2)",BULBULDRESSES,,,,,,
,,,,,,,BULBULDRESSES Girls Casual T-shirt Shorts (Green Blue),BULBULDRESSES,,,,,,
,,,,,,,"BULBULDRESSES Girls Casual T-shirt Shorts (Royal Blue, Pack of 2)",BULBULDRESSES,,,,,,
,,,,,,,"BULBULDRESSES Girls Casual T-shirt Shorts (Royal Blue, Pack of 2)",BULBULDRESSES,,,,,,
,,,,,,,BULBULDRESSES Girls Casual T-shirt Shorts (Green Blue),BULBULDRESSES,,,,,,
,,,,,,,"BULBULDRESSES Girls Casual T-shirt Shorts (Rani Blue, Pack of 2)",BULBULDRESSES,,,,,,
,,,,,,,"BULBULDRESSES Girls Casual T-shirt Shorts (Peach Blue, Pack of 2)",BULBULDRESSES,,,,,,
,,,,,,,"BULBULDRESSES Girls Casual T-shirt Shorts (Rani Blue, Pack of 2)",BULBULDRESSES,,,,,,
,,,,,,,"BULBULDRESSES Girls Casual T-shirt Shorts (Light Blue, Pack of 2)",BULBULDRESSES,,,,,,
,,,,,,,"BULBULDRESSES Girls Casual T-shirt Shorts (BLACK BLUE, Pack of 2)",BULBULDRESSES,,,,,,
,,,,,,,"BULBULDRESSES Girls Casual T-shirt Shorts (Yellow Blue, Pack of 2)",BULBULDRESSES,,,,,,
,,,,,,,BULBULDRESSES Girls Casual T-shirt Shorts (Peach Blue),BULBULDRESSES,,,,,,
,,,,,,,"BULBULDRESSES Girls Casual T-shirt Skirt (BLACK BLUE, Pack of 2)",BULBULDRESSES,,,,,,
,,,,,,,"BULBULDRESSES Girls Casual T-shirt Shorts (Mustard Blue, Pack of 2)",BULBULDRESSES,,,,,,
,,,,,,,"BULBULDRESSES Girls Casual T-shirt Skirt (BLACK BLUE, Pack of 2)",BULBULDRESSES,,,,,,
,,,,,,,Bulbuldresses Girls (White),Bulbuldresses,,,,,,
,,,,,,,Bulbuldresses Girls Casual T-shirt Shorts (Black),Bulbuldresses,,,,,,
,,,,,,,Bulbuldresses Girls Casual T-shirt Shorts (Black),Bulbuldresses,,,,,,
1111,d0fe637a1f7e4624,VYNIXPVTLTD,No,silver,2026-04-14,2026-04-16,VYNIX Solid Women Layered Pink Skirt,VYNIX,Possibly a Brand,VYNIX,+919582156794,+919582156794,vynixpvtltd@gmail.com,vynixpvtltd@gmail.com
,,,,,,,VYNIX Full Sleeve Self Design Baby Boys Sweatshirt,VYNIX,,,,,,
,,,,,,,"VYNIX Baby Boys & Baby Girls Casual Sweatshirt Track Pants (Black, Pack of 1)",VYNIX,,,,,,
,,,,,,,"VYNIX Baby Boys & Baby Girls Casual Sweatshirt Track Pants (Black, Pack of 1)",VYNIX,,,,,,
,,,,,,,VYNIX Full Sleeve Self Design Baby Girls Sweatshirt,VYNIX,,,,,,
,,,,,,,VYNIX Full Sleeve Solid Baby Boys & Baby Girls Sweatshirt,VYNIX,,,,,,
,,,,,,,VYNIX Full Sleeve Self Design Girls Sweatshirt,VYNIX,,,,,,
,,,,,,,"VYNIX Boys & Girls Casual Sweatshirt Trouser (Burnt Orange, Pack of 1)",VYNIX,,,,,,
,,,,,,,VYNIX Full Sleeve Self Design Baby Girls Sweatshirt,VYNIX,,,,,,
,,,,,,,"VYNIX Girls Casual Sweatshirt Track Pants (mustard, Pack of 1)",VYNIX,,,,,,
,,,,,,,"VYNIX Girls Casual Sweatshirt Track Pants (Pink, Pack of 1)",VYNIX,,,,,,
,,,,,,,"VYNIX Girls Casual Sweatshirt Track Pants (mustard, Pack of 1)",VYNIX,,,,,,
,,,,,,,VYNIX Full Sleeve Self Design Baby Boys Sweatshirt,VYNIX,,,,,,
,,,,,,,"VYNIX Girls Casual Sweatshirt Trouser (Pink, Pack of 1)",VYNIX,,,,,,
,,,,,,,VYNIX Full Sleeve Solid Baby Boys & Baby Girls Sweatshirt,VYNIX,,,,,,
,,,,,,,VYNIX Self Design Women Gathered White Skirt,VYNIX,,,,,,
,,,,,,,"VYNIX Baby Boys & Baby Girls Casual Sweatshirt Track Pants (Black, Pack of 1)",VYNIX,,,,,,
,,,,,,,VYNIX Girls Casual Sweatshirt Track Pants (Black),VYNIX,,,,,,
,,,,,,,"VYNIX Baby Boys Casual Track Suit Track Pants (Green, Pack of 1)",VYNIX,,,,,,
,,,,,,,VYNIX Full Sleeve Self Design Girls Sweatshirt,VYNIX,,,,,,
1112,c71e0306f58248a6,LNBFASHION,No,bronze,2025-12-09,2025-12-19,LNB FASHION Boys Casual Shirt Pant (white),LNB FASHION,Possibly a Brand,LNB FASHION,+919679816397,+919679816397,anikdey762@gmail.com,anikdey762@gmail.com
,,,,,,,LNB FASHION Baby Boys Casual Vest Pant (RED),LNB FASHION,,,,,,
,,,,,,,LNB FASHION Boys Casual T-shirt Shorts (Multicolor),LNB FASHION,,,,,,
,,,,,,,"LNB FASHION Short For Baby Boys & Baby Girls Casual Printed Cotton Blend (Multicolor, Pack of 3)",LNB FASHION,,,,,,
,,,,,,,LNB FASHION Boys Casual Shirt Pant (white),LNB FASHION,,,,,,
,,,,,,,LNB FASHION Baby Boys Casual Vest Pant (BLACK),LNB FASHION,,,,,,
,,,,,,,LNB FASHION Printed Women Dark Blue Casual Shorts,LNB FASHION,,,,,,
,,,,,,,LNB FASHION Printed Women Dark Blue Casual Shorts,LNB FASHION,,,,,,
,,,,,,,LNB FASHION Printed Women Black Casual Shorts,LNB FASHION,,,,,,
,,,,,,,LNB FASHION Printed Women Dark Blue Casual Shorts,LNB FASHION,,,,,,
,,,,,,,LNB FASHION Printed Women Brown Casual Shorts,LNB FASHION,,,,,,
,,,,,,,LNB FASHION Printed Women Dark Blue Casual Shorts,LNB FASHION,,,,,,
,,,,,,,LNB FASHION Printed Women Dark Blue Casual Shorts,LNB FASHION,,,,,,
,,,,,,,LNB FASHION Printed Women Black Casual Shorts,LNB FASHION,,,,,,
,,,,,,,LNB FASHION Floral Print Women Multicolor Casual Shorts,LNB FASHION,,,,,,
,,,,,,,LNB FASHION Baby Boys Casual T-shirt Pant (Black),LNB FASHION,,,,,,
,,,,,,,LNB FASHION Baby Boys Casual Top Shorts (WHITE),LNB FASHION,,,,,,
,,,,,,,LNB FASHION Baby Boys Casual T-shirt Shorts (NAVY BLUE),LNB FASHION,,,,,,
,,,,,,,LNB FASHION Baby Boys Casual T-shirt Pant (Black),LNB FASHION,,,,,,
,,,,,,,LNB FASHION Baby Boys Casual Top Shorts (WHITE),LNB FASHION,,,,,,
1113,e2d95c1dd0d54160,MILKYMOON,Yes,silver,2024-08-06,2024-08-22,,,,,,,,
1114,adb75adb026f4934,RjFASHION123,No,silver,2021-12-15,2021-12-30,"R.J FASHION Girls Dress (Purple, Fashion Sleeve)",R.J FASHION,Possibly a Brand,R.J FASHION,+919062683913,+919062683913,rjfashion23@gmail.com,rjfashion23@gmail.com
,,,,,,,R.J FASHION Flared/A-line Gown (Black),R.J FASHION,,,,,,
,,,,,,,R.J FASHION Flared/A-line Gown (Black),R.J FASHION,,,,,,
,,,,,,,R.J FASHION Anarkali Gown (Purple),R.J FASHION,,,,,,
,,,,,,,"R.J FASHION Girls Dress (Maroon, Fashion Sleeve)",R.J FASHION,,,,,,
,,,,,,,RJ FASHION Anarkali Gown (Black),RJ FASHION,,,,,,
,,,,,,,"R.J FASHION Girls Dress (Multicolor, Sleeveless)",R.J FASHION,,,,,,
,,,,,,,"R.J FASHION Girls Dress (Multicolor, Sleeveless)",R.J FASHION,,,,,,
,,,,,,,"R.J FASHION Girls Dress (Multicolor, Sleeveless)",R.J FASHION,,,,,,
,,,,,,,"R.J FASHION Girls Dress (Multicolor, Sleeveless)",R.J FASHION,,,,,,
,,,,,,,R.J FASHION Anarkali Gown (Purple),R.J FASHION,,,,,,
,,,,,,,R.J FASHION Anarkali Gown (Maroon),R.J FASHION,,,,,,
,,,,,,,R.J FASHION Anarkali Gown (Purple),R.J FASHION,,,,,,
,,,,,,,R.J FASHION Anarkali Gown (Dark Blue),R.J FASHION,,,,,,
,,,,,,,"R.J FASHION Girls Dress (Blue, Sleeveless)",R.J FASHION,,,,,,
,,,,,,,R.J FASHION Anarkali Gown (Maroon),R.J FASHION,,,,,,
,,,,,,,"R.J FASHION Baby Girls Midi/Knee Length Casual Dress (Red, Sleeveless)",R.J FASHION,,,,,,
,,,,,,,RJ FASHION Anarkali Gown (Purple),RJ FASHION,,,,,,
,,,,,,,RJ FASHION Anarkali Gown (Black),RJ FASHION,,,,,,
,,,,,,,"R.J FASHION Girls Dress (Multicolor, Sleeveless)",R.J FASHION,,,,,,
1115,8965904e007c43a2,RRIMSADRESSES,Yes,gold,2025-08-06,2025-08-07,,,,,,,,
1116,489f4b49aca446bf,TIKQ,Yes,silver,2025-01-19,2025-02-22,,,,,,,,
1117,983ea9625dd746b9,RoyalIndiaMart,No,silver,2022-09-09,2022-09-10,Vadahee Striped Round Neck Casual Boys Grey Sweater,Vadahee,Possibly a Brand,Avelly,+918586010892,+918586010892,royalindiamart1@gmail.com,royalindiamart1@gmail.com
,,,,,,,Vadahee Colorblock Round Neck Casual Boys & Girls Multicolor Sweater,Vadahee,,,,,,
,,,,,,,Avelly Striped Round Neck Casual Boys Yellow Sweater,Avelly,,,,,,
,,,,,,,Vadahee Colorblock Round Neck Casual Boys & Girls Multicolor Sweater,Vadahee,,,,,,
,,,,,,,Vadahee Striped Round Neck Casual Boys Grey Sweater,Vadahee,,,,,,
,,,,,,,Avelly Striped Round Neck Casual Boys White Sweater,Avelly,,,,,,
,,,,,,,Avelly Striped Round Neck Casual Boys Yellow Sweater,Avelly,,,,,,
,,,,,,,Avelly Striped Round Neck Casual Boys White Sweater,Avelly,,,,,,
,,,,,,,Avelly Striped Round Neck Casual Boys Yellow Sweater,Avelly,,,,,,
,,,,,,,Avelly Striped Round Neck Casual Baby Boys Multicolor Sweater,Avelly,,,,,,
,,,,,,,Avelly Striped Round Neck Casual Boys Multicolor Sweater,Avelly,,,,,,
,,,,,,,Avelly Woven Round Neck Casual Boys Dark Blue Sweater,Avelly,,,,,,
,,,,,,,Vadahee Striped Round Neck Casual Boys Multicolor Sweater,Vadahee,,,,,,
,,,,,,,Avelly Striped Round Neck Casual Boys Multicolor Sweater,Avelly,,,,,,
,,,,,,,JAI Printed Round Neck Casual Boys & Girls Red Sweater,JAI,,,,,,
,,,,,,,Avelly Striped Round Neck Casual Boys Yellow Sweater,Avelly,,,,,,
,,,,,,,Avelly Striped Round Neck Casual Boys Yellow Sweater,Avelly,,,,,,
,,,,,,,Avelly Woven Round Neck Casual Boys Dark Blue Sweater,Avelly,,,,,,
,,,,,,,Avelly Striped Round Neck Casual Boys Yellow Sweater,Avelly,,,,,,
,,,,,,,JAI Printed Round Neck Casual Baby Boys & Baby Girls Red Sweater,JAI,,,,,,
1118,fe50fc9fa6dc4748,PuzzleTrendtouch,Yes,bronze,2025-01-28,2025-03-16,,,,,,,,
1119,4ded0186e82e4c1f,ShreyashCollection,Yes,silver,2020-12-06,2020-12-13,,,,,,,,
1120,0d78ee0fe0ab49e0,KaramxKar,Yes,silver,2025-04-25,2026-04-13,,,,,,,,
1121,dd514f42a8854773,PGGARMENTSS,No,silver,2026-03-25,2026-04-30,PGGARMENTS Graphic Print Men Round Neck Black T-Shirt,PGGARMENTS,Possibly a Brand,PGGARMENTS,+919750725558,+918344125258,pggarments23@gmail.com,pggarments23@gmail.com
,,,,,,,PGGARMENTS Graphic Print Men Round Neck Green T-Shirt,PGGARMENTS,,,,,,
,,,,,,,PGGARMENTS Graphic Print Men Round Neck Green T-Shirt,PGGARMENTS,,,,,,
,,,,,,,"PGGARMENTS Graphic Print Men Round Neck White, Multicolor T-Shirt",PGGARMENTS,,,,,,
,,,,,,,PGGARMENTS Printed Men Round Neck Maroon T-Shirt,PGGARMENTS,,,,,,
,,,,,,,PGGARMENTS Graphic Print Men Round Neck Black T-Shirt,PGGARMENTS,,,,,,
,,,,,,,PG Garments Boys Casual T-shirt Shorts (Red),PG Garments,,,,,,
,,,,,,,PGGARMENTS Graphic Print Men Round Neck Black T-Shirt,PGGARMENTS,,,,,,
,,,,,,,PGGARMENTS Graphic Print Men Round Neck Red T-Shirt,PGGARMENTS,,,,,,
,,,,,,,GDGarments Graphic Print Men Round Neck White T-Shirt,GDGarments,,,,,,
,,,,,,,PGGARMENTS Graphic Print Men Round Neck White T-Shirt,PGGARMENTS,,,,,,
,,,,,,,GDGarments Graphic Print Men Round Neck Green T-Shirt,GDGarments,,,,,,
,,,,,,,PGGARMENTS Graphic Print Men Round Neck Black T-Shirt,PGGARMENTS,,,,,,
,,,,,,,PG Garments Baby Boys Casual T-shirt Shorts (Yellow),PG Garments,,,,,,
,,,,,,,PG Garments Boys & Girls Casual T-shirt Shorts (Green),PG Garments,,,,,,
,,,,,,,PG Garments Boys Casual T-shirt Shorts (Black),PG Garments,,,,,,
,,,,,,,PG Garments Baby Boys Casual T-shirt Shorts (Dark Blue),PG Garments,,,,,,
,,,,,,,PGGARMENTS Graphic Print Men Round Neck Dark Blue T-Shirt,PGGARMENTS,,,,,,
,,,,,,,PGGARMENTS Graphic Print Men Round Neck Navy Blue T-Shirt,PGGARMENTS,,,,,,
,,,,,,,PGGARMENTS Graphic Print Men Round Neck Navy Blue T-Shirt,PGGARMENTS,,,,,,
1122,4067aa3886c24035,marutienterprise505,No,silver,2026-03-20,2026-03-24,,,Possibly a Seller,,+916351918040,+916351918040,emaruti505@gmail.com,emaruti505@gmail.com
1123,798fa101e36743a3,DULALIFashion,Yes,silver,2023-05-01,2023-05-03,,,,,,,,
1124,ad8e3d0380c24a2d,RIYANSHI7,No,bronze,2020-07-11,2021-04-07,"RIYANSHI Boys Casual Shirt Shorts (Black, Pack of 1)",RIYANSHI,Possibly a Brand,RIYANSHI,+919737921524,+919737921524,riyanshihelp@gmail.com,riyanshihelp@gmail.com
,,,,,,,"RIYANSHI Boys Casual Shirt Shorts (Brown, Pack of 1)",RIYANSHI,,,,,,
,,,,,,,"RIYANSHI Boys Casual Shirt Shorts (Brown, Pack of 1)",RIYANSHI,,,,,,
,,,,,,,"RIYANSHI Boys Casual Shirt Pant (Black, Pack of 1)",RIYANSHI,,,,,,
,,,,,,,"RIYANSHI Boys Casual Shirt Pant (Black, Pack of 1)",RIYANSHI,,,,,,
,,,,,,,"RIYANSHI Boys Casual Shirt Pant (Light Blue, Pack of 1)",RIYANSHI,,,,,,
,,,,,,,RIYANSHI Boys Casual Shirt Pant (Berry Red),RIYANSHI,,,,,,
,,,,,,,"RIYANSHI Boys Casual Shirt Pant (Brown, Pack of 1)",RIYANSHI,,,,,,
,,,,,,,"RIYANSHI Boys Casual Shirt Pant (Black, Brown)",RIYANSHI,,,,,,
,,,,,,,"RIYANSHI Boys Casual Shirt Pant (Black, Pack of 1)",RIYANSHI,,,,,,
,,,,,,,"RIYANSHI Boys Casual Shirt Pant (Black, Brown)",RIYANSHI,,,,,,
,,,,,,,"RIYANSHI Boys Casual Shirt Pant (White, Pack of 1)",RIYANSHI,,,,,,
,,,,,,,"RIYANSHI Boys Casual Shirt Pant (Light Blue, Pack of 1)",RIYANSHI,,,,,,
,,,,,,,"RIYANSHI Boys Casual Shirt Pant (Black, Pack of 1)",RIYANSHI,,,,,,
,,,,,,,"RIYANSHI Boys Casual Shirt Pant (Brown, Pack of 1)",RIYANSHI,,,,,,
,,,,,,,"RIYANSHI Boys Casual Shirt Pant (Maroon, Pack of 1)",RIYANSHI,,,,,,
,,,,,,,"RIYANSHI Boys Casual Shirt Pant (White, Pack of 1)",RIYANSHI,,,,,,
,,,,,,,RIYANSHI Boys Casual Shirt Pant (Berry Red),RIYANSHI,,,,,,
,,,,,,,"RIYANSHI Boys Casual Shirt Pant (Black, Pack of 1)",RIYANSHI,,,,,,
1125,b5855f4fde9a4b34,GRISHMAFASHIONS,No,silver,2021-12-13,2022-02-24,Grishma Fashion Girls Party(Festive) Top Pant (Wine),Grishma Fashion,Possibly a Brand,Grishma Fashion,+917990675622,+917990675622,grishmafashion12@gmail.com,grishmafashion12@gmail.com
,,,,,,,Grishma Fashion Girls Party(Festive) Top Pant (Wine),Grishma Fashion,,,,,,
,,,,,,,Grishma Fashion Girls Party(Festive) Top Pant (Baby Pink),Grishma Fashion,,,,,,
,,,,,,,Grishma Fashion Girls Party(Festive) Top Pant (Wine),Grishma Fashion,,,,,,
,,,,,,,Grishma Fashion Girls Party(Festive) Top Pant (Baby Pink),Grishma Fashion,,,,,,
,,,,,,,Grishma Fashion Girls Party(Festive) Top Pant (Wine),Grishma Fashion,,,,,,
,,,,,,,Grishma Fashion Girls Party(Festive) Top Pant (Rama),Grishma Fashion,,,,,,
,,,,,,,Grishma Fashion Girls Party(Festive) Top Pant (Rama),Grishma Fashion,,,,,,
,,,,,,,Grishma Fashion Girls Party(Festive) Top Pant (Baby Pink),Grishma Fashion,,,,,,
,,,,,,,Grishma Fashion Girls Party(Festive) Top Pant (Rama),Grishma Fashion,,,,,,
,,,,,,,Grishma Fashion Girls Party(Festive) Top Pant (Baby Pink),Grishma Fashion,,,,,,
,,,,,,,FOXXEY Girls Casual Dress Dhoti Pant (MULTICOLOR),FOXXEY,,,,,,
,,,,,,,Grishma Fashion Girls Party(Festive) Top Pant (Baby Pink),Grishma Fashion,,,,,,
,,,,,,,Grishma Fashion Girls Party(Festive) Top Pant (Yellow),Grishma Fashion,,,,,,
,,,,,,,Grishma Fashion Girls Party(Festive) Top Pant (Wine),Grishma Fashion,,,,,,
,,,,,,,Grishma Fashion Girls Party(Festive) Top Pant (Rama),Grishma Fashion,,,,,,
,,,,,,,Grishma Fashion Girls Party(Festive) Top Pant (Red),Grishma Fashion,,,,,,
,,,,,,,Grishma Fashion Girls Party(Festive) Top Pant (Blue),Grishma Fashion,,,,,,
,,,,,,,Grishma Fashion Girls Party(Festive) Top Pant (Wine),Grishma Fashion,,,,,,
,,,,,,,Grishma Fashion Girls Party(Festive) Top Pant (Red),Grishma Fashion,,,,,,
1126,e7a8dbd3542a445e,VELION,Yes,silver,2022-05-01,2022-07-13,,,,,,,,
1127,405c290063ee48f7,KYRENA,No,bronze,2024-11-14,2024-11-15,Kyrena Boys Casual Shirt Shorts (Multicolor),Kyrena,Possibly a Brand,Kyrena,+918758827216,+918758827216,avsarcreation001@gmail.com,avsarcreation001@gmail.com
,,,,,,,"Kyrena Baby Boys & Baby Girls Casual Shirt Shorts (Gold, Pack of 1)",Kyrena,,,,,,
,,,,,,,"Kyrena Boys Casual Shirt Shorts (Multicolor, Pack of 1)",Kyrena,,,,,,
,,,,,,,"Kyrena Boys Casual Shirt Shorts (Multicolor, Pack of 1)",Kyrena,,,,,,
,,,,,,,"Kyrena Boys Casual Shirt Shorts (Multicolor, Pack of 1)",Kyrena,,,,,,
,,,,,,,"Kyrena Boys Casual Shirt Shorts (Multicolor, Pack of 1)",Kyrena,,,,,,
,,,,,,,"Kyrena Boys Casual Shirt Shorts (Blue, Pack of 1)",Kyrena,,,,,,
,,,,,,,"Kyrena Boys Casual Shirt Shorts (Multicolor, Pack of 1)",Kyrena,,,,,,
,,,,,,,"Kyrena Baby Boys Casual Shirt Shorts (Maroon, Pack of 1)",Kyrena,,,,,,
,,,,,,,"Kyrena Boys Casual Shirt Shorts (Orange, Pack of 1)",Kyrena,,,,,,
,,,,,,,"Kyrena Boys Casual Shirt Shorts (Red, Black, Pack of 1)",Kyrena,,,,,,
,,,,,,,"Kyrena Baby Boys Casual Shirt Shorts (Maroon, Pack of 1)",Kyrena,,,,,,
,,,,,,,"Kyrena Boys Casual Shirt Shorts (Light Blue, Pack of 1)",Kyrena,,,,,,
,,,,,,,"Kyrena Boys Casual Shirt Shorts (Blue, Pack of 1)",Kyrena,,,,,,
,,,,,,,"Kyrena Boys Casual Shirt Shorts (Pink, Pack of 1)",Kyrena,,,,,,
,,,,,,,"Kyrena Boys Casual Shirt Shorts (Pink, Pack of 1)",Kyrena,,,,,,
,,,,,,,"Kyrena Boys Casual Shirt Shorts (Black, Pack of 1)",Kyrena,,,,,,
,,,,,,,"Kyrena Boys Casual Shirt Shorts (Black, Pack of 1)",Kyrena,,,,,,
,,,,,,,"Kyrena Baby Boys & Baby Girls Casual Shirt Shorts (Green, Pack of 1)",Kyrena,,,,,,
,,,,,,,"Kyrena Boys Casual Shirt Shorts (Multicolor, Pack of 1)",Kyrena,,,,,,
1128,4b35390e73744ba0,JHAANVICREATIONS,No,silver,2026-06-19,2026-06-25,JHAANVI CREATIONS Girls Casual T-shirt Pyjama (Multicolour 3),JHAANVI CREATIONS,Possibly a Brand,JHAANVI,+919786373693,+919786373693,jhaanvicreations1@gmail.com,jhaanvicreations1@gmail.com
,,,,,,,JHAANVI Girls Casual T-shirt Pyjama (Multicolor_29),JHAANVI,,,,,,
,,,,,,,JHAANVI CREATIONS Girls Casual T-shirt Pyjama (Multicolour 47),JHAANVI CREATIONS,,,,,,
,,,,,,,JHAANVI Girls Casual T-shirt Pyjama (Multicolor_32),JHAANVI,,,,,,
,,,,,,,JHAANVI Girls Casual T-shirt Pyjama (Multicolor_43),JHAANVI,,,,,,
,,,,,,,JHAANVI CREATIONS Girls Casual T-shirt Pyjama (Multicolor02),JHAANVI CREATIONS,,,,,,
,,,,,,,JHAANVI CREATIONS Girls Casual T-shirt Pyjama (Multicolor36),JHAANVI CREATIONS,,,,,,
,,,,,,,JHAANVI Girls Casual T-shirt Pyjama (Multicolor_42),JHAANVI,,,,,,
,,,,,,,JHAANVI Girls Casual T-shirt Pyjama (Multicolor_47),JHAANVI,,,,,,
,,,,,,,JHAANVI Girls Casual T-shirt Pyjama (Multicolor 01),JHAANVI,,,,,,
,,,,,,,JHAANVI CREATIONS Girls Casual T-shirt Pyjama (Multicolour 36),JHAANVI CREATIONS,,,,,,
,,,,,,,JHAANVI Girls Casual T-shirt Pyjama (Multicolor),JHAANVI,,,,,,
,,,,,,,JHAANVI Girls Casual T-shirt Pyjama (Multicolor_05),JHAANVI,,,,,,
,,,,,,,JHAANVI Girls Casual T-shirt Pyjama (Multicolor_05),JHAANVI,,,,,,
,,,,,,,JHAANVI Girls Casual T-shirt Pyjama (Multicolor 01),JHAANVI,,,,,,
,,,,,,,JHAANVI CREATIONS Girls Casual T-shirt Pyjama (Multicolor22),JHAANVI CREATIONS,,,,,,
,,,,,,,JHAANVI Girls Casual T-shirt Pyjama (Multicolor 01),JHAANVI,,,,,,
,,,,,,,JHAANVI Girls Casual T-shirt Pyjama (Multicolor_03),JHAANVI,,,,,,
,,,,,,,JHAANVI Girls Casual T-shirt Pyjama (Multicolor 01),JHAANVI,,,,,,
,,,,,,,JHAANVI CREATIONS Girls Casual T-shirt Pyjama (Multicolor20),JHAANVI CREATIONS,,,,,,
1129,e83b5cefb52f477e,DEVANSH RETAIL,Yes,gold,2015-07-01,2016-03-28,,,,,,,,
1130,9451e5de2f0c4e2f,DHRUPARTNER,No,gold,2025-08-10,2025-08-21,"dhru Girls Below Knee Casual Dress (Light Blue, Sleeveless)",dhru,Possibly a Brand,dhru,+919327624754,+919327624754,dhrupartner@gmail.com,dhrupartner@gmail.com
,,,,,,,"dhru Girls Below Knee Casual Dress (Pink, Sleeveless)",dhru,,,,,,
,,,,,,,"dhru Girls Below Knee Casual Dress (Purple, Sleeveless)",dhru,,,,,,
,,,,,,,"dhru Girls Below Knee Casual Dress (Purple, Sleeveless)",dhru,,,,,,
,,,,,,,"dhru Girls Below Knee Casual Dress (Purple, Fashion Sleeve)",dhru,,,,,,
,,,,,,,"dhru Girls Below Knee Casual Dress (Pink, Short Sleeve)",dhru,,,,,,
,,,,,,,"dhru Girls Above Knee Casual Dress (Light Blue, Sleeveless)",dhru,,,,,,
,,,,,,,"dhru Girls Below Knee Casual Dress (Purple, Fashion Sleeve)",dhru,,,,,,
,,,,,,,"dhru Girls Below Knee Casual Dress (Pink, Sleeveless)",dhru,,,,,,
,,,,,,,"dhru Girls Above Knee Casual Dress (Pink, Sleeveless)",dhru,,,,,,
,,,,,,,"dhru Girls Below Knee Casual Dress (Maroon, Sleeveless)",dhru,,,,,,
,,,,,,,"dhru Girls Below Knee Casual Dress (Black, White, Sleeveless)",dhru,,,,,,
,,,,,,,"dhru Girls Below Knee Casual Dress (Pink, Sleeveless)",dhru,,,,,,
,,,,,,,"dhru Girls Below Knee Casual Dress (Purple, Sleeveless)",dhru,,,,,,
,,,,,,,"dhru Girls Above Knee Casual Dress (Green, Sleeveless)",dhru,,,,,,
,,,,,,,"dhru Girls Below Knee Casual Dress (Purple, Sleeveless)",dhru,,,,,,
,,,,,,,"dhru Girls Above Knee Casual Dress (Black, Sleeveless)",dhru,,,,,,
,,,,,,,"dhru Girls Below Knee Casual Dress (Maroon, Sleeveless)",dhru,,,,,,
,,,,,,,"dhru Girls Below Knee Casual Dress (Light Blue, Sleeveless)",dhru,,,,,,
,,,,,,,"dhru Girls Below Knee Casual Dress (Purple, Sleeveless)",dhru,,,,,,
1131,8e6b177bb62c4f80,Kindzya,No,silver,2026-07-08,2026-07-14,Kindzya Girls Festive & Party Kurta and Palazzo Set (Pink Pack of 1),Kindzya,Possibly a Brand,Kindzya,+918130589198,+918130589198,kindzya0406@gmail.com,kindzya0406@gmail.com
,,,,,,,"Kindzya Girls Casual Shirt Skirt (Multicolor, Pack of 2)",Kindzya,,,,,,
,,,,,,,"Kindzya Girls Casual Top Shorts (Multicolor, Pack of 2)",Kindzya,,,,,,
,,,,,,,"Kindzya Girls Casual Top Shorts (Multicolor, Pack of 2)",Kindzya,,,,,,
,,,,,,,"Kindzya Girls Casual, Festive & Party Kurta and Palazzo Set (Blue Pack of 1)",Kindzya,,,,,,
,,,,,,,Kindzya Girls Festive & Party Kurta and Pyjama Set (Pink Pack of 2),Kindzya,,,,,,
,,,,,,,"Kindzya Girls Casual Top Shorts (Multicolor, Pack of 2)",Kindzya,,,,,,
,,,,,,,"Kindzya Girls Casual Top Shorts (Multicolor, Pack of 2)",Kindzya,,,,,,
,,,,,,,Kindzya Girls Festive & Party Kurta and Pyjama Set (Blue Pack of 1),Kindzya,,,,,,
,,,,,,,"Kindzya Girls Casual, Festive & Party Kurta and Palazzo Set (Blue Pack of 1)",Kindzya,,,,,,
,,,,,,,"Kindzya Girls Casual Top Skirt (Multicolor, Pack of 2)",Kindzya,,,,,,
,,,,,,,Kindzya Girls Festive & Party Kurta and Pyjama Set (Pink Pack of 2),Kindzya,,,,,,
,,,,,,,Kindzya Women Two Piece Dress Multicolor Above Knee/Mid Thigh Length Dress,Kindzya,,,,,,
,,,,,,,"Kindzya Girls Casual Top Shorts (Multicolor, Pack of 2)",Kindzya,,,,,,
,,,,,,,"Kindzya Girls Casual Top Shorts (Multicolor, Pack of 2)",Kindzya,,,,,,
,,,,,,,Kindzya Girls Festive & Party Kurta and Pyjama Set (Pink Pack of 2),Kindzya,,,,,,
,,,,,,,"Kindzya Girls Casual, Festive & Party Kurta and Palazzo Set (Blue Pack of 1)",Kindzya,,,,,,
,,,,,,,"Kindzya Girls Casual, Festive & Party Kurta and Palazzo Set (Blue Pack of 1)",Kindzya,,,,,,
,,,,,,,"Kindzya Girls Casual, Festive & Party Kurta and Palazzo Set (Blue Pack of 1)",Kindzya,,,,,,
,,,,,,,"Kindzya Girls Casual Shirt Skirt (Multicolor, Pack of 2)",Kindzya,,,,,,
1132,f7d500da972049f9,KSENTERPRISE0,No,silver,2026-05-09,2026-05-11,KSENTERPRISES Baby Boys Casual T-shirt Shorts (Multicolor),KSENTERPRISES,Possibly a Brand,KS enterprise,+918777429720,+918777429720,ksenterprise3491@gmail.com,ksenterprise3491@gmail.com
,,,,,,,"KS enterprise Boys Casual T-shirt Shorts (Multicolor, Pack of 1)",KS enterprise,,,,,,
,,,,,,,"KS enterprise Boys Casual T-shirt Shorts (Multicolor, Pack of 1)",KS enterprise,,,,,,
,,,,,,,"KS enterprise Boys Casual T-shirt Shorts (Multicolor, Pack of 1)",KS enterprise,,,,,,
,,,,,,,"KS enterprise Boys Casual T-shirt Shorts (Multicolor, Pack of 1)",KS enterprise,,,,,,
,,,,,,,"KS enterprise Baby Boys Casual T-shirt Shorts (Beige, Pack of 1)",KS enterprise,,,,,,
,,,,,,,"KS enterprise Boys Casual T-shirt Shorts (Multicolor, Pack of 1)",KS enterprise,,,,,,
,,,,,,,"KS enterprise Boys Casual T-shirt Shorts (Multicolor, Pack of 1)",KS enterprise,,,,,,
,,,,,,,KS enterprise Ac Condenser Wrapping Drafting Tape (10 cm x 14 cm),KS enterprise,,,,,,
,,,,,,,"KS enterprise Boys Casual T-shirt Shorts (Multicolor, Pack of 1)",KS enterprise,,,,,,
,,,,,,,"KS enterprise Boys Casual T-shirt Shorts (Multicolor, Pack of 1)",KS enterprise,,,,,,
,,,,,,,"KS enterprise Boys Casual T-shirt Shorts (Multicolor, Pack of 1)",KS enterprise,,,,,,
,,,,,,,"KS enterprise Boys Casual T-shirt Shorts (Multicolor, Pack of 1)",KS enterprise,,,,,,
,,,,,,,"KS enterprise Boys Casual T-shirt Shorts (Multicolor, Pack of 1)",KS enterprise,,,,,,
,,,,,,,"KS enterprise Boys Casual T-shirt Shorts (Multicolor, Pack of 1)",KS enterprise,,,,,,
,,,,,,,"KS enterprise Boys Casual T-shirt Shorts (Multicolor, Pack of 1)",KS enterprise,,,,,,
,,,,,,,K S ENTERPRISES Printed Men High Neck Orange T-Shirt,K S ENTERPRISES,,,,,,
,,,,,,,KS NTERPRISE Universal Remote for Voltas Inverter AC – Supports WiFi/ADJ Function VOLTAS Inverter Remote Controller (White),KS NTERPRISE,,,,,,
,,,,,,,KS NTERPRISE  Ac Remote Daikin Remote Controller (White),KS NTERPRISE,,,,,,
,,,,,,,KS NTERPRISE  Ac Remote Voltas Remote Controller (White),KS NTERPRISE,,,,,,
1133,7d411b794a6e4395,MUMBAIFUSHION,No,bronze,2024-01-03,2024-01-04,"MUMBAIFUSHION Girls Midi/Knee Length Party Dress (Blue, Sleeveless)",MUMBAIFUSHION,Possibly a Brand,MUMBAIFUSHION,+919903867335,+919903867335,saddam.ss332@gmail.com,saddam.ss332@gmail.com
,,,,,,,"MUMBAIFUSHION Baby Girls Midi/Knee Length Party Dress (Blue, Sleeveless)",MUMBAIFUSHION,,,,,,
,,,,,,,"MUMBAIFUSHION Baby Girls Short/Mid Thigh Party Dress (Red, Sleeveless)",MUMBAIFUSHION,,,,,,
,,,,,,,"MUMBAIFUSHION Baby Girls Midi/Knee Length Party Dress (Multicolor, Sleeveless)",MUMBAIFUSHION,,,,,,
,,,,,,,"MUMBAIFUSHION Baby Girls Midi/Knee Length Party Dress (Red, Sleeveless)",MUMBAIFUSHION,,,,,,
,,,,,,,"Mumbai Fushuion Baby Girls Midi/Knee Length Casual Dress (Maroon, Short Sleeve)",Mumbai Fushuion,,,,,,
,,,,,,,"MUMBAIFUSHION Girls Above Knee Party Dress (Red, Sleeveless)",MUMBAIFUSHION,,,,,,
,,,,,,,"MUMBAIFUSHION Baby Girls Midi/Knee Length Party Dress (Purple, Sleeveless)",MUMBAIFUSHION,,,,,,
,,,,,,,"MUMBAIFUSHION Baby Girls Midi/Knee Length Party Dress (Blue, Sleeveless)",MUMBAIFUSHION,,,,,,
,,,,,,,"MUMBAIFUSHION Baby Girls Midi/Knee Length Party Dress (Blue, Sleeveless)",MUMBAIFUSHION,,,,,,
,,,,,,,"MUMBAIFUSHION Baby Girls Midi/Knee Length Party Dress (Multicolor, Sleeveless)",MUMBAIFUSHION,,,,,,
,,,,,,,"MUMBAIFUSHION Baby Girls Dress (Red, Sleeveless)",MUMBAIFUSHION,,,,,,
,,,,,,,"MUMBAIFUSHION Baby Girls Dress (Purple, Sleeveless)",MUMBAIFUSHION,,,,,,
,,,,,,,"MUMBAIFUSHION Baby Girls Dress (Light Green, Sleeveless)",MUMBAIFUSHION,,,,,,
,,,,,,,"MUMBAI FUSHION Baby Girls Dress (Blue, Short Sleeve)",MUMBAI FUSHION,,,,,,
,,,,,,,"MUMBAIFUSHION Baby Girls Dress (Blue, Sleeveless)",MUMBAIFUSHION,,,,,,
,,,,,,,"MUMBAIFUSHION Baby Girls Dress (Blue, Sleeveless)",MUMBAIFUSHION,,,,,,
,,,,,,,"MUMBAIFUSHION Baby Girls Dress (Multicolor, Sleeveless)",MUMBAIFUSHION,,,,,,
,,,,,,,"MUMBAIFUSHION Baby Girls Dress (Orange, Sleeveless)",MUMBAIFUSHION,,,,,,
,,,,,,,"MUMBAIFUSHION Baby Girls Dress (Purple, Sleeveless)",MUMBAIFUSHION,,,,,,
1134,353d772382254bbc,satyamfab,Yes,silver,2016-11-19,2017-05-24,,,,,,,,
1135,a698e8e213684c36,VASTRAMAY,Yes,silver,2015-03-26,2015-05-18,,,,,,,,
1136,caf027d1bfd04d54,NFRATECH,No,silver,2026-06-28,2026-06-30,RAISHA Dungaree For Baby Boys & Baby Girls Printed Cotton Blend (Pink),RAISHA,Possibly a Seller,,+919038896970,+919038896970,rsiinfratech@gmail.com,rsiinfratech@gmail.com
,,,,,,,"RAISHA Casual Floral Print, Printed Women Blue Top",RAISHA,,,,,,
,,,,,,,"RAISHA Baby Girls Above Knee Festive/Wedding Dress (Pink, Sleeveless)",RAISHA,,,,,,
,,,,,,,"RAISHA Baby Boys Festive & Party Kurta, Waistcoat and Dhoti Pant Set (Green Pack of 1)",RAISHA,,,,,,
,,,,,,,RSI Boys Casual Shirt Pant (BLACK),RSI,,,,,,
,,,,,,,RSI Boys Casual Shirt Pant (BLACK),RSI,,,,,,
,,,,,,,"RAISHA Baby Girls Midi/Knee Length Party Dress (Purple, Sleeveless)",RAISHA,,,,,,
,,,,,,,RAISHA Boys Festive & Party Dhoti & Kurta Set (Multicolor Pack of 1),RAISHA,,,,,,
,,,,,,,RSI Boys Casual Shirt Pant (BLACK),RSI,,,,,,
,,,,,,,"RAISHA Baby Girls Above Knee Festive/Wedding Dress (Pink, Sleeveless)",RAISHA,,,,,,
,,,,,,,"RSI Dungaree For Baby Boys Casual Printed Cotton Blend (Green, Pack of 1)",RSI,,,,,,
,,,,,,,RSI Boys Party(Festive) Waistcoat Coat (Black),RSI,,,,,,
,,,,,,,RSI Boys Party(Festive) Waistcoat Coat (Black),RSI,,,,,,
,,,,,,,"RAISHA Baby Girls Above Knee Festive/Wedding Dress (Green, Sleeveless)",RAISHA,,,,,,
,,,,,,,"RAISHA Baby Girls Above Knee Festive/Wedding Dress (Pink, Sleeveless)",RAISHA,,,,,,
,,,,,,,RAISHA Dungaree For Baby Boys & Baby Girls Printed Cotton Blend (Pink),RAISHA,,,,,,
,,,,,,,RAISHA Dungaree For Baby Boys & Baby Girls Printed Cotton Blend (Pink),RAISHA,,,,,,
,,,,,,,RAISHA Dungaree For Baby Boys & Baby Girls Printed Cotton Blend (Pink),RAISHA,,,,,,
,,,,,,,"RSI Dungaree For Baby Boys Casual Printed Cotton Blend (Green, Pack of 1)",RSI,,,,,,
,,,,,,,RSI Boys Party(Festive) Waistcoat Coat (Black),RSI,,,,,,
1137,b074eb998f38466a,RANIADRESSES,Yes,gold,2019-07-03,2021-07-09,,,,,,,,
1138,ce38e00098c34609,bholukaart,Yes,gold,2024-06-05,2024-06-07,,,,,,,,
1139,d2d2517367cf4b1a,MAANIAC,No,silver,2026-03-28,2026-04-01,MAANIAC Solid/Plain Bollywood Chiffon Saree (Purple),MAANIAC,Possibly a Brand,MAANIAC,+919054125335,+919054125335,rubicreation86@gmail.com,rubicreation86@gmail.com
,,,,,,,MAANIAC Solid/Plain Bollywood Chiffon Saree (Red),MAANIAC,,,,,,
,,,,,,,"MAANIAC Girls Festive & Party, Wedding, Formal Kurta and Palazzo Set (White Pack of 1)",MAANIAC,,,,,,
,,,,,,,"MAANIAC Girls Festive & Party, Wedding, Formal Kurta and Palazzo Set (Multicolor Pack of 1)",MAANIAC,,,,,,
,,,,,,,"MAANIAC Girls Festive & Party, Wedding, Formal Kurta and Palazzo Set (Multicolor Pack of 1)",MAANIAC,,,,,,
,,,,,,,"MAANIAC Girls Festive & Party, Wedding, Formal Kurta and Palazzo Set (Multicolor Pack of 1)",MAANIAC,,,,,,
,,,,,,,"MAANIAC Girls Festive & Party, Wedding, Formal Kurta and Palazzo Set (White Pack of 1)",MAANIAC,,,,,,
,,,,,,,"MAANIAC Girls Festive & Party, Wedding, Formal Kurta and Palazzo Set (Green Pack of 1)",MAANIAC,,,,,,
,,,,,,,"MAANIAC Girls Festive & Party, Wedding, Formal Kurta and Palazzo Set (White Pack of 1)",MAANIAC,,,,,,
,,,,,,,"MAANIAC Girls Festive & Party, Wedding, Formal Kurta and Palazzo Set (White Pack of 1)",MAANIAC,,,,,,
,,,,,,,"MAANIAC Girls Festive & Party, Wedding, Formal Kurta and Palazzo Set (Multicolor Pack of 1)",MAANIAC,,,,,,
,,,,,,,"MAANIAC Girls Festive & Party, Wedding, Formal Kurta and Palazzo Set (Multicolor Pack of 1)",MAANIAC,,,,,,
,,,,,,,"MAANIAC Girls Festive & Party, Wedding, Formal Kurta and Palazzo Set (Multicolor Pack of 1)",MAANIAC,,,,,,
,,,,,,,"MAANIAC Girls Festive & Party, Wedding, Formal Kurta and Palazzo Set (Multicolor Pack of 1)",MAANIAC,,,,,,
,,,,,,,"MAANIAC Girls Festive & Party, Wedding, Formal Kurta and Palazzo Set (Multicolor Pack of 1)",MAANIAC,,,,,,
,,,,,,,"Moka Liquid Car Polish for Dashboard, Exterior, Bumper (30 ml, Pack of 1)",Moka,,,,,,
,,,,,,,"MAANIAC Girls Festive & Party, Wedding, Formal Kurta and Palazzo Set (White Pack of 1)",MAANIAC,,,,,,
,,,,,,,"MAANIAC Girls Festive & Party, Wedding, Formal Kurta and Palazzo Set (Multicolor Pack of 1)",MAANIAC,,,,,,
,,,,,,,MAANIAC Solid/Plain Bollywood Chiffon Saree (Green),MAANIAC,,,,,,
,,,,,,,"MAANIAC Girls Festive & Party, Wedding, Formal Kurta and Palazzo Set (White Pack of 1)",MAANIAC,,,,,,
1140,c11b4eb5a0364f9c,T4YOU,No,gold,2020-12-21,2020-12-30,T4YOU Girls Striped Straight Kurta (Pink),T4YOU,Possibly a Brand,T4YOU,+919979921104,+919979921104,tirangat4u@gmail.com,tirangat4u@gmail.com
,,,,,,,T4YOU Girls Striped Straight Kurta (Pink),T4YOU,,,,,,
,,,,,,,T4YOU Girls Striped Straight Kurta (Pink),T4YOU,,,,,,
,,,,,,,T4YOU Girls Checkered Straight Kurta (Multicolor),T4YOU,,,,,,
,,,,,,,T4YOU Girls Embroidered Straight Kurta (Blue),T4YOU,,,,,,
,,,,,,,T4YOU Girls Embroidered Straight Kurta (Blue),T4YOU,,,,,,
,,,,,,,T4YOU Girls Checkered Straight Kurta (Blue),T4YOU,,,,,,
,,,,,,,T4YOU Girls Embroidered Straight Kurta (Red),T4YOU,,,,,,
,,,,,,,T4YOU Girls Embroidered Straight Kurta (Green),T4YOU,,,,,,
,,,,,,,T4YOU Girls Embroidered Straight Kurta (Blue),T4YOU,,,,,,
,,,,,,,T4YOU Girls Embroidered Straight Kurta (Red),T4YOU,,,,,,
,,,,,,,T4YOU Girls Embroidered Straight Kurta (Blue),T4YOU,,,,,,
,,,,,,,T4YOU Girls Self Design Straight Kurta (Orange),T4YOU,,,,,,
,,,,,,,T4YOU Girls Embroidered Straight Kurta (Pink),T4YOU,,,,,,
,,,,,,,T4YOU Girls Checkered Straight Kurta (Yellow),T4YOU,,,,,,
,,,,,,,T4YOU Girls Checkered Straight Kurta (Grey),T4YOU,,,,,,
,,,,,,,T4YOU Girls Embroidered Flared Kurta (Dark Blue),T4YOU,,,,,,
,,,,,,,T4YOU Girls Embroidered Straight Kurta (Green),T4YOU,,,,,,
,,,,,,,T4YOU Girls Checkered Straight Kurta (Multicolor),T4YOU,,,,,,
,,,,,,,T4YOU Girls Checkered Straight Kurta (Multicolor),T4YOU,,,,,,
1141,4f4cfe9cc6044295,DHANASVIFEB,Yes,silver,2026-03-30,2026-03-31,,,,,,,,
1142,5208bc79474c4402,VarniKrupa,Yes,silver,2026-02-23,2026-03-01,,,,,,,,
1143,59859fb11d5544ec,DEALPAKKI,Yes,silver,2021-03-18,2022-10-01,,,,,,,,
1144,8ab85ea81b9149e5,Amyrisfashion,No,silver,2026-07-01,2026-07-02,"Amyris Girls Festive & Party, Wedding Kurta and Palazzo Set (Black Pack of 1)",Amyris,Possibly a Brand,Amyris,+917990302063,+917990302063,rm0376400@gmail.com,rm0376400@gmail.com
,,,,,,,"Amyris Girls Festive & Party, Wedding Kurta and Palazzo Set (Dark Blue Pack of 1)",Amyris,,,,,,
,,,,,,,"Amyris Girls Festive & Party, Wedding Kurta and Palazzo Set (Pink Pack of 1)",Amyris,,,,,,
,,,,,,,"Amyris Girls Festive & Party, Wedding Kurta and Palazzo Set (Dark Blue Pack of 1)",Amyris,,,,,,
,,,,,,,"Amyris Girls Festive & Party, Wedding Kurta and Palazzo Set (Maroon Pack of 1)",Amyris,,,,,,
,,,,,,,"Amyris Girls Festive & Party, Wedding Kurta and Palazzo Set (Light Blue Pack of 1)",Amyris,,,,,,
,,,,,,,"Amyris Girls Festive & Party, Wedding Kurta and Palazzo Set (White Pack of 1)",Amyris,,,,,,
,,,,,,,"Amyris Girls Festive & Party, Wedding Kurta and Palazzo Set (Red Pack of 1)",Amyris,,,,,,
,,,,,,,"Amyris Girls Festive & Party, Wedding Kurta and Palazzo Set (Purple Pack of 1)",Amyris,,,,,,
,,,,,,,"Amyris Girls Festive & Party, Wedding Kurta and Palazzo Set (Yellow Pack of 1)",Amyris,,,,,,
,,,,,,,"Amyris Girls Festive & Party, Wedding Kurta and Palazzo Set (Purple Pack of 1)",Amyris,,,,,,
,,,,,,,"Amyris Girls Festive & Party, Wedding Kurta and Palazzo Set (Purple Pack of 1)",Amyris,,,,,,
,,,,,,,"Amyris Girls Festive & Party, Wedding Kurta and Palazzo Set (Black Pack of 1)",Amyris,,,,,,
,,,,,,,"Amyris Girls Festive & Party, Wedding Kurta and Palazzo Set (White Pack of 1)",Amyris,,,,,,
,,,,,,,"Amyris Girls Festive & Party, Wedding Kurta and Palazzo Set (Green Pack of 1)",Amyris,,,,,,
,,,,,,,"Amyris Girls Festive & Party, Wedding Kurta and Palazzo Set (Purple Pack of 1)",Amyris,,,,,,
,,,,,,,"Amyris Girls Festive & Party, Wedding Kurta and Palazzo Set (Dark Blue Pack of 1)",Amyris,,,,,,
,,,,,,,Amyris Anarkali Gown (Black),Amyris,,,,,,
,,,,,,,Amyris Anarkali Gown (White),Amyris,,,,,,
,,,,,,,Amyris Anarkali Gown (White),Amyris,,,,,,
1145,5038930628114010,,No,,,False,,,Possibly a Seller,,,,,
1146,6455535968f64887,RudraEnterprise81,No,silver,2025-08-24,2025-08-25,"RUDRA ENTERPRISE Girls Casual, Festive & Party, Formal, Wedding Kurta and Palazzo Set (Beige Pack of 1)",RUDRA ENTERPRISE,Possibly a Seller,,+917405470954,+917405470954,bhavinbzalavadiya@gmail.com,bhavinbzalavadiya@gmail.com
,,,,,,,"RUDRA ENTERPRISE Girls Casual, Festive & Party, Formal, Wedding Kurta and Palazzo Set (Black Pack of 1)",RUDRA ENTERPRISE,,,,,,
,,,,,,,"RUDRA ENTERPRIZE Girls Casual, Festive & Party, Formal, Wedding Kurta and Pyjama Set (Pink Pack of 1)",RUDRA ENTERPRIZE,,,,,,
,,,,,,,"RUDRA ENTERPRISE Girls Casual, Festive & Party, Formal, Wedding Kurta, Pyjama & Dupatta Set (Purple Pack of 1)",RUDRA ENTERPRISE,,,,,,
,,,,,,,"RUDRA ENTERPRIZE Girls Casual, Festive & Party, Formal, Wedding Kurta, Pyjama & Dupatta Set (Red Pack of 1)",RUDRA ENTERPRIZE,,,,,,
,,,,,,,"RUDRA ENTERPRIZE Girls Casual, Festive & Party, Formal, Wedding Kurta, Pyjama & Dupatta Set (Purple Pack of 1)",RUDRA ENTERPRIZE,,,,,,
,,,,,,,RUDRA ENTERPRISE Girls Festive & Party Kurta and Palazzo Set (Green Pack of 1),RUDRA ENTERPRISE,,,,,,
,,,,,,,"RUDRA ENTERPRIZE Girls Casual, Festive & Party, Formal, Wedding Kurta, Pyjama & Dupatta Set (Yellow Pack of 1)",RUDRA ENTERPRIZE,,,,,,
,,,,,,,RUDRA ENTERPRISE Girls Festive & Party Kurta and Palazzo Set (Orange Pack of 1),RUDRA ENTERPRISE,,,,,,
,,,,,,,"RUDRA ENTERPRIZE Girls Casual, Festive & Party, Formal, Wedding Kurta, Pyjama & Dupatta Set (Red Pack of 1)",RUDRA ENTERPRIZE,,,,,,
,,,,,,,"RUDRA ENTERPRIZE Girls Casual, Festive & Party, Formal, Wedding Kurta, Pyjama & Dupatta Set (Yellow Pack of 1)",RUDRA ENTERPRIZE,,,,,,
,,,,,,,"RUDRA ENTERPRIZE Girls Casual, Festive & Party, Formal, Wedding Kurta, Pyjama & Dupatta Set (Light Green Pack of 1)",RUDRA ENTERPRIZE,,,,,,
,,,,,,,"RUDRA ENTERPRISE Girls Casual, Festive & Party, Formal, Wedding Kurta and Palazzo Set (Black Pack of 1)",RUDRA ENTERPRISE,,,,,,
,,,,,,,"RUDRA ENTERPRISE Girls Casual, Festive & Party, Formal, Wedding Kurta, Pyjama & Dupatta Set (Blue Pack of 1)",RUDRA ENTERPRISE,,,,,,
,,,,,,,"RUDRA ENTERPRIZE Girls Casual, Festive & Party, Formal, Wedding Kurta, Pyjama & Dupatta Set (Purple Pack of 1)",RUDRA ENTERPRIZE,,,,,,
,,,,,,,"RUDRA ENTERPRISE Girls Casual, Festive & Party, Formal, Wedding Kurta, Pyjama & Dupatta Set (Orange Pack of 1)",RUDRA ENTERPRISE,,,,,,
,,,,,,,RUDRA ENTERPRISE Girls Festive & Party Kurta and Sharara Set (Pink Pack of 1),RUDRA ENTERPRISE,,,,,,
,,,,,,,"RUDRA ENTERPRISE Girls Casual, Festive & Party, Formal, Wedding Kurta, Pyjama & Dupatta Set (Beige Pack of 1)",RUDRA ENTERPRISE,,,,,,
,,,,,,,"RUDRA ENTERPRISE Girls Casual, Festive & Party, Formal, Wedding Kurta, Pyjama & Dupatta Set (Purple Pack of 1)",RUDRA ENTERPRISE,,,,,,
,,,,,,,"RUDRA ENTERPRISE Girls Casual, Festive & Party, Formal, Wedding Kurta, Pyjama & Dupatta Set (Beige Pack of 1)",RUDRA ENTERPRISE,,,,,,
1147,4081d998299d456c,BORNWEAR,Yes,silver,2016-03-04,2016-03-12,,,,,,,,
1148,0965b57f6c6442b7,R KAY FASHIONS,No,silver,2021-01-03,2021-06-14,"R KAY FASHIONS Boys Festive & Party, Casual Kurta and Pyjama Set (Blue Pack of 1)",R KAY FASHIONS,Possibly a Brand,R KAY FASHIONS,+918100174900,+918100174900,rkayfashions@gmail.com,rkayfashions@gmail.com
,,,,,,,"R KAY FASHIONS Boys Festive & Party, Casual Kurta and Pyjama Set (Blue Pack of 1)",R KAY FASHIONS,,,,,,
,,,,,,,"R KAY FASHIONS Boys Festive & Party, Casual Kurta and Pyjama Set (Blue Pack of 1)",R KAY FASHIONS,,,,,,
,,,,,,,"R KAY FASHIONS Boys Festive & Party, Casual Kurta and Pyjama Set (Blue Pack of 1)",R KAY FASHIONS,,,,,,
,,,,,,,R KAY FASHIONS Baby Boys Cotton Blend Kurta and Pyjama Set (Pack of 2),R KAY FASHIONS,,,,,,
,,,,,,,R KAY FASHIONS Baby Boys Cotton Blend Kurta and Pyjama Set (Pack of 2),R KAY FASHIONS,,,,,,
,,,,,,,R KAY FASHIONS Baby Boys Cotton Blend Kurta and Pyjama Set (Pack of 2),R KAY FASHIONS,,,,,,
,,,,,,,R KAY FASHIONS Baby Boys Festive & Party Kurta and Pyjama Set (Dark Blue Pack of 2),R KAY FASHIONS,,,,,,
,,,,,,,R KAY FASHIONS Baby Boys Cotton Blend Kurta and Pyjama Set (Pack of 2),R KAY FASHIONS,,,,,,
,,,,,,,"R KAY FASHIONS Boys Festive & Party, Casual Kurta and Pyjama Set (Blue Pack of 1)",R KAY FASHIONS,,,,,,
,,,,,,,"R KAY FASHIONS Boys Festive & Party, Casual Kurta and Pyjama Set (Blue Pack of 1)",R KAY FASHIONS,,,,,,
,,,,,,,R KAY FASHIONS Boys Wedding Kurta and Pyjama Set (Purple Pack of 2),R KAY FASHIONS,,,,,,
,,,,,,,R KAY FASHIONS Boys Wedding Kurta and Pyjama Set (Purple Pack of 1),R KAY FASHIONS,,,,,,
,,,,,,,R KAY FASHIONS Baby Boys Cotton Blend Kurta and Pyjama Set (Pack of 2),R KAY FASHIONS,,,,,,
,,,,,,,R KAY FASHIONS Baby Boys Festive & Party Kurta and Pyjama Set (Dark Blue Pack of 2),R KAY FASHIONS,,,,,,
,,,,,,,R KAY FASHIONS Boys Wedding Kurta and Pyjama Set (Purple Pack of 2),R KAY FASHIONS,,,,,,
,,,,,,,R KAY FASHIONS Boys Wedding Kurta and Pyjama Set (Purple Pack of 1),R KAY FASHIONS,,,,,,
,,,,,,,R KAY FASHIONS Baby Boys Festive & Party Kurta and Pyjama Set (Dark Blue Pack of 2),R KAY FASHIONS,,,,,,
,,,,,,,R KAY FASHIONS Boys Wedding Kurta and Pyjama Set (Purple Pack of 2),R KAY FASHIONS,,,,,,
,,,,,,,R KAY FASHIONS Baby Boys Festive & Party Kurta and Pyjama Set (Dark Blue Pack of 2),R KAY FASHIONS,,,,,,
1149,00b1f4dbe25b4f15,DebnathEnterprisee,No,silver,2026-03-29,2026-03-29,"Debnath Enterprise Boys Festive & Party, Wedding Kurta and Pyjama Set (Dark Blue Pack of 1)",Debnath Enterprise,Possibly a Brand,Debnath Enterprise,+918240643872,+918240643872,debnathenterprisebusiness@gmail.com,debnathenterprisebusiness@gmail.com
,,,,,,,"Debnath Enterprise Boys Festive & Party, Wedding Sherwani and Churidar Set (Dark Blue Pack of 1)",Debnath Enterprise,,,,,,
,,,,,,,"Debnath Enterprise Boys Festive & Party, Wedding Kurta and Pyjama Set (Dark Blue Pack of 2)",Debnath Enterprise,,,,,,
,,,,,,,Debnath Enterprise Boys Festive & Party Kurta and Pyjama Set (Dark Blue Pack of 2),Debnath Enterprise,,,,,,
,,,,,,,"TECHIO TWS black Earbud Bluetooth (Black, True Wireless)",TECHIO,,,,,,
,,,,,,,Debnath Enterprise Boys Festive & Party Kurta and Pyjama Set (Dark Blue Pack of 2),Debnath Enterprise,,,,,,
,,,,,,,"Debnath Enterprise Boys Festive & Party, Wedding Kurta and Pyjama Set (Dark Blue Pack of 2)",Debnath Enterprise,,,,,,
,,,,,,,Revayat Ras Formal Printed Women Black Top,Revayat Ras,,,,,,
,,,,,,,"Debnath Enterprise Boys Festive & Party, Wedding Kurta and Pyjama Set (Dark Blue Pack of 1)",Debnath Enterprise,,,,,,
,,,,,,,"Debnath Enterprise Boys Festive & Party, Wedding Kurta and Pyjama Set (Dark Blue Pack of 1)",Debnath Enterprise,,,,,,
,,,,,,,Debnath Enterprise Boys Festive & Party Kurta and Pyjama Set (Dark Blue Pack of 1),Debnath Enterprise,,,,,,
,,,,,,,Debnath Enterprise Boys Festive & Party Kurta and Dhoti Pant Set (Red Pack of 1),Debnath Enterprise,,,,,,
,,,,,,,"Debnath Enterprise Boys Festive & Party Kurta, Waistcoat and Pyjama Set (White Pack of 1)",Debnath Enterprise,,,,,,
,,,,,,,BL Textile Party Ethnic Motifs Women Maroon Top,BL Textile,,,,,,
,,,,,,,Debnath Enterprise Boys Festive & Party Kurta and Dhoti Pant Set (Red Pack of 1),Debnath Enterprise,,,,,,
,,,,,,,Debnath Enterprise Boys Festive & Party Kurta and Pyjama Set (Dark Blue Pack of 1),Debnath Enterprise,,,,,,
,,,,,,,"Debnath Enterprise Boys Festive & Party, Wedding Sherwani and Churidar Set (Dark Blue Pack of 1)",Debnath Enterprise,,,,,,
,,,,,,,Sahajanand etp Casual Solid Women White Top,Sahajanand etp,,,,,,
,,,,,,,Debnath Enterprise Boys Festive & Party Kurta and Pyjama Set (Dark Blue Pack of 1),Debnath Enterprise,,,,,,
,,,,,,,Debnath Enterprise Boys Festive & Party Kurta and Pyjama Set (Dark Blue Pack of 1),Debnath Enterprise,,,,,,
1150,1650fd9524024de4,ParindeyCloset,No,silver,2026-06-11,2026-06-29,Parindey Girls Festive & Party Kurta and Sharara Set (Blue Pack of 2),Parindey,Possibly a Brand,Parindey,+918559083855,+918750977501,parindey.klothing@gmail.com,parindey.klothing@gmail.com
,,,,,,,Parindey Boys Casual Kurta and Pyjama Set (Red Pack of 2),Parindey,,,,,,
,,,,,,,Parindey Girls Festive & Party Kurta and Sharara Set (Beige Pack of 2),Parindey,,,,,,
,,,,,,,Parindey Boys Casual Kurta and Pyjama Set (Pink Pack of 2),Parindey,,,,,,
,,,,,,,Parindey Girls Festive & Party Kurta and Sharara Set (Green Pack of 2),Parindey,,,,,,
,,,,,,,"Parindey Boys Casual T-shirt T-shirt (white, Pack of 2)",Parindey,,,,,,
,,,,,,,"Parindey Boys Casual T-shirt Shorts (White, Pack of 2)",Parindey,,,,,,
,,,,,,,Parindey Girls Festive & Party Kurta and Sharara Set (Light Blue Pack of 3),Parindey,,,,,,
,,,,,,,Parindey Boys Casual Kurta and Pyjama Set (Green Pack of 2),Parindey,,,,,,
,,,,,,,"Parindey Boys Casual Shirt Shorts (Multicolor, Pack of 2)",Parindey,,,,,,
,,,,,,,"Parindey Embroidered Kurta, Sharara & Dupatta Set",Parindey,,,,,,
,,,,,,,"Parindey Boys Casual Shirt Shorts (White, Pack of 2)",Parindey,,,,,,
,,,,,,,"Parindey Boys Casual Shirt Shorts (Brown, Pack of 2)",Parindey,,,,,,
,,,,,,,"Parindey Girls Casual Shirt Pant (Lavender, Pack of 2)",Parindey,,,,,,
,,,,,,,"Parindey Embroidered Kurta, Sharara & Dupatta Set",Parindey,,,,,,
,,,,,,,Parindey Girls Festive & Party Dhoti & Kurta Set (Pink Pack of 2),Parindey,,,,,,
,,,,,,,"Parindey Indi Girls Below Knee Casual Dress (Orange, Short Sleeve)",Parindey,,,,,,
,,,,,,,Parindey Girls Festive & Party Dhoti & Kurta Set (Pink Pack of 2),Parindey,,,,,,
,,,,,,,"Parindey Boys Festive & Party Kurta, Waistcoat and Pyjama Set (Blue Pack of 3)",Parindey,,,,,,
,,,,,,,"Parindey Boys Casual Shirt Shorts (White, Pack of 2)",Parindey,,,,,,
1151,4fdddace97214a67,SSCREATION32,No,gold,2026-03-31,2026-04-01,Sweety Boys Festive & Party Kurta and Pyjama Set (Purple Pack of 1),Sweety,Possibly a Seller,,+919330736011,+919330736011,sscreation07.24@gmail.com,sscreation07.24@gmail.com
,,,,,,,ayanfashion Baby Boys Festive & Party Kurta and Pyjama Set (Yellow Pack of 1),ayanfashion,,,,,,
,,,,,,,"Sweety Girls Casual Top Shorts (Pink, Pack of 2)",Sweety,,,,,,
,,,,,,,"S S CREATION Girls Midi/Knee Length Casual Dress (Yellow, Sleeveless)",S S CREATION,,,,,,
,,,,,,,Sweety Boys Festive & Party Kurta and Pyjama Set (Purple Pack of 1),Sweety,,,,,,
,,,,,,,ayanfashion Baby Boys Festive & Party Kurta and Pyjama Set (Black Pack of 1),ayanfashion,,,,,,
,,,,,,,Sweety Boys Festive & Party Kurta and Pyjama Set (Purple Pack of 1),Sweety,,,,,,
,,,,,,,Sweety Boys Festive & Party Kurta and Pyjama Set (Purple Pack of 1),Sweety,,,,,,
,,,,,,,New Ekta Dresses Boys Festive & Party Kurta and Pyjama Set (Maroon Pack of 1),New Ekta Dresses,,,,,,
,,,,,,,SS Creation Girls Casual Top Pant (White & Brown),SS Creation,,,,,,
,,,,,,,A K DESIGNERS Boys Festive & Party Kurta and Pyjama Set (Blue Pack of 1),A K DESIGNERS,,,,,,
,,,,,,,Sweety Boys Festive & Party Kurta and Pyjama Set (Purple Pack of 1),Sweety,,,,,,
,,,,,,,Sweety Boys Festive & Party Kurta and Pyjama Set (Maroon Pack of 1),Sweety,,,,,,
,,,,,,,A K DESIGNERS Boys Festive & Party Kurta and Pyjama Set (Red Pack of 1),A K DESIGNERS,,,,,,
,,,,,,,Sweety Boys Festive & Party Kurta and Pyjama Set (Maroon Pack of 1),Sweety,,,,,,
,,,,,,,A K DESIGNERS Boys Festive & Party Kurta and Pyjama Set (Red Pack of 1),A K DESIGNERS,,,,,,
,,,,,,,"S S CREATION Girls Midi/Knee Length Casual Dress (Pink, Sleeveless)",S S CREATION,,,,,,
,,,,,,,"Sweety Girls Midi/Knee Length Casual Dress (Multicolor, Sleeveless)",Sweety,,,,,,
,,,,,,,"UNIQUEEE Baby Girls Midi/Knee Length Party Dress (Pink, Sleeveless)",UNIQUEEE,,,,,,
,,,,,,,"ASCollection Girls Above Knee Casual Dress (Pink, Sleeveless)",ASCollection,,,,,,
1152,04a1606be9cd4bcd,S V Collection,Yes,silver,2020-08-30,2020-09-08,,,,,,,,
1153,b772a88ea17946a1,Fourfolds,No,silver,2018-08-23,2018-09-25,"Fourfolds Boys Party(Festive) Dress Shirt, Trouser, Waistcoat (Grey)",Fourfolds,Possibly a Brand,Fourfolds,+918368567573,+918368564695,support@fourfolds.in,support@fourfolds.in
,,,,,,,Fourfolds Boys Party(Festive) Dress Waistcoat (MEHANDI),Fourfolds,,,,,,
,,,,,,,Fourfolds Boys Party(Festive) Dress Waistcoat (MEHANDI),Fourfolds,,,,,,
,,,,,,,Fourfolds Boys Party(Festive) Shirt Trouser (Fawn),Fourfolds,,,,,,
,,,,,,,Fourfolds Boys Party(Festive) Dress Waistcoat (MEHANDI),Fourfolds,,,,,,
,,,,,,,Fourfolds Boys Party(Festive) Dress Waistcoat (MEHANDI),Fourfolds,,,,,,
,,,,,,,Fourfolds Solid Single Breasted Festive & Wedding Men Blazer (Brown),Fourfolds,,,,,,
,,,,,,,Fourfolds Boys Party(Festive) Shirt Trouser (Fawn),Fourfolds,,,,,,
,,,,,,,"Fourfolds Boys Party(Festive) Dress Shirt, Trouser, Waistcoat (Grey)",Fourfolds,,,,,,
,,,,,,,"Fourfolds Solid Single Breasted Party, Wedding Men Blazer (Dark Blue)",Fourfolds,,,,,,
,,,,,,,Fourfolds Boys Party(Festive) Dress Waistcoat (MEHANDI),Fourfolds,,,,,,
,,,,,,,Fourfolds Boys Party(Festive) Dress Waistcoat (BLUE),Fourfolds,,,,,,
,,,,,,,Fourfolds Boys Party(Festive) Dress Waistcoat (BLUE),Fourfolds,,,,,,
,,,,,,,"Fourfolds Boys Party(Festive) Dress Shirt, Trouser, Waistcoat, Tie (FAWN)",Fourfolds,,,,,,
,,,,,,,Fourfolds Boys Casual Shirt Trouser (Maroon),Fourfolds,,,,,,
,,,,,,,"Fourfolds Boys Party(Festive) Dress Shirt, Trouser, Waistcoat, Tie (FAWN)",Fourfolds,,,,,,
,,,,,,,Fourfolds Boys Party(Festive) Dress Waistcoat (MEHANDI),Fourfolds,,,,,,
,,,,,,,Fourfolds Boys Party(Festive) Dress Waistcoat (BLUE),Fourfolds,,,,,,
,,,,,,,Fourfolds Boys Party(Festive) Dress Waistcoat (BLUE),Fourfolds,,,,,,
,,,,,,,Fourfolds Boys Casual Shirt Trouser (Maroon),Fourfolds,,,,,,
1154,8833afc7a8bf4ef2,AJQuickBuy,No,silver,2026-04-14,2026-04-15,"SkBrabd Indi Baby Girls Above Knee Casual Dress (Multicolor, Sleeveless)",SkBrabd,Possibly a Seller,,+917980799054,+917980799054,skabdulkadernonstop123@gmail.com,skabdulkadernonstop123@gmail.com
,,,,,,,SkBrand Boys Festive & Party Kurta and Pyjama Set (Black Pack of 1),SkBrand,,,,,,
,,,,,,,"Sk Brand Indi Girls Above Knee Party Dress (Orange, Fashion Sleeve)",Sk Brand,,,,,,
,,,,,,,"Sk Brand Indi Baby Girls Below Knee Festive/Wedding Dress (Yellow, Sleeveless)",Sk Brand,,,,,,
,,,,,,,"Sk Brand Indi Girls Above Knee Party Dress (Yellow, Fashion Sleeve)",Sk Brand,,,,,,
,,,,,,,"SkBrand Short For Boys Casual Graphic Print Cotton Blend (Multicolor, Pack of 3)",SkBrand,,,,,,
,,,,,,,"Sk Brand Indi Girls Above Knee Party Dress (Yellow, Fashion Sleeve)",Sk Brand,,,,,,
,,,,,,,SkBrand Boys Festive & Party Kurta and Pyjama Set (Black Pack of 1),SkBrand,,,,,,
,,,,,,,"Sk Brand Indi Girls Above Knee Party Dress (Yellow, Fashion Sleeve)",Sk Brand,,,,,,
,,,,,,,"SkBrabd Indi Baby Girls Above Knee Casual Dress (Multicolor, Sleeveless)",SkBrabd,,,,,,
,,,,,,,SkBrand SAHIM Embroidered Sherwani,SkBrand,,,,,,
,,,,,,,"SkBrand Short For Boys Casual Graphic Print Cotton Blend (Multicolor, Pack of 3)",SkBrand,,,,,,
,,,,,,,SkBrand SAHIM Embroidered Sherwani,SkBrand,,,,,,
,,,,,,,"Sk Brand Indi Girls Above Knee Party Dress (Maroon, Fashion Sleeve)",Sk Brand,,,,,,
,,,,,,,"Sk Brand Baby Boys Casual T-shirt Shorts (Grey - Navy Blue, Top Color: Grey (or Light Grey, Bottom Color: Navy Blue, Pack of 1)",Sk Brand,,,,,,
,,,,,,,"Sk Brand Indi Girls Above Knee Party Dress (Orange, Fashion Sleeve)",Sk Brand,,,,,,
,,,,,,,"Sk Brand Indi Girls Above Knee Casual Dress (Multicolor, Sleeveless)",Sk Brand,,,,,,
,,,,,,,"Sk Brand Indi Baby Girls Above Knee Festive/Wedding Dress (Yellow, Sleeveless)",Sk Brand,,,,,,
,,,,,,,"skonline Indi Baby Girls Above Knee Casual Dress (Multicolor, Fashion Sleeve)",skonline,,,,,,
,,,,,,,"Sk Brand Baby Girls Casual T-shirt Shorts (Pink, Pack of 1)",Sk Brand,,,,,,
1155,98d606892fdc4e6e,JEBACOLLECTION,Yes,silver,2024-03-21,2024-03-22,,,,,,,,
1156,fa8645957b4f415a,NIGHTCOUNTRY,Yes,bronze,2023-09-01,2023-09-01,,,,,,,,
1157,9f8b489da76a4ce6,Amor Creations,No,silver,2021-03-11,2021-03-24,"TinySteps Boys Casual, Festive & Party Kurta and Pyjama Set (Pink Pack of 1)",TinySteps,Possibly a Brand,TinySteps,+918743077396,+918743077396,amor_creations@yahoo.com,amor_creations@yahoo.com
,,,,,,,"TinySteps Boys Casual, Festive & Party Kurta and Pyjama Set (Multicolor Pack of 1)",TinySteps,,,,,,
,,,,,,,"TinySteps Boys Casual, Festive & Party Kurta and Pyjama Set (Multicolor Pack of 1)",TinySteps,,,,,,
,,,,,,,"TinySteps Boys Casual, Festive & Party Kurta and Pyjama Set (Multicolor Pack of 1)",TinySteps,,,,,,
,,,,,,,"TinySteps Boys Casual, Festive & Party Kurta and Pyjama Set (Multicolor Pack of 1)",TinySteps,,,,,,
,,,,,,,"TinySteps Boys Casual, Festive & Party Kurta and Pyjama Set (Multicolor Pack of 1)",TinySteps,,,,,,
,,,,,,,"TinySteps Boys Casual, Festive & Party, Wedding Kurta and Pyjama Set (Orange Pack of 1)",TinySteps,,,,,,
,,,,,,,"TinySteps Boys Festive & Party, Wedding Kurta and Pyjama Set (Multicolor Pack of 1)",TinySteps,,,,,,
,,,,,,,"TinySteps Boys Casual, Festive & Party Kurta and Pyjama Set (Blue Pack of 1)",TinySteps,,,,,,
,,,,,,,"TinySteps Boys Festive & Party, Wedding Kurta and Pyjama Set (Multicolor Pack of 1)",TinySteps,,,,,,
,,,,,,,"TinySteps Boys Festive & Party, Wedding Kurta and Pyjama Set (Maroon Pack of 2)",TinySteps,,,,,,
,,,,,,,"TinySteps Boys Festive & Party, Wedding Kurta and Pyjama Set (Multicolor Pack of 1)",TinySteps,,,,,,
,,,,,,,"TinySteps Boys Festive & Party, Wedding Kurta and Pyjama Set (Orange Pack of 1)",TinySteps,,,,,,
,,,,,,,"TinySteps Boys Festive & Party, Wedding Kurta and Pyjama Set (Dark Blue Pack of 1)",TinySteps,,,,,,
,,,,,,,"TinySteps Boys Festive & Party, Wedding Kurta and Pyjama Set (Maroon Pack of 1)",TinySteps,,,,,,
,,,,,,,"TinySteps Boys Festive & Party, Wedding Kurta and Pyjama Set (Light Green Pack of 1)",TinySteps,,,,,,
,,,,,,,"TinySteps Boys Festive & Party, Wedding Kurta and Pyjama Set (White Pack of 1)",TinySteps,,,,,,
,,,,,,,"TinySteps Boys Casual, Festive & Party Kurta and Pyjama Set (Blue Pack of 1)",TinySteps,,,,,,
,,,,,,,"TinySteps Boys Casual, Festive & Party, Wedding Kurta and Pyjama Set (Blue Pack of 1)",TinySteps,,,,,,
,,,,,,,"TinySteps Boys Casual, Festive & Party Kurta and Pyjama Set (Yellow Pack of 1)",TinySteps,,,,,,
1158,85ad3e96518d42a7,AlZAREENDRESSES,No,silver,2026-05-21,2026-05-22,"alzareendresses Girls Festive & Party, Wedding Kurta and Sharara Set (Black Pack of 1)",alzareendresses,Possibly a Brand,alzareendresses,+917439292648,+917439292648,alzareendresses@gmail.com,alzareendresses@gmail.com
,,,,,,,"alzareendresses Girls Festive & Party, Wedding Kurta and Sharara Set (Black Pack of 1)",alzareendresses,,,,,,
,,,,,,,alzareendresses Girls Festive & Party Kurta and Sharara Set (Blue Pack of 1),alzareendresses,,,,,,
,,,,,,,"alzareendresses Girls Party(Festive) Shirt Pant, Slingbag (Blue, Pack of 1)",alzareendresses,,,,,,
,,,,,,,"alzareendresses Girls Party(Festive) Shirt Pant, Slingbag (Brown, Pack of 1)",alzareendresses,,,,,,
,,,,,,,alzareendresses Girls Festive & Party Kurta and Sharara Set (Maroon Pack of 1),alzareendresses,,,,,,
,,,,,,,"alzareendresses Girls Party(Festive) Shirt Pant, Slingbag (Green, Pack of 1)",alzareendresses,,,,,,
,,,,,,,"alzareendresses Girls Party(Festive) Shirt Pant, Slingbag (Blue, Pack of 1)",alzareendresses,,,,,,
,,,,,,,"alzareendresses Girls Party(Festive) Shirt Pant, Slingbag (Pink, Pack of 1)",alzareendresses,,,,,,
,,,,,,,"alzareendresses Girls Festive & Party, Wedding Kurta and Sharara Set (Black Pack of 1)",alzareendresses,,,,,,
,,,,,,,"alzareendresses Girls Party(Festive) Shirt Pant, Slingbag (Green, Pack of 1)",alzareendresses,,,,,,
,,,,,,,"alzareendresses Girls Party(Festive) Shirt Pant, Slingbag (Red, Pack of 1)",alzareendresses,,,,,,
,,,,,,,"alzareendresses Girls Festive & Party, Wedding Kurta and Sharara Set (Black Pack of 1)",alzareendresses,,,,,,
,,,,,,,alzareendresses Girls Festive & Party Kurta and Sharara Set (Yellow Pack of 1),alzareendresses,,,,,,
,,,,,,,"alzareendresses Girls Festive & Party, Wedding Kurta and Sharara Set (Black Pack of 1)",alzareendresses,,,,,,
,,,,,,,alzareendresses Girls Festive & Party Kurta and Sharara Set (Multicolor Pack of 1),alzareendresses,,,,,,
,,,,,,,"alzareendresses Girls Party(Festive) Shirt Pant, Slingbag (Cream, Pack of 1)",alzareendresses,,,,,,
,,,,,,,"alzareendresses Girls Party(Festive) Shirt Pant, Slingbag (Pink, Pack of 1)",alzareendresses,,,,,,
,,,,,,,"alzareendresses Girls Party(Festive) Shirt Pant, Slingbag (Brown, Pack of 1)",alzareendresses,,,,,,
,,,,,,,"alzareendresses Girls Party(Festive) Shirt Pant, Slingbag (Green, Pack of 1)",alzareendresses,,,,,,
1159,e7b40f296f2f419f,BISALBABY,No,silver,2022-11-13,2022-11-15,"BISAL Indi Girls Midi/Knee Length Festive/Wedding Dress (Multicolor, Half Sleeve)",BISAL,Possibly a Brand,BISAL,+917003949397,+917003949397,bisaldressesonline@gmail.com,bisaldressesonline@gmail.com
,,,,,,,"BISAL Indi Girls Midi/Knee Length Festive/Wedding Dress (Multicolor, Half Sleeve)",BISAL,,,,,,
,,,,,,,"BISAL Indi Girls Midi/Knee Length Festive/Wedding Dress (Multicolor, Half Sleeve)",BISAL,,,,,,
,,,,,,,"BISAL Indi Girls Midi/Knee Length Festive/Wedding Dress (Multicolor, Half Sleeve)",BISAL,,,,,,
,,,,,,,"BISAL Indi Girls Midi/Knee Length Festive/Wedding Dress (Multicolor, Half Sleeve)",BISAL,,,,,,
,,,,,,,"BISAL Indi Girls Midi/Knee Length Festive/Wedding Dress (Multicolor, Half Sleeve)",BISAL,,,,,,
,,,,,,,"BISAL Indi Girls Midi/Knee Length Party Dress (Pink, Full Sleeve)",BISAL,,,,,,
,,,,,,,"BISAL Indi Girls Below Knee Festive/Wedding Dress (Green, 3/4 Sleeve)",BISAL,,,,,,
,,,,,,,"BISAL Indi Baby Girls Midi/Knee Length Party Dress (Pink, Full Sleeve)",BISAL,,,,,,
,,,,,,,"BISAL Embroidered Kurta, Sharara & Dupatta Set",BISAL,,,,,,
,,,,,,,BISAL Girls Festive & Party Angarkha and Sharara Set (Blue Pack of 1),BISAL,,,,,,
,,,,,,,"BISAL Embroidered Kurta, Sharara & Dupatta Set",BISAL,,,,,,
,,,,,,,"BISAL Indi Girls Below Knee Party Dress (Yellow, 3/4 Sleeve)",BISAL,,,,,,
,,,,,,,BISAL Girls Casual Kurta Pant (RED),BISAL,,,,,,
,,,,,,,"BISAL Bisal Embellished Kurta, Sharara & Dupatta Set",BISAL,,,,,,
,,,,,,,"BISAL Indi Girls Below Knee Party Dress (Multicolor, 3/4 Sleeve)",BISAL,,,,,,
,,,,,,,BISAL Girls Festive & Party Kurta and Pyjama Set (Orange Pack of 1),BISAL,,,,,,
,,,,,,,"BISAL Indi Girls Below Knee Festive/Wedding Dress (Red, Fashion Sleeve)",BISAL,,,,,,
,,,,,,,"BISAL Indi Girls Midi/Knee Length Casual Dress (Pink, Cap Sleeve)",BISAL,,,,,,
,,,,,,,"BISAL Indi Girls Above Knee Party Dress (Purple, Short Sleeve)",BISAL,,,,,,
1160,04373e23c30c4975,TPENTERPRISESW,No,silver,2026-07-04,2026-07-06,TPEnterprises Girls Festive & Party Angarkha and Sharara Set (Pink Pack of 1),TPEnterprises,Possibly a Brand,TPEnterprises,+918780642382,+918780642382,polrapintu2@gmail.com,polrapintu2@gmail.com
,,,,,,,"TPEnterprises Girls Festive & Party Angarkha, Dhoti & Dupatta Set (Multicolor Pack of 1)",TPEnterprises,,,,,,
,,,,,,,TPEnterprises Girls Festive & Party Angarkha and Sharara Set (Purple Pack of 1),TPEnterprises,,,,,,
,,,,,,,"TPEnterprises Girls Festive & Party Kurta, Pyjama & Dupatta Set (Multicolor Pack of 1)",TPEnterprises,,,,,,
,,,,,,,TPEnterprises Girls Festive & Party Kurta and Palazzo Set (Black Pack of 1),TPEnterprises,,,,,,
,,,,,,,TPEnterprises Girls Festive & Party Kurta and Palazzo Set (Black Pack of 1),TPEnterprises,,,,,,
,,,,,,,"TPEnterprises Girls Festive & Party Angarkha, Dhoti & Dupatta Set (Multicolor Pack of 1)",TPEnterprises,,,,,,
,,,,,,,TPEnterprises Girls Festive & Party Angarkha and Sharara Set (Yellow Pack of 1),TPEnterprises,,,,,,
,,,,,,,"TPEnterprises Girls Festive & Party Kurti, Patiala and Dupatta Set (Multicolor Pack of 1)",TPEnterprises,,,,,,
,,,,,,,TPEnterprises Girls Festive & Party Kurta and Palazzo Set (Light Green Pack of 1),TPEnterprises,,,,,,
,,,,,,,TPEnterprises Girls Festive & Party Angarkha and Sharara Set (White Pack of 1),TPEnterprises,,,,,,
,,,,,,,"TPEnterprises Girls Festive & Party Kurta, Pyjama & Dupatta Set (Multicolor Pack of 1)",TPEnterprises,,,,,,
,,,,,,,"TPEnterprises Girls Festive & Party Kurta, Pyjama & Dupatta Set (Multicolor Pack of 1)",TPEnterprises,,,,,,
,,,,,,,TPEnterprises Girls Festive & Party Angarkha and Sharara Set (Multicolor Pack of 1),TPEnterprises,,,,,,
,,,,,,,TPEnterprises Girls Festive & Party Angarkha and Sharara Set (Pink Pack of 1),TPEnterprises,,,,,,
,,,,,,,"TPEnterprises Girls Festive & Party Ethnic Jacket, Blouse and Palazzo Set (Multicolor Pack of 1)",TPEnterprises,,,,,,
,,,,,,,"TPEnterprises Girls Festive & Party Ethnic Jacket, Blouse and Palazzo Set (Multicolor Pack of 1)",TPEnterprises,,,,,,
,,,,,,,TPEnterprises Girls Festive & Party Kurta and Palazzo Set (Green Pack of 1),TPEnterprises,,,,,,
,,,,,,,TPEnterprises Girls Festive & Party Kurta and Palazzo Set (Light Green Pack of 1),TPEnterprises,,,,,,
,,,,,,,"TPEnterprises Girls Festive & Party Angarkha, Dhoti & Dupatta Set (Multicolor Pack of 1)",TPEnterprises,,,,,,
1161,aaa6765188d24f34,NURZOENTERPRISE,No,silver,2026-06-19,2026-06-20,"nurzo enterprise Girls Above Knee Party Dress (Pink, Noodle strap)",nurzo enterprise,Possibly a Seller,,+916290273913,+916290273913,nurzoenterprise@gmail.com,nurzoenterprise@gmail.com
,,,,,,,"nurzo enterprise Girls Festive & Party, Formal, Wedding, Casual Kurti, Patiala and Dupatta Set (Orange Pack of 1)",nurzo enterprise,,,,,,
,,,,,,,"nurzo enterprise Girls Festive & Party, Formal, Wedding, Casual Kurti, Patiala and Dupatta Set (Pink Pack of 1)",nurzo enterprise,,,,,,
,,,,,,,"nurzo enterprise Girls Festive & Party, Formal, Wedding, Casual Kurti, Patiala and Dupatta Set (Pink Pack of 1)",nurzo enterprise,,,,,,
,,,,,,,"nurzo enterprise Girls Festive & Party, Formal, Wedding, Casual Kurti, Patiala and Dupatta Set (Light Green Pack of 1)",nurzo enterprise,,,,,,
,,,,,,,Nurzo Hook 0 (Pack of 1) Hook 0 (Pack of 6),Nurzo,,,,,,
1162,d158e5769f62435f,GKETHENIC,Yes,gold,2021-09-02,2021-09-04,,,,,,,,
1163,3b18228323c54d55,MIVASTRI,No,bronze,2019-08-21,2019-09-08,"mivastri Girls Casual Kurta, Churidar & Dupatta Set (Black Pack of 1)",mivastri,Possibly a Brand,mivastri,+919974111702,+919974111702,mivastri@gmail.com,mivastri@gmail.com
,,,,,,,"mivastri Girls Casual Kurta, Pyjama & Dupatta Set (Green Pack of 1)",mivastri,,,,,,
,,,,,,,"mivastri Girls Casual Kurta, Pyjama & Dupatta Set (Yellow Pack of 1)",mivastri,,,,,,
,,,,,,,mivastri Girls Festive & Party Kurta and Pyjama Set (Blue Pack of 1),mivastri,,,,,,
,,,,,,,"mivastri Girls Casual, Wedding Kurta and Pyjama Set (Blue Pack of 1)",mivastri,,,,,,
,,,,,,,mivastri Girls Casual Kurta and Pyjama Set (Light Green Pack of 1),mivastri,,,,,,
,,,,,,,mivastri Girls Casual Kurta and Pyjama Set (White Pack of 1),mivastri,,,,,,
,,,,,,,"mivastri Girls Festive & Party, Wedding Kurta and Pyjama Set (Blue Pack of 1)",mivastri,,,,,,
,,,,,,,"mivastri Girls Festive & Party Kurta, Pyjama & Dupatta Set (Blue Pack of 1)",mivastri,,,,,,
,,,,,,,mivastri Girls Casual Churidar and Dupatta Set (Green Pack of 1),mivastri,,,,,,
,,,,,,,mivastri Girls Casual Kurta and Pyjama Set (Green Pack of 1),mivastri,,,,,,
,,,,,,,mivastri Girls Festive & Party Kurta and Pyjama Set (Light Blue Pack of 1),mivastri,,,,,,
,,,,,,,mivastri Girls Casual Kurta and Pyjama Set (White Pack of 1),mivastri,,,,,,
,,,,,,,"mivastri Girls Casual, Wedding Kurta and Pyjama Set (Red Pack of 1)",mivastri,,,,,,
,,,,,,,"mivastri Girls Casual, Wedding Kurta and Pyjama Set (Pink Pack of 1)",mivastri,,,,,,
,,,,,,,"mivastri Girls Festive & Party, Wedding Kurta and Pyjama Set (Pink Pack of 1)",mivastri,,,,,,
,,,,,,,"mivastri Girls Festive & Party, Wedding Kurta and Pyjama Set (Purple Pack of 1)",mivastri,,,,,,
,,,,,,,"mivastri Girls Festive & Party, Wedding Kurta and Pyjama Set (Blue Pack of 1)",mivastri,,,,,,
,,,,,,,"mivastri Girls Casual Kurta, Pyjama & Dupatta Set (Blue Pack of 1)",mivastri,,,,,,
,,,,,,,"mivastri Girls Festive & Party Kurta, Pyjama & Dupatta Set (White Pack of 1)",mivastri,,,,,,
1164,45a932c0adae4ccb,ARSHINTERNATIONALS,No,silver,2024-11-24,2024-11-26,"ARSH INTERNATIONAL Girls Festive & Party Kurta, Pyjama & Dupatta Set (Purple Pack of 1)",ARSH INTERNATIONAL,Possibly a Brand,ARSH INTERNATIONAL,+919836469217,+919836469217,alihossainsekh95@gmail.com,alihossainsekh95@gmail.com
,,,,,,,"ARSH INTERNATIONAL Girls Casual Kurta Pant (SKY BLUE, Pack of 1)",ARSH INTERNATIONAL,,,,,,
,,,,,,,"ARSH INTERNATIONAL Girls Festive & Party Kurta, Pyjama & Dupatta Set (Purple Pack of 1)",ARSH INTERNATIONAL,,,,,,
,,,,,,,"ARSH INTERNATIONAL Girls Festive & Party Kurta, Pyjama & Dupatta Set (Green Pack of 1)",ARSH INTERNATIONAL,,,,,,
,,,,,,,ARSH INTERNATIONAL Girls Festive & Party Kurta and Sharara Set (Light Blue Pack of 1),ARSH INTERNATIONAL,,,,,,
,,,,,,,"ARSH INTERNATIONAL Girls Festive & Party Kurta, Pyjama & Dupatta Set (Pink Pack of 1)",ARSH INTERNATIONAL,,,,,,
,,,,,,,"ARSH INTERNATIONAL Girls Festive & Party Kurta, Pyjama & Dupatta Set (Blue Pack of 1)",ARSH INTERNATIONAL,,,,,,
,,,,,,,"ARSH INTERNATIONAL Girls Festive & Party Kurta, Pyjama & Dupatta Set (Yellow Pack of 1)",ARSH INTERNATIONAL,,,,,,
,,,,,,,"ARSH INTERNATIONAL Girls Festive & Party Kurta, Pyjama & Dupatta Set (Pink Pack of 1)",ARSH INTERNATIONAL,,,,,,
,,,,,,,ARSH INTERNATIONAL Girls Festive & Party Kurta and Skirt Set (Blue Pack of 1),ARSH INTERNATIONAL,,,,,,
,,,,,,,"ARSH INTERNATIONAL Girls Festive & Party Kurta, Pyjama & Dupatta Set (Black Pack of 1)",ARSH INTERNATIONAL,,,,,,
,,,,,,,"ARSH INTERNATIONAL Girls Festive & Party Kurta, Pyjama & Dupatta Set (Yellow Pack of 1)",ARSH INTERNATIONAL,,,,,,
,,,,,,,"ARSH INTERNATIONAL Girls Festive & Party Kurta, Pyjama & Dupatta Set (Purple Pack of 1)",ARSH INTERNATIONAL,,,,,,
,,,,,,,ARSH INTERNATIONAL Girls Festive & Party Kurta and Skirt Set (Light Blue Pack of 1),ARSH INTERNATIONAL,,,,,,
,,,,,,,ARSH INTERNATIONAL Girls Festive & Party Kurta and Skirt Set (Green Pack of 1),ARSH INTERNATIONAL,,,,,,
,,,,,,,"ARSH INTERNATIONAL Girls Festive & Party Kurta, Pyjama & Dupatta Set (Green Pack of 1)",ARSH INTERNATIONAL,,,,,,
,,,,,,,ARSH INTERNATIONAL Girls Festive & Party Kurta and Sharara Set (Maroon Pack of 1),ARSH INTERNATIONAL,,,,,,
,,,,,,,ARSH INTERNATIONAL Girls Festive & Party Kurta and Skirt Set (Light Blue Pack of 1),ARSH INTERNATIONAL,,,,,,
,,,,,,,ARSH INTERNATIONAL Girls Festive & Party Kurta and Skirt Set (Purple Pack of 1),ARSH INTERNATIONAL,,,,,,
,,,,,,,"ARSH INTERNATIONAL Girls Festive & Party Kurta, Pyjama & Dupatta Set (Blue Pack of 1)",ARSH INTERNATIONAL,,,,,,
1165,d5af030440e44aa5,DRESSESDREAM,No,bronze,2025-06-23,2025-09-10,DRESSESDREAM Girls Casual Kurta and Pyjama Set (White Pack of 1),DRESSESDREAM,Possibly a Brand,DRESSESDREAM,+919831755716,+919831755716,ramjanmolla9831@gmail.com,ramjanmolla9831@gmail.com
,,,,,,,DRESSESDREAM Girls Casual Kurta and Pyjama Set (Pink Pack of 1),DRESSESDREAM,,,,,,
,,,,,,,DRESSESDREAM Girls Casual Kurta and Pyjama Set (Pink Pack of 1),DRESSESDREAM,,,,,,
,,,,,,,"DRESSESDREAM Girls Casual Kurta, Pyjama & Dupatta Set (Blue Pack of 1)",DRESSESDREAM,,,,,,
,,,,,,,DRESSESDREAM Girls Casual Kurta and Pyjama Set (Blue Pack of 1),DRESSESDREAM,,,,,,
,,,,,,,DRESSESDREAM Girls Casual Kurta and Pyjama Set (Blue Pack of 1),DRESSESDREAM,,,,,,
,,,,,,,DRESSESDREAM Girls Casual Kurta and Pyjama Set (Blue Pack of 1),DRESSESDREAM,,,,,,
,,,,,,,"DRESSESDREAM Girls Casual Kurta, Pyjama & Dupatta Set (Blue Pack of 1)",DRESSESDREAM,,,,,,
,,,,,,,DRESSESDREAM Girls Casual Kurta and Pyjama Set (Blue Pack of 1),DRESSESDREAM,,,,,,
,,,,,,,"DRESSESDREAM Girls Casual Kurta, Pyjama & Dupatta Set (Blue Pack of 1)",DRESSESDREAM,,,,,,
,,,,,,,"DRESSESDREAM Girls Casual Kurta, Pyjama & Dupatta Set (Blue Pack of 1)",DRESSESDREAM,,,,,,
,,,,,,,DRESSESDREAM Girls Casual Kurta and Pyjama Set (White Pack of 1),DRESSESDREAM,,,,,,
,,,,,,,DRESSESDREAM Girls Festive & Party Kurta and Palazzo Set (Yellow Pack of 1),DRESSESDREAM,,,,,,
,,,,,,,DRESSESDREAM Girls Festive & Party Kurta and Palazzo Set (Pink Pack of 1),DRESSESDREAM,,,,,,
,,,,,,,DRESSESDREAM Girls Festive & Party Kurta and Palazzo Set (Green Pack of 1),DRESSESDREAM,,,,,,
,,,,,,,DRESSESDREAM Girls Festive & Party Kurta and Palazzo Set (Pink Pack of 1),DRESSESDREAM,,,,,,
,,,,,,,DRESSESDREAM Girls Festive & Party Kurta and Palazzo Set (Black Pack of 1),DRESSESDREAM,,,,,,
,,,,,,,DRESSESDREAM Girls Festive & Party Kurta and Palazzo Set (Pink Pack of 1),DRESSESDREAM,,,,,,
,,,,,,,DRESSESDREAM Girls Festive & Party Kurta and Palazzo Set (Black Pack of 1),DRESSESDREAM,,,,,,
,,,,,,,DRESSESDREAM Girls Festive & Party Kurta and Palazzo Set (Blue Pack of 1),DRESSESDREAM,,,,,,
1166,3e4bbe2146db4cf5,DHANALAKSHMITRADERS24,No,silver,2026-04-17,2026-04-20,DHANALAKSHMI LIGHT WEIGHT JADAI DESIGN ANKLET 9 INCH Brass Anklet,DHANALAKSHMI,Possibly a Brand,DHANALAKSHMI,+919487694600,+919487694600,dhanalakshmitraders2406@gmail.com,dhanalakshmitraders2406@gmail.com
,,,,,,,DHANALAKSHMI Women Pink Handbag,DHANALAKSHMI,,,,,,
,,,,,,,DHANALAKSHMI DTPOUCH01RED Pouch,DHANALAKSHMI,,,,,,
,,,,,,,DHANALAKSHMI Silver Toe Anklet,DHANALAKSHMI,,,,,,
,,,,,,,DHANALAKSHMI BUTTER FLY TOERING Brass Toe Anklet (Pack of 2),DHANALAKSHMI,,,,,,
,,,,,,,DHANALAKSHMI Women Blue Tote,DHANALAKSHMI,,,,,,
,,,,,,,DHANALAKSHMI DOUBLE JALRAA ANKLET 11 INCH Brass Anklet,DHANALAKSHMI,,,,,,
,,,,,,,DHANALAKSHMI Women Pink Handbag,DHANALAKSHMI,,,,,,
,,,,,,,DHANALAKSHMI Women Blue Handbag,DHANALAKSHMI,,,,,,
,,,,,,,DHANALAKSHMI Terry Cotton 150 GSM Bath Towel,DHANALAKSHMI,,,,,,
,,,,,,,"DHANALAKSHMI Cotton Home Use Apron - Free Size (Red, Pack of 2)",DHANALAKSHMI,,,,,,
,,,,,,,DHANALAKSHMI Cotton 150 GSM Hand Towel (Pack of 3),DHANALAKSHMI,,,,,,
,,,,,,,DHANALAKSHMI Cotton 150 GSM Hand Towel,DHANALAKSHMI,,,,,,
,,,,,,,DHANALAKSHMI Cotton 150 GSM Hand Towel (Pack of 2),DHANALAKSHMI,,,,,,
,,,,,,,DHANALAKSHMI TRADERS Boys Festive & Party Shirt & Dhoti Set (Brown Pack of 1),DHANALAKSHMI TRADERS,,,,,,
,,,,,,,DHANALAKSHMI TRADERS Boys Festive & Party Shirt & Dhoti Set (Purple Pack of 1),DHANALAKSHMI TRADERS,,,,,,
,,,,,,,DHANALAKSHMI Microfiber 40 GSM Bath Towel Set (Pack of 3),DHANALAKSHMI,,,,,,
,,,,,,,DHANALAKSHMI Boys Festive & Party Shirt & Dhoti Set (White Pack of 1),DHANALAKSHMI,,,,,,
,,,,,,,DHANALAKSHMI Boys Festive & Party Shirt & Dhoti Set (White Pack of 1),DHANALAKSHMI,,,,,,
,,,,,,,DHANALAKSHMI Boys Festive & Party Shirt & Dhoti Set (White Pack of 1),DHANALAKSHMI,,,,,,
1167,7353b55f236a41e4,DRESSIFY01,No,silver,2024-09-23,2024-09-25,"Dressify Girls Casual Top Pyjama (PEACH, Pack of 1)",Dressify,Possibly a Brand,Dressify,+917890736462,+917890736462,mrsdressify@gmail.com,mrsdressify@gmail.com
,,,,,,,"Dressify Indi Baby Girls Below Knee Casual Dress (Multicolor, Short Sleeve)",Dressify,,,,,,
,,,,,,,"Dressify Indi Girls Midi/Knee Length Casual Dress (White, Sleeveless)",Dressify,,,,,,
,,,,,,,"Dressify Girls Casual Top Pyjama (Off White & Brown, Pack of 1)",Dressify,,,,,,
,,,,,,,"Dressify Girls Casual Top Pyjama (Lavender & Black, Pack of 1)",Dressify,,,,,,
,,,,,,,"Dressify Girls Casual Top Pyjama (Lavender & Black, Pack of 1)",Dressify,,,,,,
,,,,,,,"Dressify Girls Casual Top Pyjama (White, Pink, Pack of 1)",Dressify,,,,,,
,,,,,,,"Dressify Girls Casual Top Pyjama (Pink, Pack of 1)",Dressify,,,,,,
,,,,,,,"Dressify Girls Casual Top Pyjama (PEACH, Pack of 1)",Dressify,,,,,,
,,,,,,,"Dressify Girls Casual Top Pyjama (MAROON, Pack of 1)",Dressify,,,,,,
,,,,,,,"Dressify Girls Casual Top Pyjama (LAVENDAR, Pack of 1)",Dressify,,,,,,
,,,,,,,"Dressify Girls Casual Top Pant (GREEN, Pack of 1)",Dressify,,,,,,
,,,,,,,"Dressify Girls Casual Top Pyjama (MAROON, Pack of 1)",Dressify,,,,,,
,,,,,,,"Dressify Girls Casual Top Pyjama (PEACH, Pack of 1)",Dressify,,,,,,
,,,,,,,"Dressify Girls Casual Top Pyjama (YELLOW, Pack of 1)",Dressify,,,,,,
,,,,,,,"Dressify Girls Party(Festive) Top Pyjama (ORANGE, Pack of 1)",Dressify,,,,,,
,,,,,,,"Dressify Girls Party(Festive) Top Pyjama (ORANGE, Pack of 1)",Dressify,,,,,,
,,,,,,,"Dressify Girls Party(Festive) Top Pyjama (ORANGE, Pack of 1)",Dressify,,,,,,
,,,,,,,"Dressify Girls Party(Festive) Top Pyjama (ORANGE, Pack of 1)",Dressify,,,,,,
,,,,,,,"Dressify Girls Party(Festive) Top Pyjama (ORANGE, Pack of 1)",Dressify,,,,,,
1168,73c17ecb7689433a,ATTEMFASHION,No,silver,2026-02-10,2026-02-11,ATTEM Women Kurti and Legging Set,ATTEM,Possibly a Brand,ATTEM,+917678651410,+917678651410,ritusarkarr@gmail.com,ritusarkarr@gmail.com
,,,,,,,ATTEM Women Geometric Print Kurta (Yellow),ATTEM,,,,,,
,,,,,,,ATTEM Women Geometric Print Kurta (Multicolor),ATTEM,,,,,,
,,,,,,,ATTEM Women Kurti and Legging Set,ATTEM,,,,,,
,,,,,,,ATTEM Women Kurta and Palazzo Set,ATTEM,,,,,,
,,,,,,,A ATTEM Women Floral Print Tunic Kurta (Pink),A ATTEM,,,,,,
,,,,,,,ATTEM Girls Festive & Party Kurta and Palazzo Set (Orange Pack of 1),ATTEM,,,,,,
,,,,,,,ATTEM Women Kurti Palazzo Set,ATTEM,,,,,,
,,,,,,,"ATTEM Girls Festive & Party, Wedding Kurta and Palazzo Set (Orange Pack of 2)",ATTEM,,,,,,
,,,,,,,ATTEM Women Printed Straight Kurta (Blue),ATTEM,,,,,,
,,,,,,,ATTEM Women Kurti Palazzo Set,ATTEM,,,,,,
,,,,,,,"ATTEM Girls Casual Top Shorts (White, Green, Pack of 2)",ATTEM,,,,,,
,,,,,,,ATTEM Casual Printed Women Blue Top,ATTEM,,,,,,
,,,,,,,ATTEM Women Fit and Flare Yellow Knee Length Dress,ATTEM,,,,,,
,,,,,,,ATTEM Printed Women Jumpsuit,ATTEM,,,,,,
,,,,,,,ATTEM Women Kurta Pant Set,ATTEM,,,,,,
,,,,,,,ATTEM Casual Solid Women Yellow Top,ATTEM,,,,,,
,,,,,,,ATTEM Women Kurta Churidar Set,ATTEM,,,,,,
,,,,,,,"ATTEM Girls Festive & Party, Wedding Kurta and Sharara Set (Green Pack of 2)",ATTEM,,,,,,
,,,,,,,ATTEM Women Floral Print Flared Kurta (Blue),ATTEM,,,,,,
1169,563388852d5e4520,Banarassilkpalace,Yes,gold,2022-02-17,2022-03-22,,,,,,,,
1170,122dcf5067354ffd,BRIJSHREYAFASHION,No,silver,2025-05-30,2025-06-03,BRIJSHREYAFASHION Embellished Bollywood Pure Silk Saree (Maroon),BRIJSHREYAFASHION,Possibly a Brand,BRIJSHREYA FASHOIN,+919455727017,+919455727017,sappusingh20@gmail.com,sappusingh20@gmail.com
,,,,,,,BRIJSHREYA FASHOIN Embellished Bollywood Pure Silk Saree (Red),BRIJSHREYA FASHOIN,,,,,,
,,,,,,,BRIJSHREYA FASHOIN Embellished Bollywood Pure Silk Saree (Purple),BRIJSHREYA FASHOIN,,,,,,
,,,,,,,BRIJSHREYA FASHOIN Embellished Bollywood Pure Silk Saree (Purple),BRIJSHREYA FASHOIN,,,,,,
,,,,,,,BRIJSHREYA FASHOIN Embellished Bollywood Pure Silk Saree (Purple),BRIJSHREYA FASHOIN,,,,,,
,,,,,,,BRIJSHREYAFASHION Embellished Bollywood Pure Silk Saree (Red),BRIJSHREYAFASHION,,,,,,
,,,,,,,BRIJSHREYA FASHOIN Embellished Bollywood Pure Silk Saree (Red),BRIJSHREYA FASHOIN,,,,,,
,,,,,,,BRIJSHREYAFASHION Embellished Bollywood Pure Silk Saree (Gold),BRIJSHREYAFASHION,,,,,,
,,,,,,,BRIJSHREYA FASHOIN Embellished Bollywood Pure Silk Saree (Purple),BRIJSHREYA FASHOIN,,,,,,
,,,,,,,BRIJSHREYAFASHION Embellished Bollywood Pure Silk Saree (Yellow),BRIJSHREYAFASHION,,,,,,
,,,,,,,BRIJSHREYAFASHION Embellished Bollywood Pure Silk Saree (Light Green),BRIJSHREYAFASHION,,,,,,
,,,,,,,BRIJSHREYA FASHOIN Embellished Bollywood Pure Silk Saree (Gold),BRIJSHREYA FASHOIN,,,,,,
,,,,,,,BRIJSHREYA FASHOIN Embellished Bollywood Pure Silk Saree (Black),BRIJSHREYA FASHOIN,,,,,,
,,,,,,,BRIJSHREYA FASHOIN Embellished Bollywood Chiffon Saree (Green),BRIJSHREYA FASHOIN,,,,,,
,,,,,,,BRIJSHREYAFASHION Embellished Bollywood Pure Silk Saree (Blue),BRIJSHREYAFASHION,,,,,,
,,,,,,,BRIJSHREYAFASHION Embellished Bollywood Pure Silk Saree (Purple),BRIJSHREYAFASHION,,,,,,
,,,,,,,BRIJSHREYA FASHOIN Embellished Bollywood Pure Silk Saree (Black),BRIJSHREYA FASHOIN,,,,,,
,,,,,,,BRIJSHREYA FASHOIN Embellished Bollywood Pure Silk Saree (Black),BRIJSHREYA FASHOIN,,,,,,
,,,,,,,BRIJSHREYA FASHOIN Embellished Bollywood Pure Silk Saree (Blue),BRIJSHREYA FASHOIN,,,,,,
,,,,,,,BRIJSHREYA FASHOIN Embellished Bollywood Pure Silk Saree (Red),BRIJSHREYA FASHOIN,,,,,,
1171,4cfa45736a4b46c7,Alventro,No,bronze,2025-12-22,2025-12-23,Alventro Printed Bollywood Cotton Blend Saree with Unstitched Blouse (Multicolor),Alventro,Possibly a Brand,Alventro,+919157669399,+919157669399,alventro9091@gmail.com,alventro9091@gmail.com
,,,,,,,Alventro Printed Bollywood Cotton Blend Saree with Unstitched Blouse (Multicolor),Alventro,,,,,,
,,,,,,,Alventro Printed Bollywood Cotton Blend Saree with Unstitched Blouse (Multicolor),Alventro,,,,,,
,,,,,,,Alventro Printed Bollywood Cotton Blend Saree with Unstitched Blouse (Multicolor),Alventro,,,,,,
,,,,,,,Alventro Printed Bollywood Cotton Blend Saree with Unstitched Blouse (Multicolor),Alventro,,,,,,
,,,,,,,Alventro Printed Bollywood Cotton Blend Saree with Unstitched Blouse (Multicolor),Alventro,,,,,,
,,,,,,,Alventro Printed Bollywood Cotton Blend Saree with Unstitched Blouse (Multicolor),Alventro,,,,,,
,,,,,,,Alventro Printed Bollywood Cotton Blend Saree with Unstitched Blouse (Multicolor),Alventro,,,,,,
,,,,,,,Alventro Printed Bollywood Cotton Blend Saree with Unstitched Blouse (Multicolor),Alventro,,,,,,
,,,,,,,Alventro Printed Bollywood Cotton Blend Saree with Unstitched Blouse (Multicolor),Alventro,,,,,,
,,,,,,,Alventro Printed Bollywood Cotton Blend Saree with Unstitched Blouse (Multicolor),Alventro,,,,,,
,,,,,,,Alventro Printed Bollywood Cotton Blend Saree with Unstitched Blouse (Multicolor),Alventro,,,,,,
,,,,,,,Alventro Printed Bollywood Cotton Blend Saree with Unstitched Blouse (Multicolor),Alventro,,,,,,
,,,,,,,Alventro Printed Bollywood Cotton Blend Saree with Unstitched Blouse (Multicolor),Alventro,,,,,,
,,,,,,,Alventro Printed Bollywood Cotton Blend Saree with Unstitched Blouse (Multicolor),Alventro,,,,,,
,,,,,,,Alventro Printed Bollywood Cotton Blend Saree with Unstitched Blouse (Multicolor),Alventro,,,,,,
,,,,,,,Alventro Printed Bollywood Cotton Blend Saree with Unstitched Blouse (Multicolor),Alventro,,,,,,
,,,,,,,Alventro Printed Bollywood Cotton Blend Saree with Unstitched Blouse (Multicolor),Alventro,,,,,,
,,,,,,,Alventro Printed Bollywood Cotton Blend Saree with Unstitched Blouse (Multicolor),Alventro,,,,,,
,,,,,,,Alventro Printed Bollywood Cotton Blend Saree with Unstitched Blouse (Multicolor),Alventro,,,,,,
1172,dd88915e47044c86,Virochan,No,silver,2025-12-19,2026-05-01,Pinkisaree Hand Painted Daily Wear Art Silk Saree with Unstitched Blouse (Orange),Pinkisaree,Possibly a Brand,Pinkisaree,+919424755666,+919424755666,manojdhanwani81@gmail.com,manojdhanwani81@gmail.com
,,,,,,,Pinkisaree Floral Print Daily Wear Cotton Linen Saree (Multicolor),Pinkisaree,,,,,,
,,,,,,,Pinkisaree Embellished Banarasi Cotton Linen Saree with Unstitched Blouse (Pink),Pinkisaree,,,,,,
,,,,,,,Pinkisaree Hand Painted Daily Wear Cotton Linen Saree (Light Green),Pinkisaree,,,,,,
,,,,,,,Pinkisaree Hand Painted Daily Wear Cotton Linen Saree (Blue),Pinkisaree,,,,,,
,,,,,,,"Pinkisaree Hand Painted, Striped Daily Wear Chiffon Saree (Dark Green)",Pinkisaree,,,,,,
,,,,,,,Pinkisaree Printed Daily Wear Art Silk Saree (Dark Green),Pinkisaree,,,,,,
,,,,,,,"Pinkisaree Printed, Woven Daily Wear Cotton Linen Saree (Multicolor)",Pinkisaree,,,,,,
,,,,,,,Pinkisaree Printed Daily Wear Art Silk Saree (Dark Green),Pinkisaree,,,,,,
,,,,,,,Pinkisaree Printed Daily Wear Crepe Saree (Light Blue),Pinkisaree,,,,,,
,,,,,,,Pinkisaree Floral Print Daily Wear Cotton Linen Saree (Multicolor),Pinkisaree,,,,,,
,,,,,,,Pinkisaree Hand Painted Daily Wear Cotton Linen Saree (Orange),Pinkisaree,,,,,,
,,,,,,,Pinkisaree Printed Daily Wear Crepe Saree (Cream),Pinkisaree,,,,,,
,,,,,,,Pinkisaree Woven Banarasi Cotton Linen Saree (Light Green),Pinkisaree,,,,,,
,,,,,,,Pinkisaree Striped Daily Wear Chiffon Saree (Dark Green),Pinkisaree,,,,,,
,,,,,,,Pinkisaree Printed Daily Wear Cotton Silk Saree (Dark Green),Pinkisaree,,,,,,
,,,,,,,Pinkisaree Printed Daily Wear Art Silk Saree (Multicolor),Pinkisaree,,,,,,
,,,,,,,Pinkisaree Geometric Print Bandhani Viscose Rayon Saree (Maroon),Pinkisaree,,,,,,
,,,,,,,Pinkisaree Hand Painted Daily Wear Chiffon Saree (Blue),Pinkisaree,,,,,,
,,,,,,,Pinkisaree Printed Daily Wear Chiffon Saree (Maroon),Pinkisaree,,,,,,
1173,60b91bd64cb041f4,AARVIXX,Yes,silver,2026-03-23,2026-03-26,,,,,,,,
1174,376007c85b2349fd,VamikaTrends,No,bronze,2025-08-16,2025-09-12,Vamika Trends 1.0 Floral Print Daily Wear Linen Saree (Red),Vamika Trends 1.0,Possibly a Brand,Vamika Trends 1.0,+919106682201,+919106682201,vamikatrends.care@gmail.com,vamikatrends.care@gmail.com
,,,,,,,Vamika Trends 1.0 Floral Print Daily Wear Linen Saree (Black),Vamika Trends 1.0,,,,,,
,,,,,,,Vamika Trends 1.0 Floral Print Daily Wear Linen Saree (Pink),Vamika Trends 1.0,,,,,,
,,,,,,,"Vamika Trends 1.0 Embellished, Embroidered Bollywood Satin Saree (Dark Green)",Vamika Trends 1.0,,,,,,
,,,,,,,Vamika Trends 1.0 Floral Print Daily Wear Linen Saree (White),Vamika Trends 1.0,,,,,,
,,,,,,,"Vamika Trends 1.0 Solid/Plain, Printed Daily Wear Crepe Saree (Green)",Vamika Trends 1.0,,,,,,
,,,,,,,"Vamika Trends 1.0 Embellished, Embroidered Bollywood Satin Saree (Purple)",Vamika Trends 1.0,,,,,,
,,,,,,,"Vamika Trends 1.0 Embellished, Embroidered Bollywood Chiffon Saree (Green)",Vamika Trends 1.0,,,,,,
,,,,,,,Vamika Trends 1.0 Embroidered Bollywood Art Silk Saree (Purple),Vamika Trends 1.0,,,,,,
,,,,,,,Vamika Trends 1.0 Embroidered Bollywood Georgette Saree (Yellow),Vamika Trends 1.0,,,,,,
,,,,,,,"Vamika Trends 1.0 Self Design, Embroidered, Floral Print Bollywood Georgette Saree (Dark Green)",Vamika Trends 1.0,,,,,,
,,,,,,,"Vamika Trends 1.0 Embellished, Embroidered Bollywood Art Silk Saree (Dark Green)",Vamika Trends 1.0,,,,,,
,,,,,,,Vamika Trends 1.0 Embroidered Bollywood Georgette Saree (Blue),Vamika Trends 1.0,,,,,,
,,,,,,,"Vamika Trends 1.0 Self Design, Embroidered, Floral Print Bollywood Jimmy Jimmy Saree (Yellow)",Vamika Trends 1.0,,,,,,
,,,,,,,Vamika Trends 1.0 Printed Daily Wear Crepe Saree (Multicolor),Vamika Trends 1.0,,,,,,
,,,,,,,"Vamika Trends 1.0 Embellished, Embroidered, Floral Print Bollywood Chiffon Saree (Blue)",Vamika Trends 1.0,,,,,,
,,,,,,,"Vamika Trends 1.0 Embellished, Embroidered Bollywood Jimmy Jimmy Saree (Dark Green)",Vamika Trends 1.0,,,,,,
,,,,,,,"Vamika Trends 1.0 Embroidered, Self Design, Embellished Bollywood Tissue Saree (Blue)",Vamika Trends 1.0,,,,,,
,,,,,,,"Vamika Trends 1.0 Embellished, Embroidered Bollywood Jimmy Jimmy Saree (Yellow)",Vamika Trends 1.0,,,,,,
,,,,,,,Vamika Trends 1.0 Embroidered Bollywood Art Silk Saree (Orange),Vamika Trends 1.0,,,,,,
1175,9dedccb9ae544405,KIAMIFASHION,No,silver,2026-06-04,2026-06-07,KIAMIFASHION Embellished Ikkat Organza Saree (Multicolor),KIAMIFASHION,Possibly a Brand,Kiami,+917238908945,+917238908945,mihirbhalani2110@gmail.com,mihirbhalani2110@gmail.com
,,,,,,,"Kiami Digital Print, Floral Print Daily Wear Organza Saree (White)",Kiami,,,,,,
,,,,,,,"Kiami Ombre, Floral Print Ikkat Organza Saree (Multicolor)",Kiami,,,,,,
,,,,,,,"KIAMIFASHION Floral Print, Printed, Self Design Bollywood Chiffon Saree (Purple)",KIAMIFASHION,,,,,,
,,,,,,,Kiami Ombre Ikkat Satin Saree (Multicolor),Kiami,,,,,,
,,,,,,,Kiami Self Design Ikkat Organza Saree (Purple),Kiami,,,,,,
,,,,,,,"Kiami Embroidered, Solid/Plain, Woven Ikkat Brasso Saree (Yellow)",Kiami,,,,,,
,,,,,,,Kiami Floral Print Ikkat Organza Saree (Cream),Kiami,,,,,,
,,,,,,,"Kiami Floral Print, Self Design Ikkat Georgette, Satin Saree (Multicolor)",Kiami,,,,,,
,,,,,,,KIAMIFASHION Geometric Print Ikkat Organza Saree (White),KIAMIFASHION,,,,,,
,,,,,,,Kiami Tie-Dye Daily Wear Satin Saree (Multicolor),Kiami,,,,,,
,,,,,,,KIAMIFASHION Striped Ikkat Organza Saree (Black),KIAMIFASHION,,,,,,
,,,,,,,"Kiami Printed Ikkat Georgette, Satin Saree (Light Blue)",Kiami,,,,,,
,,,,,,,"Kiami Striped, Embellished Daily Wear Organza Saree (Red)",Kiami,,,,,,
,,,,,,,Kiami Woven Handloom Georgette Saree (Gold),Kiami,,,,,,
,,,,,,,"Kiami Digital Print, Embellished, Striped Daily Wear Organza Saree (Blue)",Kiami,,,,,,
,,,,,,,"Kiami Digital Print, Floral Print, Printed Bollywood Art Silk Saree (Blue)",Kiami,,,,,,
,,,,,,,Kiami Printed Chanderi Organza Saree (Cream),Kiami,,,,,,
,,,,,,,Kiami Printed Daily Wear Georgette Saree (Black),Kiami,,,,,,
,,,,,,,KIAMIFASHION Printed Ikkat Organza Saree (White),KIAMIFASHION,,,,,,
1176,98d373f5ea204546,KONICAFAB,Yes,gold,2021-04-24,2023-05-25,,,,,,,,
1177,600de09cea3a426f,RORRIM,No,silver,2025-10-05,2026-05-06,rorrim Geometric Print Kanjivaram Silk Blend Saree (Multicolor),rorrim,Possibly a Brand,rorrim,+919662772557,+919662772557,rorrim2404@gmail.com,rorrim2404@gmail.com
,,,,,,,rorrim Printed Daily Wear Silk Blend Saree (Multicolor),rorrim,,,,,,
,,,,,,,rorrim Woven Banarasi Jacquard Saree (Pink),rorrim,,,,,,
,,,,,,,rorrim Printed Daily Wear Jacquard Saree (Maroon),rorrim,,,,,,
,,,,,,,rorrim Woven Handloom Jacquard Saree (Pink),rorrim,,,,,,
,,,,,,,"rorrim Striped, Woven Daily Wear Jacquard Saree (Pink)",rorrim,,,,,,
,,,,,,,rorrim Woven Daily Wear Jacquard Saree (Black),rorrim,,,,,,
,,,,,,,rorrim Printed Daily Wear Linen Saree (Purple),rorrim,,,,,,
,,,,,,,rorrim Printed Daily Wear Silk Blend Saree (Pink),rorrim,,,,,,
,,,,,,,rorrim Striped Daily Wear Jacquard Saree (Brown),rorrim,,,,,,
,,,,,,,rorrim Printed Daily Wear Silk Blend Saree (Blue),rorrim,,,,,,
,,,,,,,rorrim Printed Daily Wear Silk Blend Saree (Dark Blue),rorrim,,,,,,
,,,,,,,rorrim Woven Daily Wear Jacquard Saree (Green),rorrim,,,,,,
,,,,,,,NEELMADHAV Embellished Kanjivaram Art Silk Saree (Dark Blue),NEELMADHAV,,,,,,
,,,,,,,rorrim Printed Daily Wear Linen Saree (Multicolor),rorrim,,,,,,
,,,,,,,rorrim Woven Chanderi Jacquard Saree (Green),rorrim,,,,,,
,,,,,,,"rorrim Printed, Floral Print Kalamkari Cotton Blend, Cotton Linen Saree (Black, White)",rorrim,,,,,,
,,,,,,,rorrim Printed Daily Wear Cotton Linen Saree (Purple),rorrim,,,,,,
,,,,,,,"rorrim Woven, Floral Print, Temple Border Banarasi Jacquard Saree (Blue)",rorrim,,,,,,
,,,,,,,"rorrim Printed, Animal Print Daily Wear Linen Saree (Dark Blue, Brown)",rorrim,,,,,,
1178,84f60413b5bf49b8,Vastravillanx,No,bronze,2022-01-25,2022-02-24,"hb patel Floral Print, Embroidered Bollywood Silk Blend Saree (Yellow)",hb patel,Possibly a Seller,,+919427748227,+919427748227,vastravillanx@gmail.com,vastravillanx@gmail.com
,,,,,,,Sonika Fashions Dyed Bollywood Silk Blend Saree (Maroon),Sonika Fashions,,,,,,
,,,,,,,"vastravillanx Embroidered, Woven, Embellished Bollywood Net Saree (Grey)",vastravillanx,,,,,,
,,,,,,,"Ramnathcreation Embroidered, Embellished Bollywood Georgette Saree (Purple)",Ramnathcreation,,,,,,
,,,,,,,vastravillanx Embellished Bollywood Net Saree (Multicolor),vastravillanx,,,,,,
,,,,,,,"Vraggi Embellished, Embroidered, Solid/Plain Pre Draped Saree Chiffon, Pure Silk Saree (Gold)",Vraggi,,,,,,
,,,,,,,vastravillanx Solid/Plain Bollywood Net Saree (Gold),vastravillanx,,,,,,
,,,,,,,Sareezaa Embellished Bollywood Silk Blend Saree (Mustard),Sareezaa,,,,,,
,,,,,,,vastravillanx Woven Bollywood Chiffon Saree (Multicolor),vastravillanx,,,,,,
,,,,,,,vastravillanx Solid/Plain Daily Wear Cotton Linen Saree (Yellow),vastravillanx,,,,,,
,,,,,,,vastravillanx Solid/Plain Daily Wear Net Saree (Blue),vastravillanx,,,,,,
,,,,,,,vastravillanx Solid/Plain Bollywood Net Saree (Gold),vastravillanx,,,,,,
,,,,,,,"Ramnathcreation Embellished Kurta, Palazzo & Dupatta Set",Ramnathcreation,,,,,,
,,,,,,,vastravillanx Woven Bollywood Net Saree (Grey),vastravillanx,,,,,,
,,,,,,,vastravillanx Solid/Plain Bollywood Net Saree (Gold),vastravillanx,,,,,,
,,,,,,,"vastravillanx Embellished, Woven, Solid/Plain Bollywood Cotton Linen, Linen Saree (Pink)",vastravillanx,,,,,,
,,,,,,,vastravillanx Embellished Bollywood Net Saree (Yellow),vastravillanx,,,,,,
,,,,,,,"Vraggi Embellished, Embroidered, Solid/Plain Bollywood Chiffon, Pure Silk Saree (Purple)",Vraggi,,,,,,
,,,,,,,LOROFY Tussar Silk Printed Blouse Material,LOROFY,,,,,,
,,,,,,,"vastravillanx Embroidered, Woven, Embellished Bollywood Net Saree (Grey)",vastravillanx,,,,,,
1179,04fe5343e21d4ab2,AVCCREATION,No,bronze,2021-09-09,2021-09-16,"Tasrika Printed Kurta, Palazzo & Dupatta Set",Tasrika,Possibly a Seller,,+919978162128,+919978162128,amrutvarshacreation786@gmail.com,amrutvarshacreation786@gmail.com
,,,,,,,Amrutvarsha Creation Women Kurta Pant Set,Amrutvarsha Creation,,,,,,
,,,,,,,Amrutvarsha Creation Women Kurta Pant Set,Amrutvarsha Creation,,,,,,
,,,,,,,Amrutvarsha Creation Women Kurta Pant Set,Amrutvarsha Creation,,,,,,
,,,,,,,Amrutvarsha Creation Women Kurta Pant Set,Amrutvarsha Creation,,,,,,
,,,,,,,Amrutvarsha Creation Women Kurti Pant Set,Amrutvarsha Creation,,,,,,
,,,,,,,"Tasrika Printed Kurta, Palazzo & Dupatta Set",Tasrika,,,,,,
,,,,,,,Amrutvarsha Creation Women Kurti Pant Dupatta Set,Amrutvarsha Creation,,,,,,
,,,,,,,"Tasrika Printed Kurta, Palazzo & Dupatta Set",Tasrika,,,,,,
,,,,,,,Tasrika Women Kurta Pant Dupatta Set,Tasrika,,,,,,
,,,,,,,Amrutvarsha Creation Women Kurta Pant Set,Amrutvarsha Creation,,,,,,
,,,,,,,Amrutvarsha Creation Women Kurta Pant Set,Amrutvarsha Creation,,,,,,
,,,,,,,Tasrika Women Kurta Pant Dupatta Set,Tasrika,,,,,,
,,,,,,,Amrutvarsha Creation Women Kurta Pant Dupatta Set,Amrutvarsha Creation,,,,,,
,,,,,,,Tasrika Women Kurta Pant Dupatta Set,Tasrika,,,,,,
,,,,,,,Tasrika Women Kurta Pant Dupatta Set,Tasrika,,,,,,
,,,,,,,Tasrika Women Kurta Pant Dupatta Set,Tasrika,,,,,,
,,,,,,,Tasrika Women Kurta Pant Dupatta Set,Tasrika,,,,,,
,,,,,,,Tasrika Women Kurta Pant Dupatta Set,Tasrika,,,,,,
,,,,,,,"SURUKH Woven, Self Design, Embellished Banarasi Jacquard, Silk Blend Saree (Blue)",SURUKH,,,,,,
1180,8f5b0c7bb9ae43b7,Lilriya,No,silver,2021-01-28,2022-01-13,Lilriya Crepe Floral Print Salwar Suit Material,Lilriya,Possibly a Brand,Lilriya,+919375287364,+919375287364,Malicr730@gmail.com,Malicr730@gmail.com
,,,,,,,Lilriya Embroidered Sharara Saree Art Silk Saree (Purple),Lilriya,,,,,,
,,,,,,,Lilriya Paisley Daily Wear Georgette Saree (Maroon),Lilriya,,,,,,
,,,,,,,"Lilriya Embroidered, Embellished, Floral Print, Solid/Plain Sharara Saree Handloom Crepe Saree (Pink)",Lilriya,,,,,,
,,,,,,,"Lilriya Floral Print, Striped Daily Wear Handloom Georgette Saree (Purple)",Lilriya,,,,,,
,,,,,,,"Lilriya Embellished, Embroidered Kota Doria Handloom Georgette Saree (Multicolor)",Lilriya,,,,,,
,,,,,,,Lilriya Embroidered Pre Draped Saree Handloom Georgette Saree (Brown),Lilriya,,,,,,
,,,,,,,Lilriya Crepe Salwar Suit Material (Unstitched),Lilriya,,,,,,
,,,,,,,Lilriya Crepe Salwar Suit Material (Unstitched),Lilriya,,,,,,
,,,,,,,Lilriya Crepe Salwar Suit Material (Unstitched),Lilriya,,,,,,
,,,,,,,Lilriya Embellished Pre Draped Saree Handloom Georgette Saree (Purple),Lilriya,,,,,,
,,,,,,,"Lilriya Embellished, Embroidered Bollywood Handloom Art Silk Saree (Green)",Lilriya,,,,,,
,,,,,,,"Lilriya Floral Print, Striped Daily Wear Handloom Georgette Saree (Black)",Lilriya,,,,,,
,,,,,,,"Lilriya Printed Kalamkari Handloom Georgette Saree (Purple, Dark Blue)",Lilriya,,,,,,
,,,,,,,"Lilriya Embellished, Embroidered Kota Doria Handloom Georgette, Tussar Silk Saree (Pink)",Lilriya,,,,,,
,,,,,,,"Lilriya Printed, Tie-Dye Bandhani Handloom Crepe Saree (Multicolor)",Lilriya,,,,,,
,,,,,,,Lilriya Crepe Printed Kurta & Patiyala Material,Lilriya,,,,,,
,,,,,,,Lilriya Women Embroidered Anarkali Kurta (Dark Blue),Lilriya,,,,,,
,,,,,,,"Lilriya Embellished Bollywood Handloom Satin, Tussar Silk Saree (Cream)",Lilriya,,,,,,
,,,,,,,Lilriya Crepe Checkered Kurta & Patiyala Material,Lilriya,,,,,,
1181,f64f74707e6e438e,MAASIKOTARKRUPA,No,silver,2026-06-13,2026-06-14,Balorampal Printed Handloom Pure Cotton Saree (Pink),Balorampal,Possibly a Seller,,+919714897642,+919714897642,harshtimbadiyaa@gmail.com,harshtimbadiyaa@gmail.com
,,,,,,,"MAASIKOTAR Floral Print Bollywood Cotton Blend, Cotton Linen Saree (Dark Blue)",MAASIKOTAR,,,,,,
,,,,,,,"MAASIKOTAR Printed Kalamkari Cotton Blend, Cotton Linen Saree (Green)",MAASIKOTAR,,,,,,
,,,,,,,swara trends Woven Paithani Cotton Silk Saree (Multicolor),swara trends,,,,,,
,,,,,,,Maku Printed Handloom Pure Cotton Saree (Pink),Maku,,,,,,
,,,,,,,"MAASIKOTAR Floral Print Bollywood Cotton Blend, Cotton Linen Saree (Purple)",MAASIKOTAR,,,,,,
,,,,,,,Balika bodhu Printed Handloom Pure Cotton Saree (Blue),Balika bodhu,,,,,,
,,,,,,,WEAVE TRENDS Woven Bhagalpuri Cotton Linen Saree (Multicolor),WEAVE TRENDS,,,,,,
,,,,,,,FABFIZA Printed Assam Silk Linen Saree (White),FABFIZA,,,,,,
,,,,,,,"MAASIKOTAR Geometric Print Kalamkari Cotton Blend, Cotton Linen Saree (Multicolor)",MAASIKOTAR,,,,,,
,,,,,,,"CottonStoreHub Printed Bollywood Cotton Linen, Cotton Silk Saree (Blue)",CottonStoreHub,,,,,,
,,,,,,,CottonStoreHub Printed Bollywood Pure Cotton Saree (Multicolor),CottonStoreHub,,,,,,
,,,,,,,"MAASIKOTAR Floral Print Daily Wear Cotton Blend, Cotton Linen Saree (Mustard)",MAASIKOTAR,,,,,,
,,,,,,,"MAASIKOTAR Floral Print Bollywood Cotton Blend, Cotton Linen Saree (Black)",MAASIKOTAR,,,,,,
,,,,,,,"Shine Fashion Floral Print, Geometric Print, Printed Bollywood Pure Cotton Saree (Pink)",Shine Fashion,,,,,,
,,,,,,,VCREATION Digital Print Bollywood Cotton Linen Saree (Mustard),VCREATION,,,,,,
,,,,,,,"nenu classic Printed, Geometric Print Daily Wear Pure Cotton Saree (Mustard)",nenu classic,,,,,,
,,,,,,,MGCollectionONE Printed Daily Wear Cotton Linen Saree (Yellow),MGCollectionONE,,,,,,
,,,,,,,Maku Printed Handloom Pure Cotton Saree (Cream),Maku,,,,,,
,,,,,,,Divyam Floral Print Handloom Pure Cotton Saree (Light Blue),Divyam,,,,,,
1182,b4f4b67d546f4e26,TokyoFashion2027,No,silver,2026-07-14,2026-07-16,Silk Empire Embroidered Bollywood Net Saree (Grey),Silk Empire,Possibly a Brand,Silk Empire,+919409458114,+919409458114,mavaniganeshbhai017@gmail.com,mavaniganeshbhai017@gmail.com
,,,,,,,Silk Empire Embellished Bollywood Net Saree (Pink),Silk Empire,,,,,,
,,,,,,,Silk Empire Embroidered Bollywood Net Saree (Pink),Silk Empire,,,,,,
,,,,,,,Silk Empire Embroidered Bollywood Net Saree (Mustard),Silk Empire,,,,,,
,,,,,,,Silk Empire Embroidered Bollywood Net Saree (Red),Silk Empire,,,,,,
,,,,,,,Silk Empire Embellished Bollywood Net Saree (Mustard),Silk Empire,,,,,,
,,,,,,,Silk Empire Embroidered Bollywood Net Saree (Red),Silk Empire,,,,,,
,,,,,,,Silk Empire Embroidered Bollywood Net Saree (Pink),Silk Empire,,,,,,
,,,,,,,Silk Empire Embellished Bollywood Net Saree (Multicolor),Silk Empire,,,,,,
,,,,,,,Silk Empire Embroidered Bollywood Net Saree (Mustard),Silk Empire,,,,,,
,,,,,,,Silk Empire Embellished Bollywood Net Saree (Pink),Silk Empire,,,,,,
,,,,,,,Silk Empire Embroidered Bollywood Net Saree (Maroon),Silk Empire,,,,,,
,,,,,,,Silk Empire Solid/Plain Bollywood Net Saree (Red),Silk Empire,,,,,,
,,,,,,,Silk Empire Solid/Plain Bollywood Net Saree (Mustard),Silk Empire,,,,,,
,,,,,,,Silk Empire Embroidered Bollywood Net Saree (Pink),Silk Empire,,,,,,
,,,,,,,Silk Empire Embellished Bollywood Net Saree (Mustard),Silk Empire,,,,,,
,,,,,,,Silk Empire Embellished Bollywood Net Saree (Purple),Silk Empire,,,,,,
,,,,,,,Silk Empire Solid/Plain Bollywood Net Saree (Pink),Silk Empire,,,,,,
,,,,,,,Silk Empire Embroidered Bollywood Net Saree (Mustard),Silk Empire,,,,,,
,,,,,,,Silk Empire Solid/Plain Bollywood Net Saree (Red),Silk Empire,,,,,,
1183,e435ed0b016f4e31,MAAKHODAL90,No,silver,2026-04-10,2026-04-13,"Maa Khodiyar Floral Print, Woven, Printed, Temple Border Daily Wear Chiffon Saree (Black)",Maa Khodiyar,Possibly a Seller,,+919825204290,+919825204290,maakhodalcreation7@gmail.com,maakhodalcreation7@gmail.com
,,,,,,,"Maa Khodiyar Floral Print, Woven, Printed, Temple Border Daily Wear Chiffon Saree (Black)",Maa Khodiyar,,,,,,
,,,,,,,"MAA Self Design, Striped, Embroidered, Embellished, Geometric Print Leheria Georgette Saree (Yellow)",MAA,,,,,,
,,,,,,,"MAA Self Design, Striped, Embroidered, Embellished, Geometric Print Leheria Georgette Saree (Black)",MAA,,,,,,
,,,,,,,"MAA Self Design, Striped, Embroidered, Embellished, Geometric Print Leheria Georgette Saree (Black)",MAA,,,,,,
,,,,,,,"fashion dhamaka Woven, Polka Print Banarasi Georgette Saree (Pink)",fashion dhamaka,,,,,,
,,,,,,,"MAA Self Design, Striped, Embroidered, Embellished, Geometric Print Leheria Georgette Saree (Black)",MAA,,,,,,
,,,,,,,"Good Click Embellished, Printed, Woven Bollywood Chiffon Saree (Magenta)",Good Click,,,,,,
,,,,,,,"fashion dhamaka Polka Print, Printed, Paisley, Woven Banarasi Georgette Saree (Blue)",fashion dhamaka,,,,,,
,,,,,,,MAA Floral Print Bollywood Chiffon Saree (Multicolor),MAA,,,,,,
,,,,,,,"Good Click Embellished, Printed, Woven Bollywood Chiffon Saree (Purple)",Good Click,,,,,,
,,,,,,,"Good Click Embellished, Printed, Woven Bollywood Chiffon Saree (Maroon)",Good Click,,,,,,
,,,,,,,"Maa Khodiyar Floral Print, Woven, Printed, Temple Border Daily Wear Chiffon Saree (Purple)",Maa Khodiyar,,,,,,
,,,,,,,"fashion dhamaka Printed, Floral Print, Embroidered, Geometric Print, Embellished, Paisley Bandhani Crepe Saree (Maroon)",fashion dhamaka,,,,,,
,,,,,,,"fashion dhamaka Printed, Floral Print, Geometric Print, Embellished Bandhani Crepe Saree (Light Blue)",fashion dhamaka,,,,,,
,,,,,,,"fashion dhamaka Printed, Embellished, Floral Print, Geometric Print Bandhani Crepe Saree (Maroon)",fashion dhamaka,,,,,,
,,,,,,,"fashion dhamaka Embellished, Printed, Geometric Print, Floral Print Bandhani Crepe Saree (Magenta)",fashion dhamaka,,,,,,
,,,,,,,"fashion dhamaka Printed, Embroidered, Embellished, Floral Print, Geometric Print Bandhani Crepe Saree (Green)",fashion dhamaka,,,,,,
,,,,,,,"fashion dhamaka Tie-Dye, Color Block, Dyed Leheria Georgette Saree (Yellow)",fashion dhamaka,,,,,,
,,,,,,,"Good Click Embellished, Printed, Woven Bollywood Chiffon Saree (Magenta)",Good Click,,,,,,
1184,616f69d993bd469f,rajyugsaree,No,silver,2026-07-02,2026-07-06,RAJYUGSAREE Floral Print Bollywood Art Silk Saree (Multicolor),RAJYUGSAREE,Possibly a Brand,RAJYUGSAREE,+919714722679,+919714722679,bhagvatifashion3@gmail.com,bhagvatifashion3@gmail.com
,,,,,,,RAJYUGSAREE Anarkali Gown (Multicolor),RAJYUGSAREE,,,,,,
,,,,,,,RAJYUGSAREE Embellished Bollywood Net Saree (Black),RAJYUGSAREE,,,,,,
,,,,,,,"RAJYUGSAREE Embellished, Self Design Bollywood Net Saree (Cream)",RAJYUGSAREE,,,,,,
,,,,,,,RAJYUGSAREE Embroidered Bollywood Net Saree (Multicolor),RAJYUGSAREE,,,,,,
,,,,,,,RAJYUGSAREE Embroidered Bollywood Satin Saree (Green),RAJYUGSAREE,,,,,,
,,,,,,,RAJYUGSAREE Embroidered Bollywood Satin Saree (Maroon),RAJYUGSAREE,,,,,,
,,,,,,,RAJYUGSAREE Embroidered Bollywood Net Saree (Beige),RAJYUGSAREE,,,,,,
,,,,,,,RAJYUGSAREE Anarkali Gown (White),RAJYUGSAREE,,,,,,
,,,,,,,RAJYUGSAREE Anarkali Gown (Light Blue),RAJYUGSAREE,,,,,,
,,,,,,,"RAJYUGSAREE Embellished, Embroidered Bollywood Net Saree (Multicolor)",RAJYUGSAREE,,,,,,
,,,,,,,RAJYUGSAREE Anarkali Gown (Purple),RAJYUGSAREE,,,,,,
,,,,,,,RAJYUGSAREE Anarkali Gown (Pink),RAJYUGSAREE,,,,,,
,,,,,,,RAJYUGSAREE Anarkali Gown (Purple),RAJYUGSAREE,,,,,,
,,,,,,,"RAJYUGSAREE Printed, Animal Print, Floral Print Banarasi Art Silk Saree (Blue)",RAJYUGSAREE,,,,,,
,,,,,,,"RAJYUGSAREE Printed, Geometric Print Banarasi Art Silk Saree (Light Green)",RAJYUGSAREE,,,,,,
,,,,,,,RAJYUGSAREE Embroidered Bollywood Net Saree (Pink),RAJYUGSAREE,,,,,,
,,,,,,,RAJYUGSAREE Embellished Bollywood Net Saree (Grey),RAJYUGSAREE,,,,,,
,,,,,,,"RAJYUGSAREE Anarkali Gown (Yellow, Pink)",RAJYUGSAREE,,,,,,
,,,,,,,RAJYUGSAREE Anarkali Gown (Yellow),RAJYUGSAREE,,,,,,
1185,56831d11dddc4753,KASHISILKBENARAS,No,silver,2025-09-14,2025-09-15,"Kashi Silk Floral Print Banarasi Art Silk Saree (White, Gold)",Kashi Silk,Possibly a Brand,Kashi Silk,+917408517134,+917408517134,mohdkasim74085@gmail.com,mohdkasim74085@gmail.com
,,,,,,,"Kashi Silk Applique Banarasi Tussar Silk, Tissue Saree (Pink)",Kashi Silk,,,,,,
,,,,,,,Kashi Silk Woven Banarasi Cotton Silk Saree (Red),Kashi Silk,,,,,,
,,,,,,,"Kashi Silk Woven Kurta, Salwar & Dupatta Set",Kashi Silk,,,,,,
,,,,,,,Kashi Silk Woven Banarasi Tissue Saree (Orange),Kashi Silk,,,,,,
,,,,,,,"Kashi Silk Woven, Self Design Banarasi Muslin, Organza Saree (Grey)",Kashi Silk,,,,,,
,,,,,,,"Kashi Silk Woven, Self Design Banarasi Organza Saree (Grey)",Kashi Silk,,,,,,
,,,,,,,"Kashi Silk Woven, Self Design Banarasi Satin Saree (Blue)",Kashi Silk,,,,,,
,,,,,,,"Kashi Silk Solid, Woven, Self Design Kurta, Salwar & Dupatta Set",Kashi Silk,,,,,,
,,,,,,,Kashi Silk Woven Banarasi Art Silk Saree (Purple),Kashi Silk,,,,,,
,,,,,,,Kashi Silk Woven Banarasi Art Silk Saree (Purple),Kashi Silk,,,,,,
,,,,,,,"Kashi Silk Woven, Self Design Banarasi Muslin, Organza Saree (Grey)",Kashi Silk,,,,,,
,,,,,,,"Kashi Silk Woven, Self Design Banarasi Muslin, Organza Saree (Green)",Kashi Silk,,,,,,
,,,,,,,"Kashi Silk Woven, Color Block, Self Design Banarasi Satin Saree (Blue)",Kashi Silk,,,,,,
,,,,,,,"Kashi Silk Solid/Plain, Self Design Banarasi Tissue Saree (Gold, White)",Kashi Silk,,,,,,
,,,,,,,Kashi Silk Woven Banarasi Art Silk Saree (Blue),Kashi Silk,,,,,,
,,,,,,,Kashi Silk Woven Banarasi Art Silk Saree (Orange),Kashi Silk,,,,,,
,,,,,,,Kashi Silk Woven Banarasi Art Silk Saree (Orange),Kashi Silk,,,,,,
,,,,,,,Kashi Silk Printed Banarasi Art Silk Saree (Green),Kashi Silk,,,,,,
,,,,,,,Kashi Silk Woven Banarasi Tissue Saree (Green),Kashi Silk,,,,,,
1186,b64554399dd341f3,GOGAJICOLLECTIONS,No,gold,2021-11-04,2021-11-18,"GOGAJI COLLECTION Temple Border, Woven Kanjivaram Cotton Silk, Chanderi Saree (Blue)",GOGAJI COLLECTION,Possibly a Brand,GOGAJI COLLECTION,+919898834243,+919898834243,patelcheris989883@gmail.com,patelcheris989883@gmail.com
,,,,,,,"GOGAJI COLLECTION Woven, Temple Border, Self Design Narayanpet Cotton Silk, Silk Blend Saree (Dark Green)",GOGAJI COLLECTION,,,,,,
,,,,,,,"GOGAJI COLLECTION Temple Border, Woven Kanjivaram Cotton Silk, Chanderi Saree (Yellow)",GOGAJI COLLECTION,,,,,,
,,,,,,,"GOGAJI COLLECTION Temple Border, Woven Kanjivaram Cotton Silk, Chanderi Saree (Magenta)",GOGAJI COLLECTION,,,,,,
,,,,,,,"GOGAJI COLLECTION Temple Border, Woven Kanjivaram Cotton Silk, Chanderi Saree (Pink)",GOGAJI COLLECTION,,,,,,
,,,,,,,"GOGAJI COLLECTION Temple Border, Woven Kanjivaram Cotton Silk, Chanderi Saree (Yellow)",GOGAJI COLLECTION,,,,,,
,,,,,,,"GOGAJI COLLECTION Self Design, Woven Kanjivaram Pure Cotton, Cotton Silk Saree (Yellow)",GOGAJI COLLECTION,,,,,,
,,,,,,,"GOGAJI COLLECTION Temple Border, Woven Kanjivaram Cotton Silk, Chanderi Saree (Pink)",GOGAJI COLLECTION,,,,,,
,,,,,,,"GOGAJI COLLECTION 214 cm (7 ft) Door Polyester Room Darkening Curtain Single Curtain (PEACOCK GREEN, Animal)",GOGAJI COLLECTION,,,,,,
,,,,,,,"GOGAJI COLLECTION 214 cm (7 ft) Door Polyester Room Darkening Curtain Single Curtain (Red, Animal)",GOGAJI COLLECTION,,,,,,
,,,,,,,"GOGAJI COLLECTION Temple Border, Woven Narayanpet Cotton Silk, Chanderi Saree (Orange)",GOGAJI COLLECTION,,,,,,
,,,,,,,"GOGAJI COLLECTION Self Design, Woven Kanjivaram Pure Cotton, Cotton Silk Saree (Grey)",GOGAJI COLLECTION,,,,,,
,,,,,,,"GOGAJI COLLECTION Woven, Temple Border Assam Silk Cotton Linen, Cotton Silk Saree (Blue)",GOGAJI COLLECTION,,,,,,
,,,,,,,"GOGAJI COLLECTION Temple Border, Woven Kanjivaram Cotton Silk, Chanderi Saree (Green)",GOGAJI COLLECTION,,,,,,
,,,,,,,"GOGAJI COLLECTION Temple Border, Woven Kanjivaram Cotton Silk, Chanderi Saree (Grey)",GOGAJI COLLECTION,,,,,,
,,,,,,,"GOGAJI COLLECTION Temple Border, Woven Narayanpet Cotton Silk, Chanderi Saree (Purple)",GOGAJI COLLECTION,,,,,,
,,,,,,,"GOGAJI COLLECTION Temple Border, Woven Narayanpet Cotton Silk, Chanderi Saree (Grey)",GOGAJI COLLECTION,,,,,,
,,,,,,,"GOGAJI COLLECTION Printed, Temple Border, Woven, Embellished, Solid/Plain Banarasi Art Silk, Cotton Silk Saree (Grey)",GOGAJI COLLECTION,,,,,,
,,,,,,,"GOGAJI COLLECTION Temple Border, Woven Maheshwari Cotton Silk, Chanderi Saree (Orange)",GOGAJI COLLECTION,,,,,,
,,,,,,,"GOGAJI COLLECTION Temple Border, Woven Kanjivaram Cotton Silk, Chanderi Saree (Yellow)",GOGAJI COLLECTION,,,,,,
1187,e5c6376bb36e45c9,Mikhushop1,No,silver,2025-01-16,2025-01-17,Mikhu Shop Organza Floral Print Blouse Material,Mikhu Shop,Possibly a Brand,Mikhu Shop,+919408700455,+919408700455,mikhuvalam40@gmail.com,mikhuvalam40@gmail.com
,,,,,,,Mikhu Shop Organza Embroidered Blouse Material,Mikhu Shop,,,,,,
,,,,,,,Mikhu Shop Silk Blend Embroidered Blouse Material,Mikhu Shop,,,,,,
,,,,,,,Mikhu Shop Organza Embroidered Blouse Material,Mikhu Shop,,,,,,
,,,,,,,Mikhu Shop Organza Floral Print Blouse Material,Mikhu Shop,,,,,,
,,,,,,,Mikhu Shop Organza Embroidered Blouse Material,Mikhu Shop,,,,,,
,,,,,,,Mikhu Shop Organza Embroidered Blouse Material,Mikhu Shop,,,,,,
,,,,,,,Mikhu Shop Organza Embroidered Blouse Material,Mikhu Shop,,,,,,
,,,,,,,Mikhushop Paisley Bollywood Jute Silk Saree (Maroon),Mikhushop,,,,,,
,,,,,,,Mikhu Shop Silk Blend Embroidered Blouse Material,Mikhu Shop,,,,,,
,,,,,,,Mikhu Shop Organza Embroidered Blouse Material,Mikhu Shop,,,,,,
,,,,,,,Mikhu Shop Organza Embroidered Blouse Material,Mikhu Shop,,,,,,
,,,,,,,Mikhu Shop Silk Blend Embroidered Blouse Material,Mikhu Shop,,,,,,
,,,,,,,Mikhu Shop Silk Blend Embroidered Blouse Material,Mikhu Shop,,,,,,
,,,,,,,Mikhu Shop Silk Blend Embroidered Blouse Material,Mikhu Shop,,,,,,
,,,,,,,Mikhu Shop Organza Embroidered Blouse Material,Mikhu Shop,,,,,,
,,,,,,,Mikhu Shop Organza Embellished Blouse Material,Mikhu Shop,,,,,,
,,,,,,,Mikhushop Embroidered Bollywood Art Silk Saree (Maroon),Mikhushop,,,,,,
,,,,,,,Mikhu Shop Organza Floral Print Blouse Material,Mikhu Shop,,,,,,
,,,,,,,Mikhu Shop Organza Embroidered Blouse Material,Mikhu Shop,,,,,,
1188,a20b138785e341ca,BanarasiKalaOfficial,No,silver,2026-06-15,2026-06-17,Banarasi Kala Printed Banarasi Art Silk Saree (Pink),Banarasi Kala,Possibly a Brand,Banarasi Kala,+919555098884,+919555098884,banarasikala2026@gmail.com,banarasikala2026@gmail.com
,,,,,,,"Banarasi Kala Floral Print Banarasi Cotton Silk, Organza Saree (Green)",Banarasi Kala,,,,,,
,,,,,,,Banarasi Kala Floral Print Banarasi Satin Saree (Red),Banarasi Kala,,,,,,
,,,,,,,Banarasi Kala Woven Banarasi Cotton Silk Saree (Pink),Banarasi Kala,,,,,,
,,,,,,,"Banarasi Kala Woven, Floral Print Banarasi Cotton Silk, Organza Saree (Beige)",Banarasi Kala,,,,,,
,,,,,,,"Banarasi Kala Woven, Floral Print Banarasi Cotton Silk, Organza Saree (Pink)",Banarasi Kala,,,,,,
,,,,,,,Banarasi Kala Embroidered Banarasi Cotton Silk Saree (Black),Banarasi Kala,,,,,,
,,,,,,,"Banarasi Kala Woven, Floral Print Banarasi Brocade, Silk Blend Saree (Maroon)",Banarasi Kala,,,,,,
,,,,,,,"Banarasi Kala Woven, Printed Banarasi Cotton Silk Saree (Green)",Banarasi Kala,,,,,,
,,,,,,,"Banarasi Kala Woven, Floral Print Banarasi Cotton Silk, Organza Saree (Multicolor)",Banarasi Kala,,,,,,
,,,,,,,"Banarasi Kala Printed Banarasi Cotton Silk, Organza Saree (Light Green)",Banarasi Kala,,,,,,
,,,,,,,Banarasi Kala Printed Banarasi Cotton Silk Saree (Pink),Banarasi Kala,,,,,,
,,,,,,,"Banarasi Kala Woven Banarasi Brocade, Silk Blend Saree (Red)",Banarasi Kala,,,,,,
,,,,,,,"Banarasi Kala Woven, Floral Print Banarasi Brocade, Silk Blend Saree (Multicolor)",Banarasi Kala,,,,,,
,,,,,,,"Banarasi Kala Woven Banarasi Cotton Silk, Organza Saree (Pink)",Banarasi Kala,,,,,,
,,,,,,,Banarasi Kala Woven Banarasi Cotton Silk Saree (Blue),Banarasi Kala,,,,,,
,,,,,,,"Banarasi Kala Floral Print, Woven, Embellished Banarasi Cotton Silk Saree (Dark Green)",Banarasi Kala,,,,,,
,,,,,,,"Banarasi Kala Woven Banarasi Brocade, Pure Silk Saree (Purple)",Banarasi Kala,,,,,,
,,,,,,,"Banarasi Kala Woven, Floral Print, Self Design, Temple Border Banarasi Cotton Silk Saree (Green)",Banarasi Kala,,,,,,
,,,,,,,"Banarasi Kala Woven, Floral Print, Geometric Print, Paisley, Self Design Banarasi Brocade, Silk Blend Saree (Maroon)",Banarasi Kala,,,,,,
1189,a49a9402538e480d,MAXSTORESS,Yes,gold,2022-05-02,2022-05-04,,,,,,,,
1190,b7d73a26fcd5403e,TULSHILIFESTYLE,No,silver,2026-04-19,2026-04-20,TULSHILIFESTYLE Color Block Daily Wear Georgette Saree (Yellow),TULSHILIFESTYLE,Possibly a Brand,TULSHILIFESTYLE,+917383895457,+917383895457,shyamvarma9950@gmail.com,shyamvarma9950@gmail.com
,,,,,,,TULSHILIFESTYLE Color Block Daily Wear Georgette Saree (Yellow),TULSHILIFESTYLE,,,,,,
,,,,,,,TULSHILIFESTYLE Printed Bandhani Jacquard Saree (Multicolor),TULSHILIFESTYLE,,,,,,
,,,,,,,"TULSHILIFESTYLE Animal Print, Printed, Geometric Print Bandhani Chanderi Saree (White, Black)",TULSHILIFESTYLE,,,,,,
,,,,,,,TULSHILIFESTYLE Printed Bandhani Jacquard Saree (Multicolor),TULSHILIFESTYLE,,,,,,
,,,,,,,TULSHILIFESTYLE Color Block Ikkat Pure Silk Saree (Green),TULSHILIFESTYLE,,,,,,
,,,,,,,"TULSHILIFESTYLE Embellished, Striped Bandhani Chanderi Saree (Multicolor)",TULSHILIFESTYLE,,,,,,
,,,,,,,Tulshi Fahion Temple Border Bollywood Cotton Silk Saree (Multicolor),Tulshi Fahion,,,,,,
,,,,,,,TULSHILIFESTYLE Color Block Ikkat Cotton Silk Saree (Pink),TULSHILIFESTYLE,,,,,,
,,,,,,,TULSHILIFESTYLE Color Block Ikkat Cotton Silk Saree (Pink),TULSHILIFESTYLE,,,,,,
,,,,,,,TULSHILIFESTYLE Embroidered Daily Wear Pure Silk Saree (Maroon),TULSHILIFESTYLE,,,,,,
,,,,,,,TULSHILIFESTYLE Color Block Ikkat Cotton Silk Saree (Pink),TULSHILIFESTYLE,,,,,,
,,,,,,,TULSHILIFESTYLE Color Block Ikkat Pure Silk Saree (Green),TULSHILIFESTYLE,,,,,,
,,,,,,,TULSHILIFESTYLE Color Block Ikkat Art Silk Saree (Green),TULSHILIFESTYLE,,,,,,
,,,,,,,TULSHILIFESTYLE Color Block Ikkat Art Silk Saree (Green),TULSHILIFESTYLE,,,,,,
,,,,,,,TULSHILIFESTYLE Embroidered Daily Wear Pure Silk Saree (Maroon),TULSHILIFESTYLE,,,,,,
,,,,,,,TULSHILIFESTYLE Color Block Ikkat Pure Silk Saree (Green),TULSHILIFESTYLE,,,,,,
,,,,,,,TULSHILIFESTYLE Color Block Ikkat Cotton Silk Saree (Pink),TULSHILIFESTYLE,,,,,,
,,,,,,,TULSHILIFESTYLE Color Block Ikkat Cotton Silk Saree (Pink),TULSHILIFESTYLE,,,,,,
,,,,,,,TULSHILIFESTYLE Embroidered Daily Wear Pure Silk Saree (Maroon),TULSHILIFESTYLE,,,,,,
1191,a5789a72f30f4467,HetalCR,No,gold,2023-07-05,2023-07-06,"KCF Checkered Bollywood Cotton Silk Saree (Red, White)",KCF,Possibly a Brand,KCF,+919408562541,+919408562541,Hetalcreation222@gmail.com,Hetalcreation222@gmail.com
,,,,,,,KCF Floral Print Handloom Pure Cotton Saree (Pink),KCF,,,,,,
,,,,,,,"KCF Checkered Bollywood Cotton Silk Saree (White, Green)",KCF,,,,,,
,,,,,,,KCF Checkered Handloom Cotton Silk Saree (Dark Blue),KCF,,,,,,
,,,,,,,KCF Floral Print Handloom Pure Cotton Saree (Yellow),KCF,,,,,,
,,,,,,,KCF Checkered Handloom Cotton Silk Saree (Red),KCF,,,,,,
,,,,,,,KCF Satin Self Design Blouse Material,KCF,,,,,,
,,,,,,,KCF Floral Print Handloom Pure Cotton Saree (Pink),KCF,,,,,,
,,,,,,,KCF Cotton Silk Blend Embroidered Blouse Material (Unstitched),KCF,,,,,,
,,,,,,,"KCF Woven Bollywood Cotton Silk, Jacquard Saree with Unstitched Blouse (Pink, White, Gold)",KCF,,,,,,
,,,,,,,"KCF Checkered, Embellished, Woven Bollywood Cotton Silk, Jacquard Saree with Unstitched Blouse (Red, White, Gold)",KCF,,,,,,
,,,,,,,"KCF Cotton Silk Embroidered, Embellished Blouse Material",KCF,,,,,,
,,,,,,,KCF Satin Self Design Blouse Material,KCF,,,,,,
,,,,,,,KCF Checkered Kovai Pure Cotton Saree (Pink),KCF,,,,,,
,,,,,,,KCF Checkered Handloom Cotton Silk Saree (Purple),KCF,,,,,,
,,,,,,,"KCF Checkered, Embellished, Self Design, Striped, Woven Mysore Cotton Silk, Jacquard Saree (Dark Green, Red, Gold)",KCF,,,,,,
,,,,,,,"KCF Cotton Silk Embroidered, Embellished Blouse Material",KCF,,,,,,
,,,,,,,KCF Floral Print Handloom Pure Cotton Saree (Pink),KCF,,,,,,
,,,,,,,"KCF Woven, Checkered, Self Design Banarasi Cotton Silk, Jacquard Saree (Light Blue, Pink, Gold)",KCF,,,,,,
,,,,,,,KCF Satin Embroidered Blouse Material,KCF,,,,,,
1192,e5cf13020949453f,PUNYABHOOMIENTERPRISE,No,silver,2026-06-03,2026-06-05,"Laxmilela Printed Bollywood Cotton Linen, Cotton Silk Saree (Multicolor)",Laxmilela,Possibly a Brand,Laxmilela,+918460885474,+918460885474,punyabhoomienterprise@gmail.com,punyabhoomienterprise@gmail.com
,,,,,,,"Laxmilela Printed Bollywood Cotton Linen, Cotton Silk Saree (Multicolor)",Laxmilela,,,,,,
,,,,,,,"Laxmilela Printed Bollywood Cotton Linen, Cotton Silk Saree (Light Green)",Laxmilela,,,,,,
,,,,,,,"Laxmilela Printed Bollywood Cotton Linen, Cotton Silk Saree (Light Green)",Laxmilela,,,,,,
,,,,,,,Laxmilela Digital Print Bollywood Cotton Linen Saree (Mustard),Laxmilela,,,,,,
,,,,,,,"Laxmilela Printed Bollywood Cotton Linen, Cotton Silk Saree (Purple)",Laxmilela,,,,,,
,,,,,,,Laxmilela Digital Print Bollywood Cotton Linen Saree (Grey),Laxmilela,,,,,,
,,,,,,,"Laxmilela Printed Bollywood Cotton Linen, Cotton Silk Saree (Pink)",Laxmilela,,,,,,
,,,,,,,"Laxmilela Printed Bollywood Cotton Linen, Cotton Silk Saree (Light Blue)",Laxmilela,,,,,,
,,,,,,,"Laxmilela Printed Bollywood Cotton Linen, Cotton Silk Saree (Blue)",Laxmilela,,,,,,
,,,,,,,"Laxmilela Floral Print Bollywood Cotton Linen, Cotton Silk Saree (Multicolor)",Laxmilela,,,,,,
,,,,,,,"Laxmilela Printed Bollywood Cotton Linen, Cotton Silk Saree (Green)",Laxmilela,,,,,,
,,,,,,,"Laxmilela Printed Bollywood Cotton Linen, Cotton Silk Saree (Mustard)",Laxmilela,,,,,,
,,,,,,,Laxmilela Printed Bollywood Cotton Linen Saree (Purple),Laxmilela,,,,,,
,,,,,,,Laxmilela Digital Print Bollywood Cotton Linen Saree (Multicolor),Laxmilela,,,,,,
,,,,,,,Laxmilela Digital Print Bollywood Cotton Linen Saree (Purple),Laxmilela,,,,,,
,,,,,,,"Laxmilela Printed Bollywood Cotton Linen, Cotton Silk Saree (Multicolor)",Laxmilela,,,,,,
,,,,,,,"Laxmilela Printed Bollywood Cotton Linen, Cotton Silk Saree (Mustard)",Laxmilela,,,,,,
,,,,,,,Laxmilela Printed Bollywood Cotton Linen Saree (Multicolor),Laxmilela,,,,,,
,,,,,,,"Laxmilela Printed Bollywood Cotton Linen, Cotton Silk Saree (Blue)",Laxmilela,,,,,,
1193,4e05c177b1e94080,INDRANICREATIONS,No,bronze,2024-12-03,2024-12-06,"Aarunika IC Woven Bollywood Organza Saree (White, Red)",Aarunika IC,Possibly a Brand,Aarunika IC,+918866079114,+918866079114,indranicreation007@gmail.com,indranicreation007@gmail.com
,,,,,,,"Aarunika IC Striped Bollywood Organza Saree (White, Red)",Aarunika IC,,,,,,
,,,,,,,"Aarunika IC Woven Bollywood Organza Saree (White, Red)",Aarunika IC,,,,,,
,,,,,,,Aarunika IC Solid/Plain Bollywood Organza Saree (Yellow),Aarunika IC,,,,,,
,,,,,,,Aarunika IC Printed Bollywood Organza Saree (Red),Aarunika IC,,,,,,
,,,,,,,Aarunika IC Printed Bollywood Organza Saree (White),Aarunika IC,,,,,,
,,,,,,,Aarunika IC Woven Bollywood Organza Saree (Yellow),Aarunika IC,,,,,,
,,,,,,,"Aarunika IC Color Block, Floral Print, Woven Bollywood Organza Saree (Purple)",Aarunika IC,,,,,,
,,,,,,,Aarunika IC Color Block Bollywood Organza Saree (White),Aarunika IC,,,,,,
,,,,,,,Aarunika IC Printed Bollywood Organza Saree (Pink),Aarunika IC,,,,,,
,,,,,,,"Aarunika IC Striped, Woven, Temple Border, Solid/Plain Bollywood Organza Saree (White)",Aarunika IC,,,,,,
,,,,,,,Aarunika IC Printed Bollywood Organza Saree (Purple),Aarunika IC,,,,,,
,,,,,,,"Aarunika IC Striped Bollywood Organza Saree (White, Red)",Aarunika IC,,,,,,
,,,,,,,"Aarunika IC Tie-Dye, Printed, Woven Bollywood Organza Saree (Pink, White)",Aarunika IC,,,,,,
,,,,,,,Aarunika IC Printed Bollywood Organza Saree (Red),Aarunika IC,,,,,,
,,,,,,,Aarunika IC Printed Bollywood Organza Saree (Mustard),Aarunika IC,,,,,,
,,,,,,,"Aarunika IC Printed Bollywood Organza Saree (White, Red)",Aarunika IC,,,,,,
,,,,,,,Aarunika IC Solid/Plain Bandhani Organza Saree (Cream),Aarunika IC,,,,,,
,,,,,,,Aarunika IC Printed Bollywood Organza Saree (Multicolor),Aarunika IC,,,,,,
,,,,,,,Aarunika IC Woven Bollywood Organza Saree (White),Aarunika IC,,,,,,
1194,3eb4e296e59a4bbf,RIHUDI,No,silver,2026-05-13,2026-05-14,RIHUDI Self Design Mekhela Chador Pure Silk Saree (White),RIHUDI,Possibly a Brand,RIHUDI,+919081810031,+919081810031,ankitvaghasiya8545@gmail.com,ankitvaghasiya8545@gmail.com
,,,,,,,RIHUDI Self Design Banarasi Pure Silk Saree (Purple),RIHUDI,,,,,,
,,,,,,,RIHUDI Self Design Mekhela Chador Pure Silk Saree (Blue),RIHUDI,,,,,,
,,,,,,,RIHUDI Self Design Mekhela Chador Pure Silk Saree (Maroon),RIHUDI,,,,,,
,,,,,,,RIHUDI Self Design Mekhela Chador Pure Silk Saree (White),RIHUDI,,,,,,
,,,,,,,RIHUDI Self Design Mekhela Chador Pure Silk Saree (Black),RIHUDI,,,,,,
,,,,,,,RIHUDI Self Design Mekhela Chador Pure Silk Saree (White),RIHUDI,,,,,,
,,,,,,,RIHUDI Self Design Mekhela Chador Pure Silk Saree (Maroon),RIHUDI,,,,,,
,,,,,,,RIHUDI Printed Mekhela Chador Pure Silk Saree (White),RIHUDI,,,,,,
,,,,,,,RIHUDI Woven Mekhela Chador Pure Silk Saree (Maroon),RIHUDI,,,,,,
,,,,,,,RIHUDI Printed Mekhela Chador Pure Silk Saree (Multicolor),RIHUDI,,,,,,
,,,,,,,RIHUDI Self Design Mekhela Chador Pure Silk Saree (White),RIHUDI,,,,,,
,,,,,,,RIHUDI Woven Banarasi Pure Silk Saree (Purple),RIHUDI,,,,,,
,,,,,,,RIHUDI Self Design Mekhela Chador Pure Silk Saree (Blue),RIHUDI,,,,,,
,,,,,,,RIHUDI Self Design Mekhela Chador Pure Silk Saree (Maroon),RIHUDI,,,,,,
,,,,,,,RIHUDI Printed Mekhela Chador Pure Silk Saree (Blue),RIHUDI,,,,,,
,,,,,,,RIHUDI Woven Mekhela Chador Pure Silk Saree (Multicolor),RIHUDI,,,,,,
,,,,,,,RIHUDI Printed Mekhela Chador Pure Silk Saree (Multicolor),RIHUDI,,,,,,
,,,,,,,RIHUDI Self Design Mekhela Chador Cotton Silk Saree (Pink),RIHUDI,,,,,,
,,,,,,,RIHUDI Self Design Mekhela Chador Cotton Silk Saree (Pink),RIHUDI,,,,,,
1195,4f13fef8b1cd4a9b,VARNIVA,No,silver,2026-05-22,2026-05-27,VARNIVA Embroidered Bollywood Tissue Saree (Purple),VARNIVA,Possibly a Brand,VARNIVA,+919904747674,+919904747674,online.vastrevibes@gmail.com,online.vastrevibes@gmail.com
,,,,,,,VARNIVA Embroidered Bollywood Net Saree (Green),VARNIVA,,,,,,
,,,,,,,"JEGIASZONE Embellished, Embroidered Bollywood Satin, Silk Blend Saree (Pink, Orange, Multicolor)",JEGIASZONE,,,,,,
,,,,,,,VARNIVA Embellished Bollywood Georgette Saree (Black),VARNIVA,,,,,,
,,,,,,,"MANUBA enterprise Embroidered, Embellished, Solid/Plain, Floral Print Bollywood Silk Blend Saree (Pink)",MANUBA enterprise,,,,,,
,,,,,,,VARNIVA Embroidered Bollywood Georgette Saree (Black),VARNIVA,,,,,,
,,,,,,,VARNIVA Embroidered Bollywood Satin Saree (Black),VARNIVA,,,,,,
,,,,,,,VARNIVA Embroidered Bollywood Satin Saree (Dark Green),VARNIVA,,,,,,
,,,,,,,VARNIVA Embroidered Bollywood Art Silk Saree (Light Green),VARNIVA,,,,,,
,,,,,,,VARNIVA Embroidered Bollywood Art Silk Saree (Purple),VARNIVA,,,,,,
,,,,,,,RUHU CREATION Embellished Bollywood Georgette Saree (Yellow),RUHU CREATION,,,,,,
,,,,,,,"Nalanda fabrizio Embroidered, Dyed Bollywood Satin Saree (Purple)",Nalanda fabrizio,,,,,,
,,,,,,,Vraggi Embellished Bollywood Silk Blend Saree (Pink),Vraggi,,,,,,
,,,,,,,"Thewearandcare Ombre, Solid/Plain Daily Wear Georgette Saree (Multicolor)",Thewearandcare,,,,,,
,,,,,,,VARNIVA Embroidered Bollywood Net Saree (Pink),VARNIVA,,,,,,
,,,,,,,"VARNIVA Embroidered, Embellished, Woven Daily Wear Tissue Saree (Light Blue)",VARNIVA,,,,,,
,,,,,,,"VARNIVA Embroidered, Embellished, Self Design Bollywood Satin Saree (Light Blue)",VARNIVA,,,,,,
,,,,,,,"JEGIASZONE Embellished, Embroidered Bollywood Satin, Silk Blend Saree (Green, Pink)",JEGIASZONE,,,,,,
,,,,,,,VARNIVA Embroidered Bollywood Satin Saree (Purple),VARNIVA,,,,,,
,,,,,,,VARNIVA Embroidered Bollywood Silk Blend Saree (Purple),VARNIVA,,,,,,
1196,69712fd1f8824001,RIVANSHIINTERNATIONAL,Yes,gold,2026-01-16,2026-01-17,,,,,,,,
1197,eb04b39ff28b46f6,JORJVDESIGN,No,silver,2026-05-08,2026-05-09,JORJDESIGN Embroidered Bollywood Chiffon Saree (Pink),JORJDESIGN,Possibly a Brand,JORJDESIGN,+916355269059,+916355269059,RJDESIGNSTUDIO8251@Gmail.com,RJDESIGNSTUDIO8251@Gmail.com
,,,,,,,JORJVDESIGN Embellished Bollywood Chiffon Saree (Pink),JORJVDESIGN,,,,,,
,,,,,,,JORJDESIGN Embellished Bollywood Chiffon Saree (Gold),JORJDESIGN,,,,,,
,,,,,,,JORJDESIGN Self Design Bollywood Chiffon Saree (Multicolor),JORJDESIGN,,,,,,
,,,,,,,"JORJDESIGN Embellished, Striped Bollywood Chiffon Saree (Purple)",JORJDESIGN,,,,,,
,,,,,,,JORJVDESIGN Embellished Bollywood Chiffon Saree (Yellow),JORJVDESIGN,,,,,,
,,,,,,,JORJDESIGN Embroidered Bollywood Chiffon Saree (Blue),JORJDESIGN,,,,,,
,,,,,,,JORJVDESIGN Embroidered Bollywood Chiffon Saree (Multicolor),JORJVDESIGN,,,,,,
,,,,,,,JORJDESIGN Embellished Bollywood Chiffon Saree (Pink),JORJDESIGN,,,,,,
,,,,,,,JORJDESIGN Embellished Bollywood Chiffon Saree (Pink),JORJDESIGN,,,,,,
,,,,,,,JORJDESIGN Embellished Bollywood Chiffon Saree (Multicolor),JORJDESIGN,,,,,,
,,,,,,,JORJDESIGN Embellished Bollywood Chiffon Saree (Pink),JORJDESIGN,,,,,,
,,,,,,,JORJDESIGN Embellished Bollywood Chiffon Saree (Pink),JORJDESIGN,,,,,,
,,,,,,,JORJDESIGN Embroidered Bollywood Chiffon Saree (Pink),JORJDESIGN,,,,,,
,,,,,,,JORJVDESIGN Self Design Bollywood Chiffon Saree (Pink),JORJVDESIGN,,,,,,
,,,,,,,"JORJDESIGN Embellished, Striped Bollywood Chiffon Saree (Green)",JORJDESIGN,,,,,,
,,,,,,,JORJDESIGN Embellished Bollywood Chiffon Saree (Purple),JORJDESIGN,,,,,,
,,,,,,,JORJVDESIGN Embellished Bollywood Chiffon Saree (Blue),JORJVDESIGN,,,,,,
,,,,,,,JORJDESIGN Embellished Bollywood Chiffon Saree (Multicolor),JORJDESIGN,,,,,,
,,,,,,,JORJDESIGN Embellished Bollywood Chiffon Saree (Yellow),JORJDESIGN,,,,,,
1198,4a04b4a154824cdd,ZESTOFASHION,No,silver,2025-02-01,2025-02-07,"ZESTO FASHION Woven Banarasi Pure Silk, Art Silk Saree (Pink)",ZESTO FASHION,Possibly a Brand,ZESTO FASHION,+917069294937,+917069294937,kkcreationk8@gmail.com,kkcreationk8@gmail.com
,,,,,,,"ZESTO FASHION Woven Banarasi Pure Silk, Art Silk Saree (Maroon, Gold)",ZESTO FASHION,,,,,,
,,,,,,,"ZESTO FASHION Woven Banarasi Pure Silk, Art Silk Saree (Yellow)",ZESTO FASHION,,,,,,
,,,,,,,"ZESTO FASHION Woven Banarasi Pure Silk, Art Silk Saree (Black)",ZESTO FASHION,,,,,,
,,,,,,,"ZESTO FASHION Woven Banarasi Pure Silk, Art Silk Saree (Blue, Light Blue)",ZESTO FASHION,,,,,,
,,,,,,,"ZESTO FASHION Woven Banarasi Pure Silk, Art Silk Saree (Green)",ZESTO FASHION,,,,,,
,,,,,,,"ZESTO FASHION Woven Banarasi Pure Silk, Art Silk Saree (Pack of 2, Red)",ZESTO FASHION,,,,,,
,,,,,,,"ZESTO FASHION Woven Banarasi Pure Silk, Art Silk Saree (Cream)",ZESTO FASHION,,,,,,
,,,,,,,"ZESTO FASHION Woven Banarasi Pure Silk, Art Silk Saree (Pink)",ZESTO FASHION,,,,,,
,,,,,,,"ZESTO FASHION Woven Banarasi Pure Silk, Art Silk Saree (Blue)",ZESTO FASHION,,,,,,
,,,,,,,"ZESTO FASHION Woven Banarasi Pure Silk, Art Silk Saree (Maroon)",ZESTO FASHION,,,,,,
,,,,,,,"ZESTO FASHION Woven Banarasi Pure Silk, Art Silk Saree (Purple)",ZESTO FASHION,,,,,,
,,,,,,,"ZESTO FASHION Woven Banarasi Pure Silk, Art Silk Saree (White)",ZESTO FASHION,,,,,,
,,,,,,,"ZESTO FASHION Woven Banarasi Pure Silk, Art Silk Saree (Green)",ZESTO FASHION,,,,,,
,,,,,,,"ZESTO FASHION Woven Banarasi Pure Silk, Art Silk Saree (Pink)",ZESTO FASHION,,,,,,
,,,,,,,"ZESTO FASHION Woven Banarasi Pure Silk, Art Silk Saree (Green)",ZESTO FASHION,,,,,,
,,,,,,,"ZESTO FASHION Woven Banarasi Pure Silk, Art Silk Saree (Blue)",ZESTO FASHION,,,,,,
,,,,,,,"ZESTO FASHION Woven Banarasi Pure Silk, Art Silk Saree (White)",ZESTO FASHION,,,,,,
,,,,,,,"ZESTO FASHION Woven Banarasi Pure Silk, Art Silk Saree (Blue)",ZESTO FASHION,,,,,,
,,,,,,,"ZESTO FASHION Woven Banarasi Pure Silk, Art Silk Saree (Blue)",ZESTO FASHION,,,,,,
1199,fb5e154ccbd74a9f,dharmitrade,No,silver,2022-03-15,2022-03-19,"DHARMITRADE Embroidered, Floral Print Daily Wear Jimmy Jimmy Saree (Light Green)",DHARMITRADE,Possibly a Brand,DHARMITRADE,+919727152855,+919727152855,dharmi.fashion24@gmail.com,dharmi.fashion24@gmail.com
,,,,,,,"DHARMITRADE Solid/Plain, Printed, Digital Print Bollywood Georgette Saree (Maroon)",DHARMITRADE,,,,,,
,,,,,,,"DHARMITRADE Self Design, Embroidered, Floral Print Bollywood Satin Saree (Green)",DHARMITRADE,,,,,,
,,,,,,,DHARMITRADE Embellished Bollywood Tissue Saree (Green),DHARMITRADE,,,,,,
,,,,,,,"DHARMITRADE Embellished, Embroidered Bollywood Chiffon Saree (Blue)",DHARMITRADE,,,,,,
,,,,,,,DHARMITRADE Embroidered Bollywood Georgette Saree (Black),DHARMITRADE,,,,,,
,,,,,,,DHARMITRADE Embroidered Bollywood Chiffon Saree (Purple),DHARMITRADE,,,,,,
,,,,,,,DHARMITRADE Embroidered Bollywood Satin Saree (Blue),DHARMITRADE,,,,,,
,,,,,,,"DHARMITRADE Embroidered, Self Design, Embellished Bollywood Georgette Saree (Yellow)",DHARMITRADE,,,,,,
,,,,,,,"DHARMITRADE Solid/Plain, Embroidered Bollywood Georgette Saree (Yellow)",DHARMITRADE,,,,,,
,,,,,,,"DHARMITRADE Digital Print, Floral Print, Printed, Solid/Plain Bollywood Georgette Saree (Multicolor)",DHARMITRADE,,,,,,
,,,,,,,"DHARMITRAD Embellished, Embroidered Bollywood Georgette Saree (Blue)",DHARMITRAD,,,,,,
,,,,,,,"DHARMITRADE Solid/Plain, Printed, Digital Print Bollywood Georgette Saree (Multicolor)",DHARMITRADE,,,,,,
,,,,,,,"DHARMITRADE Solid/Plain, Embroidered Bollywood Satin Saree (Blue)",DHARMITRADE,,,,,,
,,,,,,,"DHARMITRADE Embroidered, Embellished Bollywood Satin Saree (Pink)",DHARMITRADE,,,,,,
,,,,,,,"DHARMITRADE Embroidered, Embellished Bollywood Satin Saree (Green)",DHARMITRADE,,,,,,
,,,,,,,DHARMITRAD Embroidered Bollywood Georgette Saree (Purple),DHARMITRAD,,,,,,
,,,,,,,DHARMITRADE Embroidered Bollywood Chiffon Saree (Cream),DHARMITRADE,,,,,,
,,,,,,,"DHARMITRADE Embellished, Embroidered Bollywood Satin Saree (Grey)",DHARMITRADE,,,,,,
,,,,,,,"DHARMITRADE Embellished, Embroidered Bollywood Satin Saree (Blue)",DHARMITRADE,,,,,,
1200,2e3e4cf3d9a04529,Luxveraenterprise,No,silver,2026-01-06,2026-02-06,"luxvera Woven Banarasi Jacquard, Pure Silk Saree (Purple)",luxvera,Possibly a Brand,luxvera,+919727844345,+919727844345,luxveraenterprise@gmail.com,luxveraenterprise@gmail.com
,,,,,,,"luxvera Woven Banarasi Jacquard, Pure Silk Saree (Yellow)",luxvera,,,,,,
,,,,,,,"luxvera Woven, Floral Print, Self Design Banarasi Pure Silk, Silk Blend Saree (Pink)",luxvera,,,,,,
,,,,,,,"luxvera Woven, Floral Print, Self Design Banarasi Pure Silk, Silk Blend Saree (Purple)",luxvera,,,,,,
,,,,,,,"luxvera Woven, Floral Print, Self Design Banarasi Pure Silk, Silk Blend Saree (Yellow)",luxvera,,,,,,
,,,,,,,"luxvera Woven, Floral Print, Self Design Banarasi Pure Silk, Silk Blend Saree (Light Blue)",luxvera,,,,,,
,,,,,,,"luxvera Woven, Floral Print, Self Design Banarasi Pure Silk, Silk Blend Saree (Blue)",luxvera,,,,,,
,,,,,,,"luxvera Woven, Floral Print, Self Design Banarasi Pure Silk, Silk Blend Saree (Blue)",luxvera,,,,,,
,,,,,,,"luxvera Woven, Floral Print, Self Design Banarasi Pure Silk, Jacquard Saree (Light Blue)",luxvera,,,,,,
,,,,,,,"luxvera Woven Banarasi Jacquard, Pure Silk Saree (Blue)",luxvera,,,,,,
,,,,,,,"luxvera Woven, Floral Print, Self Design Banarasi Pure Silk, Silk Blend Saree (Light Green)",luxvera,,,,,,
,,,,,,,"luxvera Woven, Floral Print, Self Design Banarasi Pure Silk, Silk Blend Saree (Multicolor)",luxvera,,,,,,
,,,,,,,"luxvera Woven, Floral Print, Self Design Banarasi Pure Silk, Silk Blend Saree (Blue)",luxvera,,,,,,
,,,,,,,"luxvera Woven, Floral Print, Self Design Banarasi Pure Silk, Silk Blend Saree (Magenta)",luxvera,,,,,,
,,,,,,,"luxvera Woven, Floral Print, Self Design Banarasi Pure Silk, Silk Blend Saree (Multicolor)",luxvera,,,,,,
,,,,,,,"luxvera Woven, Floral Print, Self Design Banarasi Pure Silk, Silk Blend Saree (Yellow)",luxvera,,,,,,
,,,,,,,"luxvera Woven Banarasi Pure Silk, Silk Blend Saree (Brown)",luxvera,,,,,,
,,,,,,,"luxvera Woven, Floral Print, Self Design Banarasi Pure Silk, Silk Blend Saree (Light Blue)",luxvera,,,,,,
,,,,,,,"luxvera Woven, Floral Print, Self Design Banarasi Pure Silk, Silk Blend Saree (Green)",luxvera,,,,,,
,,,,,,,"luxvera Woven, Floral Print, Self Design Banarasi Pure Silk, Silk Blend Saree (Yellow)",luxvera,,,,,,
1201,c057b192edc44e89,ANKITA647,No,silver,2026-06-16,2026-06-22,KARIZMA TRENDS Floral Print Bollywood Cotton Linen Saree (Pink),KARIZMA TRENDS,Possibly a Seller,,+916371571647,+916371571647,ankitapanda2244@gmail.com,ankitapanda2244@gmail.com
,,,,,,,KARIZMA TRENDZ Floral Print Bollywood Georgette Saree (Black),KARIZMA TRENDZ,,,,,,
,,,,,,,KARIZMA TRENDS Floral Print Bollywood Cotton Linen Saree (Grey),KARIZMA TRENDS,,,,,,
,,,,,,,KARIZMA TRENDZ Floral Print Bollywood Georgette Saree (Dark Blue),KARIZMA TRENDZ,,,,,,
,,,,,,,KARIZMA TRENDS Self Design Bollywood Georgette Saree (Multicolor),KARIZMA TRENDS,,,,,,
,,,,,,,KARIZMA TRNDEZ Floral Print Bollywood Georgette Saree (Green),KARIZMA TRNDEZ,,,,,,
,,,,,,,KARIZMA TRENDS Floral Print Bollywood Cotton Linen Saree (Black),KARIZMA TRENDS,,,,,,
,,,,,,,KARIZMA TRENDS Printed Bollywood Georgette Saree (Multicolor),KARIZMA TRENDS,,,,,,
,,,,,,,KARIZMA TRENDZ Floral Print Bollywood Georgette Saree (Yellow),KARIZMA TRENDZ,,,,,,
,,,,,,,KARIZMA TRENDZ Floral Print Bollywood Georgette Saree (Dark Blue),KARIZMA TRENDZ,,,,,,
,,,,,,,KARIZMA TRENDZ Embellished Bollywood Cotton Silk Saree (Black),KARIZMA TRENDZ,,,,,,
,,,,,,,KARIZMA TRENDS Floral Print Bollywood Georgette Saree (Brown),KARIZMA TRENDS,,,,,,
,,,,,,,KARIZMA TRENDZ Printed Bandhani Georgette Saree (Orange),KARIZMA TRENDZ,,,,,,
,,,,,,,KARIZMA TRENDZ Floral Print Bollywood Georgette Saree (Pink),KARIZMA TRENDZ,,,,,,
,,,,,,,KARIZMA TRNDEZ Floral Print Bollywood Georgette Saree (Maroon),KARIZMA TRNDEZ,,,,,,
,,,,,,,KARIZMA TRENDZ Self Design Bollywood Cotton Silk Saree (Blue),KARIZMA TRENDZ,,,,,,
,,,,,,,KARIZMA TRENDS Floral Print Bollywood Georgette Saree (Maroon),KARIZMA TRENDS,,,,,,
,,,,,,,KARIZMA TRENDS Floral Print Bollywood Cotton Linen Saree (Purple),KARIZMA TRENDS,,,,,,
,,,,,,,KARIZMA TRENDZ Floral Print Bollywood Georgette Saree (Red),KARIZMA TRENDZ,,,,,,
,,,,,,,KARIZMA TRNDEZ Floral Print Bollywood Georgette Saree (Multicolor),KARIZMA TRNDEZ,,,,,,
1202,1bfd7cf195ad4afb,BALKRUSHNASAREE,No,silver,2025-06-05,2025-06-07,BAL KRISHNA SAREE Floral Print Banarasi Art Silk Saree (Pink),BAL KRISHNA SAREE,Possibly a Brand,BAL KRISHNA SAREE,+919537959289,+919537959289,Ayushpatel5256@gmail.com,Ayushpatel5256@gmail.com
,,,,,,,BAL KRISHNA SAREE Woven Banarasi Art Silk Saree (Gold),BAL KRISHNA SAREE,,,,,,
,,,,,,,BAL KRISHNA SAREE Woven Banarasi Art Silk Saree (Cream),BAL KRISHNA SAREE,,,,,,
,,,,,,,BAL KRISHNA SAREE Woven Banarasi Art Silk Saree (Purple),BAL KRISHNA SAREE,,,,,,
,,,,,,,bal krishna Art Silk Woven Men Dupatta,bal krishna,,,,,,
,,,,,,,BAL KRISHNA SAREE Woven Banarasi Art Silk Saree (Multicolor),BAL KRISHNA SAREE,,,,,,
,,,,,,,bal krishna Art Silk Woven Men Dupatta,bal krishna,,,,,,
,,,,,,,"BAL KRISHNA SAREE Woven, Floral Print Banarasi Jacquard Saree (Green, Purple)",BAL KRISHNA SAREE,,,,,,
,,,,,,,BAL KRISHNA SAREE Woven Banarasi Art Silk Saree (Brown),BAL KRISHNA SAREE,,,,,,
,,,,,,,BAL KRISHNA SAREE Woven Banarasi Art Silk Saree (Blue),BAL KRISHNA SAREE,,,,,,
,,,,,,,BAL KRISHNA SAREE Woven Banarasi Art Silk Saree (Multicolor),BAL KRISHNA SAREE,,,,,,
,,,,,,,BAL KRISHNA SAREE Woven Banarasi Art Silk Saree (Purple),BAL KRISHNA SAREE,,,,,,
,,,,,,,BAL KRISHNA SAEE Art Silk Woven Women Dupatta,BAL KRISHNA SAEE,,,,,,
,,,,,,,"BAL KRISHNA SAREE Floral Print, Printed Banarasi Linen Saree (Red)",BAL KRISHNA SAREE,,,,,,
,,,,,,,BAL KRISHNA SAREE Self Design Banarasi Art Silk Saree (Pink),BAL KRISHNA SAREE,,,,,,
,,,,,,,"BAL KRISHNA SAREE Paisley, Woven Banarasi Art Silk Saree (Blue)",BAL KRISHNA SAREE,,,,,,
,,,,,,,"BAL KRISHNA SAREE Paisley, Woven Banarasi Art Silk Saree (Purple)",BAL KRISHNA SAREE,,,,,,
,,,,,,,"bal karishna saree Woven, Temple Border Banarasi Art Silk Saree (Purple)",bal karishna saree,,,,,,
,,,,,,,BAL KRISHNA SAEE Art Silk Woven Women Dupatta,BAL KRISHNA SAEE,,,,,,
,,,,,,,BAL KRISHNA SAEE Art Silk Woven Women Dupatta,BAL KRISHNA SAEE,,,,,,
1203,33c2eaa808f6457a,PandadiSaree,Yes,silver,2019-11-13,2019-11-22,,,,,,,,
1204,5aeee8c72eff4326,BIJLEEFASHION,Yes,gold,2024-11-11,2024-11-12,,,,,,,,
1205,384736e1f1cf4e53,SVRCORPORATION,No,bronze,2022-06-17,2022-06-21,Rarebeauty Solid/Plain Bollywood Jacquard Saree (Black),Rarebeauty,Possibly a Seller,,+919979511160,+919979511160,florenceclothing001@gmail.com,florenceclothing001@gmail.com
,,,,,,,TIGERSNAKE Printed Banarasi Art Silk Saree with Unstitched Blouse (Black),TIGERSNAKE,,,,,,
,,,,,,,"lizyaa enterprise Embroidered, Embellished Bollywood Lycra Blend Saree (Blue)",lizyaa enterprise,,,,,,
,,,,,,,FLERRIES FASHION Self Design Bollywood Net Saree with Unstitched Blouse (Maroon),FLERRIES FASHION,,,,,,
,,,,,,,JMDF Printed Bollywood Chiffon Saree (Yellow),JMDF,,,,,,
,,,,,,,Sonika Fashions Printed Kalamkari Cotton Silk Saree (Dark Blue),Sonika Fashions,,,,,,
,,,,,,,Rarebeauty Embroidered Banarasi Art Silk Saree with Unstitched Blouse (Blue),Rarebeauty,,,,,,
,,,,,,,Suntex Woven Bollywood Pure Silk Saree (Maroon),Suntex,,,,,,
,,,,,,,ABHI D DESIGNE Embroidered Fashion Net Saree with Unstitched Blouse (Black),ABHI D DESIGNE,,,,,,
,,,,,,,"Fabwomen Self Design Mysore Art Silk Saree with Unstitched Blouse (Red, Green)",Fabwomen,,,,,,
,,,,,,,"Suali Printed, Floral Print Bollywood Georgette Saree (Pink)",Suali,,,,,,
,,,,,,,"Suntex Woven, Floral Print, Paisley Bollywood Pure Silk Saree (Maroon)",Suntex,,,,,,
,,,,,,,FLORINEST FASHION Self Design Bollywood Net Saree with Unstitched Blouse (Magenta),FLORINEST FASHION,,,,,,
,,,,,,,Ridham Printed Kalamkari Silk Blend Saree (Red),Ridham,,,,,,
,,,,,,,SAKHA DESIGNER Printed Bollywood Art Silk Saree (Red),SAKHA DESIGNER,,,,,,
,,,,,,,"Suntex Woven, Self Design Bollywood Pure Silk Saree (Green)",Suntex,,,,,,
,,,,,,,Sonika Fashions Printed Kalamkari Cotton Silk Saree (Pink),Sonika Fashions,,,,,,
,,,,,,,ABHI D DESIGNE Embroidered Fashion Net Saree with Unstitched Blouse (Maroon),ABHI D DESIGNE,,,,,,
,,,,,,,ShopGlobal Self Design Bollywood Net Saree with Unstitched Blouse (Black),ShopGlobal,,,,,,
,,,,,,,"JMDF Printed, Graphic Print Bollywood Georgette Saree (Red)",JMDF,,,,,,
1206,8jnezdwn2qzvi7oc,Saara,Yes,silver,2014-07-23,2014-08-04,,,,,,,,
1207,8b53987409c447ae,KALATHIYAEXPORTS,No,silver,2026-05-21,2026-06-29,kalathiya exports Woven Banarasi Pure Silk Saree (Purple),kalathiya exports,Possibly a Brand,kalathiya exports,+919081903510,+919081903510,kalathiyaexports@gmail.com,kalathiyaexports@gmail.com
,,,,,,,kalathiya exports Women Printed Multicolor Night Suit Set,kalathiya exports,,,,,,
,,,,,,,kalathiya exports Women Printed Green Night Suit Set,kalathiya exports,,,,,,
,,,,,,,kalathiya exports Geometric Print Banarasi Silk Blend Saree (Pink),kalathiya exports,,,,,,
,,,,,,,kalathiya exports Self Design Banarasi Silk Blend Saree (Pink),kalathiya exports,,,,,,
,,,,,,,kalathiya exports Geometric Print Banarasi Art Silk Saree (Purple),kalathiya exports,,,,,,
,,,,,,,kalathiya exports Printed Banarasi Pure Silk Saree (Blue),kalathiya exports,,,,,,
,,,,,,,kalathiya exports Self Design Banarasi Silk Blend Saree (Pink),kalathiya exports,,,,,,
,,,,,,,kalathiya exports Self Design Banarasi Silk Blend Saree (Blue),kalathiya exports,,,,,,
,,,,,,,kalathiya exports Geometric Print Banarasi Silk Blend Saree (Green),kalathiya exports,,,,,,
,,,,,,,kalathiya exports Geometric Print Banarasi Silk Blend Saree (Pink),kalathiya exports,,,,,,
,,,,,,,kalathiya exports Women Printed Purple Night Suit Set,kalathiya exports,,,,,,
,,,,,,,kalathiya exports Women Printed Pink Night Suit Set,kalathiya exports,,,,,,
,,,,,,,kalathiya exports Geometric Print Banarasi Silk Blend Saree (Multicolor),kalathiya exports,,,,,,
,,,,,,,kalathiya exports Geometric Print Banarasi Silk Blend Saree (Blue),kalathiya exports,,,,,,
,,,,,,,kalathiya exports Geometric Print Banarasi Silk Blend Saree (Green),kalathiya exports,,,,,,
,,,,,,,kalathiya exports Women Printed Orange Night Suit Set,kalathiya exports,,,,,,
,,,,,,,kalathiya exports Women Solid Multicolor Night Suit Set,kalathiya exports,,,,,,
,,,,,,,kalathiya exports Geometric Print Banarasi Silk Blend Saree (Green),kalathiya exports,,,,,,
,,,,,,,kalathiya exports Printed Banarasi Pure Silk Saree (Purple),kalathiya exports,,,,,,
1208,89f2a760f0bf4de9,PramukhSuppliers,No,bronze,2015-06-13,2015-08-10,"Cozee Shopping Self Design, Striped, Embellished, Applique Bollywood Lycra Blend, Lace Saree (Pink)",Cozee Shopping,Possibly a Brand,Cozee Shopping,+919173256249,+919173256249,pramukh0908@gmail.com,pramukh0908@gmail.com
,,,,,,,"Cozee Shopping Self Design, Paisley, Embroidered, Woven, Embellished, Applique, Solid/Plain Bollywood Velvet, Art Silk Saree (Silver, Green)",Cozee Shopping,,,,,,
,,,,,,,"Cozee Shopping Floral Print, Self Design, Woven Daily Wear Satin Saree (Blue)",Cozee Shopping,,,,,,
,,,,,,,"Cozee Shopping Floral Print, Self Design, Woven Daily Wear Satin Saree (Blue)",Cozee Shopping,,,,,,
,,,,,,,"Cozee Shopping Floral Print, Self Design, Woven Daily Wear Satin Saree (Blue)",Cozee Shopping,,,,,,
,,,,,,,"Cozee Shopping Solid/Plain Bollywood Chiffon Saree (Pack of 2, Grey)",Cozee Shopping,,,,,,
,,,,,,,"Cozee Shopping Girls Maxi/Full Length Festive/Wedding Dress (Green, Sleeveless)",Cozee Shopping,,,,,,
,,,,,,,"Cozee Shopping Girls Maxi/Full Length Festive/Wedding Dress (Grey, Sleeveless)",Cozee Shopping,,,,,,
,,,,,,,"Cozee Shopping Girls Maxi/Full Length Festive/Wedding Dress (Grey, Sleeveless)",Cozee Shopping,,,,,,
,,,,,,,"Cozee Shopping Self Design, Embroidered, Solid/Plain Bollywood Chiffon Saree (Green)",Cozee Shopping,,,,,,
,,,,,,,"Cozee Shopping Girls Festive & Party, Wedding Angarkha and Dhoti Pant (Silver Pack of 1)",Cozee Shopping,,,,,,
,,,,,,,"Cozee Shopping Daily , Party , Wedding , School Annual Function Wear Butta Squence Work Saree With Velvet Squence Work Blouse Piece Kids Costume Wear",Cozee Shopping,,,,,,
,,,,,,,"Cozee Shopping Girls Festive & Party, Wedding Angarkha and Dhoti Pant (Silver Pack of 1)",Cozee Shopping,,,,,,
,,,,,,,"Cozee Shopping Girls Maxi/Full Length Festive/Wedding Dress (White, Sleeveless)",Cozee Shopping,,,,,,
,,,,,,,"Cozee Shopping Girls Maxi/Full Length Festive/Wedding Dress (Green, Sleeveless)",Cozee Shopping,,,,,,
,,,,,,,"Cozee Shopping Girls Maxi/Full Length Festive/Wedding Dress (Gold, Sleeveless)",Cozee Shopping,,,,,,
,,,,,,,"Cozee Shopping Girls Maxi/Full Length Festive/Wedding Dress (Red, Sleeveless)",Cozee Shopping,,,,,,
,,,,,,,Cozee Shopping Solid Pattern Zari Lace Border Girl Saree Kids Costume Wear,Cozee Shopping,,,,,,
,,,,,,,"Cozee Shopping Girls Maxi/Full Length Festive/Wedding Dress (Silver, Sleeveless)",Cozee Shopping,,,,,,
,,,,,,,"Cozee Shopping Girls Maxi/Full Length Festive/Wedding Dress (Red, Sleeveless)",Cozee Shopping,,,,,,
1209,ed254297b15d499a,Priyasareeshub,No,silver,2026-07-11,2026-07-15,"Priyasareehub Woven, Temple Border, Floral Print, Geometric Print Banarasi Chanderi Saree (Dark Green, Magenta)",Priyasareehub,Possibly a Seller,,+919244767211,+919244767211,priyapriyatextiles007@gmail.com,priyapriyatextiles007@gmail.com
,,,,,,,"Priyasareehub Woven, Temple Border, Embellished, Floral Print, Geometric Print, Self Design Banarasi Chanderi Saree (Green, Red)",Priyasareehub,,,,,,
,,,,,,,"Priyasareehub Woven, Floral Print, Geometric Print, Temple Border, Embellished Banarasi Chanderi Saree (Dark Green, Red)",Priyasareehub,,,,,,
,,,,,,,"Priyasareehub Embroidered Banarasi Chanderi Saree (Purple, Green)",Priyasareehub,,,,,,
,,,,,,,"Priyasareehub Printed, Floral Print Banarasi Net Saree (Green)",Priyasareehub,,,,,,
,,,,,,,"Priyasareehub Woven Banarasi Chanderi Saree (Dark Green, Gold)",Priyasareehub,,,,,,
,,,,,,,"Priyasareehub Floral Print, Printed Banarasi Chiffon Saree (Yellow)",Priyasareehub,,,,,,
,,,,,,,"Priyasareehub Woven, Geometric Print, Floral Print, Self Design, Digital Print Banarasi Chanderi Saree (Pink, Green)",Priyasareehub,,,,,,
,,,,,,,"Priyasareehub Embroidered, Floral Print, Geometric Print, Printed, Self Design, Temple Border, Woven Banarasi Chanderi Saree (Brown, Dark Green)",Priyasareehub,,,,,,
,,,,,,,"Priyasareehub Woven, Paisley, Geometric Print Banarasi Chanderi Saree (Dark Green, Maroon)",Priyasareehub,,,,,,
,,,,,,,"Priyasareehub Applique, Digital Print Banarasi Chanderi Saree (Red, Blue)",Priyasareehub,,,,,,
1210,14237ba5f0af46de,RRFASHIONNN,Yes,gold,2024-11-18,2024-12-16,,,,,,,,
1211,c338fc15769d4ed9,MamtaStoreJpr,Yes,silver,2026-04-29,2026-05-01,,,,,,,,
1212,2b6a7a43294d4183,INAYATTRENDS,No,silver,2026-04-10,2026-04-11,INNAYATTRADERS Women Floral Print Kurta (Multicolor),INNAYATTRADERS,Possibly a Brand,INAYATTRENDS,+918287251521,+918287251521,ashraansari1998@gmail.com,ashraansari1998@gmail.com
,,,,,,,INNAYATTRADERS Women Floral Print Kurta (Beige),INNAYATTRADERS,,,,,,
,,,,,,,INNAYATTRADERS Women Floral Print Kurta (Multicolor),INNAYATTRADERS,,,,,,
,,,,,,,INNAYATTRADERS Women Floral Print Kurta (Multicolor),INNAYATTRADERS,,,,,,
,,,,,,,INAYATTRENDS Women Kurta and Pant Set,INAYATTRENDS,,,,,,
,,,,,,,INAYATTRENDS Women Kurti Pant Set,INAYATTRENDS,,,,,,
,,,,,,,INNAYATTRADERS Women Floral Print Straight Kurta (Multicolor),INNAYATTRADERS,,,,,,
,,,,,,,INAYATTRENDS Women Embroidered Straight Kurta (White),INAYATTRENDS,,,,,,
,,,,,,,INAYATTRENDS Women Kurti Pant Dupatta Set,INAYATTRENDS,,,,,,
,,,,,,,INNAYATTRADERS Women Floral Print Straight Kurta (Multicolor),INNAYATTRADERS,,,,,,
,,,,,,,INAYATTRENDS Women Embroidered Straight Kurta (White),INAYATTRENDS,,,,,,
,,,,,,,INAYATTRENDS Women Kurti Pant Set,INAYATTRENDS,,,,,,
,,,,,,,INAYATTRENDS Women Embroidered Straight Kurta (Beige),INAYATTRENDS,,,,,,
,,,,,,,INAYATTRENDS Women Kurta Pant Set,INAYATTRENDS,,,,,,
,,,,,,,"INAYATTRENDS Women Floral Print, Printed A-line Kurta (Beige)",INAYATTRENDS,,,,,,
,,,,,,,"INAYATTRENDS Women Floral Print, Printed A-line Kurta (Beige)",INAYATTRENDS,,,,,,
,,,,,,,INAYATTRENDS Women Embroidered Straight Kurta (White),INAYATTRENDS,,,,,,
,,,,,,,INNAYATTRADERS Women Floral Print Straight Kurta (Multicolor),INNAYATTRADERS,,,,,,
,,,,,,,INAYATTRENDS Women Kurta Pant Set,INAYATTRENDS,,,,,,
,,,,,,,INAYATTRENDS Women Embroidered Kurta (Beige),INAYATTRENDS,,,,,,
1213,9392f9c9e4af457c,MonivaStyle,No,silver,2026-06-08,2026-06-09,Moniva style Women Kurti Pant Dupatta Set,Moniva style,Possibly a Brand,Moniva style,+919316701144,+919316701144,nilkanth.enterprise7861@gmail.com,nilkanth.enterprise7861@gmail.com
,,,,,,,Moniva style Women Kurta Pant Dupatta Set,Moniva style,,,,,,
,,,,,,,Moniva style Women Kurta Pant Dupatta Set,Moniva style,,,,,,
,,,,,,,Moniva style Women Kurta Pant Dupatta Set,Moniva style,,,,,,
,,,,,,,Moniva style Women Kurti Pant Dupatta Set,Moniva style,,,,,,
,,,,,,,Moniva style Women Kurta Palazzo Set,Moniva style,,,,,,
,,,,,,,Moniva style Women Kurta Palazzo Set,Moniva style,,,,,,
,,,,,,,Moniva style Women Kurta Pant Dupatta Set,Moniva style,,,,,,
,,,,,,,Moniva style Women Kurta Pant Dupatta Set,Moniva style,,,,,,
,,,,,,,Moniva style Women Kurta Pant Dupatta Set,Moniva style,,,,,,
,,,,,,,Moniva style Women Kurta Pant Dupatta Set,Moniva style,,,,,,
,,,,,,,Moniva style Women Kurta Palazzo Set,Moniva style,,,,,,
,,,,,,,Moniva style Women Kurta Palazzo Set,Moniva style,,,,,,
,,,,,,,Moniva style Women Kurta Pant Dupatta Set,Moniva style,,,,,,
,,,,,,,Moniva style Women Kurti Pant Dupatta Set,Moniva style,,,,,,
,,,,,,,Moniva style Women Kurta Pant Dupatta Set,Moniva style,,,,,,
,,,,,,,Moniva style Embroidered Semi Stitched Lehenga & Crop Top (Multicolor),Moniva style,,,,,,
,,,,,,,Moniva style Women Kurti Pant Dupatta Set,Moniva style,,,,,,
,,,,,,,Moniva style Women Kurta Pant Dupatta Set,Moniva style,,,,,,
,,,,,,,Moniva style Women Kurta Pant Dupatta Set,Moniva style,,,,,,
1214,8d174f22a64c4b3a,AfsCreations,No,silver,2020-06-02,2020-07-26,IRHU Casual Embroidered Women Black Top,IRHU,Possibly a Brand,IRHU,+919950073725,+919950073725,afscreations@gmail.com,afscreations@gmail.com
,,,,,,,IRHU Women Kurta Pant Dupatta Set,IRHU,,,,,,
,,,,,,,IRHU Casual Embroidered Women Black Top,IRHU,,,,,,
,,,,,,,IRHU Casual Embroidered Women Blue Top,IRHU,,,,,,
,,,,,,,IRHU Casual Embroidered Women Black Top,IRHU,,,,,,
,,,,,,,IRHU Casual Embroidered Women Multicolor Top,IRHU,,,,,,
,,,,,,,IRHU Women Kurta Palazzo Dupatta Set,IRHU,,,,,,
,,,,,,,IRHU Casual Embroidered Women Black Top,IRHU,,,,,,
,,,,,,,IRHU Women Kurta Pant Dupatta Set,IRHU,,,,,,
,,,,,,,IRHU Women Kurta Pant Dupatta Set,IRHU,,,,,,
,,,,,,,IRHU Casual Printed Women Black Top,IRHU,,,,,,
,,,,,,,IRHU Casual Printed Women Black Top,IRHU,,,,,,
,,,,,,,IRHU Casual Printed Women Black Top,IRHU,,,,,,
,,,,,,,IRHU Women Kurta Palazzo Dupatta Set,IRHU,,,,,,
,,,,,,,IRHU Women Kurta Palazzo Dupatta Set,IRHU,,,,,,
,,,,,,,IRHU Women Kurta Palazzo Dupatta Set,IRHU,,,,,,
,,,,,,,IRHU Women Kurta Palazzo Dupatta Set,IRHU,,,,,,
,,,,,,,IRHU Casual Embroidered Women Black Top,IRHU,,,,,,
,,,,,,,IRHU Casual Embroidered Women Black Top,IRHU,,,,,,
,,,,,,,IRHU Casual Embroidered Women Black Top,IRHU,,,,,,
1215,a1deb76184b64f59,shatamfashion,No,silver,2022-11-19,2023-01-29,Calixtas Touch Women Kurta Pant Dupatta Set,Calixtas Touch,Possibly a Brand,Calixtas Touch,+919510888882,+919510888882,shatam.fashion@gmail.com,shatam.fashion@gmail.com
,,,,,,,Calixtas Touch Women Kurti Pant Dupatta Set,Calixtas Touch,,,,,,
,,,,,,,Calixtas Touch Women Kurta Pant Dupatta Set,Calixtas Touch,,,,,,
,,,,,,,Calixtas Touch Women Kurta Pant Dupatta Set,Calixtas Touch,,,,,,
,,,,,,,Calixtas Touch Women Kaftan Pant Set,Calixtas Touch,,,,,,
,,,,,,,Calixtas Touch Women Embroidered Casual Green Shirt,Calixtas Touch,,,,,,
,,,,,,,Calixtas Touch Women Kurta Pant Dupatta Set,Calixtas Touch,,,,,,
,,,,,,,Calixtas Touch Women Kurta Pant Dupatta Set,Calixtas Touch,,,,,,
,,,,,,,Calixtas Touch Women Kurta Pant Dupatta Set,Calixtas Touch,,,,,,
,,,,,,,Calixtas Touch Women Kurta Pant Dupatta Set,Calixtas Touch,,,,,,
,,,,,,,Calixtas Touch Women Kurta Palazzo Dupatta Set,Calixtas Touch,,,,,,
,,,,,,,Calixtas Touch Women Kurta Salwar Dupatta Set,Calixtas Touch,,,,,,
,,,,,,,Calixtas Touch Women Kurta Pant Dupatta Set,Calixtas Touch,,,,,,
,,,,,,,Calixtas Touch Women Kurta Pant Dupatta Set,Calixtas Touch,,,,,,
,,,,,,,Calixtas Touch Women Kurta Pant Dupatta Set,Calixtas Touch,,,,,,
,,,,,,,Calixtas Touch Women Kurta Pant Dupatta Set,Calixtas Touch,,,,,,
,,,,,,,Calixtas Touch Women Kurta Pant Dupatta Set,Calixtas Touch,,,,,,
,,,,,,,Calixtas Touch Women Kurta Pant Dupatta Set,Calixtas Touch,,,,,,
,,,,,,,Calixtas Touch Women Kurta Sharara Dupatta Set,Calixtas Touch,,,,,,
,,,,,,,Calixtas Touch Women Kurta Palazzo Dupatta Set,Calixtas Touch,,,,,,
1216,54e333ec6abf4eaf,JENICREATION1,No,bronze,2024-04-08,2024-04-10,Tartatl Fashion Men Striped Casual Blue Shirt,Tartatl Fashion,Possibly a Brand,Tartatl Fashion,+919099720978,+919099720978,rahulchopada5284@gmail.com,rahulchopada5284@gmail.com
,,,,,,,Tartatl Fashion Men Striped Casual Blue Shirt,Tartatl Fashion,,,,,,
,,,,,,,Tartatl Fashion Men Striped Casual Multicolor Shirt,Tartatl Fashion,,,,,,
,,,,,,,Tartatl Fashion Men Checkered Formal Multicolor Shirt,Tartatl Fashion,,,,,,
,,,,,,,Tartatl Fashion Men Striped Casual Blue Shirt,Tartatl Fashion,,,,,,
,,,,,,,Tartatl Fashion Men Striped Casual Blue Shirt,Tartatl Fashion,,,,,,
,,,,,,,Tartatl Fashion Men Striped Casual Multicolor Shirt,Tartatl Fashion,,,,,,
,,,,,,,Tartatl Fashion Baby Boys & Baby Girls Casual Shirt Shorts (Multicolor),Tartatl Fashion,,,,,,
,,,,,,,Tartatl Fashion Baby Boys & Baby Girls Casual Shirt Shorts (Blue),Tartatl Fashion,,,,,,
,,,,,,,Tartatl Fashion Baby Boys & Baby Girls Casual Shirt Shorts (Pink),Tartatl Fashion,,,,,,
,,,,,,,Tartatl Fashion Baby Boys & Baby Girls Casual Shirt Shorts (Blue),Tartatl Fashion,,,,,,
,,,,,,,Tartatl Fashion Baby Boys & Baby Girls Casual Shirt Shorts (Yellow),Tartatl Fashion,,,,,,
,,,,,,,Tartatl Fashion Baby Boys & Baby Girls Casual Shirt Shorts (Yellow),Tartatl Fashion,,,,,,
,,,,,,,Tartatl Fashion Baby Boys & Baby Girls Casual Shirt Shorts (Yellow),Tartatl Fashion,,,,,,
,,,,,,,Tartatl Fashion Baby Boys & Baby Girls Casual Shirt Shorts (Blue),Tartatl Fashion,,,,,,
,,,,,,,Tartatl Fashion Baby Boys & Baby Girls Casual Shirt Shorts (Pink),Tartatl Fashion,,,,,,
,,,,,,,Tartatl Fashion Baby Boys & Baby Girls Casual Shirt Shorts (Yellow),Tartatl Fashion,,,,,,
,,,,,,,Tartatl Fashion Baby Boys & Baby Girls Casual Shirt Shorts (Multicolor),Tartatl Fashion,,,,,,
,,,,,,,Tartatl Fashion Baby Boys & Baby Girls Casual Shirt Shorts (Yellow),Tartatl Fashion,,,,,,
,,,,,,,Tartatl Fashion Men Printed Casual White Shirt,Tartatl Fashion,,,,,,
1217,1c62d084dfef4cc7,TAKSHILCREATION,No,bronze,2021-07-31,2021-08-03,TAKSHIL CREATION Women Kurti Palazzo Set,TAKSHIL CREATION,Possibly a Brand,TAKSHIL CREATION,+919909461455,+919909461455,info.takshilfashion@gmail.com,info.takshilfashion@gmail.com
,,,,,,,TAKSHIL CREATION Women Kurti Palazzo Set,TAKSHIL CREATION,,,,,,
,,,,,,,TAKSHIL CREATION Women Kurti Palazzo Dupatta Set,TAKSHIL CREATION,,,,,,
,,,,,,,TAKSHIL CREATION Women Kurti Palazzo Set,TAKSHIL CREATION,,,,,,
,,,,,,,TAKSHIL CREATION Women Kurti Palazzo Dupatta Set,TAKSHIL CREATION,,,,,,
,,,,,,,TAKSHIL CREATION Women Kurti Palazzo Dupatta Set,TAKSHIL CREATION,,,,,,
,,,,,,,TAKSHIL CREATION Women Kurti Palazzo Dupatta Set,TAKSHIL CREATION,,,,,,
,,,,,,,TAKSHIL CREATION Women Kurti Palazzo Set,TAKSHIL CREATION,,,,,,
,,,,,,,TAKSHIL CREATION Women Kurti Palazzo Dupatta Set,TAKSHIL CREATION,,,,,,
,,,,,,,TAKSHIL CREATION Women Kurti Palazzo Set,TAKSHIL CREATION,,,,,,
,,,,,,,TAKSHIL CREATION Women Kurti Palazzo Set,TAKSHIL CREATION,,,,,,
,,,,,,,TAKSHIL CREATION Women Kurti Palazzo Set,TAKSHIL CREATION,,,,,,
,,,,,,,TAKSHIL CREATION Women Kurti Palazzo Dupatta Set,TAKSHIL CREATION,,,,,,
,,,,,,,TAKSHIL CREATION Women Kurti Palazzo Dupatta Set,TAKSHIL CREATION,,,,,,
,,,,,,,TAKSHIL CREATION Women Kurti Palazzo Set,TAKSHIL CREATION,,,,,,
,,,,,,,TAKSHIL CREATION Women Kurti Palazzo Dupatta Set,TAKSHIL CREATION,,,,,,
,,,,,,,TAKSHIL CREATION Women Kurti Palazzo Set,TAKSHIL CREATION,,,,,,
,,,,,,,TAKSHIL CREATION Women Kurti Palazzo Dupatta Set,TAKSHIL CREATION,,,,,,
,,,,,,,TAKSHIL CREATION Women Kurti Palazzo Set,TAKSHIL CREATION,,,,,,
,,,,,,,TAKSHIL CREATION Women Kurti Palazzo Dupatta Set,TAKSHIL CREATION,,,,,,
1218,55cfe0c5b30c4e4f,BlueSwan,No,silver,2025-09-04,2025-12-25,"Anshi Ethenics Embroidered Kurta, Trouser/Pant & Dupatta Set",Anshi Ethenics,Possibly a Seller,,+919924823776,+919924823776,yagnikdesai12@gmail.com,yagnikdesai12@gmail.com
,,,,,,,Anshi Ethenic Women Kurta Sharara Dupatta Set,Anshi Ethenic,,,,,,
,,,,,,,Anshi Ethenic Women Kurta Palazzo Dupatta Set,Anshi Ethenic,,,,,,
,,,,,,,Anshi Ethenic Women Kurta Palazzo Dupatta Set,Anshi Ethenic,,,,,,
,,,,,,,"Anshi Ethenics Embroidered Kurta, Dhoti Pant & Dupatta Set",Anshi Ethenics,,,,,,
,,,,,,,"Anshi Ethenic Embroidered, Embellished Anarkali Kurta, Bottom & Dupatta Set",Anshi Ethenic,,,,,,
,,,,,,,"Anshi Ethenics Embroidered Kurta, Dhoti Pant & Dupatta Set",Anshi Ethenics,,,,,,
,,,,,,,Anshi Ethenic Women Kurta Pant Dupatta Set,Anshi Ethenic,,,,,,
,,,,,,,Anshi Ethenic Women Kurta Salwar Dupatta Set,Anshi Ethenic,,,,,,
,,,,,,,Anshi Ethenic Women Kurta Palazzo Dupatta Set,Anshi Ethenic,,,,,,
,,,,,,,Anshi Ethenic Women Kurta Pant Dupatta Set,Anshi Ethenic,,,,,,
,,,,,,,Anshi Ethenic Women Kurta Pant Dupatta Set,Anshi Ethenic,,,,,,
,,,,,,,"Anshi Ethenics Printed Kurta, Trouser/Pant & Dupatta Set",Anshi Ethenics,,,,,,
,,,,,,,Anshi Ethenics Anarkali Gown (Black),Anshi Ethenics,,,,,,
,,,,,,,"Anshi Ethenics Embroidered Kurta, Sharara & Dupatta Set",Anshi Ethenics,,,,,,
,,,,,,,Anshi Ethenic Women Kurta Palazzo Dupatta Set,Anshi Ethenic,,,,,,
,,,,,,,"Anshi Ethenics Printed Anarkali Kurta, Bottom & Dupatta Set",Anshi Ethenics,,,,,,
,,,,,,,"Anshi Ethenics Printed Anarkali Kurta, Bottom & Dupatta Set",Anshi Ethenics,,,,,,
,,,,,,,Anshi Ethenics Women Kurti Palazzo Set,Anshi Ethenics,,,,,,
,,,,,,,"K N K Creation Embroidered Kurta, Salwar & Dupatta Set",K N K Creation,,,,,,
1219,69eac1adbb2d492b,FashionJet1,No,bronze,2023-03-02,2023-03-04,fashionjet Women Kurta Palazzo Set,fashionjet,Possibly a Brand,fashionjet,+919016158788,+919016158788,rajputsingh255@gmail.com,rajputsingh255@gmail.com
,,,,,,,fashionjet Women Kurti Palazzo Set,fashionjet,,,,,,
,,,,,,,fashionjet Women Kurti Palazzo Set,fashionjet,,,,,,
,,,,,,,fashionjet Women Kurta Palazzo Dupatta Set,fashionjet,,,,,,
,,,,,,,fashionjet Women Kurta Dupatta Set,fashionjet,,,,,,
,,,,,,,fashionjet Women Maxi Red Full Length Dress,fashionjet,,,,,,
,,,,,,,fashionjet Women Kurti Palazzo Set,fashionjet,,,,,,
,,,,,,,fashionjet Women Tiered Dark Blue Maxi/Full Length Dress,fashionjet,,,,,,
,,,,,,,fashionjet Women Kurta Palazzo Dupatta Set,fashionjet,,,,,,
,,,,,,,fashionjet Women Kurti Palazzo Set,fashionjet,,,,,,
,,,,,,,FASHINJET Women Maxi Blue Ankle Length Dress,FASHINJET,,,,,,
,,,,,,,fashionjet Women Kurti Palazzo Set,fashionjet,,,,,,
,,,,,,,fashionjet Tunic Pant Co-ords Set,fashionjet,,,,,,
,,,,,,,fashionjet Women Tiered Light Blue Maxi/Full Length Dress,fashionjet,,,,,,
,,,,,,,fashionjet Women Kurti Palazzo Set,fashionjet,,,,,,
,,,,,,,fashionjet Women Kurta Palazzo Dupatta Set,fashionjet,,,,,,
,,,,,,,fashionjet Women Kurta Palazzo Dupatta Set,fashionjet,,,,,,
,,,,,,,fashionjet Women Kurta Dupatta Set,fashionjet,,,,,,
,,,,,,,fashionjet Women Kurta Palazzo Dupatta Set,fashionjet,,,,,,
,,,,,,,fashionjet Women Kurta Dupatta Set,fashionjet,,,,,,
1220,a9716a4ee3584cd2,SIFAFASHION1,Yes,bronze,2025-09-10,2025-09-11,,,,,,,,
1221,a1ab239e2a4743a9,rizqinternationaltrade,No,silver,2025-08-12,2026-06-19,Decent creation Solid Men Round Neck White T-Shirt,Decent creation,Possibly a Brand,Decent creation,+918340224797,+918340224797,rizqinternationaltrade786@gmail.com,rizqinternationaltrade786@gmail.com
,,,,,,,Decent creation Men Kurta Pyjama Set,Decent creation,,,,,,
,,,,,,,Decent creation Men Kurta Pyjama Set,Decent creation,,,,,,
,,,,,,,Decent creation Printed Men Blue Casual Shorts,Decent creation,,,,,,
,,,,,,,Decent creation Solid Men Polo Neck Maroon T-Shirt,Decent creation,,,,,,
,,,,,,,Decent creation Graphic Print Men Round Neck Orange T-Shirt,Decent creation,,,,,,
,,,,,,,Decent creation Solid Men Round Neck Light Blue T-Shirt,Decent creation,,,,,,
,,,,,,,Decent creation Printed Men Blue Casual Shorts,Decent creation,,,,,,
,,,,,,,KRSNA CREATION Pack of 4 Hair Claw Clips Clutcher for Thik Hair Women Girl Stylish Matt Finish Hair Claw (Multicolor),KRSNA CREATION,,,,,,
,,,,,,,"KRSNA CREATION Multicolor Large Size Clutcher for Girls Clips, Cross Hair Claws Hair Claw (Multicolor)",KRSNA CREATION,,,,,,
,,,,,,,Decent creation Graphic Print Men Round Neck Orange T-Shirt,Decent creation,,,,,,
,,,,,,,Decent creation Solid Men Polo Neck Maroon T-Shirt,Decent creation,,,,,,
,,,,,,,Decent creation Solid Men Polo Neck Yellow T-Shirt,Decent creation,,,,,,
,,,,,,,Decent creation Printed Men Blue Casual Shorts,Decent creation,,,,,,
,,,,,,,Decent creation Solid Men Round Neck Light Green T-Shirt,Decent creation,,,,,,
,,,,,,,Decent creation Solid Men Round Neck Orange T-Shirt,Decent creation,,,,,,
,,,,,,,Decent creation Solid Men Polo Neck Reversible Light Blue T-Shirt,Decent creation,,,,,,
,,,,,,,Decent creation Solid Men Round Neck Orange T-Shirt,Decent creation,,,,,,
,,,,,,,Decent creation Printed Men Blue Casual Shorts,Decent creation,,,,,,
,,,,,,,Decent creation Solid Men Round Neck Orange T-Shirt,Decent creation,,,,,,
1222,1cfe4366fc0049c2,DANDDECommerce,Yes,gold,2023-02-10,2025-06-15,,,,,,,,
1223,1d27a1efba5b42fc,NKENTERPRISE00,No,gold,2024-11-25,2024-11-26,"LEMONET Embroidered Anarkali Kurta, Bottom & Dupatta Set",LEMONET,Possibly a Brand,LEMONET,+917863886299,+917863886299,Lemonet1800@gmail.com,Lemonet1800@gmail.com
,,,,,,,"LEMONET Embroidered Anarkali Kurta, Bottom & Dupatta Set",LEMONET,,,,,,
,,,,,,,"LEMONET Embroidered Anarkali Kurta, Bottom & Dupatta Set",LEMONET,,,,,,
,,,,,,,"LEMONET Embroidered Anarkali Kurta, Bottom & Dupatta Set",LEMONET,,,,,,
,,,,,,,"LEMONET Embroidered Anarkali Kurta, Bottom & Dupatta Set",LEMONET,,,,,,
,,,,,,,"LEMONET Embroidered Kurta, Trouser/Pant & Dupatta Set",LEMONET,,,,,,
,,,,,,,"LEMONET Embroidered Anarkali Kurta, Bottom & Dupatta Set",LEMONET,,,,,,
,,,,,,,"LEMONET Embroidered Anarkali Kurta, Bottom & Dupatta Set",LEMONET,,,,,,
,,,,,,,"LEMONET Embroidered Anarkali Kurta, Bottom & Dupatta Set",LEMONET,,,,,,
,,,,,,,"LEMONET Embroidered Anarkali Kurta, Bottom & Dupatta Set",LEMONET,,,,,,
,,,,,,,"LEMONET Embroidered Anarkali Kurta, Bottom & Dupatta Set",LEMONET,,,,,,
,,,,,,,"LEMONET Embroidered Anarkali Kurta, Bottom & Dupatta Set",LEMONET,,,,,,
,,,,,,,LEMONET Tunic Hot Pants Co-ords Set with Jacket,LEMONET,,,,,,
,,,,,,,LEMONET Tshirt Hot Pants Co-ords Set,LEMONET,,,,,,
,,,,,,,LEMONET Tunic Pant Co-ords Set,LEMONET,,,,,,
,,,,,,,LEMONET Tshirt Hot Pants Co-ords Set with Jacket,LEMONET,,,,,,
,,,,,,,LEMONET Tunic Hot Pants Co-ords Set with Jacket,LEMONET,,,,,,
,,,,,,,"LEMONET Embroidered Kurta, Trouser/Pant & Dupatta Set",LEMONET,,,,,,
,,,,,,,LEMONET Tshirt Hot Pants Co-ords Set,LEMONET,,,,,,
,,,,,,,LEMONET Tshirt Hot Pants Co-ords Set,LEMONET,,,,,,
1224,85f6892ca3794c07,DJFASHIONSTYLE,No,silver,2026-04-27,2026-04-28,DJFASHIONSTYLE Women Printed Party Multicolor Shirt,DJFASHIONSTYLE,Possibly a Seller,,+919313834794,+919313834794,kachhadiyajanu07@gmail.com,kachhadiyajanu07@gmail.com
,,,,,,,Djfashionnstyle Women Kurta Pant Set,Djfashionnstyle,,,,,,
,,,,,,,"DJFASHIONSTYLE Women Floral Print, Printed Straight Kurta (Dark Blue)",DJFASHIONSTYLE,,,,,,
,,,,,,,DJFASHIONSTYLE Shirt Palazzos Co-ords Set,DJFASHIONSTYLE,,,,,,
,,,,,,,DJFASHIONSTYLE Shirt Palazzos Co-ords Set,DJFASHIONSTYLE,,,,,,
,,,,,,,DJFASHIONSTYLE Shirt Palazzos Co-ords Set,DJFASHIONSTYLE,,,,,,
,,,,,,,Djfashionnstyle Women Kurta Pant Set,Djfashionnstyle,,,,,,
,,,,,,,Djfashionnstyle Women Kurta Pant Set,Djfashionnstyle,,,,,,
,,,,,,,Djfashionnstyle Women Kurta Pant Set,Djfashionnstyle,,,,,,
,,,,,,,DJFASHIONSTYLE Women Embroidered Straight Kurta (Blue),DJFASHIONSTYLE,,,,,,
,,,,,,,DJFASHIOONSTYLE Women Embroidered Straight Kurta (Pink),DJFASHIOONSTYLE,,,,,,
,,,,,,,DJFASHIONSTYLE Women Kurta Palazzo Set,DJFASHIONSTYLE,,,,,,
,,,,,,,DJFASHIOONSTYLE Women Embroidered Straight Kurta (Pink),DJFASHIOONSTYLE,,,,,,
,,,,,,,DJFASHIOONSTYLE Women Embroidered Straight Kurta (Orange),DJFASHIOONSTYLE,,,,,,
,,,,,,,DJFASHIONSTYLE Women Embroidered Straight Kurta (White),DJFASHIONSTYLE,,,,,,
,,,,,,,Djfashionnstyle Women Kurta Pant Set,Djfashionnstyle,,,,,,
,,,,,,,DJFASHIOONSTYLE Women Kurta Pant Set,DJFASHIOONSTYLE,,,,,,
,,,,,,,DJFASHIOONSTYLE Women Kurta Pant Set,DJFASHIOONSTYLE,,,,,,
,,,,,,,Djfashionnstyle Women Kurta Pant Set,Djfashionnstyle,,,,,,
,,,,,,,Djfashionnstyle Women Kurta Pant Set,Djfashionnstyle,,,,,,
1225,82823d2390264e12,SAINIFABANDFASHION,No,silver,2026-05-07,2026-05-09,Sainifashions Flared/A-line Gown (Black),Sainifashions,Possibly a Brand,Sainifashions,+919571617809,+919571617809,workwithmaheshsharma@gmail.com,workwithmaheshsharma@gmail.com
,,,,,,,Sainifashions Flared/A-line Gown (Light Green),Sainifashions,,,,,,
,,,,,,,Sainifashions Women Fit and Flare Blue Midi/Calf Length Dress,Sainifashions,,,,,,
,,,,,,,Sainifashions Casual Printed Women Brown Top,Sainifashions,,,,,,
,,,,,,,Sainifashions Casual Printed Women Brown Top,Sainifashions,,,,,,
,,,,,,,Sainifashions Women A-line Blue Midi/Calf Length Dress,Sainifashions,,,,,,
,,,,,,,Sainifashions Women A-line Blue Midi/Calf Length Dress,Sainifashions,,,,,,
,,,,,,,Sainifashions Women Fit and Flare Black Midi/Calf Length Dress,Sainifashions,,,,,,
,,,,,,,Sainifashions Women Fit and Flare Pink Midi/Calf Length Dress,Sainifashions,,,,,,
,,,,,,,Sainifashions Women A-line Yellow Midi/Calf Length Dress,Sainifashions,,,,,,
,,,,,,,SAINIFASHION Women Ethnic Dress Blue Below Knee Dress,SAINIFASHION,,,,,,
,,,,,,,Sainifashions Women Bandage Pink Midi/Calf Length Dress,Sainifashions,,,,,,
,,,,,,,"SAINIFASHION Women Fit and Flare Yellow, White Midi/Calf Length Dress",SAINIFASHION,,,,,,
,,,,,,,"SAINIFASHION Women Fit and Flare Yellow, White Midi/Calf Length Dress",SAINIFASHION,,,,,,
,,,,,,,Sainifashions Women Bandage Pink Above Knee/Mid Thigh Length Dress,Sainifashions,,,,,,
,,,,,,,Sainifashions Women Fit and Flare Purple Above Knee/Mid Thigh Length Dress,Sainifashions,,,,,,
,,,,,,,Sainifashions Women A-line Pink Midi/Calf Length Dress,Sainifashions,,,,,,
,,,,,,,"Sainifashions Flared/A-line Gown (Blue, White)",Sainifashions,,,,,,
,,,,,,,SAINIFASHION Women Ethnic Dress Blue Below Knee Dress,SAINIFASHION,,,,,,
,,,,,,,Sainifashions Women Bandage Dark Blue Above Knee/Mid Thigh Length Dress,Sainifashions,,,,,,
1226,9b16a373239e41c9,MAAMAITHILIFASHION,No,bronze,2019-09-06,2021-05-18,ADORN SHOPPING Floral Print Bandhani Georgette Saree (Multicolor),ADORN SHOPPING,Possibly a Brand,Ladymint,+917284918554,+917284918554,shreeramfashionst@gmail.com,shreeramfashionst@gmail.com
,,,,,,,"Ladymint Embellished Daily Wear Chiffon Saree (Black, Gold)",Ladymint,,,,,,
,,,,,,,"Ladymint Printed, Woven, Floral Print, Geometric Print Bandhani Georgette Saree (Yellow)",Ladymint,,,,,,
,,,,,,,Ladymint Embellished Daily Wear Chiffon Saree (Purple),Ladymint,,,,,,
,,,,,,,Ladymint Printed Banarasi Chiffon Saree (Red),Ladymint,,,,,,
,,,,,,,ADORN SHOPPING Printed Bandhani Georgette Saree (Multicolor),ADORN SHOPPING,,,,,,
,,,,,,,Ladymint Embellished Daily Wear Chiffon Saree (Dark Blue),Ladymint,,,,,,
,,,,,,,Ladymint Embellished Daily Wear Chiffon Saree (Orange),Ladymint,,,,,,
,,,,,,,Ladymint Printed Banarasi Chiffon Saree (Orange),Ladymint,,,,,,
,,,,,,,SiyaramHub Baluchari Chiffon Saree with Unstitched Blouse (Red),SiyaramHub,,,,,,
,,,,,,,Ladymint Embellished Daily Wear Chiffon Saree (Blue),Ladymint,,,,,,
,,,,,,,Ladymint Embellished Daily Wear Chiffon Saree (Pink),Ladymint,,,,,,
,,,,,,,ADORN SHOPPING Printed Bandhani Georgette Saree (Multicolor),ADORN SHOPPING,,,,,,
,,,,,,,Ladymint Embellished Daily Wear Chiffon Saree (Gold),Ladymint,,,,,,
,,,,,,,ADORN SHOPPING Printed Bandhani Georgette Saree (Multicolor),ADORN SHOPPING,,,,,,
,,,,,,,Ladymint Embellished Daily Wear Chiffon Saree (Red),Ladymint,,,,,,
,,,,,,,Ladymint Printed Bandhej Georgette Saree with Unstitched Blouse (Pink),Ladymint,,,,,,
,,,,,,,"Dhrunita Printed, Paisley Bandhani Georgette Saree (Pink)",Dhrunita,,,,,,
,,,,,,,"Ladymint Printed Bandhani Georgette Saree (Red, Multicolor)",Ladymint,,,,,,
,,,,,,,LADYMINT Women Salwar and Kurta Set,LADYMINT,,,,,,
1227,9f90a5e20dfe46da,QUNEY,No,silver,2023-03-22,2023-03-24,QUNEY Women Kurti Pant Dupatta Set,QUNEY,Possibly a Brand,QUNEY,+919375461228,+919375461228,OMTEX2023@GMAIL.COM,OMTEX2023@GMAIL.COM
,,,,,,,QUNEY Women Kurti Pant Dupatta Set,QUNEY,,,,,,
,,,,,,,QUNEY Women Kurti Pant Dupatta Set,QUNEY,,,,,,
,,,,,,,QUNEY Women Kurti Pant Dupatta Set,QUNEY,,,,,,
,,,,,,,QUNEY Women Kurti Pant Dupatta Set,QUNEY,,,,,,
,,,,,,,QUNEY Women Kurti Pant Dupatta Set,QUNEY,,,,,,
,,,,,,,QUNEY Women Kurti Pant Dupatta Set,QUNEY,,,,,,
,,,,,,,QUNEY Women Kurti Pant Dupatta Set,QUNEY,,,,,,
,,,,,,,QUNEY Women Kurti Pant Dupatta Set,QUNEY,,,,,,
,,,,,,,QUNEY Women Kurti Pant Dupatta Set,QUNEY,,,,,,
,,,,,,,QUNEY Women Kurti Pant Dupatta Set,QUNEY,,,,,,
,,,,,,,QUNEY Women Kurti Pant Dupatta Set,QUNEY,,,,,,
,,,,,,,QUNEY Women Kurti Pant Dupatta Set,QUNEY,,,,,,
,,,,,,,QUNEY Women Kurti Pant Dupatta Set,QUNEY,,,,,,
,,,,,,,QUNEY Women Kurti Pant Dupatta Set,QUNEY,,,,,,
,,,,,,,QUNEY Women Kurti Pant Dupatta Set,QUNEY,,,,,,
,,,,,,,QUNEY Women Kurti Pant Dupatta Set,QUNEY,,,,,,
,,,,,,,QUNEY Women Kurti Pant Dupatta Set,QUNEY,,,,,,
,,,,,,,QUNEY Women Kurti Pant Dupatta Set,QUNEY,,,,,,
,,,,,,,QUNEY Women Kurti Pant Dupatta Set,QUNEY,,,,,,
1228,91ed8e70b32e42d8,Viyonafashion0,No,bronze,2024-06-14,2024-06-20,Viyona Fashion Women Kurta Pant Dupatta Set,Viyona Fashion,Possibly a Seller,,+919537217589,+919537217589,viyonafashion0@gmail.com,viyonafashion0@gmail.com
,,,,,,,"Yakshali Creation Embroidered Kurta, Palazzo & Dupatta Set",Yakshali Creation,,,,,,
,,,,,,,"ARHAMSILKMILLS Embroidered Kurta, Trouser/Pant & Dupatta Set",ARHAMSILKMILLS,,,,,,
,,,,,,,Viyona Fashion Women Embroidered A-line Kurta (White),Viyona Fashion,,,,,,
,,,,,,,"ManviFashion Striped Kurta, Trouser/Pant & Dupatta Set",ManviFashion,,,,,,
,,,,,,,"SUJITCREATION Floral Print, Embroidered Kurta, Trouser/Pant & Dupatta Set",SUJITCREATION,,,,,,
,,,,,,,rewp Women Kurta Pant Dupatta Set,rewp,,,,,,
,,,,,,,"Viyona Fashion Embroidered Kurta, Legging & Dupatta Set",Viyona Fashion,,,,,,
,,,,,,,Viyona Fashion Women Kurta Pant Dupatta Set,Viyona Fashion,,,,,,
,,,,,,,Viyona Fashion Women Kurta Pant Dupatta Set,Viyona Fashion,,,,,,
,,,,,,,"Viyona Fashion Embroidered Kurta, Trouser/Pant & Dupatta Set",Viyona Fashion,,,,,,
,,,,,,,Viyona Fashion Women Kurta Pant Dupatta Set,Viyona Fashion,,,,,,
,,,,,,,Viyona Fashion Women Kurta Pant Dupatta Set,Viyona Fashion,,,,,,
,,,,,,,"ARHAMSILKMILLS Embroidered Kurta, Trouser/Pant & Dupatta Set",ARHAMSILKMILLS,,,,,,
,,,,,,,Viyona Fashion Women Kurta Pant Dupatta Set,Viyona Fashion,,,,,,
,,,,,,,"ManviFashion Striped Kurta, Trouser/Pant & Dupatta Set",ManviFashion,,,,,,
,,,,,,,"ManviFashion Striped Kurta, Trouser/Pant & Dupatta Set",ManviFashion,,,,,,
,,,,,,,"SUJITCREATION Floral Print, Embroidered Kurta, Trouser/Pant & Dupatta Set",SUJITCREATION,,,,,,
,,,,,,,Viyona Fashion Women Kurta Pant Dupatta Set,Viyona Fashion,,,,,,
,,,,,,,"Viyona Fashion Embroidered Kurta, Trouser/Pant & Dupatta Set",Viyona Fashion,,,,,,
1229,945d10d5425b4e16,WearAuraOfficial,No,silver,2026-07-19,2026-07-22,WEAR AURA OFFICIAL Women Kurta Pant Dupatta Set,WEAR AURA OFFICIAL,Possibly a Brand,WEAR AURA OFFICIAL,+919136220511,+919136220511,wearaura216@gmail.com,wearaura216@gmail.com
,,,,,,,WEAR AURA OFFICIAL Women Kurta Pant Dupatta Set,WEAR AURA OFFICIAL,,,,,,
,,,,,,,WEARAURA Women Kurta Palazzo Dupatta Set,WEARAURA,,,,,,
,,,,,,,WEAR AURA OFFICIAL Women Kurta Pant Dupatta Set,WEAR AURA OFFICIAL,,,,,,
,,,,,,,WEAR AURA OFFICIAL Women Kurta Pant Set,WEAR AURA OFFICIAL,,,,,,
,,,,,,,WEAR AURA OFFICIAL Women Kurta Pant Dupatta Set,WEAR AURA OFFICIAL,,,,,,
,,,,,,,WEARAURA Women Kurta Palazzo Dupatta Set,WEARAURA,,,,,,
,,,,,,,WEAR AURA OFFICIAL Women Kurta Pant Dupatta Set,WEAR AURA OFFICIAL,,,,,,
,,,,,,,WEAR AURA OFFICIAL Women Kurta Pant Set,WEAR AURA OFFICIAL,,,,,,
,,,,,,,WEAR AURA OFFICIAL Women Kurta Pant Dupatta Set,WEAR AURA OFFICIAL,,,,,,
,,,,,,,WEARAURA Women Kurta Palazzo Dupatta Set,WEARAURA,,,,,,
,,,,,,,WEAR AURA OFFICIAL Women Kurta Pant Dupatta Set,WEAR AURA OFFICIAL,,,,,,
,,,,,,,WEAR AURA OFFICIAL Women Kurta Pant Set,WEAR AURA OFFICIAL,,,,,,
,,,,,,,WEAR AURA OFFICIAL Women Kurta Pant Set,WEAR AURA OFFICIAL,,,,,,
,,,,,,,WEAR AURA OFFICIAL Women Kurta Pant Dupatta Set,WEAR AURA OFFICIAL,,,,,,
,,,,,,,WEARAURA Women Kurta Palazzo Dupatta Set,WEARAURA,,,,,,
,,,,,,,WEARAURA Women Kurta Palazzo Dupatta Set,WEARAURA,,,,,,
,,,,,,,WEAR AURA OFFICIAL Women Kurta Pant Dupatta Set,WEAR AURA OFFICIAL,,,,,,
,,,,,,,WEAR AURA OFFICIAL Women Kurta Pant Dupatta Set,WEAR AURA OFFICIAL,,,,,,
,,,,,,,WEAR AURA OFFICIAL Women Kurta Pant Dupatta Set,WEAR AURA OFFICIAL,,,,,,
1230,369bc57edf21416a,HBCERAMIC,No,silver,2025-09-06,2025-09-15,Closter Handcrafted Ceramic Coffee – Orange & Brown Marble Glaze Finish Ceramic Coffee Mug (155 ml),Closter,Possibly a Brand,The Earthy Store,+919837994291,+919319096091,hbceramic786@gmail.com,hbceramic786@gmail.com
,,,,,,,"Closter Pack of 1 Ceramic (Multicolor, Cup and Saucer Set)",Closter,,,,,,
,,,,,,,Closter Pink mug with heart design Ceramic Coffee Mug (150 ml),Closter,,,,,,
,,,,,,,"The Earthy Store Floral Print, Striped Daily Wear Georgette Saree (Pack of 2, Black, Multicolor)",The Earthy Store,,,,,,
,,,,,,,"The Earthy Store Floral Print Daily Wear Georgette Saree (Pack of 2, Yellow, White, Multicolor)",The Earthy Store,,,,,,
,,,,,,,"The Earthy Store Floral Print, Striped Daily Wear Georgette Saree (Pack of 2, Black, Multicolor)",The Earthy Store,,,,,,
,,,,,,,"The Earthy Store Paisley, Floral Print Daily Wear Georgette Saree (Pack of 2, Pink, Dark Blue, Multicolor)",The Earthy Store,,,,,,
,,,,,,,"The Earthy Store Paisley, Floral Print Daily Wear Georgette Saree (Pack of 2, Red, Yellow, Multicolor)",The Earthy Store,,,,,,
,,,,,,,"The Earthy Store Floral Print Daily Wear Georgette Saree (Pack of 2, Yellow, White, Multicolor)",The Earthy Store,,,,,,
,,,,,,,"The Earthy Store Floral Print, Striped Daily Wear Georgette Saree (Pack of 2, Pink, Multicolor)",The Earthy Store,,,,,,
,,,,,,,"The Earthy Store Floral Print Daily Wear Georgette Saree (Pack of 2, Yellow, White, Multicolor)",The Earthy Store,,,,,,
,,,,,,,"The Earthy Store Floral Print Daily Wear Georgette Saree (Pack of 2, Pink, Dark Blue, Multicolor)",The Earthy Store,,,,,,
,,,,,,,"The Earthy Store Floral Print Daily Wear Georgette Saree (Pack of 2, Yellow, White, Multicolor)",The Earthy Store,,,,,,
,,,,,,,"The Earthy Store Paisley, Floral Print Daily Wear Georgette Saree (Pack of 2, Pink, Dark Blue, Multicolor)",The Earthy Store,,,,,,
,,,,,,,"The Earthy Store Paisley, Floral Print Daily Wear Georgette Saree (Pack of 2, Pink, Dark Blue, Multicolor)",The Earthy Store,,,,,,
,,,,,,,"The Earthy Store Paisley, Floral Print Daily Wear Georgette Saree (Pack of 2, Red, Yellow, Multicolor)",The Earthy Store,,,,,,
,,,,,,,"The Earthy Store Floral Print Daily Wear Georgette Saree (Pack of 2, Yellow, White, Multicolor)",The Earthy Store,,,,,,
,,,,,,,"The Earthy Store Floral Print Daily Wear Georgette Saree (Pack of 2, Yellow, White, Multicolor)",The Earthy Store,,,,,,
,,,,,,,"The Earthy Store Floral Print, Striped Daily Wear Georgette Saree (Pack of 2, Pink, Multicolor)",The Earthy Store,,,,,,
,,,,,,,"The Earthy Store Floral Print Daily Wear Georgette Saree (Pack of 2, Yellow, White, Multicolor)",The Earthy Store,,,,,,
1231,a9c70e2702ea423c,DollyEthnic,No,silver,2026-02-20,2026-02-22,DollyEthnic Women Self Design Straight Kurta (White),DollyEthnic,Possibly a Brand,DollyEthnic,+919033270093,+919033270093,vijaycorporation2020@gmail.com,vijaycorporation2020@gmail.com
,,,,,,,DollyEthnic Women Kurti Pant Set,DollyEthnic,,,,,,
,,,,,,,DollyEthnic Women Kurti Pant Set,DollyEthnic,,,,,,
,,,,,,,DollyEthnic Women Kurti Pant Set,DollyEthnic,,,,,,
,,,,,,,DollyEthnic Women Kurti Pant Set,DollyEthnic,,,,,,
,,,,,,,"DollyEthnic Embroidered Kurta, Palazzo & Dupatta Set",DollyEthnic,,,,,,
,,,,,,,"DollyEthnic Embroidered Kurta, Palazzo & Dupatta Set",DollyEthnic,,,,,,
,,,,,,,DollyEthnic Regular Fit Women Maroon Trousers,DollyEthnic,,,,,,
,,,,,,,DollyEthnic Regular Fit Women Maroon Trousers,DollyEthnic,,,,,,
,,,,,,,"DollyEthnic Relaxed, Comfort Fit Women Cream Trousers",DollyEthnic,,,,,,
,,,,,,,DollyEthnic Regular Fit Women Maroon Trousers,DollyEthnic,,,,,,
,,,,,,,DollyEthnic Regular Fit Women Maroon Trousers,DollyEthnic,,,,,,
,,,,,,,DollyEthnic Regular Fit Women Maroon Trousers,DollyEthnic,,,,,,
,,,,,,,DollyEthic Straight Fit Women Cream Trousers,DollyEthic,,,,,,
,,,,,,,DollyEthnic Straight Fit Women White Trousers,DollyEthnic,,,,,,
,,,,,,,DollyEthnic Straight Fit Women White Trousers,DollyEthnic,,,,,,
,,,,,,,DollyEthnic Women Chikan Embroidery Straight Kurta (Beige),DollyEthnic,,,,,,
,,,,,,,"DollyEthnic Women Embroidered, Solid Straight Kurta (Yellow)",DollyEthnic,,,,,,
,,,,,,,DollyEthnic Flared Women Cream Trousers,DollyEthnic,,,,,,
,,,,,,,"DollyEthnic Printed Kurta, Churidar & Dupatta Set",DollyEthnic,,,,,,
1232,e40f5cbcf0614c4d,rekhavaishnav,No,silver,2026-06-26,2026-07-08,Flamora Women Kurta Pant Dupatta Set,Flamora,Possibly a Brand,Flamora,+917073392990,+917073392990,rekhaenterprises101@gmail.com,rekhaenterprises101@gmail.com
,,,,,,,Flamora Women Kurta Pant Set,Flamora,,,,,,
,,,,,,,Flamora Women Kurta Pant Dupatta Set,Flamora,,,,,,
,,,,,,,Flamora Women Kurta Pant Dupatta Set,Flamora,,,,,,
,,,,,,,Flamora Women Kurta Pant Set,Flamora,,,,,,
,,,,,,,Flamora Women Kurta Pant Dupatta Set,Flamora,,,,,,
,,,,,,,Flamora Women Kurta Pant Set,Flamora,,,,,,
,,,,,,,Flamora Women Kurta Pant Set,Flamora,,,,,,
,,,,,,,Flamora Women Kurta Pant Dupatta Set,Flamora,,,,,,
,,,,,,,Flamora Women Kurta Pant Dupatta Set,Flamora,,,,,,
,,,,,,,Flamora Women Kurta Pant Dupatta Set,Flamora,,,,,,
,,,,,,,Flamora Women Kurta Pant Dupatta Set,Flamora,,,,,,
,,,,,,,Flamora Women Kurta Pant Set,Flamora,,,,,,
,,,,,,,Flamora Women Kurta Pant Dupatta Set,Flamora,,,,,,
,,,,,,,Flamora Women Kurta Pant Set,Flamora,,,,,,
,,,,,,,Flamora Women Kurta Pant Set,Flamora,,,,,,
,,,,,,,Flamora Women Kurta Pant Dupatta Set,Flamora,,,,,,
,,,,,,,Flamora Women Kurta Pant Dupatta Set,Flamora,,,,,,
,,,,,,,Flamora Women Kurta Pant Set,Flamora,,,,,,
,,,,,,,Flamora Women Kurta Pant Dupatta Set,Flamora,,,,,,
1233,91d7f36e85f24915,INCITYSTYLE,Yes,silver,2022-11-26,2022-11-28,,,,,,,,
1234,4bc0e8e05c02475f,VAANITEXTILE,No,bronze,2022-02-08,2022-02-16,VAANITEXTILE Women Kurti Pant Dupatta Set,VAANITEXTILE,Possibly a Seller,,+919714040054,+919714040054,vtnx40054@gmail.com,vtnx40054@gmail.com
,,,,,,,VAANITEXTILE Women Kurti Pant Dupatta Set,VAANITEXTILE,,,,,,
,,,,,,,VAANITEXTILE Women Kurta Pant Dupatta Set,VAANITEXTILE,,,,,,
,,,,,,,VAANITEXTILE Women Kurta Pant Dupatta Set,VAANITEXTILE,,,,,,
,,,,,,,"Vaani Textile Embroidered Kurta, Trouser/Pant & Dupatta Set",Vaani Textile,,,,,,
,,,,,,,"Vaani Textile Embroidered Kurta, Trouser/Pant & Dupatta Set",Vaani Textile,,,,,,
,,,,,,,"Vaani Textile Embroidered Kurta, Trouser/Pant & Dupatta Set",Vaani Textile,,,,,,
,,,,,,,LOOK HER Women Kurta Pant Dupatta Set,LOOK HER,,,,,,
,,,,,,,Vaanitextiles Women Kurta Pant Dupatta Set,Vaanitextiles,,,,,,
,,,,,,,VAANITEXTILE Women Kurta Pant Dupatta Set,VAANITEXTILE,,,,,,
,,,,,,,Vaanitextiles Women Kurta Pant Dupatta Set,Vaanitextiles,,,,,,
,,,,,,,Vaanitextiles Women Kurti Pant Dupatta Set,Vaanitextiles,,,,,,
,,,,,,,Vaanitextiles Women Kurta Pant Dupatta Set,Vaanitextiles,,,,,,
,,,,,,,Vaanitextiles Women Kurta Pant Dupatta Set,Vaanitextiles,,,,,,
,,,,,,,Vaanitextiles Women Kurta Pant Dupatta Set,Vaanitextiles,,,,,,
,,,,,,,Vaanitextiles Women Kurta Pant Dupatta Set,Vaanitextiles,,,,,,
,,,,,,,"Vaani Textile Embroidered Kurta, Trouser/Pant & Dupatta Set",Vaani Textile,,,,,,
,,,,,,,"Vaani Textile Embroidered Kurta, Trouser/Pant & Dupatta Set",Vaani Textile,,,,,,
,,,,,,,"Vaani Textile Embroidered Kurta, Trouser/Pant & Dupatta Set",Vaani Textile,,,,,,
,,,,,,,"Vaani Textile Embroidered Kurta, Palazzo & Dupatta Set",Vaani Textile,,,,,,
1235,b22d428221b24c16,Aashishfashionn,No,silver,2024-06-16,2024-06-19,Aashish fashion Women Kurti Palazzo Set,Aashish fashion,Possibly a Seller,,+918058089901,+918058089901,aashishfashion16@gmail.com,aashishfashion16@gmail.com
,,,,,,,Aashish fashion Women Kurta and Pant Set,Aashish fashion,,,,,,
,,,,,,,Aashish fashion Women Kurta Pant Set,Aashish fashion,,,,,,
,,,,,,,"k fashion hub Printed Kurta, Palazzo & Dupatta Set",k fashion hub,,,,,,
,,,,,,,"k fashion hub Printed Kurta, Palazzo & Dupatta Set",k fashion hub,,,,,,
,,,,,,,Aashish fashion Women Printed A-line Kurta (Black),Aashish fashion,,,,,,
,,,,,,,Aanand collection Art Silk Polka Print Women Dupatta,Aanand collection,,,,,,
,,,,,,,"manan fashion Printed Kurta, Salwar & Dupatta Set",manan fashion,,,,,,
,,,,,,,AnjuShree Choice Women Kurta Palazzo Set,AnjuShree Choice,,,,,,
,,,,,,,Aashish fashion Women Embroidered A-line Kurta (Blue),Aashish fashion,,,,,,
,,,,,,,Aashishfashionn Women Kurta Pant Set,Aashishfashionn,,,,,,
,,,,,,,Aashish fashion Women Kurta Pant Set,Aashish fashion,,,,,,
,,,,,,,"Aashish fashion Women Kurta, Churidar & Dupatta Set",Aashish fashion,,,,,,
,,,,,,,Aashish fashion Women Kurti Palazzo Set,Aashish fashion,,,,,,
,,,,,,,Aashish fashion Women Kurta and Pant Set,Aashish fashion,,,,,,
,,,,,,,"Aashish fashion Women Printed Straight Kurta (Red, Black)",Aashish fashion,,,,,,
,,,,,,,Queenslifestyle Women Printed Straight Kurta (Multicolor),Queenslifestyle,,,,,,
,,,,,,,Aashishfashionn Women Kurta Pant Set,Aashishfashionn,,,,,,
,,,,,,,Aashishfashionn Women Kurta Pant Set,Aashishfashionn,,,,,,
,,,,,,,"Aashish fashion Casual Floral Print, Printed Women Pink, Blue Top",Aashish fashion,,,,,,
1236,51a58215a5da4341,Riwaayat0Ethnic,No,silver,2026-04-14,2026-04-23,,,Possibly a Seller,,+917622848410,+917622848410,skyfab48@gmail.com,skyfab48@gmail.com
1237,49efc1a2cd7f4b40,READYFORONLINE,Yes,silver,2022-02-03,2022-02-05,,,,,,,,
1238,b1d5d032da824b3f,Drapixa,No,silver,2026-04-24,2026-04-27,Drapixa Women Kurti and Salwar Set,Drapixa,Possibly a Brand,Drapixa,+919909150386,+919909150386,info.devangenterprise@gmail.com,info.devangenterprise@gmail.com
,,,,,,,Drapixa Women Kurti and Salwar Set,Drapixa,,,,,,
,,,,,,,Drapixa Women Kurti and Salwar Set,Drapixa,,,,,,
,,,,,,,Drapixa Women Kurti and Salwar Set,Drapixa,,,,,,
,,,,,,,Drapixa Women Kurti and Salwar Set,Drapixa,,,,,,
,,,,,,,Drapixa Women Kurti and Salwar Set,Drapixa,,,,,,
,,,,,,,Drapixa Women Kurti and Salwar Set,Drapixa,,,,,,
,,,,,,,Drapixa Women Kurti and Salwar Set,Drapixa,,,,,,
,,,,,,,Drapixa Women Kurti and Salwar Set,Drapixa,,,,,,
,,,,,,,Drapixa Women Kurti and Salwar Set,Drapixa,,,,,,
,,,,,,,Drapixa Women Kurti and Salwar Set,Drapixa,,,,,,
,,,,,,,Drapixa Women Kurti and Salwar Set,Drapixa,,,,,,
,,,,,,,Drapixa Women Kurti and Salwar Set,Drapixa,,,,,,
,,,,,,,Drapixa Women Kurti and Salwar Set,Drapixa,,,,,,
,,,,,,,Drapixa Women Kurti and Salwar Set,Drapixa,,,,,,
,,,,,,,Drapixa Women Kurti and Salwar Set,Drapixa,,,,,,
,,,,,,,Drapixa Women Kurti and Salwar Set,Drapixa,,,,,,
,,,,,,,Drapixa Women Kurti and Salwar Set,Drapixa,,,,,,
,,,,,,,Drapixa Women Kurti and Salwar Set,Drapixa,,,,,,
,,,,,,,Drapixa Women Kurti and Salwar Set,Drapixa,,,,,,
1239,ab54d1effe1a406e,BADRIKAFASHION,Yes,gold,2022-06-08,2022-06-10,,,,,,,,
1240,bc18ba5d16cb4ae5,DREAMSEXY,No,bronze,2025-11-20,2025-12-25,DREAM XX FASHION Solid Women Brown Track Pants,DREAM XX FASHION,Possibly a Brand,DREAM XX FASHION,+917065676295,+917065676295,dreamindia0786@gmail.com,dreamindia0786@gmail.com
,,,,,,,DREAM XX FASHION Solid Women Red Track Pants,DREAM XX FASHION,,,,,,
,,,,,,,DREAM XX FASHION Colorblock Women Black Track Pants,DREAM XX FASHION,,,,,,
,,,,,,,DREAM XX FASHION Colorblock Women Black Track Pants,DREAM XX FASHION,,,,,,
,,,,,,,DREAM XX FASHION Colorblock Women Black Track Pants,DREAM XX FASHION,,,,,,
,,,,,,,DREAM XX FASHION Colorblock Women Maroon Track Pants,DREAM XX FASHION,,,,,,
,,,,,,,DREAM XX FASHION Colorblock Women Blue Track Pants,DREAM XX FASHION,,,,,,
,,,,,,,DREAM XX FASHION Striped Women Black Track Pants,DREAM XX FASHION,,,,,,
,,,,,,,DREAM XX FASHION Lingerie Set,DREAM XX FASHION,,,,,,
,,,,,,,DREAM XX FASHION Lingerie Set,DREAM XX FASHION,,,,,,
,,,,,,,DREAM XX FASHION Indi Women Pyjama,DREAM XX FASHION,,,,,,
,,,,,,,DREAM XX FASHION Lingerie Set,DREAM XX FASHION,,,,,,
,,,,,,,DREAM XX FASHION Lingerie Set,DREAM XX FASHION,,,,,,
,,,,,,,DREAM XX FASHION Lingerie Set,DREAM XX FASHION,,,,,,
,,,,,,,"DREAM XX FASHION Printed, Striped Women Blue Track Pants",DREAM XX FASHION,,,,,,
,,,,,,,DREAM XX FASHION Lingerie Set,DREAM XX FASHION,,,,,,
,,,,,,,DREAM XX FASHION Lingerie Set,DREAM XX FASHION,,,,,,
,,,,,,,DREAM XX FASHION Women Triangle Bikini Set | Tie-Up Halter Neck Bra with Side Tie Bikini Bottom Solid Women Swimsuit,DREAM XX FASHION,,,,,,
,,,,,,,DREAM XX FASHION Lingerie Set,DREAM XX FASHION,,,,,,
,,,,,,,DREAM XX FASHION Striped Women Maroon Track Pants,DREAM XX FASHION,,,,,,
1241,f11d13dbd9554648,XYRO,No,bronze,2021-05-26,2021-09-02,XYRO Lingerie Set,XYRO,Possibly a Brand,XYRO,+919810687521,+919810687521,jpstradex@gmail.com,jpstradex@gmail.com
,,,,,,,XYRO Lingerie Set,XYRO,,,,,,
,,,,,,,XYRO Lingerie Set,XYRO,,,,,,
,,,,,,,XYRO Lingerie Set,XYRO,,,,,,
,,,,,,,XYRO Lingerie Set,XYRO,,,,,,
,,,,,,,XYRO Lingerie Set,XYRO,,,,,,
,,,,,,,XYRO Lingerie Set,XYRO,,,,,,
,,,,,,,XYRO Lingerie Set,XYRO,,,,,,
,,,,,,,XYRO Lingerie Set,XYRO,,,,,,
,,,,,,,XYRO Lingerie Set,XYRO,,,,,,
,,,,,,,XYRO Lingerie Set,XYRO,,,,,,
,,,,,,,XYRO Lingerie Set,XYRO,,,,,,
,,,,,,,XYRO Lingerie Set,XYRO,,,,,,
,,,,,,,XYRO Lingerie Set,XYRO,,,,,,
,,,,,,,XYRO Lingerie Set,XYRO,,,,,,
,,,,,,,XYRO Lingerie Set,XYRO,,,,,,
,,,,,,,XYRO Lingerie Set,XYRO,,,,,,
,,,,,,,XYRO Lingerie Set,XYRO,,,,,,
,,,,,,,XYRO Lingerie Set,XYRO,,,,,,
,,,,,,,XYRO Lingerie Set,XYRO,,,,,,
1242,7a252fa7b93c4936,HANDY ENTERPRISE,No,silver,2018-07-18,2018-07-22,Honey Bae Lingerie Set,Honey Bae,Possibly a Brand,Honey Bae,+919586310796,+919586310796,hbgajera555@gmail.com,hbgajera555@gmail.com
,,,,,,,Honey Bae Lingerie Set,Honey Bae,,,,,,
,,,,,,,Honey Bae Lingerie Set,Honey Bae,,,,,,
,,,,,,,Honey Bae Lingerie Set,Honey Bae,,,,,,
,,,,,,,Honey Bae Lingerie Set,Honey Bae,,,,,,
,,,,,,,Honey Bae Lingerie Set,Honey Bae,,,,,,
,,,,,,,Honey Bae Lingerie Set,Honey Bae,,,,,,
,,,,,,,Honey Bae Lingerie Set,Honey Bae,,,,,,
,,,,,,,Honey Bae Lingerie Set,Honey Bae,,,,,,
,,,,,,,Honey Bae Lingerie Set,Honey Bae,,,,,,
,,,,,,,Honey Bae Lingerie Set,Honey Bae,,,,,,
,,,,,,,Honey Bae Lingerie Set,Honey Bae,,,,,,
,,,,,,,Honey Bae Lingerie Set,Honey Bae,,,,,,
,,,,,,,Honey Bae Lingerie Set,Honey Bae,,,,,,
,,,,,,,Honey Bae Lingerie Set,Honey Bae,,,,,,
,,,,,,,Honey Bae Lingerie Set,Honey Bae,,,,,,
,,,,,,,Honey Bae Lingerie Set,Honey Bae,,,,,,
,,,,,,,Grabston Lingerie Set,Grabston,,,,,,
,,,,,,,Honey Bae Lingerie Set,Honey Bae,,,,,,
,,,,,,,Honey Bae Lingerie Set,Honey Bae,,,,,,
1243,4a633cedd5a1477a,kinzasoft,No,bronze,2022-08-19,2022-08-22,KINZA SOFT Ewely Women Sports Non Padded Bra (Multicolor),KINZA SOFT,Possibly a Brand,KINZA SOFT,+919818503227,+919818503227,akenterprises3310@gmail.com,akenterprises3310@gmail.com
,,,,,,,KINZA SOFT Ewely Women Sports Non Padded Bra (Multicolor),KINZA SOFT,,,,,,
,,,,,,,KINZA SOFT LOONA Women Push-up Non Padded Bra (Orange),KINZA SOFT,,,,,,
,,,,,,,KINZA SOFT LOONA Women Sports Non Padded Bra (Multicolor),KINZA SOFT,,,,,,
,,,,,,,"KINZA SOFT LOONA Women Sports Non Padded Bra (Dark Green, Black, Pink)",KINZA SOFT,,,,,,
,,,,,,,KINZA SOFT Ewely Women Sports Non Padded Bra (Multicolor),KINZA SOFT,,,,,,
,,,,,,,"KINZA SOFT Fabric Bra Straps (Black, Pink, White, Pack of 32)",KINZA SOFT,,,,,,
,,,,,,,"KINZA SOFT Fabric Bra Straps (Black, Pink, White, Pack of 38)",KINZA SOFT,,,,,,
,,,,,,,"KINZA SOFT Women Disposable Red, Green, Dark Blue Panty (Pack of 3)",KINZA SOFT,,,,,,
,,,,,,,KINZA SOFT Reena sporty Women Sports Non Padded Bra (Multicolor),KINZA SOFT,,,,,,
,,,,,,,KINZA SOFT Lingerie Set,KINZA SOFT,,,,,,
,,,,,,,KINZA SOFT Reena sporty Women Sports Non Padded Bra (Multicolor),KINZA SOFT,,,,,,
,,,,,,,KINZA SOFT Lingerie Set,KINZA SOFT,,,,,,
,,,,,,,KINZA SOFT Lingerie Set,KINZA SOFT,,,,,,
,,,,,,,KINZA SOFT Lingerie Set,KINZA SOFT,,,,,,
,,,,,,,KINZA SOFT Lingerie Set,KINZA SOFT,,,,,,
,,,,,,,KINZA SOFT Lingerie Set,KINZA SOFT,,,,,,
,,,,,,,KINZA SOFT Lingerie Set,KINZA SOFT,,,,,,
,,,,,,,KINZA SOFT Lingerie Set,KINZA SOFT,,,,,,
,,,,,,,KINZA SOFT Lingerie Set,KINZA SOFT,,,,,,
1244,5e095417820d411d,AviTradersDelhi,No,silver,2024-01-26,2024-01-26,Hey Sinamika Shapewear Set (32B),Hey Sinamika,Possibly a Seller,,+917678565995,+917678565995,komalgupta643@gmail.com,komalgupta643@gmail.com
,,,,,,,Sheeba Beauty Bra & Panty Set (38B),Sheeba Beauty,,,,,,
,,,,,,,Sheeba Beauty Bra & Panty Set (32A),Sheeba Beauty,,,,,,
,,,,,,,Loureedia Bra & Panty Set (32),Loureedia,,,,,,
,,,,,,,Loureedia Bra & Panty Set (36),Loureedia,,,,,,
,,,,,,,Loureedia Bra & Panty Set (38),Loureedia,,,,,,
,,,,,,,Avi Traders Women Periods Multicolor Panty (Pack of 3),Avi Traders,,,,,,
,,,,,,,AVI TRADERS Lingerie Set,AVI TRADERS,,,,,,
,,,,,,,Hey Sinamika Shapewear Set (28B),Hey Sinamika,,,,,,
,,,,,,,Sheeba Beauty Bra & Panty Set (40A),Sheeba Beauty,,,,,,
,,,,,,,Culotte Women Hipster Multicolor Panty,Culotte,,,,,,
,,,,,,,Culotte Women Hipster Multicolor Panty,Culotte,,,,,,
,,,,,,,AVI TRADERS Lingerie Set,AVI TRADERS,,,,,,
,,,,,,,AVI TRADERS Lingerie Set,AVI TRADERS,,,,,,
,,,,,,,Sheeba Beauty Bra & Panty Set (28A),Sheeba Beauty,,,,,,
,,,,,,,AVI TRADERS Lingerie Set,AVI TRADERS,,,,,,
,,,,,,,Culotte Women Hipster Multicolor Panty,Culotte,,,,,,
,,,,,,,AVI TRADERS Lingerie Set,AVI TRADERS,,,,,,
,,,,,,,AVI TRADERS Lingerie Set,AVI TRADERS,,,,,,
,,,,,,,AVI TRADERS Lingerie Set,AVI TRADERS,,,,,,
1245,154ca9ded6f64f88,MARKSANDSPENCER,Yes,silver,2022-06-16,2022-07-01,,,,,,,,
1246,3bb5b7026da14412,AdikarJewellery,No,silver,2026-06-02,2026-06-05,Adikar Lingerie Set,Adikar,Possibly a Brand,Adikar,+919319302055,+919319302055,kkenterprises.qualityisfirst@gmail.com,kkenterprises.qualityisfirst@gmail.com
,,,,,,,Adikar Women Hipster Multicolor Panty,Adikar,,,,,,
,,,,,,,Adikar Lingerie Set,Adikar,,,,,,
,,,,,,,Adikar Women Hipster Multicolor Panty,Adikar,,,,,,
,,,,,,,Adikar Lingerie Set,Adikar,,,,,,
,,,,,,,Adikar Women Hipster Multicolor Panty,Adikar,,,,,,
,,,,,,,Adikar Lingerie Set,Adikar,,,,,,
,,,,,,,Adikar Lingerie Set,Adikar,,,,,,
,,,,,,,Adikar Women Hipster Multicolor Panty,Adikar,,,,,,
,,,,,,,Adikar Women Hipster Multicolor Panty,Adikar,,,,,,
,,,,,,,Adikar Women Sports Non Padded Bra (Red),Adikar,,,,,,
,,,,,,,Adikar Women Hipster Multicolor Panty,Adikar,,,,,,
,,,,,,,Adikar Women Hipster Multicolor Panty,Adikar,,,,,,
,,,,,,,Adikar Lingerie Set,Adikar,,,,,,
,,,,,,,Adikar Women Hipster Multicolor Panty,Adikar,,,,,,
,,,,,,,Adikar Lingerie Set,Adikar,,,,,,
,,,,,,,Adikar Women Full Coverage Non Padded Bra (Multicolor),Adikar,,,,,,
,,,,,,,Adikar Lingerie Set,Adikar,,,,,,
,,,,,,,Adikar Women Hipster Multicolor Panty,Adikar,,,,,,
,,,,,,,Adikar Women Hipster Multicolor Panty,Adikar,,,,,,
1247,b7efb4efbca44377,BHAVYA11,No,bronze,2025-10-25,2025-10-27,TARUPREET Women Everyday Non Padded Bra (Black),TARUPREET,Possibly a Brand,TARUPREET,+919625855295,+919625855295,Tradersbhavya57@gmail.com,Tradersbhavya57@gmail.com
,,,,,,,"TARUPREET Women Balconette Lightly Padded Bra (Brown, Red, White)",TARUPREET,,,,,,
,,,,,,,PROOT Women Everyday Non Padded Bra (Black),PROOT,,,,,,
,,,,,,,PROOT Women Everyday Non Padded Bra (Black),PROOT,,,,,,
,,,,,,,"TARUPREET Women Balconette Lightly Padded Bra (Beige, Pink)",TARUPREET,,,,,,
,,,,,,,TARUPREET Women Balconette Lightly Padded Bra (Pink),TARUPREET,,,,,,
,,,,,,,TARUPREET Women Balconette Lightly Padded Bra (White),TARUPREET,,,,,,
,,,,,,,"TARUPREET Women Balconette Lightly Padded Bra (Blue, Black, Light Green)",TARUPREET,,,,,,
,,,,,,,"TARUPREET Women Balconette Non Padded Bra (White, Blue, Pink)",TARUPREET,,,,,,
,,,,,,,TANUPREET Women Balconette Non Padded Bra (Pink),TANUPREET,,,,,,
,,,,,,,TARUPREET Women Balconette Lightly Padded Bra (Red),TARUPREET,,,,,,
,,,,,,,TARUPREET Women Maternity/Nursing Non Padded Bra (Green),TARUPREET,,,,,,
,,,,,,,TANUPREET Women Balconette Non Padded Bra (Maroon),TANUPREET,,,,,,
,,,,,,,PROOT Women Balconette Non Padded Bra (Green),PROOT,,,,,,
,,,,,,,TARUPREET Women Balconette Non Padded Bra (Pink),TARUPREET,,,,,,
,,,,,,,TARUPREET Women Balconette Non Padded Bra (Black),TARUPREET,,,,,,
,,,,,,,"TARUPREET Women Balconette Lightly Padded Bra (Beige, Black, Light Green)",TARUPREET,,,,,,
,,,,,,,TARUPREET Women Balconette Lightly Padded Bra (Blue),TARUPREET,,,,,,
,,,,,,,TARUPREET Women Balconette Lightly Padded Bra (Multicolor),TARUPREET,,,,,,
,,,,,,,"TARUPREET Women Balconette Lightly Padded Bra (Blue, Beige)",TARUPREET,,,,,,
1248,2effc7aad5454c5d,SILKENABEAUTY,No,silver,2026-05-01,2026-05-04,"SILKENA BEAUTY Women Bikini Pink, Beige, Blue Panty",SILKENA BEAUTY,Possibly a Brand,SILKENA BEAUTY,+919211841296,+919211841296,yuvrajenterprises1505@gmail.com,yuvrajenterprises1505@gmail.com
,,,,,,,"SILKENA BEAUTY Women Hipster Black, Yellow, Dark Blue Panty",SILKENA BEAUTY,,,,,,
,,,,,,,"SILKENA BEAUTY Women Bikini Pink, Black, Red Panty",SILKENA BEAUTY,,,,,,
,,,,,,,"SILKENA BEAUTY Women Thong Blue, Orange, Yellow Panty",SILKENA BEAUTY,,,,,,
,,,,,,,"SILKENA BEAUTY Women Hipster Black, Yellow, Dark Blue Panty",SILKENA BEAUTY,,,,,,
,,,,,,,"SILKENA BEAUTY Women Thong Blue, Black, White Panty",SILKENA BEAUTY,,,,,,
,,,,,,,"SILKENA BEAUTY Women Thong Blue, Black, White Panty",SILKENA BEAUTY,,,,,,
,,,,,,,"SILKENA BEAUTY Women Thong Beige, Black, Green Panty",SILKENA BEAUTY,,,,,,
,,,,,,,"SILKENA BEAUTY Women Bikini Pink, Beige, Blue Panty",SILKENA BEAUTY,,,,,,
,,,,,,,"SILKENA BEAUTY Women Thong Grey, Light Blue, Pink Panty",SILKENA BEAUTY,,,,,,
,,,,,,,"SILKENA BEAUTY Women Thong Beige, Black, Green Panty",SILKENA BEAUTY,,,,,,
,,,,,,,"SILKENA BEAUTY Women Thong Beige, Black, Green Panty",SILKENA BEAUTY,,,,,,
,,,,,,,"SILKENA BEAUTY Women Thong Pink, Grey, Light Blue Panty",SILKENA BEAUTY,,,,,,
,,,,,,,"SILKENA BEAUTY Women Bikini Beige, Black, Dark Green Panty",SILKENA BEAUTY,,,,,,
,,,,,,,"SILKENABEAUTY Non Wired Scallop Edge Padded Demi Bra With Adjustable Straps Women T-Shirt Lightly Padded Bra (Brown, White)",SILKENABEAUTY,,,,,,
,,,,,,,SILKENABEAUTY Lingerie Set,SILKENABEAUTY,,,,,,
,,,,,,,"SILKENABEAUTY Non Wired Scallop Edge Padded Demi Bra With Adjustable Straps Women T-Shirt Lightly Padded Bra (Brown, White)",SILKENABEAUTY,,,,,,
,,,,,,,SILKENABEAUTY Net Fabric Babydoll,SILKENABEAUTY,,,,,,
,,,,,,,SILKENABEAUTY Net Fabric Babydoll,SILKENABEAUTY,,,,,,
,,,,,,,SILKENABEAUTY Net Fabric Babydoll,SILKENABEAUTY,,,,,,
1249,b66538ab4a3d4126,SHERAWAT,No,silver,2021-07-23,2021-07-24,"Sherawat Women Hipster Brown, Light Blue Panty",Sherawat,Possibly a Brand,Sherawat,+919457173434,+919457173434,priyankakamalbrand@gmail.com,priyankakamalbrand@gmail.com
,,,,,,,"Sherawat Women Hipster Beige, Purple Panty",Sherawat,,,,,,
,,,,,,,Sherawat Women Hipster Multicolor Panty,Sherawat,,,,,,
,,,,,,,"Sherawat Women Hipster Grey, Light Blue Panty",Sherawat,,,,,,
,,,,,,,Sherawat Women Hipster Multicolor Panty,Sherawat,,,,,,
,,,,,,,"Sherawat Women Hipster Light Green, Maroon Panty",Sherawat,,,,,,
,,,,,,,"Sherawat Women Hipster Light Green, Pink Panty",Sherawat,,,,,,
,,,,,,,Sherawat Women Hipster Multicolor Panty,Sherawat,,,,,,
,,,,,,,Sherawaat Women Hipster Multicolor Panty,Sherawaat,,,,,,
,,,,,,,Sherawaat Women Hipster Multicolor Panty,Sherawaat,,,,,,
,,,,,,,"Sherawat Women Hipster Maroon, Grey Panty",Sherawat,,,,,,
,,,,,,,Sherawat Women Hipster Multicolor Panty,Sherawat,,,,,,
,,,,,,,Sherawat Women Hipster Multicolor Panty,Sherawat,,,,,,
,,,,,,,"Sherawat Women Hipster Blue, Blue Panty",Sherawat,,,,,,
,,,,,,,Sherawaat Women Bikini Multicolor Panty,Sherawaat,,,,,,
,,,,,,,Sherawat Women Hipster Purple Panty,Sherawat,,,,,,
,,,,,,,Sherawat Women Hipster Multicolor Panty,Sherawat,,,,,,
,,,,,,,Sherawaat Women Hipster Multicolor Panty,Sherawaat,,,,,,
,,,,,,,Sherawaat Women Hipster Multicolor Panty,Sherawaat,,,,,,
,,,,,,,"Sherawat Women Hipster Brown, Maroon Panty",Sherawat,,,,,,
1250,588f638a0c6e41b2,NaughtyFitFashions,Yes,gold,2025-07-23,2025-07-25,,,,,,,,
1251,a2c0797c8fd444ff,CURVZEX,No,silver,2022-07-16,2022-08-03,CURVZEX Lingerie Set,CURVZEX,Possibly a Brand,CURVZEX,+919716362660,+919716362660,curvzeenterprises@gmail.com,curvzeenterprises@gmail.com
,,,,,,,CURVZEX Lingerie Set,CURVZEX,,,,,,
,,,,,,,"CURVZEX pack of 3 Women Sports Non Padded Bra (Pink, Blue, Green)",CURVZEX,,,,,,
,,,,,,,CURVZEX Lingerie Set,CURVZEX,,,,,,
,,,,,,,CURVZEX Lingerie Set,CURVZEX,,,,,,
,,,,,,,"CURVZEX pack of 3 Women Sports Non Padded Bra (Green, Pink, Blue)",CURVZEX,,,,,,
,,,,,,,"CURVZEX pack of 3 Women Sports Non Padded Bra (Pink, Blue, Green)",CURVZEX,,,,,,
,,,,,,,CURVZEX Lingerie Set,CURVZEX,,,,,,
,,,,,,,CURVZEX Lingerie Set,CURVZEX,,,,,,
,,,,,,,CURVZEX Lingerie Set,CURVZEX,,,,,,
,,,,,,,CURVZEX Lingerie Set,CURVZEX,,,,,,
,,,,,,,"CURVZEX pack of 3 Women Sports Non Padded Bra (Pink, Blue, Green)",CURVZEX,,,,,,
,,,,,,,CURVZEX Lingerie Set,CURVZEX,,,,,,
,,,,,,,"CURVZEX pack of 3 Women Sports Non Padded Bra (Pink, Blue, Green)",CURVZEX,,,,,,
,,,,,,,"CURVZEX pack of 3 Women Sports Non Padded Bra (Pink, Blue, Green)",CURVZEX,,,,,,
,,,,,,,"CURVZEX Pack of 3 Women Sports Non Padded Bra (Green, Blue, Pink)",CURVZEX,,,,,,
,,,,,,,CURVZEX Lingerie Set,CURVZEX,,,,,,
,,,,,,,"CURVZEX Pack of 3 Women Sports Non Padded Bra (Green, Blue, Pink)",CURVZEX,,,,,,
,,,,,,,"CURVZEX pack of 3 Women Sports Non Padded Bra (Pink, Blue, Green)",CURVZEX,,,,,,
,,,,,,,CURVZEX Lingerie Set,CURVZEX,,,,,,
1252,e7df834c42b84c3d,MAHALAXMISALESS,Yes,silver,2025-07-27,2025-07-28,,,,,,,,
1253,d8f649df47c04273,Cartfusion,Yes,gold,2023-10-06,2024-06-10,,,,,,,,
1254,4d76627a5ab1408a,PS Textile,No,bronze,2020-10-07,2020-10-12,"G BEAUTY Camisole For Girls (Multicolor, Pack of 1)",G BEAUTY,Possibly a Brand,G BEAUTY,+919707642305,+919707642305,kidstrend.781315@gmail.com,kidstrend.781315@gmail.com
,,,,,,,"G BEAUTY Camisole For Girls (Multicolor, Pack of 1)",G BEAUTY,,,,,,
,,,,,,,G BEAUTY Bra & Panty Set (40B),G BEAUTY,,,,,,
,,,,,,,G BEAUTY Bra & Panty Set (38B),G BEAUTY,,,,,,
,,,,,,,"G BEAUTY Camisole For Girls (Multicolor, Pack of 1)",G BEAUTY,,,,,,
,,,,,,,"G BEAUTY Camisole For Girls (Multicolor, Pack of 1)",G BEAUTY,,,,,,
,,,,,,,G BEAUTY Cotton Blend Brief (Pack of 5),G BEAUTY,,,,,,
,,,,,,,"G BEAUTY Camisole For Girls (Multicolor, Pack of 1)",G BEAUTY,,,,,,
,,,,,,,G Beauty Women Hipster Black Panty (Pack of 1),G Beauty,,,,,,
,,,,,,,"G BEAUTY Camisole For Girls (Multicolor, Pack of 1)",G BEAUTY,,,,,,
,,,,,,,"G BEAUTY Camisole For Girls (Multicolor, Pack of 1)",G BEAUTY,,,,,,
,,,,,,,G Beauty Women Hipster Black Panty (Pack of 1),G Beauty,,,,,,
,,,,,,,"G BEAUTY Camisole For Girls (Multicolor, Pack of 1)",G BEAUTY,,,,,,
,,,,,,,G Beauty Women Hipster Black Panty (Pack of 1),G Beauty,,,,,,
,,,,,,,"G BEAUTY Camisole For Girls (Multicolor, Pack of 1)",G BEAUTY,,,,,,
,,,,,,,"G BEAUTY Camisole For Girls (Multicolor, Pack of 1)",G BEAUTY,,,,,,
,,,,,,,G BEAUTY Bra & Panty Set (34A),G BEAUTY,,,,,,
,,,,,,,"G BEAUTY Camisole For Girls (Multicolor, Pack of 1)",G BEAUTY,,,,,,
,,,,,,,G Beauty Women Hipster Black Panty (Pack of 1),G Beauty,,,,,,
,,,,,,,G BEAUTY Bra & Panty Set (36),G BEAUTY,,,,,,
1255,59dcbe508c044b6b,PrivateLifes,Yes,gold,2015-08-01,2015-08-17,,,,,,,,
1256,f811b82480e44622,DummyBhavyaFK,No,bronze,2020-05-08,,,,Possibly a Seller,,+919811516127,+919811516127,bhavya.mahajan2020@gmail.com,bhavya.mahajan2020@gmail.com
1257,6315521ee738452b,LingeriesStore,No,silver,2021-03-01,2021-03-03,"Yana Women Sports Non Padded Bra (Red, Blue, Black)",Yana,Possibly a Brand,Zivosis,+919667040795,+919667040795,zivosist@gmail.com,zivosist@gmail.com
,,,,,,,Zivosis Bra & Panty Set (32),Zivosis,,,,,,
,,,,,,,Zivosis Bra & Panty Set (30),Zivosis,,,,,,
,,,,,,,Zivosis Bra & Panty Set (34),Zivosis,,,,,,
,,,,,,,Zivosis Bra & Panty Set (34B),Zivosis,,,,,,
,,,,,,,Zivosis Bra & Panty Set (34),Zivosis,,,,,,
,,,,,,,Zivosis Bra & Panty Set (36),Zivosis,,,,,,
,,,,,,,Zivosis Bra & Panty Set (36B),Zivosis,,,,,,
,,,,,,,Zivosis Bra & Panty Set (30),Zivosis,,,,,,
,,,,,,,"Zivosis Daily use everyday bra for girl and women for every occasion formal,Gym,party wear collage office ethnic Women Girls Sports Bra Combo Women Sports Non Padded Bra (Multicolor)",Zivosis,,,,,,
,,,,,,,Zivosis Bra & Panty Set (36),Zivosis,,,,,,
,,,,,,,Zivosis Bra & Panty Set (32),Zivosis,,,,,,
,,,,,,,Zivosis Bra & Panty Set (32),Zivosis,,,,,,
,,,,,,,"Zivosis Daily use everyday bra for girl and women for every occasion formal,Gym,party wear collage office ethnic Women Girls Sports Bra Combo Women Sports Non Padded Bra (Multicolor)",Zivosis,,,,,,
,,,,,,,Zivosis Bra & Panty Set (30),Zivosis,,,,,,
,,,,,,,Zivosis Bra & Panty Set (32),Zivosis,,,,,,
,,,,,,,"Zivosis Daily use everyday bra for girl and women for every occasion formal,Gym,party wear collage office ethnic Women Girls Sports Bra Combo Women Sports Non Padded Bra (Multicolor)",Zivosis,,,,,,
,,,,,,,Zivosis Bra & Panty Set (30),Zivosis,,,,,,
,,,,,,,Zivosis Lingerie Set,Zivosis,,,,,,
,,,,,,,Zivosis Bra & Panty Set (30),Zivosis,,,,,,
1258,p9426aqc1q6oxx1c,Aimee,No,silver,2014-06-19,2014-08-21,PHALIN Printed Babydoll,PHALIN,Possibly a Seller,,+919839213315,+919839213315,aimeetradesolutions@gmail.com,aimeetradesolutions@gmail.com
,,,,,,,"PHALIN Women Printed Brown, Black Top & Shorts Set",PHALIN,,,,,,
,,,,,,,"ROWENA Women Printed Brown, Black Top & Shorts Set",ROWENA,,,,,,
,,,,,,,"Boosah Women Printed Brown, Black Top & Shorts Set",Boosah,,,,,,
,,,,,,,Boosah Lingerie Set,Boosah,,,,,,
,,,,,,,"PHALIN Women Solid Maroon, Black Top & Shorts Set",PHALIN,,,,,,
,,,,,,,Boosah Lingerie Set,Boosah,,,,,,
,,,,,,,PHALIN Lingerie Set,PHALIN,,,,,,
,,,,,,,PHALIN Lingerie Set,PHALIN,,,,,,
,,,,,,,PHALIN Women Solid Maroon Top & Shorts Set,PHALIN,,,,,,
,,,,,,,Boosah Women Solid Red Top & Pyjama Set,Boosah,,,,,,
,,,,,,,PHALIN Printed Babydoll,PHALIN,,,,,,
,,,,,,,"ROWENA Women Printed Black, Red Top & Shorts Set",ROWENA,,,,,,
,,,,,,,PHALIN Printed Babydoll,PHALIN,,,,,,
,,,,,,,ROWENA Women Nighty (Purple),ROWENA,,,,,,
,,,,,,,PHALIN Lingerie Set,PHALIN,,,,,,
,,,,,,,"ROWENA Women Printed Black, Red Top & Shorts Set",ROWENA,,,,,,
,,,,,,,PHALIN Solid Babydoll,PHALIN,,,,,,
,,,,,,,Phalin Women Solid Pink,Phalin,,,,,,
,,,,,,,Boosah Women Solid Red Top & Pyjama Set,Boosah,,,,,,
1259,fedb0c2c11aa4566,prishusales,No,silver,2019-03-30,2019-06-24,Fihana Solid Babydoll,Fihana,Possibly a Brand,Fihana,+919210865562,+919210865562,prishasales041118@gmail.com,prishasales041118@gmail.com
,,,,,,,Fihana Solid Babydoll,Fihana,,,,,,
,,,,,,,Fihana Solid Babydoll,Fihana,,,,,,
,,,,,,,Fihana Solid Babydoll,Fihana,,,,,,
,,,,,,,Fihana Solid Babydoll,Fihana,,,,,,
,,,,,,,Fihana Solid Babydoll,Fihana,,,,,,
,,,,,,,Fihana Solid Babydoll,Fihana,,,,,,
,,,,,,,Fihana Solid Babydoll,Fihana,,,,,,
,,,,,,,Fihana Solid Babydoll,Fihana,,,,,,
,,,,,,,Fihana Solid Babydoll,Fihana,,,,,,
,,,,,,,Fihana Solid Babydoll,Fihana,,,,,,
,,,,,,,Fihana Solid Babydoll,Fihana,,,,,,
,,,,,,,Fihana Solid Babydoll,Fihana,,,,,,
,,,,,,,Fihana Solid Babydoll,Fihana,,,,,,
,,,,,,,Fihana Solid Babydoll,Fihana,,,,,,
,,,,,,,Fihana Solid Babydoll,Fihana,,,,,,
,,,,,,,Fihana Embroidered Babydoll,Fihana,,,,,,
,,,,,,,Fihana Lingerie Set,Fihana,,,,,,
,,,,,,,Fihana Solid Babydoll,Fihana,,,,,,
,,,,,,,Fihana Solid Babydoll,Fihana,,,,,,
1260,938eb0a00c2b422f,AnasAlamAnsari,No,silver,2024-05-07,2024-05-14,LSE Lingerie Set,LSE,Possibly a Brand,LSE,+917982078766,+917982078766,Anasalamansari910@gmail.com,Anasalamansari910@gmail.com
,,,,,,,LSE Attitude-3-Combo Women Everyday Non Padded Bra (Multicolor),LSE,,,,,,
,,,,,,,LSE Lingerie Set,LSE,,,,,,
,,,,,,,LSE Lingerie Set,LSE,,,,,,
,,,,,,,LSE Lingerie Set,LSE,,,,,,
,,,,,,,LSE Lingerie Set,LSE,,,,,,
,,,,,,,LSE Lingerie Set,LSE,,,,,,
,,,,,,,LSE Lingerie Set,LSE,,,,,,
,,,,,,,LSE Lingerie Set,LSE,,,,,,
,,,,,,,LSE Women Disposable Multicolor Panty,LSE,,,,,,
,,,,,,,LSE Women Disposable Multicolor Panty,LSE,,,,,,
,,,,,,,LSE Women Non Padded Non-wired Every Day Bra Women Full Coverage Non Padded Bra (Purple),LSE,,,,,,
,,,,,,,LSE Women Non Padded Non-wired Every Day Bra Women Full Coverage Non Padded Bra (Yellow),LSE,,,,,,
,,,,,,,LSE Women Non Padded Non-wired Every Day Bra Women Full Coverage Non Padded Bra (Red),LSE,,,,,,
,,,,,,,LSE Women Non Padded Non-wired Every Day Bra Women Full Coverage Non Padded Bra (Red),LSE,,,,,,
,,,,,,,LSE Lingerie Set,LSE,,,,,,
,,,,,,,LSE Lingerie Set,LSE,,,,,,
,,,,,,,LSE Lingerie Set,LSE,,,,,,
,,,,,,,LSE Lingerie Set,LSE,,,,,,
,,,,,,,LSE Lingerie Set,LSE,,,,,,
1261,06f4a13dd97d4ebd,AAMARSH,No,bronze,2022-03-29,2022-04-04,aamarsh Women Hipster Multicolor Panty,aamarsh,Possibly a Seller,,+919910684160,+919910684160,care.adiprabhu@gmail.com,care.adiprabhu@gmail.com
,,,,,,,Aamarsh Net Fabric Babydoll,Aamarsh,,,,,,
,,,,,,,aamarsh Lingerie Set,aamarsh,,,,,,
,,,,,,,Aamarsh Net Fabric Babydoll,Aamarsh,,,,,,
,,,,,,,Aamarsh Net Fabric Babydoll,Aamarsh,,,,,,
,,,,,,,aamarsh Self Design Babydoll,aamarsh,,,,,,
,,,,,,,aamarsh Self Design Babydoll,aamarsh,,,,,,
,,,,,,,aamarsh Women Hipster Multicolor Panty,aamarsh,,,,,,
,,,,,,,aamarsh Women Hipster Multicolor Panty,aamarsh,,,,,,
,,,,,,,aamarsh Lingerie Set,aamarsh,,,,,,
,,,,,,,Aamarsh Net Fabric Babydoll,Aamarsh,,,,,,
,,,,,,,aamarsh Lingerie Set,aamarsh,,,,,,
,,,,,,,aamarsh Women Hipster Multicolor Panty,aamarsh,,,,,,
,,,,,,,Aamarsh Bra & Panty Set (30),Aamarsh,,,,,,
,,,,,,,Aamarsh Bra & Panty Set (40),Aamarsh,,,,,,
,,,,,,,Aamarsh Bra & Panty Set (38),Aamarsh,,,,,,
,,,,,,,aamarsh Women Hipster Blue Panty,aamarsh,,,,,,
,,,,,,,aamarsh Self Design Babydoll,aamarsh,,,,,,
,,,,,,,Aamarsh Bra & Panty Set (34),Aamarsh,,,,,,
,,,,,,,Cup's-In Women Hipster Multicolor Panty,Cup's-In,,,,,,
1262,de8a36f16a304542,YanaLingeries,Yes,silver,2016-05-14,2016-06-01,,,,,,,,
1263,8b0142f3639a4b9a,IntimatesWorlds,No,silver,2017-05-13,2017-05-21,Yana Women Full Coverage Non Padded Bra (Multicolor),Yana,Possibly a Brand,Yana,+918287596181,+918287596181,letseeenterprise@gmail.com,letseeenterprise@gmail.com
,,,,,,,"Yana Women Sports Non Padded Bra (Red, Blue, Black)",Yana,,,,,,
,,,,,,,"Yana Women Sports Non Padded Bra (Red, Blue, Black)",Yana,,,,,,
,,,,,,,"Yana Women Sports Non Padded Bra (Red, Blue, Black)",Yana,,,,,,
,,,,,,,Sexy Bust Women Full Coverage Non Padded Bra (Multicolor),Sexy Bust,,,,,,
,,,,,,,Yana Bra & Panty Set (32),Yana,,,,,,
,,,,,,,Yana Lingerie Set,Yana,,,,,,
,,,,,,,"Yana Women Sports Non Padded Bra (Red, Blue, Black)",Yana,,,,,,
,,,,,,,Sexy Bust Women Full Coverage Non Padded Bra (Multicolor),Sexy Bust,,,,,,
,,,,,,,Yana Lingerie Set,Yana,,,,,,
,,,,,,,Yana Lingerie Set,Yana,,,,,,
,,,,,,,Yana Women Full Coverage Non Padded Bra (Multicolor),Yana,,,,,,
,,,,,,,Yana Lingerie Set,Yana,,,,,,
,,,,,,,Yana Women Full Coverage Non Padded Bra (Multicolor),Yana,,,,,,
,,,,,,,Yana Lingerie Set,Yana,,,,,,
,,,,,,,Yana Women Full Coverage Non Padded Bra (Multicolor),Yana,,,,,,
,,,,,,,Sexy Bust Women Full Coverage Non Padded Bra (Multicolor),Sexy Bust,,,,,,
,,,,,,,Yana Women Non Padded Bra (Multicolor),Yana,,,,,,
,,,,,,,Sexy Bust Women Full Coverage Non Padded Bra (Multicolor),Sexy Bust,,,,,,
,,,,,,,Sexy Bust Women Full Coverage Non Padded Bra (Multicolor),Sexy Bust,,,,,,
1264,c6d94f74dbbe44da,QUARCK,Yes,silver,2022-09-15,2022-09-16,,,,,,,,
1265,d72451a1565b4786,KNEHAENTERPRISES,No,bronze,2025-12-31,2026-01-06,ORANGEDIVINE Lingerie Set,ORANGEDIVINE,Possibly a Seller,,+918368920534,+918368920534,Kumarkeshav64855@gmail.com,Kumarkeshav64855@gmail.com
,,,,,,,ORANGEDIVINE Lingerie Set,ORANGEDIVINE,,,,,,
,,,,,,,ORANGEDIVINE Lingerie Set,ORANGEDIVINE,,,,,,
,,,,,,,Neha Self Design Babydoll,Neha,,,,,,
,,,,,,,TARKEEB Solid Babydoll,TARKEEB,,,,,,
,,,,,,,ORANGEDIVINE Lingerie Set,ORANGEDIVINE,,,,,,
,,,,,,,KRISHNA ENTERISES Self Design Babydoll,KRISHNA ENTERISES,,,,,,
,,,,,,,Driftlane Women Solid Red Top & Shorts Set,Driftlane,,,,,,
,,,,,,,ORANGEDIVINE Lingerie Set,ORANGEDIVINE,,,,,,
,,,,,,,ORANGEDIVINE Lingerie Set,ORANGEDIVINE,,,,,,
,,,,,,,ORANGEDIVINE Lingerie Set,ORANGEDIVINE,,,,,,
,,,,,,,ORANGEDIVINE Lingerie Set,ORANGEDIVINE,,,,,,
,,,,,,,Driftlane Self Design Babydoll,Driftlane,,,,,,
,,,,,,,Neha Women Printed Pink Night Suit Set,Neha,,,,,,
,,,,,,,Driftlane Self Design Babydoll,Driftlane,,,,,,
,,,,,,,Neha Lingerie Set,Neha,,,,,,
,,,,,,,Driftlane Lingerie Set,Driftlane,,,,,,
,,,,,,,Driftlane Adjustable Reusable Cloth Diaper With White Changing Insert For Babies/NewBorn,Driftlane,,,,,,
,,,,,,,"Driftlane Women Self Design, Printed Purple Top & Shorts Set",Driftlane,,,,,,
,,,,,,,Driftlane Adjustable Reusable Cloth Diaper With White Changing Insert For Babies/NewBorn,Driftlane,,,,,,
1266,b6691d4157c94bcb,JROnlineWorld,No,silver,2026-06-08,2026-06-16,jr online world Lingerie Set,jr online world,Possibly a Brand,jr online world,+919315985753,+919315985753,jronlineworld@gmail.com,jronlineworld@gmail.com
,,,,,,,RJ ONLINE WORLD Lingerie Set,RJ ONLINE WORLD,,,,,,
,,,,,,,jr online world Solid Babydoll,jr online world,,,,,,
,,,,,,,jr online world Solid Babydoll,jr online world,,,,,,
,,,,,,,jr online world Lingerie Set,jr online world,,,,,,
,,,,,,,jr online world Solid Babydoll,jr online world,,,,,,
,,,,,,,jr online world Solid Babydoll,jr online world,,,,,,
,,,,,,,jr online world Lingerie Set,jr online world,,,,,,
,,,,,,,jr online world Solid Babydoll,jr online world,,,,,,
,,,,,,,jr online world Lingerie Set,jr online world,,,,,,
,,,,,,,jr online world Self Design Babydoll,jr online world,,,,,,
,,,,,,,jr online world Self Design Babydoll,jr online world,,,,,,
,,,,,,,jr online world Solid Babydoll,jr online world,,,,,,
,,,,,,,jr online world Solid Babydoll,jr online world,,,,,,
,,,,,,,RJ ONLINE WORLD Lingerie Set,RJ ONLINE WORLD,,,,,,
,,,,,,,jr online world Self Design Babydoll,jr online world,,,,,,
,,,,,,,jr online world Solid Babydoll,jr online world,,,,,,
,,,,,,,RJ Online World Black Hair Dye Shampoo (1 ml),RJ Online World,,,,,,
,,,,,,,RJ ONLINE WORLD Lingerie Set,RJ ONLINE WORLD,,,,,,
,,,,,,,RJ ONLINE WORLD Lingerie Set,RJ ONLINE WORLD,,,,,,
1267,e8f19f3262a54c1b,VPIKU,No,silver,2026-02-26,2026-03-03,Oumar Bibi Lingerie Set,Oumar Bibi,Possibly a Seller,,+917579539840,+917579539840,imsandeep9910@gmail.com,imsandeep9910@gmail.com
,,,,,,,Vellora Intimates Lingerie Set,Vellora Intimates,,,,,,
,,,,,,,Savellex Lingerie Set,Savellex,,,,,,
,,,,,,,Lunelle Lingerie Set,Lunelle,,,,,,
,,,,,,,Oumar Bibi Lingerie Set,Oumar Bibi,,,,,,
,,,,,,,Ziwame Lingerie Set,Ziwame,,,,,,
,,,,,,,Oumar Bibi Lingerie Set,Oumar Bibi,,,,,,
,,,,,,,Ziwame Lingerie Set,Ziwame,,,,,,
,,,,,,,Ziwame Lingerie Set,Ziwame,,,,,,
,,,,,,,Lunelle Lingerie Set,Lunelle,,,,,,
,,,,,,,Vellora Intimates Lingerie Set,Vellora Intimates,,,,,,
,,,,,,,Jaibhav Collection Lingerie Set,Jaibhav Collection,,,,,,
,,,,,,,Oumar Bibi Lingerie Set,Oumar Bibi,,,,,,
,,,,,,,Savellex Lingerie Set,Savellex,,,,,,
,,,,,,,Savelle X Bra & Panty Set (30),Savelle X,,,,,,
,,,,,,,Romelle Bra & Panty Set (36B),Romelle,,,,,,
,,,,,,,Oumar BiBi Bra & Panty Set (36B),Oumar BiBi,,,,,,
,,,,,,,Oumar Bibi Lingerie Set,Oumar Bibi,,,,,,
,,,,,,,Savelle X Bra & Panty Set (28),Savelle X,,,,,,
,,,,,,,Lunelle Bra & Panty Set (34A),Lunelle,,,,,,
1268,81a3f8f1c564484b,ZEXCARE,No,silver,2024-06-11,2024-06-12,"ZEXCARE Women Sports Non Padded Bra (Black, Blue, Red)",ZEXCARE,Possibly a Brand,ZEXCARE,+919870242540,+919870242540,florytenterprises@gmail.com,florytenterprises@gmail.com
,,,,,,,ZEXCARE Lingerie Set,ZEXCARE,,,,,,
,,,,,,,ZEXCARE Lingerie Set,ZEXCARE,,,,,,
,,,,,,,"ZEXCARE lora Women Sports Non Padded Bra (Orange, Grey, Purple)",ZEXCARE,,,,,,
,,,,,,,"ZEXCARE ritu Women Full Coverage Non Padded Bra (Pink, Light Blue, Dark Blue)",ZEXCARE,,,,,,
,,,,,,,ZEXCARE Lingerie Set,ZEXCARE,,,,,,
,,,,,,,ZEXCARE Lingerie Set,ZEXCARE,,,,,,
,,,,,,,"ZEXCARE moni Women Sports Non Padded Bra (Pink, Green, Blue)",ZEXCARE,,,,,,
,,,,,,,"zexcare Women Sports Non Padded Bra (Pink, Green, Blue)",zexcare,,,,,,
,,,,,,,"ZEXCARE duaa Women Sports Non Padded Bra (Pink, Dark Green, Dark Blue)",ZEXCARE,,,,,,
,,,,,,,ZEXCARE Lingerie Set,ZEXCARE,,,,,,
,,,,,,,"ZEXCARE moni Women Sports Non Padded Bra (Pink, Dark Green, Dark Blue)",ZEXCARE,,,,,,
,,,,,,,ZEXCARE Lingerie Set,ZEXCARE,,,,,,
,,,,,,,"ZEXCARE Women Sports Non Padded Bra (Purple, Maroon, Green)",ZEXCARE,,,,,,
,,,,,,,ZEXCARE Lingerie Set,ZEXCARE,,,,,,
,,,,,,,"ZEXCARE duaa Women Sports Non Padded Bra (Pink, Dark Green, Dark Blue)",ZEXCARE,,,,,,
,,,,,,,ZEXCARE Bra & Panty Set (32),ZEXCARE,,,,,,
,,,,,,,zexcare Bra & Panty Set (34),zexcare,,,,,,
,,,,,,,ZEXCARE Bra & Panty Set (40),ZEXCARE,,,,,,
,,,,,,,zexcare Bra & Panty Set (40),zexcare,,,,,,
1269,d58ec417bab941b5,Cutepy,No,silver,2025-11-10,2025-11-12,"DECORKITE 8ft Set of 2 Artificial Money Plant Vine,For|Home|Office|Garden|Decoration Artificial Plant (213 cm, Green)",DECORKITE,Possibly a Seller,,+917065261904,+917065261904,mathurraja45@gmail.com,mathurraja45@gmail.com
,,,,,,,Vulverse Solid Babydoll,Vulverse,,,,,,
,,,,,,,"Touchwood hub 8 ft Vine| HOME|OFFICE|GARDEN|DECORATION Artificial Plant (213 cm, Green)",Touchwood hub,,,,,,
,,,,,,,Vulverse Lingerie Set,Vulverse,,,,,,
,,,,,,,"Siddhivinayak 8 Ft Set 2 Artificial Money Plant Vine,For|Home|Office|Wall|Garden| Decoration Artificial Plant (168 cm, Green)",Siddhivinayak,,,,,,
,,,,,,,Vulverse Solid Babydoll,Vulverse,,,,,,
,,,,,,,Vulverse Lingerie Set,Vulverse,,,,,,
,,,,,,,Vulverse Solid Babydoll,Vulverse,,,,,,
,,,,,,,Vulverse Silver Plated Alloy Chain,Vulverse,,,,,,
,,,,,,,Vulverse Solid Babydoll,Vulverse,,,,,,
,,,,,,,"Gsdecoration 8ft Set of 3 Artificial Money Plant Vine,For|Home|Office|Garden|Decoration Bonsai Artificial Plant (218 cm, Green)",Gsdecoration,,,,,,
,,,,,,,PAPLAJ ENTERPRISES Women Punjabi Patiala Shahi Parandi/Paranda/Patiala Choti Hair Extension Braid Extension (Gold),PAPLAJ ENTERPRISES,,,,,,
,,,,,,,Vulverse Printed Babydoll,Vulverse,,,,,,
,,,,,,,Vulverse Lingerie Set,Vulverse,,,,,,
,,,,,,,Vulverse Silver Silver,Vulverse,,,,,,
,,,,,,,Vulverse Lingerie Set,Vulverse,,,,,,
,,,,,,,KANSHIVAA Long Length Heavy Punjabi Paranda – Black Hair Extension with Golden Design Braid Extension (Gold),KANSHIVAA,,,,,,
,,,,,,,"Yumun Pack of 2 money Plant Artificial Plant (210 cm, Green)",Yumun,,,,,,
,,,,,,,Vulverse Printed Babydoll,Vulverse,,,,,,
,,,,,,,"Soniandsons Pack of 4 Artificial Money Plant Creeper,For|Home|Office|Garden|Decoration Artificial Plant (16 cm, Green)",Soniandsons,,,,,,
1270,9a8d5eb1af5549a7,Liigne,Yes,silver,2020-06-24,2021-02-12,,,,,,,,
1271,8264bac3f39e4683,ProsoPyare,No,bronze,2022-09-30,2023-09-14,2N2 Boys & Girls Slip-on Flats (Blue),2N2,Possibly a Brand,2N2,+917987955301,+917987955301,chandanigaur1991@gmail.com,chandanigaur1991@gmail.com
,,,,,,,2N2 Boys & Girls Slip-on Flats (Brown),2N2,,,,,,
,,,,,,,2N2 Boys & Girls Slip-on Flats (Pink),2N2,,,,,,
,,,,,,,2N2 Boys & Girls Slip-on Flats (White),2N2,,,,,,
,,,,,,,2N2 Boys & Girls Slip-on Flats (Brown),2N2,,,,,,
,,,,,,,2N2 Boys & Girls Slip-on Flats (Brown),2N2,,,,,,
,,,,,,,2N2 Boys & Girls Slip-on Flats (Blue),2N2,,,,,,
,,,,,,,2N2 Boys & Girls Slip-on Flats (Pink),2N2,,,,,,
,,,,,,,2N2 Boys & Girls Slip-on Flats (White),2N2,,,,,,
,,,,,,,2N2 Boys & Girls Slip-on Flats (Pink),2N2,,,,,,
,,,,,,,2N2 Boys & Girls Slip-on Flats (Blue),2N2,,,,,,
,,,,,,,2N2 Boys & Girls Slip-on Flats (Blue),2N2,,,,,,
,,,,,,,2N2 Boys & Girls Slip-on Flats (Brown),2N2,,,,,,
,,,,,,,2N2 Boys & Girls Slip-on Flats (Brown),2N2,,,,,,
,,,,,,,2N2 Boys & Girls Slip-on Flats (Blue),2N2,,,,,,
,,,,,,,2N2 Boys & Girls Slip-on Flats (White),2N2,,,,,,
,,,,,,,2N2 Boys & Girls Slip-on Flats (Blue),2N2,,,,,,
,,,,,,,2N2 Boys & Girls Slip-on Flats (White),2N2,,,,,,
,,,,,,,2N2 Boys & Girls Slip-on Flats (Blue),2N2,,,,,,
,,,,,,,2N2 Boys & Girls Slip-on Flats (Pink),2N2,,,,,,
1272,629edf7acbff4fa0,MURLIDHARFASHION001,No,bronze,2022-01-01,2025-11-29,,,Possibly a Seller,,+919081480030,+919081480030,hmgarments004@gmail.com,hmgarments004@gmail.com
1273,ad226aca6b28414e,LUSTYTRENDS,No,bronze,2025-09-02,2025-09-03,KESAR staylish tube bra seamless Women Full Coverage Non Padded Bra (Multicolor),KESAR,Possibly a Brand,Kesar Lingeries,+919811518654,+919811518654,kesarlingeries@gmail.com,kesarlingeries@gmail.com
,,,,,,,Fayona Women Bandeau/Tube Non Padded Bra (Beige),Fayona,,,,,,
,,,,,,,"Uniqon (Set of 1) Women's and Girls Comfortable Cotton White Tube Bra Innerwear Stretchable Strapless, Backless, Wirefree, Non Padded, Non-Wired Bra for Sport, Gym, Yoga, Running, Dancing, Cycling (Free Size) Girls Bandeau/Tube Non Padded Bra (White)",Uniqon,,,,,,
,,,,,,,KESAR staylish tube bra seamless Women Full Coverage Non Padded Bra (Multicolor),KESAR,,,,,,
,,,,,,,Kesar Lingeries Women Hipster Multicolor Panty,Kesar Lingeries,,,,,,
,,,,,,,Kesar Lingeries Women Hipster Multicolor Panty,Kesar Lingeries,,,,,,
,,,,,,,Kesar Lingeries Lingerie Set,Kesar Lingeries,,,,,,
,,,,,,,Kesar Lingeries Women Hipster Multicolor Panty,Kesar Lingeries,,,,,,
,,,,,,,Kesar Lingeries Women Hipster Multicolor Panty,Kesar Lingeries,,,,,,
,,,,,,,Kesar Lingeries Lingerie Set,Kesar Lingeries,,,,,,
,,,,,,,Kesar Lingeries Lingerie Set,Kesar Lingeries,,,,,,
,,,,,,,Kesar Lingeries Lingerie Set,Kesar Lingeries,,,,,,
,,,,,,,Kesar Lingeries Lingerie Set,Kesar Lingeries,,,,,,
,,,,,,,Kesar Lingeries Lingerie Set,Kesar Lingeries,,,,,,
,,,,,,,Kesar Lingeries Women Hipster Multicolor Panty,Kesar Lingeries,,,,,,
,,,,,,,Kesar Women Hipster Multicolor Panty,Kesar,,,,,,
,,,,,,,Kesar Lingeries Lingerie Set,Kesar Lingeries,,,,,,
,,,,,,,Kesar Lingeries Lingerie Set,Kesar Lingeries,,,,,,
,,,,,,,Kesar Lingeries Women Hipster Multicolor Panty,Kesar Lingeries,,,,,,
,,,,,,,Kesar Women Hipster Multicolor Panty,Kesar,,,,,,
1274,109ed62a501345da,INNERBLISS,No,silver,2020-07-13,2026-07-02,INNER BLISS Bra & Panty Set (XL),INNER BLISS,Possibly a Brand,INNER BLISS,+919315895282,+919315895282,innerblish2026@gmail.com,innerblish2026@gmail.com
,,,,,,,INNER BLISS Women Monokini,INNER BLISS,,,,,,
,,,,,,,INNER BLISS Women Pink,INNER BLISS,,,,,,
,,,,,,,INNER BLISS Net Fabric Babydoll,INNER BLISS,,,,,,
,,,,,,,INNER BLISS Net Fabric Babydoll,INNER BLISS,,,,,,
,,,,,,,"INNER BLISS Casual Printed, Graphic Print Women Pink, Black Top",INNER BLISS,,,,,,
,,,,,,,INNER BLISS Net Fabric Babydoll,INNER BLISS,,,,,,
,,,,,,,INNER BLISS Women Monokini,INNER BLISS,,,,,,
,,,,,,,INNER BLISS Women Printed White Top & Shorts Set,INNER BLISS,,,,,,
,,,,,,,INNER BLISS Bra & Panty Set (L),INNER BLISS,,,,,,
,,,,,,,INNER BLISS Women Pink,INNER BLISS,,,,,,
,,,,,,,INNER BLISS Bra & Panty Set (M),INNER BLISS,,,,,,
,,,,,,,INNER BLISS Net Fabric Babydoll,INNER BLISS,,,,,,
,,,,,,,INNER BLISS Bra & Panty Set (XXL),INNER BLISS,,,,,,
,,,,,,,INNER BLISS Bra & Panty Set (XL),INNER BLISS,,,,,,
,,,,,,,INNER BLISS Bra & Panty Set (Free),INNER BLISS,,,,,,
,,,,,,,INNER BLISS Bra & Panty Set (Free),INNER BLISS,,,,,,
,,,,,,,Inner Bliss Women Printed Pink Top & Shorts Set,Inner Bliss,,,,,,
,,,,,,,InnerBliss Women's Solid Black Halter Neck Sleeveless Stretch Bodysuit Solid Women Swimsuit,InnerBliss,,,,,,
,,,,,,,Inner Bliss Women Printed Pink Top & Shorts Set,Inner Bliss,,,,,,
1275,6fd3b9b1d67d4cac,NavyasCollection1,No,silver,2023-11-29,2026-06-13,"NAVYAS COLLECTION Embroidered Kurta, Palazzo & Dupatta Set",NAVYAS COLLECTION,Possibly a Brand,NAVYAS COLLECTION,+919950905936,+919950905936,manan.trading147@gmail.com,manan.trading147@gmail.com
,,,,,,,"NAVYAS COLLECTION Embroidered Kurta, Trouser/Pant & Dupatta Set",NAVYAS COLLECTION,,,,,,
,,,,,,,"MN FASHION Printed Kurta, Trouser/Pant & Dupatta Set",MN FASHION,,,,,,
,,,,,,,"Navyas Collections Printed Kurta, Trouser/Pant & Dupatta Set",Navyas Collections,,,,,,
,,,,,,,NAVYAS COLLECTION Shirt Palazzos Co-ords Set,NAVYAS COLLECTION,,,,,,
,,,,,,,"NAVYAS COLLECTION Embroidered Kurta, Palazzo & Dupatta Set",NAVYAS COLLECTION,,,,,,
,,,,,,,"NAVYAS COLLECTION Embroidered Kurta, Palazzo & Dupatta Set",NAVYAS COLLECTION,,,,,,
,,,,,,,"NAVYAS COLLECTION Printed Kurta, Trouser/Pant & Dupatta Set",NAVYAS COLLECTION,,,,,,
,,,,,,,"NAVYAS COLLECTION Printed Kurta, Trouser/Pant & Dupatta Set",NAVYAS COLLECTION,,,,,,
,,,,,,,"NAVYAS COLLECTION Printed Kurta, Trouser/Pant & Dupatta Set",NAVYAS COLLECTION,,,,,,
,,,,,,,Navyas Women Kurta Pant Set,Navyas,,,,,,
,,,,,,,"NAVYAS COLLECTION Printed Kurta, Trouser/Pant & Dupatta Set",NAVYAS COLLECTION,,,,,,
,,,,,,,"NAVYAS COLLECTION Floral Print Kurta, Trouser/Pant & Dupatta Set",NAVYAS COLLECTION,,,,,,
,,,,,,,"NAVYAS COLLECTION Embroidered Kurta, Palazzo & Dupatta Set",NAVYAS COLLECTION,,,,,,
,,,,,,,"NAVYAS COLLECTION Floral Print Kurta, Trouser/Pant & Dupatta Set",NAVYAS COLLECTION,,,,,,
,,,,,,,"NAVYAS COLLECTION Embroidered Kurta, Trouser/Pant & Dupatta Set",NAVYAS COLLECTION,,,,,,
,,,,,,,"NAVYAS COLLECTION Floral Print Kurta, Trouser/Pant & Dupatta Set",NAVYAS COLLECTION,,,,,,
,,,,,,,"NAVYAS COLLECTION Floral Print Kurta, Trouser/Pant & Dupatta Set",NAVYAS COLLECTION,,,,,,
,,,,,,,"NAVYAS COLLECTION Floral Print Kurta, Trouser/Pant & Dupatta Set",NAVYAS COLLECTION,,,,,,
,,,,,,,Navyas Women Kurta Pant Set,Navyas,,,,,,
1276,2ced791c210948db,YAMUNASHOP,No,bronze,2025-08-05,2026-02-21,,,Possibly a Seller,,+919662055841,+919662055841,yamunashop24@gmail.com,yamunashop24@gmail.com
1277,0571f380407e4986,DREAMINDIA,No,bronze,2018-04-02,2018-07-24,"POSHYAA FASHION Self Design Bhagalpuri Art Silk Saree with Unstitched Blouse (Blue, Gold)",POSHYAA FASHION,Possibly a Seller,,+919824042971,+919824042971,mukeshgothi233@gmail.com,mukeshgothi233@gmail.com
,,,,,,,runaya nx Printed Daily Wear Georgette Saree with Unstitched Blouse (Black),runaya nx,,,,,,
,,,,,,,Khial Printed Daily Wear Cotton Blend Saree with Unstitched Blouse (Black),Khial,,,,,,
,,,,,,,RUNAYA NX Women Kurta and Pant Set,RUNAYA NX,,,,,,
,,,,,,,Fabwomen Applique Mysore Silk Blend Saree (Red),Fabwomen,,,,,,
,,,,,,,Fabwomen Printed Bhagalpuri Art Silk Saree with Unstitched Blouse (Green),Fabwomen,,,,,,
,,,,,,,RUNAYA NX Women Kurta and Pant Set,RUNAYA NX,,,,,,
,,,,,,,Runaya Nx Printed Daily Wear Georgette Saree with Unstitched Blouse (Multicolor),Runaya Nx,,,,,,
,,,,,,,AARTI SELECTION Printed Bandhani Cotton Linen Saree with Unstitched Blouse (Pink),AARTI SELECTION,,,,,,
,,,,,,,adrika Daily Wear Cotton Silk Saree with Unstitched Blouse (Pink),adrika,,,,,,
,,,,,,,RUNAYA NX Women Kurta and Pant Set,RUNAYA NX,,,,,,
,,,,,,,AARTI SELECTION Printed Tant Art Silk Saree with Unstitched Blouse (Green),AARTI SELECTION,,,,,,
,,,,,,,RUNAYA NX Women Kurta and Pant Set,RUNAYA NX,,,,,,
,,,,,,,EKTA TEXTILE Bandhani Cotton Linen Saree with Unstitched Blouse (Black),EKTA TEXTILE,,,,,,
,,,,,,,"Saara Printed Assam Silk Cotton Silk Saree with Unstitched Blouse (Purple, Green)",Saara,,,,,,
,,,,,,,"ShopGlobal Self Design Fashion Art Silk Saree with Unstitched Blouse (Red, Black)",ShopGlobal,,,,,,
,,,,,,,ShopGlobal Self Design Paithani Art Silk Saree with Unstitched Blouse (Red),ShopGlobal,,,,,,
,,,,,,,RUNAYA NX Women Kurta and Pant Set,RUNAYA NX,,,,,,
,,,,,,,"Fabwomen Mysore Art Silk Saree with Unstitched Blouse (Light Green, White)",Fabwomen,,,,,,
,,,,,,,RUNAYA NX Women Kurta and Pant Set,RUNAYA NX,,,,,,
1278,4a64d99acfa1402a,EKRAG,No,silver,2020-12-17,2021-05-26,Ek Rag Top Pant Co-ords Set,Ek Rag,Possibly a Brand,Ek Rag,+917874251152,+917874251152,chiragnakrani245@gmail.com,chiragnakrani245@gmail.com
,,,,,,,Ek Rag Top Pant Co-ords Set,Ek Rag,,,,,,
,,,,,,,Ek Rag Top Pant Co-ords Set,Ek Rag,,,,,,
,,,,,,,Ek Rag Top Pant Co-ords Set,Ek Rag,,,,,,
,,,,,,,Ek Rag Top Pant Co-ords Set,Ek Rag,,,,,,
,,,,,,,Ek Rag Top Pant Co-ords Set,Ek Rag,,,,,,
,,,,,,,Ek Rag Top Pant Co-ords Set,Ek Rag,,,,,,
,,,,,,,Ek Rag Tshirt Pant Western Set with Blazer,Ek Rag,,,,,,
,,,,,,,Ek Rag Tshirt Pant Western Set with Blazer,Ek Rag,,,,,,
,,,,,,,Ek Rag Women Bodycon Black Knee Length Dress,Ek Rag,,,,,,
,,,,,,,Ek Rag Top Pant Co-ords Set,Ek Rag,,,,,,
,,,,,,,"Ek Rag Embroidered Kurta, Trouser/Pant & Dupatta Set",Ek Rag,,,,,,
,,,,,,,"Ek Rag Embroidered Kurta, Trouser/Pant & Dupatta Set",Ek Rag,,,,,,
,,,,,,,"Ek Rag Embroidered Kurta, Trouser/Pant & Dupatta Set",Ek Rag,,,,,,
,,,,,,,"Ek Rag Embroidered Anarkali Kurta, Bottom & Dupatta Set",Ek Rag,,,,,,
,,,,,,,Ek Rag Top Pant Co-ords Set,Ek Rag,,,,,,
,,,,,,,"Ek Rag Embroidered Anarkali Kurta, Bottom & Dupatta Set",Ek Rag,,,,,,
,,,,,,,"Ek Rag Embroidered Anarkali Kurta, Bottom & Dupatta Set",Ek Rag,,,,,,
,,,,,,,"Ek Rag Embroidered Anarkali Kurta, Bottom & Dupatta Set",Ek Rag,,,,,,
,,,,,,,"Ek Rag Embroidered Kurta, Trouser/Pant & Dupatta Set",Ek Rag,,,,,,
1279,0c0b3e9220f94b33,OMVSSTRA,No,silver,2026-05-30,2026-05-31,"om vastra Embroidered Kurta, Trouser/Pant & Dupatta Set",om vastra,Possibly a Brand,om vastra,+919909035968,+919909035968,info.rudraenterprise1297@gmail.com,info.rudraenterprise1297@gmail.com
,,,,,,,"om vastra Embroidered Kurta, Trouser/Pant & Dupatta Set",om vastra,,,,,,
,,,,,,,"om vastra Embroidered Kurta, Trouser/Pant & Dupatta Set",om vastra,,,,,,
,,,,,,,"om vastra Embroidered Kurta, Trouser/Pant & Dupatta Set",om vastra,,,,,,
,,,,,,,"om vastra Embroidered Kurta, Trouser/Pant & Dupatta Set",om vastra,,,,,,
,,,,,,,"om vastra Embroidered Kurta, Trouser/Pant & Dupatta Set",om vastra,,,,,,
,,,,,,,"om vastra Embroidered Kurta, Trouser/Pant & Dupatta Set",om vastra,,,,,,
,,,,,,,"om vastra Embroidered Kurta, Trouser/Pant & Dupatta Set",om vastra,,,,,,
,,,,,,,"om vastra Embroidered Kurta, Palazzo & Dupatta Set",om vastra,,,,,,
,,,,,,,"om vastra Embroidered Kurta, Palazzo & Dupatta Set",om vastra,,,,,,
,,,,,,,"om vastra Embroidered Kurta, Trouser/Pant & Dupatta Set",om vastra,,,,,,
,,,,,,,"om vastra Embroidered Kurta, Trouser/Pant & Dupatta Set",om vastra,,,,,,
,,,,,,,"om vastra Embroidered Kurta, Trouser/Pant & Dupatta Set",om vastra,,,,,,
,,,,,,,"om vastra Embroidered Kurta, Trouser/Pant & Dupatta Set",om vastra,,,,,,
,,,,,,,"om vastra Embroidered Kurta, Trouser/Pant & Dupatta Set",om vastra,,,,,,
,,,,,,,"om vastra Embroidered Kurta, Trouser/Pant & Dupatta Set",om vastra,,,,,,
,,,,,,,"om vastra Embroidered Kurta, Trouser/Pant & Dupatta Set",om vastra,,,,,,
,,,,,,,"om vastra Embroidered Kurta, Trouser/Pant & Dupatta Set",om vastra,,,,,,
,,,,,,,"om vastra Embroidered Kurta, Trouser/Pant & Dupatta Set",om vastra,,,,,,
,,,,,,,"om vastra Embroidered Kurta, Trouser/Pant & Dupatta Set",om vastra,,,,,,
1280,e8ef2c8a5fcf4130,Vastrasaili,Yes,bronze,2025-11-27,2025-11-28,,,,,,,,
1281,5ff1faff2c0f4d19,NeelamHandicraftJaipur,No,silver,2026-01-16,2026-01-17,Neelam handicraft White Windchime (White),Neelam handicraft,Possibly a Brand,Hudugi,+918875100756,+918875100756,neelamaa0001@gmail.com,neelamaa0001@gmail.com
,,,,,,,Neelam handicraft Women Solid Casual Purple Shirt,Neelam handicraft,,,,,,
,,,,,,,Neelam handicraft Women Solid Casual Purple Shirt,Neelam handicraft,,,,,,
,,,,,,,"Hudugi Embroidered Kurta, Trouser/Pant & Dupatta Set",Hudugi,,,,,,
,,,,,,,"Neelam handicraft Embroidered Kurta, Trouser/Pant & Dupatta Set",Neelam handicraft,,,,,,
,,,,,,,"Hudugi Printed Kurta, Trouser/Pant & Dupatta Set",Hudugi,,,,,,
,,,,,,,"Hudugi Printed Kurta, Trouser/Pant & Dupatta Set",Hudugi,,,,,,
,,,,,,,Neelam handicraft Women Solid Straight Kurta (Red),Neelam handicraft,,,,,,
,,,,,,,"Hudugi Printed Kurta, Trouser/Pant & Dupatta Set",Hudugi,,,,,,
,,,,,,,"Hudugi Embroidered Kurta, Palazzo & Dupatta Set",Hudugi,,,,,,
,,,,,,,"Hudugi Embroidered Kurta, Trouser/Pant & Dupatta Set",Hudugi,,,,,,
,,,,,,,"Hudugi Printed Kurta, Trouser/Pant & Dupatta Set",Hudugi,,,,,,
,,,,,,,"Hudugi Printed Kurta, Palazzo & Dupatta Set",Hudugi,,,,,,
,,,,,,,"Hudugi Embroidered Kurta, Trouser/Pant & Dupatta Set",Hudugi,,,,,,
,,,,,,,"Hudugi Embroidered Kurta, Trouser/Pant & Dupatta Set",Hudugi,,,,,,
,,,,,,,"Hudugi Embroidered Kurta, Trouser/Pant & Dupatta Set",Hudugi,,,,,,
,,,,,,,"Hudugi Printed Kurta, Palazzo & Dupatta Set",Hudugi,,,,,,
,,,,,,,"Hudugi Printed Kurta, Palazzo & Dupatta Set",Hudugi,,,,,,
,,,,,,,"Hudugi Floral Print Kurta, Trouser/Pant & Dupatta Set",Hudugi,,,,,,
,,,,,,,"Hudugi Embroidered Kurta, Trouser/Pant & Dupatta Set",Hudugi,,,,,,
1282,066cc3bf7e3b4982,RAJNANDINI,Yes,silver,2015-01-07,2015-04-28,,,,,,,,
1283,3dbee8b39cdd4769,VISIONPARIDHAN,No,silver,2026-03-06,2026-03-11,"VISIONp Printed Kurta, Trouser/Pant & Dupatta Set",VISIONp,Possibly a Brand,VISION PRIDHAN,+919351595600,+919351595600,visionparidhan@gmail.com,visionparidhan@gmail.com
,,,,,,,VISION PRIDHAN Top Pant Co-ords Set,VISION PRIDHAN,,,,,,
,,,,,,,VISIONp Women Floral Print Blue Top & Pyjama Set,VISIONp,,,,,,
,,,,,,,VISION PRIDHAN Top Pant Co-ords Set,VISION PRIDHAN,,,,,,
,,,,,,,"VISION PRIDHAN Printed Kurta, Trouser/Pant & Dupatta Set",VISION PRIDHAN,,,,,,
,,,,,,,VISIONp Women Printed Pink Top & Pyjama Set,VISIONp,,,,,,
,,,,,,,VISION PRIDHAN Top Pant Co-ords Set,VISION PRIDHAN,,,,,,
,,,,,,,VISION PRIDHAN Women Floral Print Green Top & Pyjama Set,VISION PRIDHAN,,,,,,
,,,,,,,VISION PRIDHAN Women Kurta Pant Set,VISION PRIDHAN,,,,,,
,,,,,,,VISIONp Women Printed Multicolor Top & Pyjama Set,VISIONp,,,,,,
,,,,,,,VISION PRIDHAN Top Pant Co-ords Set,VISION PRIDHAN,,,,,,
,,,,,,,VISION PRIDHAN Top Pant Co-ords Set,VISION PRIDHAN,,,,,,
,,,,,,,VISION PRIDHAN Top Pant Co-ords Set,VISION PRIDHAN,,,,,,
,,,,,,,VISION PRIDHAN Top Pant Co-ords Set,VISION PRIDHAN,,,,,,
,,,,,,,VISION PRIDHAN Top Pant Co-ords Set,VISION PRIDHAN,,,,,,
,,,,,,,VISION PRIDHAN Top Pant Co-ords Set,VISION PRIDHAN,,,,,,
,,,,,,,VISION PRIDHAN Women Kurta Pant Dupatta Set,VISION PRIDHAN,,,,,,
,,,,,,,"VISIONp Printed Kurta, Trouser/Pant & Dupatta Set",VISIONp,,,,,,
,,,,,,,VISION PRIDHAN Women Floral Print Red Top & Pyjama Set,VISION PRIDHAN,,,,,,
,,,,,,,VISION PRIDHAN Women Printed Blue Top & Pyjama Set,VISION PRIDHAN,,,,,,
1284,43b3278b4ef448b9,Glamourempireofficial,No,silver,2024-09-16,2024-10-29,glamourempire Women Ethnic Top Pant Set,glamourempire,Possibly a Seller,,+919829580880,+919829580880,glamourempireofficial@gmail.com,glamourempireofficial@gmail.com
,,,,,,,glamourempire Women Ethnic Top Pant Set,glamourempire,,,,,,
,,,,,,,glamourempire Women Ethnic Top Pant Set,glamourempire,,,,,,
,,,,,,,glamourempire Women Ethnic Top Pant Set,glamourempire,,,,,,
,,,,,,,GALMOUREMPIRE Women Ethnic Top Pant Set,GALMOUREMPIRE,,,,,,
,,,,,,,Glamour Empire Top Pant Co-ords Set,Glamour Empire,,,,,,
,,,,,,,glamourempire Women Ethnic Top Pant Set,glamourempire,,,,,,
,,,,,,,GALMOUREMPIRE Women Ethnic Top Pant Set,GALMOUREMPIRE,,,,,,
,,,,,,,GALMOUREMPIRE Women Ethnic Top Pant Set,GALMOUREMPIRE,,,,,,
,,,,,,,Glamour Empire Tunic Pant Co-ords Set,Glamour Empire,,,,,,
,,,,,,,glamourempire Women Ethnic Top Pant Set,glamourempire,,,,,,
,,,,,,,glamourempire Women Kurti Pant Set,glamourempire,,,,,,
,,,,,,,Glamour Empire Top Pant Co-ords Set,Glamour Empire,,,,,,
,,,,,,,glamourempire Women Ethnic Top Pant Set,glamourempire,,,,,,
,,,,,,,Glamour Empire Top Pant Co-ords Set,Glamour Empire,,,,,,
,,,,,,,Glamour Empire Tunic Pant Co-ords Set,Glamour Empire,,,,,,
,,,,,,,GLAMEMPIRE Top Pant Co-ords Set,GLAMEMPIRE,,,,,,
,,,,,,,Glamour Empire Tunic Pant Co-ords Set,Glamour Empire,,,,,,
,,,,,,,GALMOUREMPIRE Women Ethnic Top Pant Set,GALMOUREMPIRE,,,,,,
,,,,,,,Glamour Empire Tunic Pant Co-ords Set,Glamour Empire,,,,,,
1285,2555a59997434c52,MSbharshiv,No,bronze,2024-12-21,2025-06-11,MSbharshiv Women Embroidered A-line Kurta (Black),MSbharshiv,Possibly a Brand,MSbharshiv,+919426456241,+919426456241,mohanrajbhar8866@gmail.com,mohanrajbhar8866@gmail.com
,,,,,,,MSbharshiv Women Embroidered A-line Kurta (Black),MSbharshiv,,,,,,
,,,,,,,MSbharshiv Women Embroidered A-line Kurta (Black),MSbharshiv,,,,,,
,,,,,,,MSbharshiv Women Embroidered A-line Kurta (Black),MSbharshiv,,,,,,
,,,,,,,MSbharshiv Anarkali Gown (Blue),MSbharshiv,,,,,,
,,,,,,,MSbharshiv Women Embroidered A-line Kurta (Black),MSbharshiv,,,,,,
,,,,,,,"MSbharshiv Anarkali Gown (Black, Blue, Green, Purple, Maroon, Light Blue, Dark Blue)",MSbharshiv,,,,,,
,,,,,,,MSbharshiv Anarkali Gown (Purple),MSbharshiv,,,,,,
,,,,,,,MSbharshiv Anarkali Gown (Black),MSbharshiv,,,,,,
,,,,,,,MSbharshiv Anarkali Gown (Blue),MSbharshiv,,,,,,
,,,,,,,MSbharshiv Anarkali Gown (Black),MSbharshiv,,,,,,
,,,,,,,MSbharshiv Anarkali Gown (Blue),MSbharshiv,,,,,,
,,,,,,,SUBHAMTAX Anarkali Gown (Purple),SUBHAMTAX,,,,,,
,,,,,,,MSbharshiv Anarkali Gown (Black),MSbharshiv,,,,,,
,,,,,,,"MSbharshiv Anarkali Gown (Black, Blue, Green, Purple, Maroon, Light Blue, Dark Blue)",MSbharshiv,,,,,,
,,,,,,,"MSbharshiv Anarkali Gown (Black, Blue, Green, Purple, Maroon, Light Blue, Dark Blue)",MSbharshiv,,,,,,
,,,,,,,"MSbharshiv Anarkali Gown (Black, Blue, Green, Purple, Maroon, Light Blue, Dark Blue)",MSbharshiv,,,,,,
,,,,,,,MSbharshiv 9 Compartments 360 Degree Rotating Desk Organize Rotating Pen Stand (Pink),MSbharshiv,,,,,,
,,,,,,,MSbharshiv Anarkali Gown (Green),MSbharshiv,,,,,,
,,,,,,,MSbharshiv Anarkali Gown (Maroon),MSbharshiv,,,,,,
1286,297cced32b5c4e03,LABELOFAARU,No,silver,2026-06-09,2026-06-10,LABELOFAARU Women Kurta Pant Dupatta Set,LABELOFAARU,Possibly a Brand,LABELOFAARU,+917778895551,+917778895551,MANIYAAKASH1654@GMAIL.COM,MANIYAAKASH1654@GMAIL.COM
,,,,,,,"LABELOFAARU Embroidered Kurta, Trouser/Pant & Dupatta Set",LABELOFAARU,,,,,,
,,,,,,,LABELOFAARU Women Kurta Pant Dupatta Set,LABELOFAARU,,,,,,
,,,,,,,"LABELOFAARU Embroidered Kurta, Trouser/Pant & Dupatta Set",LABELOFAARU,,,,,,
,,,,,,,"LABELOFAARU Embroidered Kurta, Trouser/Pant & Dupatta Set",LABELOFAARU,,,,,,
,,,,,,,LABELOFAARU Women Kurta Pant Dupatta Set,LABELOFAARU,,,,,,
,,,,,,,"LABELOFAARU Embroidered Kurta, Trouser/Pant & Dupatta Set",LABELOFAARU,,,,,,
,,,,,,,LABELOFAARU Women Kurta Pant Dupatta Set,LABELOFAARU,,,,,,
,,,,,,,"LABELOFAARU Embroidered Kurta, Trouser/Pant & Dupatta Set",LABELOFAARU,,,,,,
,,,,,,,"LABELOFAARU Embroidered Kurta, Trouser/Pant & Dupatta Set",LABELOFAARU,,,,,,
,,,,,,,LABEL OF AARU Women Solid Casual Maroon Shirt,LABEL OF AARU,,,,,,
,,,,,,,"LABELOFAARU Embroidered Kurta, Trouser/Pant & Dupatta Set",LABELOFAARU,,,,,,
,,,,,,,"LABELOFAARU Embroidered Kurta, Trouser/Pant & Dupatta Set",LABELOFAARU,,,,,,
,,,,,,,"LABELOFAARU Embroidered Kurta, Trouser/Pant & Dupatta Set",LABELOFAARU,,,,,,
,,,,,,,LABEL OF AARU Women Solid Casual Black Shirt,LABEL OF AARU,,,,,,
,,,,,,,LABELOFAARU Women Kurta Pant Dupatta Set,LABELOFAARU,,,,,,
,,,,,,,"LABELOFAARU Embroidered Kurta, Trouser/Pant & Dupatta Set",LABELOFAARU,,,,,,
,,,,,,,"LABELOFAARU Embroidered Kurta, Trouser/Pant & Dupatta Set",LABELOFAARU,,,,,,
,,,,,,,"LABELOFAARU Embellished Kurta, Trouser/Pant & Dupatta Set",LABELOFAARU,,,,,,
,,,,,,,"LABELOFAARU Embroidered Kurta, Trouser/Pant & Dupatta Set",LABELOFAARU,,,,,,
1287,d7f1571bbb55440d,SamayateCreation,No,bronze,2022-12-21,2022-12-22,"HOUSE OF COMMON Embroidered Kurta, Salwar & Dupatta Set",HOUSE OF COMMON,Possibly a Seller,,+919316704663,+919316704663,samayatecreation1973@gmail.com,samayatecreation1973@gmail.com
,,,,,,,"Abhydaya Fashion Embroidered Kurta, Trouser/Pant & Dupatta Set",Abhydaya Fashion,,,,,,
,,,,,,,"Abhydaya Fashion Embroidered Kurta, Trouser/Pant & Dupatta Set",Abhydaya Fashion,,,,,,
,,,,,,,"Abhydaya Fashion Embroidered Kurta, Trouser/Pant & Dupatta Set",Abhydaya Fashion,,,,,,
,,,,,,,"Abhydaya Fashion Embroidered Kurta, Salwar & Dupatta Set",Abhydaya Fashion,,,,,,
,,,,,,,"Abhydaya Fashion Self Design Kurta, Palazzo & Dupatta Set",Abhydaya Fashion,,,,,,
,,,,,,,"VISHAL CREATION Self Design Anarkali Kurta, Bottom & Dupatta Set",VISHAL CREATION,,,,,,
,,,,,,,"Abhydaya Fashion Embroidered Kurta, Trouser/Pant & Dupatta Set",Abhydaya Fashion,,,,,,
,,,,,,,"Abhydaya Fashion Embroidered Kurta, Trouser/Pant & Dupatta Set",Abhydaya Fashion,,,,,,
,,,,,,,"HOUSE OF COMMON Embroidered Anarkali Kurta, Bottom & Dupatta Set",HOUSE OF COMMON,,,,,,
,,,,,,,"Abhydaya Fashion Embroidered Kurta, Trouser/Pant & Dupatta Set",Abhydaya Fashion,,,,,,
,,,,,,,HouseOfCommon Women Kurta Salwar Dupatta Set,HouseOfCommon,,,,,,
,,,,,,,"Abhydaya Fashion Embroidered Kurta, Trouser/Pant & Dupatta Set",Abhydaya Fashion,,,,,,
,,,,,,,"GJFIVE Embroidered Anarkali Kurta, Bottom & Dupatta Set",GJFIVE,,,,,,
,,,,,,,"Abhydaya Fashion Embroidered Kurta, Trouser/Pant & Dupatta Set",Abhydaya Fashion,,,,,,
,,,,,,,"JHARI Embroidered Anarkali Kurta, Bottom & Dupatta Set",JHARI,,,,,,
,,,,,,,Samayate Creation Women Kurti Pant Dupatta Set,Samayate Creation,,,,,,
,,,,,,,"VISHAL CREATION Self Design Anarkali Kurta, Bottom & Dupatta Set",VISHAL CREATION,,,,,,
,,,,,,,"GJFIVE Embroidered Anarkali Kurta, Bottom & Dupatta Set",GJFIVE,,,,,,
,,,,,,,"Abhydaya Fashion Embroidered Kurta, Trouser/Pant & Dupatta Set",Abhydaya Fashion,,,,,,
1288,3fe6c6828bed4dca,Tanhafasshion,No,silver,2026-07-02,2026-07-03,Tanha fasshion Women Ethnic Top Salwar Dupatta Set,Tanha fasshion,Possibly a Seller,,+917679605950,+917679605950,sksafik3080@gmail.com,sksafik3080@gmail.com
,,,,,,,"Tanha fashion Embellished Kurta, Salwar & Dupatta Set",Tanha fashion,,,,,,
,,,,,,,Tanha fasshion Women Kurta Salwar Dupatta Set,Tanha fasshion,,,,,,
,,,,,,,Tanha fashion Women Kurta Patiala Dupatta Set,Tanha fashion,,,,,,
,,,,,,,Manini fashion Floral Print Bandhani Cotton Blend Saree (Red),Manini fashion,,,,,,
,,,,,,,Manini fashion Woven Banarasi Cotton Blend Saree (Dark Blue),Manini fashion,,,,,,
,,,,,,,Tanha fashion Women Kurta Palazzo Dupatta Set,Tanha fashion,,,,,,
,,,,,,,Tanha fasshion Women Kurta Salwar Dupatta Set,Tanha fasshion,,,,,,
,,,,,,,"Tanha fashion Printed Kurta, Patiala & Dupatta Set",Tanha fashion,,,,,,
,,,,,,,Tanha fashion Women Kurta Dupatta Set,Tanha fashion,,,,,,
,,,,,,,"Tanha fashion Embellished Kurta, Salwar & Dupatta Set",Tanha fashion,,,,,,
,,,,,,,Tanha fasshion Women Ethnic Top Salwar Dupatta Set,Tanha fasshion,,,,,,
,,,,,,,"Tanha fashion Embellished Kurta, Salwar & Dupatta Set",Tanha fashion,,,,,,
,,,,,,,Tanha fasshion Women Kurta Salwar Dupatta Set,Tanha fasshion,,,,,,
,,,,,,,Tanha fashion Women Kurta Palazzo Dupatta Set,Tanha fashion,,,,,,
,,,,,,,Tanha fashion Women Kurta Churidar Dupatta Set,Tanha fashion,,,,,,
,,,,,,,Tanha fashion Women Kurta Dupatta Set,Tanha fashion,,,,,,
,,,,,,,Tanha fasshion Women Ethnic Top Salwar Dupatta Set,Tanha fasshion,,,,,,
,,,,,,,Tanha fasshion Women Kurta Salwar Dupatta Set,Tanha fasshion,,,,,,
,,,,,,,Tanha fasshion Women Ethnic Top Salwar Dupatta Set,Tanha fasshion,,,,,,
1289,295a3abcc56147f0,RadheyKrishnaCreation1,No,silver,2020-07-19,2026-05-01,"RADHEY Embroidered Kurta, Trouser/Pant & Dupatta Set",RADHEY,Possibly a Brand,RADHEY,+918879317101,+918879317101,Seemag909@gmail.com,Seemag909@gmail.com
,,,,,,,RADHEY Women Embroidered A-line Kurta (Blue),RADHEY,,,,,,
,,,,,,,"RADHEY Embroidered Kurta, Trouser/Pant & Dupatta Set",RADHEY,,,,,,
,,,,,,,"RADHEY Embroidered Kurta, Trouser/Pant & Dupatta Set",RADHEY,,,,,,
,,,,,,,"SP FASHION Embroidered Kurta, Trouser/Pant & Dupatta Set",SP FASHION,,,,,,
,,,,,,,"RADHEY Embroidered Kurta, Trouser/Pant & Dupatta Set",RADHEY,,,,,,
,,,,,,,"RADHEY Embroidered Kurta, Trouser/Pant & Dupatta Set",RADHEY,,,,,,
,,,,,,,RADHEY Loose Fit Women Blue Trousers,RADHEY,,,,,,
,,,,,,,"RADHEY Embroidered Kurta, Trouser/Pant & Dupatta Set",RADHEY,,,,,,
,,,,,,,RADHEY Loose Fit Women Black Trousers,RADHEY,,,,,,
,,,,,,,RADHEY Loose Fit Women Multicolor Trousers,RADHEY,,,,,,
,,,,,,,"RADHEYKRISHNA Embroidered Kurta, Trouser/Pant & Dupatta Set",RADHEYKRISHNA,,,,,,
,,,,,,,"RADHEY Embroidered Kurta, Trouser/Pant & Dupatta Set",RADHEY,,,,,,
,,,,,,,"RADHEY Embroidered Kurta, Trouser/Pant & Dupatta Set",RADHEY,,,,,,
,,,,,,,"RADHEYKRISHNA Embroidered Kurta, Trouser/Pant & Dupatta Set",RADHEYKRISHNA,,,,,,
,,,,,,,"RADHEYKRISHNA Embroidered Kurta, Trouser/Pant & Dupatta Set",RADHEYKRISHNA,,,,,,
,,,,,,,"RADHEY Embroidered Kurta, Trouser/Pant & Dupatta Set",RADHEY,,,,,,
,,,,,,,"RADHEY Embroidered Kurta, Trouser/Pant & Dupatta Set",RADHEY,,,,,,
,,,,,,,"RADHEY Embroidered Kurta, Trouser/Pant & Dupatta Set",RADHEY,,,,,,
,,,,,,,"RADHEY Embroidered Kurta, Trouser/Pant & Dupatta Set",RADHEY,,,,,,
1290,b69a9b3479194a04,TheEthnicCloset,No,silver,2026-02-04,2026-05-13,"TheEThnicCloset Striped, Woven Bollywood Art Silk Saree (Orange)",TheEThnicCloset,Possibly a Brand,TheEThnicCloset,+916352756788,+916352756788,princethummer07@gmail.com,princethummer07@gmail.com
,,,,,,,"TheEThnicCloset Floral Print, Printed Daily Wear Jacquard Saree (Cream)",TheEThnicCloset,,,,,,
,,,,,,,RADHIKAFSHION Applique Assam Silk Art Silk Saree (Dark Green),RADHIKAFSHION,,,,,,
,,,,,,,TheEThnicCloset Striped Daily Wear Art Silk Saree (Red),TheEThnicCloset,,,,,,
,,,,,,,TheEThnicCloset Premium Hard Shell Vanity Case Travel Toiletry Kit (Beige),TheEThnicCloset,,,,,,
,,,,,,,TheEThnicCloset Striped Daily Wear Art Silk Saree (Blue),TheEThnicCloset,,,,,,
,,,,,,,"TheEThnicCloset Striped, Woven Bollywood Art Silk Saree (Green)",TheEThnicCloset,,,,,,
,,,,,,,TheEThnicCloset Striped Daily Wear Art Silk Saree (Yellow),TheEThnicCloset,,,,,,
,,,,,,,"TheEThnicCloset Woven, Blocked Printed Banarasi Jacquard Saree (Pink)",TheEThnicCloset,,,,,,
,,,,,,,TheEThnicCloset Woven Banarasi Jacquard Saree (Green),TheEThnicCloset,,,,,,
,,,,,,,SPIRISA Embellished Bandhani Net Saree (Green),SPIRISA,,,,,,
,,,,,,,Sonali Fashion Embellished Daily Wear Net Saree (Light Blue),Sonali Fashion,,,,,,
,,,,,,,TheEThnicCloset Striped Daily Wear Art Silk Saree (Purple),TheEThnicCloset,,,,,,
,,,,,,,"TheEThnicCloset Striped, Woven Bollywood Art Silk Saree (Purple)",TheEThnicCloset,,,,,,
,,,,,,,TheEThnicCloset Embroidered Bollywood Satin Saree (Black),TheEThnicCloset,,,,,,
,,,,,,,SPIRISA Printed Bandhani Net Saree (Pink),SPIRISA,,,,,,
,,,,,,,"TheEThnicCloset Embroidered, Floral Print, Self Design Chanderi Jacquard Saree (Purple)",TheEThnicCloset,,,,,,
,,,,,,,TheEThnicCloset Hard Shell Travel Makeup Vanity Case Travel Toiletry Kit (White),TheEThnicCloset,,,,,,
,,,,,,,RadhikaFashion Digital Print Daily Wear Jacquard Saree (White),RadhikaFashion,,,,,,
,,,,,,,TheEThnicCloset Striped Daily Wear Art Silk Saree (Green),TheEThnicCloset,,,,,,
1291,0de22328030f4592,DEERGOLDFASHION,No,silver,2019-05-21,2019-07-24,DEERGOLD FASHION Women Kurti Pant Dupatta Set,DEERGOLD FASHION,Possibly a Brand,DEERGOLD FASHION,+919377111922,+919377111922,Deergold69@gmail.com,Deergold69@gmail.com
,,,,,,,DEERGOLD FASHION Women Kurti Pant Dupatta Set,DEERGOLD FASHION,,,,,,
,,,,,,,DEERGOLD FASHION Women Kurti Pant Dupatta Set,DEERGOLD FASHION,,,,,,
,,,,,,,DEERGOLD FASHION Women Kurti Pant Dupatta Set,DEERGOLD FASHION,,,,,,
,,,,,,,DEERGOLD FASHION Women Kurti Pant Dupatta Set,DEERGOLD FASHION,,,,,,
,,,,,,,DEERGOLD FASHION Women Kurti Pant Dupatta Set,DEERGOLD FASHION,,,,,,
,,,,,,,DEERGOLD FASHION Women Kurti Pant Dupatta Set,DEERGOLD FASHION,,,,,,
,,,,,,,DEERGOLD FASHION Women Kurti Pant Dupatta Set,DEERGOLD FASHION,,,,,,
,,,,,,,DEERGOLD FASHION Women Kurti Pant Dupatta Set,DEERGOLD FASHION,,,,,,
,,,,,,,DEERGOLD FASHION Women Kurti Pant Dupatta Set,DEERGOLD FASHION,,,,,,
,,,,,,,DEERGOLD FASHION Women Kurti Pant Dupatta Set,DEERGOLD FASHION,,,,,,
,,,,,,,DEERGOLD FASHION Women Kurti Pant Dupatta Set,DEERGOLD FASHION,,,,,,
,,,,,,,DEERGOLD FASHION Women Kurti Pant Dupatta Set,DEERGOLD FASHION,,,,,,
,,,,,,,DEERGOLD FASHION Women Kurti Pant Dupatta Set,DEERGOLD FASHION,,,,,,
,,,,,,,DEERGOLD FASHION Women Kurti Pant Dupatta Set,DEERGOLD FASHION,,,,,,
,,,,,,,DEERGOLD FASHION Women Kurti Pant Dupatta Set,DEERGOLD FASHION,,,,,,
,,,,,,,DEERGOLD FASHION Women Kurti Pant Dupatta Set,DEERGOLD FASHION,,,,,,
,,,,,,,DEERGOLD FASHION Women Kurti Pant Dupatta Set,DEERGOLD FASHION,,,,,,
,,,,,,,DEERGOLD FASHION Women Kurti Pant Dupatta Set,DEERGOLD FASHION,,,,,,
,,,,,,,DEERGOLD FASHION Women Kurti Pant Dupatta Set,DEERGOLD FASHION,,,,,,
1292,b90f9c601e5b445a,SALEZONE,Yes,gold,2020-10-24,2020-11-24,,,,,,,,
1293,a6b0d36e6cdb4da7,Kazraa,No,silver,2026-05-09,2026-05-11,"Kazraa Women Printed Straight Kurta (Blue, White)",Kazraa,Possibly a Brand,Kazraa,+919569551236,+919569551236,kajalawasthi979392@gmail.com,kajalawasthi979392@gmail.com
,,,,,,,"Kazraa Women Printed Straight Kurta (Blue, White)",Kazraa,,,,,,
,,,,,,,Kazraa Women Floral Print Straight Kurta (Red),Kazraa,,,,,,
,,,,,,,"Kazraa Printed, Geometric Print Kurta, Salwar & Dupatta Set",Kazraa,,,,,,
,,,,,,,"Kazraa Printed, Geometric Print Kurta, Salwar & Dupatta Set",Kazraa,,,,,,
,,,,,,,"Kazraa Women Printed Straight Kurta (White, Maroon)",Kazraa,,,,,,
,,,,,,,Kazraa Women Floral Print Straight Kurta (Maroon),Kazraa,,,,,,
,,,,,,,"Kazraa Women Floral Print Straight Kurta (White, Dark Green)",Kazraa,,,,,,
,,,,,,,"Kazraa Floral Print Kurta, Salwar & Dupatta Set",Kazraa,,,,,,
,,,,,,,"Kazraa Floral Print Kurta, Salwar & Dupatta Set",Kazraa,,,,,,
,,,,,,,"Kazraa Women Printed Straight Kurta (White, Pink)",Kazraa,,,,,,
,,,,,,,"Kazraa Women Printed Straight Kurta (White, Pink)",Kazraa,,,,,,
,,,,,,,Kazraa Women Printed Straight Kurta (Multicolor),Kazraa,,,,,,
,,,,,,,Kazraa Women Printed Straight Kurta (Pink),Kazraa,,,,,,
,,,,,,,Kazraa Women Printed Flared Kurta (Purple),Kazraa,,,,,,
,,,,,,,"Kazraa Women Printed Straight Kurta (White, Maroon)",Kazraa,,,,,,
,,,,,,,"Kazraa Printed Kurta, Salwar & Dupatta Set",Kazraa,,,,,,
,,,,,,,"Kazraa Printed Kurta, Salwar & Dupatta Set",Kazraa,,,,,,
,,,,,,,"Kazraa Floral Print Kurta, Salwar & Dupatta Set",Kazraa,,,,,,
,,,,,,,"Kazraa Floral Print Kurta, Salwar & Dupatta Set",Kazraa,,,,,,
1294,31f822a25f4a49d9,RUCHAAFASHION,No,bronze,2025-02-03,2025-05-21,"RuchaaFASHION Unisex Solid, Graphic Print Ankle Length (Pack of 5)",RuchaaFASHION,Possibly a Seller,,+919586625722,+919586625722,RuchaaFashion@gmail.com,RuchaaFashion@gmail.com
,,,,,,,RUCHAA FASHION Men & Women Ankle Length (Pack of 5),RUCHAA FASHION,,,,,,
,,,,,,,RUCHAA FASHION Women Printed Party Multicolor Shirt,RUCHAA FASHION,,,,,,
,,,,,,,RUCHAA FASHION Women Striped Party Multicolor Shirt,RUCHAA FASHION,,,,,,
,,,,,,,RuchaaFASHION Women Self Design Thigh (Pack of 5),RuchaaFASHION,,,,,,
,,,,,,,RUCHAA FASHION Women Printed Multicolor Night Suit Set,RUCHAA FASHION,,,,,,
,,,,,,,RUCHAA FASHION Casual Floral Print Women Yellow Top,RUCHAA FASHION,,,,,,
,,,,,,,RUCHAA FASHION Women Printed Blue Night Suit Set,RUCHAA FASHION,,,,,,
,,,,,,,RUCHAA FASHION Women Printed Multicolor Night Suit Set,RUCHAA FASHION,,,,,,
,,,,,,,RUCHAA FASHION Women Striped Party Cream Shirt,RUCHAA FASHION,,,,,,
,,,,,,,RuchaaFASHION Top Palazzos Co-ords Set,RuchaaFASHION,,,,,,
,,,,,,,RUCHAA FASHION Women Striped Party Multicolor Shirt,RUCHAA FASHION,,,,,,
,,,,,,,RuchaaFASHION Top Palazzos Co-ords Set,RuchaaFASHION,,,,,,
,,,,,,,RUCHAA FASHION Women Printed Party Multicolor Shirt,RUCHAA FASHION,,,,,,
,,,,,,,RUCHAA FASHION Women Striped Party Multicolor Shirt,RUCHAA FASHION,,,,,,
,,,,,,,RuchaaFASHION Top Palazzos Co-ords Set,RuchaaFASHION,,,,,,
,,,,,,,RuchaaFASHION Top Pant Co-ords Set,RuchaaFASHION,,,,,,
,,,,,,,RuchaaFASHION Men & Women Self Design Ankle Length (Pack of 7),RuchaaFASHION,,,,,,
,,,,,,,RuchaaFASHION Top Palazzos Co-ords Set,RuchaaFASHION,,,,,,
,,,,,,,RuchaaFASHION Top Palazzos Co-ords Set,RuchaaFASHION,,,,,,
1295,7ea7d78199a84a25,LILUDI,No,silver,2022-06-16,2022-06-23,"LILUDI Solid Kurta, Trouser/Pant & Dupatta Set",LILUDI,Possibly a Seller,,+919898452145,+919898452145,vselection5564@gmail.com,vselection5564@gmail.com
,,,,,,,"Bharat Origin Girls Lehenga Choli Ethnic Wear Embroidered Lehenga, Choli and Dupatta Set (Pink, Pack of 1)",Bharat Origin,,,,,,
,,,,,,,"Bharat Origin Girls Lehenga Choli Ethnic Wear Embroidered Lehenga, Choli and Dupatta Set (Pink, Pack of 1)",Bharat Origin,,,,,,
,,,,,,,"LILUDI Solid Kurta, Trouser/Pant & Dupatta Set",LILUDI,,,,,,
,,,,,,,"FULPARI Girls Lehenga Choli Ethnic Wear Embroidered Lehenga, Choli and Dupatta Set (Purple, Pack of 1)",FULPARI,,,,,,
,,,,,,,"LILUDI Embroidered Kurta, Trouser/Pant & Dupatta Set",LILUDI,,,,,,
,,,,,,,LILUDI Women Kurta Pant Dupatta Set,LILUDI,,,,,,
,,,,,,,"Bharat Origin Girls Lehenga Choli Ethnic Wear Embroidered Lehenga, Choli and Dupatta Set (Pink, Pack of 1)",Bharat Origin,,,,,,
,,,,,,,"Bharat Origin Girls Lehenga Choli Ethnic Wear Embroidered Lehenga, Choli and Dupatta Set (Pink, Pack of 1)",Bharat Origin,,,,,,
,,,,,,,"FULPARI Girls Lehenga Choli Ethnic Wear Embroidered Lehenga, Choli and Dupatta Set (Red, Pack of 1)",FULPARI,,,,,,
,,,,,,,"Bharat Origin Girls Lehenga Choli Ethnic Wear Embroidered Lehenga, Choli and Dupatta Set (Pink, Pack of 1)",Bharat Origin,,,,,,
,,,,,,,LILUDI Women Kurta Pant Dupatta Set,LILUDI,,,,,,
,,,,,,,LILUDI Women Printed A-line Kurta (Blue),LILUDI,,,,,,
,,,,,,,LILUDI Women Printed A-line Kurta (Blue),LILUDI,,,,,,
,,,,,,,"LILUDI Girls Lehenga Choli Ethnic Wear Embroidered Lehenga, Choli and Dupatta Set (Light Green, Pack of 1)",LILUDI,,,,,,
,,,,,,,"LILUDI Embroidered Kurta, Salwar & Dupatta Set",LILUDI,,,,,,
,,,,,,,LILUDI Women Printed A-line Kurta (Blue),LILUDI,,,,,,
,,,,,,,LILUDI Women Printed A-line Kurta (Blue),LILUDI,,,,,,
,,,,,,,"Bharat Origin Girls Lehenga Choli Ethnic Wear Embroidered Lehenga, Choli and Dupatta Set (Pink, Pack of 1)",Bharat Origin,,,,,,
,,,,,,,"Bharat Origin Girls Lehenga Choli Ethnic Wear Embroidered Lehenga, Choli and Dupatta Set (Red, Pack of 1)",Bharat Origin,,,,,,
1296,c5eed0a772884547,RadheyRadheySilkMill,No,bronze,2025-08-28,2025-09-05,Radhey Radhey Sillk Mill Women Kurta Churidar Dupatta Set,Radhey Radhey Sillk Mill,Possibly a Seller,,+917631782358,+917631782358,ashokchandak974@gmail.com,ashokchandak974@gmail.com
,,,,,,,Radhey Radhey Sillk Mill Women Kurta Churidar Dupatta Set,Radhey Radhey Sillk Mill,,,,,,
,,,,,,,"Radhey Self Design Kurta, Salwar & Dupatta Set",Radhey,,,,,,
,,,,,,,"Radhey Self Design Kurta, Salwar & Dupatta Set",Radhey,,,,,,
,,,,,,,"Radhey Self Design Kurta, Salwar & Dupatta Set",Radhey,,,,,,
,,,,,,,RADHEY RADHEY SILK MILL Women Kurta Churidar Dupatta Set,RADHEY RADHEY SILK MILL,,,,,,
,,,,,,,RADHEY RADHEY SILK MILL Women Kurta Churidar Dupatta Set,RADHEY RADHEY SILK MILL,,,,,,
,,,,,,,RADHEY RADHEY SILK MILL Women Kurta Churidar Dupatta Set,RADHEY RADHEY SILK MILL,,,,,,
,,,,,,,RADHEY RADHEY SILK MILL Women Kurta Churidar Dupatta Set,RADHEY RADHEY SILK MILL,,,,,,
,,,,,,,Radhey Radhey Sillk Mill Women Kurta Churidar Dupatta Set,Radhey Radhey Sillk Mill,,,,,,
,,,,,,,"Radhey Self Design Kurta, Salwar & Dupatta Set",Radhey,,,,,,
,,,,,,,Radhey Radhey Sillk Mill Women Kurta Churidar Dupatta Set,Radhey Radhey Sillk Mill,,,,,,
,,,,,,,"Radhey Self Design Kurta, Salwar & Dupatta Set",Radhey,,,,,,
,,,,,,,"Radhey Printed Kurta, Salwar & Dupatta Set",Radhey,,,,,,
,,,,,,,Radhey Radhey Sillk Mill Women Kurta Churidar Dupatta Set,Radhey Radhey Sillk Mill,,,,,,
,,,,,,,"Radhey Self Design Kurta, Salwar & Dupatta Set",Radhey,,,,,,
,,,,,,,"Radhey Self Design Kurta, Salwar & Dupatta Set",Radhey,,,,,,
,,,,,,,"Radhey Self Design Kurta, Salwar & Dupatta Set",Radhey,,,,,,
,,,,,,,"Radhey Self Design Kurta, Salwar & Dupatta Set",Radhey,,,,,,
,,,,,,,"Radhey Self Design Kurta, Salwar & Dupatta Set",Radhey,,,,,,
1297,a1a239db2e884290,Venjberry,No,bronze,2025-04-23,2025-07-31,"AALO FASHIONS Embroidered Anarkali Kurta, Bottom & Dupatta Set",AALO FASHIONS,Possibly a Seller,,+918866076833,+918866076833,brahmacreation12@gmail.com,brahmacreation12@gmail.com
,,,,,,,"iqra creation Solid Anarkali Kurta, Bottom & Dupatta Set",iqra creation,,,,,,
,,,,,,,"RADHA MADHAV Embroidered Kurta, Trouser/Pant & Dupatta Set",RADHA MADHAV,,,,,,
,,,,,,,"Abhydaya Fashion Embroidered Anarkali Kurta, Bottom & Dupatta Set",Abhydaya Fashion,,,,,,
,,,,,,,"iqra creation Embellished Kurta, Churidar & Dupatta Set",iqra creation,,,,,,
,,,,,,,"AALO FASHIONS Embroidered Anarkali Kurta, Bottom & Dupatta Set",AALO FASHIONS,,,,,,
,,,,,,,"RADHA MADHAV Embroidered Kurta, Trouser/Pant & Dupatta Set",RADHA MADHAV,,,,,,
,,,,,,,"RADHA MADHAV Embroidered Kurta, Trouser/Pant & Dupatta Set",RADHA MADHAV,,,,,,
,,,,,,,"RADHA MADHAV Embroidered Kurta, Trouser/Pant & Dupatta Set",RADHA MADHAV,,,,,,
,,,,,,,"RADHA MADHAV Embroidered Kurta, Trouser/Pant & Dupatta Set",RADHA MADHAV,,,,,,
,,,,,,,"AALO FASHIONS Embroidered Anarkali Kurta, Bottom & Dupatta Set",AALO FASHIONS,,,,,,
,,,,,,,tmcreation Women Kurta Pant Dupatta Set,tmcreation,,,,,,
,,,,,,,tmcreation Women Kurta Pant Dupatta Set,tmcreation,,,,,,
,,,,,,,"iqra creation Solid Anarkali Kurta, Bottom & Dupatta Set",iqra creation,,,,,,
,,,,,,,Aarya etrhnic Women Kurta Pant Dupatta Set,Aarya etrhnic,,,,,,
,,,,,,,Aarya etrhnic Women Kurta Pant Dupatta Set,Aarya etrhnic,,,,,,
,,,,,,,Venjberry Women Kurta Pant Dupatta Set,Venjberry,,,,,,
,,,,,,,Rekag Women Kurta Pant Dupatta Set,Rekag,,,,,,
,,,,,,,RUPSUNAARI Women Kurta Pant Dupatta Set,RUPSUNAARI,,,,,,
,,,,,,,"SHIVAYFAB Embroidered Kurta, Trouser/Pant & Dupatta Set",SHIVAYFAB,,,,,,
1298,88ce0a3ff3024221,TriyanshCreation,No,silver,2025-11-10,2026-05-03,Triyansh Creation Women Kurta Palazzo Set,Triyansh Creation,Possibly a Brand,Triyansh Creation,+919016698879,+919016698879,shivaayenterprise0302@gmail.com,shivaayenterprise0302@gmail.com
,,,,,,,"Triyansh Creation Embroidered Kurta, Trouser/Pant & Dupatta Set",Triyansh Creation,,,,,,
,,,,,,,Triyansh Creation Women Kurta Palazzo Set,Triyansh Creation,,,,,,
,,,,,,,Triyansh Creation Women Kurta Palazzo Set,Triyansh Creation,,,,,,
,,,,,,,"Triyansh Creation Embroidered Anarkali Kurta, Bottom & Dupatta Set",Triyansh Creation,,,,,,
,,,,,,,"Triyansh Creation Embroidered Anarkali Kurta, Bottom & Dupatta Set",Triyansh Creation,,,,,,
,,,,,,,"Triyansh Creation Embroidered Anarkali Kurta, Bottom & Dupatta Set",Triyansh Creation,,,,,,
,,,,,,,"Triyansh Creation Embroidered Anarkali Kurta, Bottom & Dupatta Set",Triyansh Creation,,,,,,
,,,,,,,"Triyansh Creation Embroidered Anarkali Kurta, Bottom & Dupatta Set",Triyansh Creation,,,,,,
,,,,,,,"Triyansh Creation Embroidered Anarkali Kurta, Bottom & Dupatta Set",Triyansh Creation,,,,,,
,,,,,,,"Triyansh Creation Embroidered Kurta, Trouser/Pant & Dupatta Set",Triyansh Creation,,,,,,
,,,,,,,"Triyansh Creation Embroidered Kurta, Trouser/Pant & Dupatta Set",Triyansh Creation,,,,,,
,,,,,,,"Triyansh Creation Embroidered Kurta, Trouser/Pant & Dupatta Set",Triyansh Creation,,,,,,
,,,,,,,"Triyansh Creation Embroidered Kurta, Trouser/Pant & Dupatta Set",Triyansh Creation,,,,,,
,,,,,,,"Triyansh Creation Embroidered Kurta, Dhoti Pant & Dupatta Set",Triyansh Creation,,,,,,
,,,,,,,Triyansh Creation Women Kurta Palazzo Set,Triyansh Creation,,,,,,
,,,,,,,"Triyansh Creation Embroidered Anarkali Kurta, Bottom & Dupatta Set",Triyansh Creation,,,,,,
,,,,,,,"Triyansh Creation Embroidered Kurta, Salwar & Dupatta Set",Triyansh Creation,,,,,,
,,,,,,,Triyansh Creation Women Kurta Palazzo Set,Triyansh Creation,,,,,,
,,,,,,,"Triyansh Creation Embroidered Anarkali Kurta, Bottom & Dupatta Set",Triyansh Creation,,,,,,
1299,7d758404104f4b3f,FEMVITA,Yes,silver,2020-03-13,2020-03-14,,,,,,,,
1300,e22e726ea6aa4a74,DHARM CREATION,Yes,gold,2021-01-04,2021-01-13,,,,,,,,
1301,fe768c5edba84a21,RMRJaihindEnterprises,No,bronze,2020-01-08,2020-01-20,Gillette Presto 2-Blades For smoother Shaving (5 In 1)- (Pack of 3::15Razors) by Rmr JaiHind (Pack of 3),Gillette,Possibly a Seller,,+917000174509,+917000174509,rmr.jaihind@gmail.com,rmr.jaihind@gmail.com
,,,,,,,LeeRooy MN BG16 black 17.5inch B type 24 ltr Bag for mordern colledge boys and girls 25 L Laptop Backpack (Black),LeeRooy,,,,,,
,,,,,,,"Gillette Presto 2-Blades (5-in-1), 50 Razors by Rmr JaiHind: The Ultimate Shaving Solution (Pack of 6)",Gillette,,,,,,
,,,,,,,Gillette Presto 2-Blades For smoother Shaving (5 In 1)- (Pack of 6::30Razors) by Rmr JaiHind (Pack of 6),Gillette,,,,,,
,,,,,,,"Gillette Mach3 Bold Gift Pack (Heavy, black, stylish Bold razor + 1 Cartridge+ Mach3 Gel+ Magnetic Razor Dock)",Gillette,,,,,,
,,,,,,,"Gillette Presto 2-Blades (5-in-1), 30 Razors by Rmr JaiHind: The Ultimate Shaving Solution (Pack of 6)",Gillette,,,,,,
,,,,,,,Gillette venus Women's Skin Love Razor for Hair Removal in Green By RMR JaiHind (Pack of 6),Gillette venus,,,,,,
,,,,,,,PURENIR 25-Ltrs Alkaline NATURAL STONES and Gravity based Non Electricity Water Purifier Bottom Loading Water Dispenser,PURENIR,,,,,,
,,,,,,,"Sunvora Printed Anarkali Kurta, Bottom & Dupatta Set",Sunvora,,,,,,
,,,,,,,"Sunvora Embroidered Kurta, Palazzo & Dupatta Set",Sunvora,,,,,,
,,,,,,,"Sunvora Embroidered Kurta, Palazzo & Dupatta Set",Sunvora,,,,,,
,,,,,,,"Sunvora Embroidered Kurta, Palazzo & Dupatta Set",Sunvora,,,,,,
,,,,,,,"Sunvora Printed Anarkali Kurta, Bottom & Dupatta Set",Sunvora,,,,,,
,,,,,,,"Sunvora Printed Anarkali Kurta, Bottom & Dupatta Set",Sunvora,,,,,,
,,,,,,,"Sunvora Floral Print Kurta, Palazzo & Dupatta Set",Sunvora,,,,,,
,,,,,,,"Sunvora Printed Kurta, Palazzo & Dupatta Set",Sunvora,,,,,,
,,,,,,,"Sunvora Printed Kurta, Palazzo & Dupatta Set",Sunvora,,,,,,
,,,,,,,"Sunvora Printed Kurta, Palazzo & Dupatta Set",Sunvora,,,,,,
,,,,,,,"Sunvora Embroidered Anarkali Kurta, Bottom & Dupatta Set",Sunvora,,,,,,
,,,,,,,"Sunvora Floral Print Kurta, Palazzo & Dupatta Set",Sunvora,,,,,,
1302,0f2f08d6026942b1,KohinoorrFashion,No,silver,2026-05-31,2026-06-07,"Kohinoor Fashion Embroidered Kurta, Palazzo & Dupatta Set",Kohinoor Fashion,Possibly a Brand,Kohinoor Fashion,+919106348901,+919106348901,kohinoorenterprise03@gmail.com,kohinoorenterprise03@gmail.com
,,,,,,,"Kohinoor Fashion Embroidered Kurta, Trouser/Pant & Dupatta Set",Kohinoor Fashion,,,,,,
,,,,,,,"Kohinoor Fashion Embroidered Anarkali Kurta, Bottom & Dupatta Set",Kohinoor Fashion,,,,,,
,,,,,,,"Kohinoor Fashion Embroidered Anarkali Kurta, Bottom & Dupatta Set",Kohinoor Fashion,,,,,,
,,,,,,,"Kohinoor Fashion Embroidered Kurta, Trouser/Pant & Dupatta Set",Kohinoor Fashion,,,,,,
,,,,,,,"Kohinoor Fashion Embroidered Anarkali Kurta, Bottom & Dupatta Set",Kohinoor Fashion,,,,,,
,,,,,,,"Kohinoor Fashion Embroidered Kurta, Trouser/Pant & Dupatta Set",Kohinoor Fashion,,,,,,
,,,,,,,"Kohinoor Fashion Embroidered, Floral Print Kurta, Salwar & Dupatta Set",Kohinoor Fashion,,,,,,
,,,,,,,"Kohinoor Fashion Embroidered, Floral Print Kurta, Salwar & Dupatta Set",Kohinoor Fashion,,,,,,
,,,,,,,"Kohinoor Fashion Embroidered Kurta, Palazzo & Dupatta Set",Kohinoor Fashion,,,,,,
,,,,,,,"Kohinoor Fashion Embroidered Kurta, Trouser/Pant & Dupatta Set",Kohinoor Fashion,,,,,,
,,,,,,,"Kohinoor Fashion Embroidered Anarkali Kurta, Bottom & Dupatta Set",Kohinoor Fashion,,,,,,
,,,,,,,"Kohinoor Fashion Embroidered Kurta, Trouser/Pant & Dupatta Set",Kohinoor Fashion,,,,,,
,,,,,,,"Kohinoor Fashion Embroidered Kurta, Palazzo & Dupatta Set",Kohinoor Fashion,,,,,,
,,,,,,,"Kohinoor Fashion Embroidered Anarkali Kurta, Bottom & Dupatta Set",Kohinoor Fashion,,,,,,
,,,,,,,"Kohinoor Fashion Embroidered Kurta, Palazzo & Dupatta Set",Kohinoor Fashion,,,,,,
,,,,,,,"Kohinoor Fashion Embroidered Kurta, Trouser/Pant & Dupatta Set",Kohinoor Fashion,,,,,,
,,,,,,,"Kohinoor Fashion Embroidered Anarkali Kurta, Bottom & Dupatta Set",Kohinoor Fashion,,,,,,
,,,,,,,"Kohinoor Fashion Embroidered, Floral Print Kurta, Salwar & Dupatta Set",Kohinoor Fashion,,,,,,
,,,,,,,"Kohinoor Fashion Embroidered Kurta, Trouser/Pant & Dupatta Set",Kohinoor Fashion,,,,,,
1303,101d709140b74010,CONVOYSTORE,No,silver,2025-10-24,2025-10-30,"Convoy Boys & Girls Printed Polyester T Shirt (White, Pack of 1)",Convoy,Possibly a Brand,Convoy,+919891085800,+919891085800,elite.web.mart@gmail.com,elite.web.mart@gmail.com
,,,,,,,"Convoy Boys & Girls Printed Polyester T Shirt (White, Pack of 1)",Convoy,,,,,,
,,,,,,,"Convoy Boys & Girls Printed Polyester T Shirt (White, Pack of 1)",Convoy,,,,,,
,,,,,,,"Convoy Boys & Girls Printed Polyester T Shirt (White, Pack of 1)",Convoy,,,,,,
,,,,,,,"Convoy Boys & Girls Printed Polycotton Regular T Shirt (White, Pack of 1)",Convoy,,,,,,
,,,,,,,"Convoy Boys & Girls Cartoon/Superhero Polycotton Regular T Shirt (White, Pack of 1)",Convoy,,,,,,
,,,,,,,"Convoy Boys & Girls Cartoon/Superhero Polycotton Regular T Shirt (White, Pack of 1)",Convoy,,,,,,
,,,,,,,"Convoy Boys & Girls Cartoon/Superhero Polycotton Regular T Shirt (White, Pack of 1)",Convoy,,,,,,
,,,,,,,"Convoy Boys & Girls Printed Polycotton Regular T Shirt (White, Pack of 1)",Convoy,,,,,,
,,,,,,,"Convoy Boys & Girls Cartoon/Superhero Polycotton Regular T Shirt (White, Pack of 1)",Convoy,,,,,,
,,,,,,,"Convoy Boys & Girls Cartoon/Superhero Polycotton Regular T Shirt (White, Pack of 1)",Convoy,,,,,,
,,,,,,,"Convoy Boys & Girls Cartoon/Superhero Polycotton Regular T Shirt (White, Pack of 1)",Convoy,,,,,,
,,,,,,,"Convoy Boys & Girls Cartoon/Superhero Polycotton Regular T Shirt (White, Pack of 1)",Convoy,,,,,,
,,,,,,,"Convoy Boys & Girls Cartoon/Superhero Polycotton Regular T Shirt (White, Pack of 1)",Convoy,,,,,,
,,,,,,,"Convoy Boys & Girls Cartoon/Superhero Polycotton Regular T Shirt (White, Pack of 1)",Convoy,,,,,,
,,,,,,,"Convoy Boys & Girls Printed Polycotton Regular T Shirt (White, Pack of 1)",Convoy,,,,,,
,,,,,,,"Convoy Boys & Girls Cartoon/Superhero Polycotton Regular T Shirt (White, Pack of 1)",Convoy,,,,,,
,,,,,,,"Convoy Boys & Girls Cartoon/Superhero Polycotton Regular T Shirt (White, Pack of 1)",Convoy,,,,,,
,,,,,,,"Convoy Boys & Girls Cartoon/Superhero Polycotton Regular T Shirt (White, Pack of 1)",Convoy,,,,,,
,,,,,,,"Convoy Boys & Girls Cartoon/Superhero Polycotton Regular T Shirt (White, Pack of 1)",Convoy,,,,,,
1304,5224d1446d8d4505,ANJANIMANUFACTURERS,No,silver,2015-06-02,2015-06-29,"NGT Ankle Length Western Wear Legging (Multicolor, Solid)",NGT,Possibly a Brand,NGT,+919540920202,+919540920202,namangta87@gmail.com,namangta87@gmail.com
,,,,,,,"NGT Ankle Length Ethnic Wear Legging (Red, White, Black, Solid)",NGT,,,,,,
,,,,,,,"NGT Ankle Length Western Wear Legging (Multicolor, Solid)",NGT,,,,,,
,,,,,,,"NGT Ankle Length Western Wear Legging (Multicolor, Solid)",NGT,,,,,,
,,,,,,,"NGT Ankle Length Western Wear Legging (Maroon, White, Black, Solid)",NGT,,,,,,
,,,,,,,"NGT Ankle Length Western Wear Legging (Multicolor, Solid)",NGT,,,,,,
,,,,,,,"NGT Ankle Length Western Wear Legging (Multicolor, Solid)",NGT,,,,,,
,,,,,,,"NGT Ankle Length Western Wear Legging (Multicolor, Solid)",NGT,,,,,,
,,,,,,,"NGT Ankle Length Western Wear Legging (Maroon, White, Black, Solid)",NGT,,,,,,
,,,,,,,"NGT Ankle Length Western Wear Legging (Beige, White, Red, Solid)",NGT,,,,,,
,,,,,,,"NGT Ankle Length Ethnic Wear Legging (White, Black, Solid)",NGT,,,,,,
,,,,,,,"NGT Ankle Length Western Wear Legging (Multicolor, Solid)",NGT,,,,,,
,,,,,,,"NGT Ankle Length Western Wear Legging (Multicolor, Solid)",NGT,,,,,,
,,,,,,,NGT Women Beige Capri,NGT,,,,,,
,,,,,,,"NGT Ankle Length Western Wear Legging (Multicolor, Solid)",NGT,,,,,,
,,,,,,,"NGT Ankle Length Ethnic Wear Legging (Black, Solid)",NGT,,,,,,
,,,,,,,"NGT Ankle Length Western Wear Legging (Multicolor, Solid)",NGT,,,,,,
,,,,,,,"NGT Ankle Length Western Wear Legging (Multicolor, Solid)",NGT,,,,,,
,,,,,,,"NGT Ankle Length Western Wear Legging (Multicolor, Solid)",NGT,,,,,,
,,,,,,,"NGT Ankle Length Western Wear Legging (Multicolor, Solid)",NGT,,,,,,
1305,c6a441ce46db41e3,msvtraders,Yes,gold,2022-12-26,2022-12-30,,,,,,,,
1306,be4ffed80be74929,MINITOESFASHIONWEARLLP,No,silver,2024-05-31,2024-06-01,TODOS Baby Boys Casual Top Shorts (D.Pink),TODOS,Possibly a Brand,TODOS,+917908335787,+917908335787,minitoesecom2024@gmail.com,minitoesecom2024@gmail.com
,,,,,,,TODOS Baby Boys Casual T-shirt Shorts (M.Blue),TODOS,,,,,,
,,,,,,,TODOS Baby Boys Casual Top Shorts (D.Pink),TODOS,,,,,,
,,,,,,,TODOS Baby Boys Casual Top Shorts (D.Mint),TODOS,,,,,,
,,,,,,,TODOS Baby Boys Casual T-shirt Shorts (Light Green),TODOS,,,,,,
,,,,,,,TODOS Baby Boys Casual T-shirt Shorts (DP.Pink),TODOS,,,,,,
,,,,,,,TODOS Baby Boys Casual T-shirt Shorts (M.Blue),TODOS,,,,,,
,,,,,,,TODOS Boys Casual T-shirt Shorts (Green),TODOS,,,,,,
,,,,,,,TODOS Baby Boys Casual T-shirt Shorts (white-peach),TODOS,,,,,,
,,,,,,,TODOS Baby Boys Casual T-shirt Shorts (Light Green),TODOS,,,,,,
,,,,,,,TODOS Baby Boys Casual T-shirt Shorts (DP.Pink),TODOS,,,,,,
,,,,,,,TODOS Boys Casual T-shirt Shorts (Blue),TODOS,,,,,,
,,,,,,,TODOS Baby Boys Casual T-shirt Shorts (Light Pink),TODOS,,,,,,
,,,,,,,TODOS Baby Boys Casual T-shirt Shorts (white-skyblue),TODOS,,,,,,
,,,,,,,TODOS Baby Boys Casual T-shirt Shorts (white-peach),TODOS,,,,,,
,,,,,,,TODOS Boys Casual T-shirt Shorts (Blue),TODOS,,,,,,
,,,,,,,TODOS Baby Boys Casual T-shirt Shorts (L.Grn),TODOS,,,,,,
,,,,,,,TODOS Baby Boys Casual Top Shorts (D.Mint),TODOS,,,,,,
,,,,,,,TODOS Baby Boys Casual Top Shorts (Sky),TODOS,,,,,,
,,,,,,,TODOS Boys Casual T-shirt Shorts (Green),TODOS,,,,,,
1307,2004c7574ee74e1e,AARUUPADAIAPPARELS,No,silver,2026-07-08,2026-07-09,"AARUUPADAI Boys Graphic Print Cotton Blend Oversized T Shirt (Black, Pack of 1)",AARUUPADAI,Possibly a Brand,AARUUPADAI,+916385088932,+916385088932,hiphop.saro69@gmail.com,hiphop.saro69@gmail.com
,,,,,,,"AARUUPADAI Boys Graphic Print Cotton Blend Oversized T Shirt (Black, Pack of 1)",AARUUPADAI,,,,,,
,,,,,,,"AARUUPADAI Boys Printed Cotton Blend Oversized T Shirt (Red, Pack of 1)",AARUUPADAI,,,,,,
,,,,,,,"AARUUPADAI Boys Graphic Print Cotton Blend Oversized T Shirt (Black, Pack of 1)",AARUUPADAI,,,,,,
,,,,,,,"AARUUPADAI Boys Printed Cotton Blend Oversized T Shirt (Red, Pack of 1)",AARUUPADAI,,,,,,
,,,,,,,"AARUUPADAI Boys Graphic Print Cotton Blend Oversized T Shirt (Red, Pack of 1)",AARUUPADAI,,,,,,
,,,,,,,"AARUUPADAI Boys Graphic Print Cotton Blend Oversized T Shirt (Green, Pack of 1)",AARUUPADAI,,,,,,
,,,,,,,"AARUUPADAI Boys Graphic Print Cotton Blend Oversized T Shirt (Red, Pack of 1)",AARUUPADAI,,,,,,
,,,,,,,"AARUUPADAI Boys Graphic Print Cotton Blend Oversized T Shirt (Green, Pack of 1)",AARUUPADAI,,,,,,
,,,,,,,"AARUUPADAI Boys Graphic Print Cotton Blend Oversized T Shirt (Red, Pack of 1)",AARUUPADAI,,,,,,
,,,,,,,"AARUUPADAI Boys Graphic Print Cotton Blend Oversized T Shirt (Green, Pack of 1)",AARUUPADAI,,,,,,
,,,,,,,"AARUUPADAI Boys Printed Cotton Blend Oversized T Shirt (Green, Pack of 1)",AARUUPADAI,,,,,,
,,,,,,,"AARUUPADAI Boys Graphic Print Cotton Blend Oversized T Shirt (Black, Pack of 1)",AARUUPADAI,,,,,,
,,,,,,,"AARUUPADAI Boys Graphic Print Cotton Blend Oversized T Shirt (Red, Pack of 1)",AARUUPADAI,,,,,,
,,,,,,,"AARUUPADAI Boys Printed Cotton Blend Oversized T Shirt (White, Pack of 1)",AARUUPADAI,,,,,,
,,,,,,,"AARUUPADAI Boys Printed Cotton Blend Oversized T Shirt (Green, Pack of 1)",AARUUPADAI,,,,,,
,,,,,,,"AARUUPADAI Boys Printed Cotton Blend Oversized T Shirt (Yellow, Pack of 1)",AARUUPADAI,,,,,,
,,,,,,,"AARUUPADAI Boys Printed Cotton Blend Oversized T Shirt (Red, Pack of 1)",AARUUPADAI,,,,,,
,,,,,,,"AARUUPADAI Boys Graphic Print Cotton Blend Oversized T Shirt (White, Pack of 1)",AARUUPADAI,,,,,,
,,,,,,,"AARUUPADAI Boys Printed Cotton Blend Oversized T Shirt (Dark Blue, Pack of 1)",AARUUPADAI,,,,,,
1308,ef4494619cd54a47,TEKSOTEX,No,silver,2026-05-31,2026-06-06,Tekso Typography Men Round Neck Blue T-Shirt,Tekso,Possibly a Brand,FreeFit Fashion,+919042170591,+919042170591,tekso8853@gmail.com,tekso8853@gmail.com
,,,,,,,"FreeFit Fashion Boys Graphic Print Cotton Blend Oversized T Shirt (Black, Pack of 1)",FreeFit Fashion,,,,,,
,,,,,,,"Tekso Boys Casual T-shirt Shorts (Sandal_Grey Melange, Pack of 1)",Tekso,,,,,,
,,,,,,,Tekso Printed Men Round Neck Purple T-Shirt,Tekso,,,,,,
,,,,,,,"FreeFit Fashion Boys Typography, Printed Cotton Blend Oversized T Shirt (Green, Pack of 1)",FreeFit Fashion,,,,,,
,,,,,,,"FreeFit Fashion Boys Typography Cotton Blend Oversized T Shirt (Red, Pack of 1)",FreeFit Fashion,,,,,,
,,,,,,,"FreeFit Fashion Boys Typography Cotton Blend Oversized T Shirt (Red, Pack of 1)",FreeFit Fashion,,,,,,
,,,,,,,"FreeFit Fashion Boys Printed Cotton Blend Oversized T Shirt (Light Blue, Pack of 1)",FreeFit Fashion,,,,,,
,,,,,,,"FreeFit Fashion Boys Graphic Print Cotton Blend Oversized T Shirt (Red, Pack of 1)",FreeFit Fashion,,,,,,
,,,,,,,"FreeFit Fashion Boys Typography, Printed Cotton Blend Oversized T Shirt (Red, Pack of 1)",FreeFit Fashion,,,,,,
,,,,,,,Tekso Printed Men Round Neck Navy Blue T-Shirt,Tekso,,,,,,
,,,,,,,"FreeFit Fashion Boys Printed Cotton Blend Oversized T Shirt (Red, Pack of 1)",FreeFit Fashion,,,,,,
,,,,,,,Tekso Printed Men Polo Neck Grey T-Shirt,Tekso,,,,,,
,,,,,,,"FreeFit Fashion Boys Printed Cotton Blend Oversized T Shirt (Beige, Pack of 1)",FreeFit Fashion,,,,,,
,,,,,,,Tekso Printed Men Round Neck Blue T-Shirt,Tekso,,,,,,
,,,,,,,"FreeFit Fashion Boys Typography Cotton Blend Oversized T Shirt (Purple, Pack of 1)",FreeFit Fashion,,,,,,
,,,,,,,"FreeFit Fashion Boys Typography Cotton Blend Oversized T Shirt (Yellow, Pack of 1)",FreeFit Fashion,,,,,,
,,,,,,,"FreeFit Fashion Boys Typography Cotton Blend Oversized T Shirt (Green, Pack of 1)",FreeFit Fashion,,,,,,
,,,,,,,"FreeFit Fashion Boys Graphic Print Cotton Blend Oversized T Shirt (Red, Pack of 1)",FreeFit Fashion,,,,,,
,,,,,,,"Tekso Boys Casual T-shirt Shorts (Multicolor, Pack of 1)",Tekso,,,,,,
1309,5f0df119806f4cfc,HELENTER,No,silver,2020-08-04,2022-10-15,Helenter Typography Men White T-Shirt,Helenter,Possibly a Brand,Helenter,+919560917370,+919560917370,sunnyk76513@gmail.com,sunnyk76513@gmail.com
,,,,,,,Helenter Typography Men Round Neck White T-Shirt,Helenter,,,,,,
,,,,,,,Helenter Typography Men Round Neck White T-Shirt,Helenter,,,,,,
,,,,,,,Helenter Typography Men Round Neck White T-Shirt,Helenter,,,,,,
,,,,,,,Helenter Printed Women Round Neck White T-Shirt,Helenter,,,,,,
,,,,,,,Helenter Typography Men Round Neck White T-Shirt,Helenter,,,,,,
,,,,,,,Helenter Printed Couple Round Neck White T-Shirt,Helenter,,,,,,
,,,,,,,"Helenter Boys Printed Polyester Regular T Shirt (Purple, Pack of 1)",Helenter,,,,,,
,,,,,,,Helenter Typography Men Round Neck White T-Shirt,Helenter,,,,,,
,,,,,,,"Helenter Boys Printed Polyester Regular T Shirt (Purple, Pack of 1)",Helenter,,,,,,
,,,,,,,"Helenter Boys Printed Polyester Regular T Shirt (Purple, Pack of 1)",Helenter,,,,,,
,,,,,,,Helenter Typography Men Round Neck White T-Shirt,Helenter,,,,,,
,,,,,,,"AFCollection Printed, Typography Men Round Neck White T-Shirt",AFCollection,,,,,,
,,,,,,,Helenter Printed Women Round Neck White T-Shirt,Helenter,,,,,,
,,,,,,,Helenter Typography Men Round Neck White T-Shirt,Helenter,,,,,,
,,,,,,,Helenter Typography Men Round Neck White T-Shirt,Helenter,,,,,,
,,,,,,,Helenter Printed Women Round Neck White T-Shirt,Helenter,,,,,,
,,,,,,,Helenter Typography Men Round Neck White T-Shirt,Helenter,,,,,,
,,,,,,,Helenter Printed Men White T-Shirt,Helenter,,,,,,
,,,,,,,Helenter Printed Men White T-Shirt,Helenter,,,,,,
1310,0bc2814254b4458d,BKMfashionHUB,No,bronze,2023-02-10,2023-02-12,"bkms fashion Boys Graphic Print Polycotton Regular T Shirt (White, Pack of 1)",bkms fashion,Possibly a Brand,bkms fashion,+918285818066,+918285818066,kamlesh88022@gmail.com,kamlesh88022@gmail.com
,,,,,,,"bkms fashion Boys Graphic Print Polycotton Regular T Shirt (White, Pack of 1)",bkms fashion,,,,,,
,,,,,,,"bkms fashion Boys Graphic Print Polycotton Regular T Shirt (White, Pack of 1)",bkms fashion,,,,,,
,,,,,,,"bkms fashion Boys Printed Polycotton Regular T Shirt (White, Pack of 1)",bkms fashion,,,,,,
,,,,,,,"bkms fashion Boys Printed Polycotton Regular T Shirt (White, Pack of 1)",bkms fashion,,,,,,
,,,,,,,"bkms fashion Boys Graphic Print Polycotton Regular T Shirt (White, Pack of 1)",bkms fashion,,,,,,
,,,,,,,"bkms fashion Boys Graphic Print Polycotton Regular T Shirt (White, Pack of 1)",bkms fashion,,,,,,
,,,,,,,"bkms fashion Boys Graphic Print Polycotton Regular T Shirt (White, Pack of 1)",bkms fashion,,,,,,
,,,,,,,"bkms fashion Boys Graphic Print Polycotton Regular T Shirt (White, Pack of 1)",bkms fashion,,,,,,
,,,,,,,"bkms fashion Boys Graphic Print Polycotton Regular T Shirt (White, Pack of 1)",bkms fashion,,,,,,
,,,,,,,"bkms fashion Boys Graphic Print Polycotton Regular T Shirt (White, Pack of 1)",bkms fashion,,,,,,
,,,,,,,"bkms fashion Boys Graphic Print Polycotton Regular T Shirt (White, Pack of 1)",bkms fashion,,,,,,
,,,,,,,"bkms fashion Boys Graphic Print Polycotton Regular T Shirt (White, Pack of 1)",bkms fashion,,,,,,
,,,,,,,"bkms fashion Boys Graphic Print Polycotton Regular T Shirt (White, Pack of 1)",bkms fashion,,,,,,
,,,,,,,"bkms fashion Boys Graphic Print Polycotton Regular T Shirt (White, Pack of 1)",bkms fashion,,,,,,
,,,,,,,"bkms fashion Boys Graphic Print Polycotton Regular T Shirt (White, Pack of 1)",bkms fashion,,,,,,
,,,,,,,"bkms fashion Boys Graphic Print Polycotton Regular T Shirt (White, Pack of 1)",bkms fashion,,,,,,
,,,,,,,"bkms fashion Boys Graphic Print Polycotton Regular T Shirt (White, Pack of 1)",bkms fashion,,,,,,
,,,,,,,"bkms fashion Boys Printed Polycotton Regular T Shirt (White, Pack of 1)",bkms fashion,,,,,,
,,,,,,,"bkms fashion Boys Graphic Print Polycotton Regular T Shirt (White, Pack of 1)",bkms fashion,,,,,,
1311,a7de9167ab1e4ecb,buy2cloth,No,bronze,2026-02-21,2026-02-25,teky Printed Men Round Neck Blue T-Shirt,teky,Possibly a Brand,teky,+919688544139,+919688544139,nandhininewtex2026@gmail.com,nandhininewtex2026@gmail.com
,,,,,,,teky Printed Men Round Neck Blue T-Shirt,teky,,,,,,
,,,,,,,teky Printed Men Round Neck Blue T-Shirt,teky,,,,,,
,,,,,,,teky Printed Men Round Neck Blue T-Shirt,teky,,,,,,
,,,,,,,teky Striped Men Round Neck Red T-Shirt,teky,,,,,,
,,,,,,,teky Printed Men Round Neck Multicolor T-Shirt,teky,,,,,,
,,,,,,,teky Printed Men Round Neck Blue T-Shirt,teky,,,,,,
,,,,,,,"teky Printed Men Round Neck Navy Blue, Multicolor T-Shirt",teky,,,,,,
,,,,,,,teky Printed Men Round Neck Yellow T-Shirt,teky,,,,,,
,,,,,,,teky Printed Men Round Neck Blue T-Shirt,teky,,,,,,
,,,,,,,teky Printed Men Round Neck Red T-Shirt,teky,,,,,,
,,,,,,,teky Printed Men Round Neck Red T-Shirt,teky,,,,,,
,,,,,,,"teky Boys & Girls Printed Polyester Regular T Shirt (Yellow, Pack of 1)",teky,,,,,,
,,,,,,,teky Printed Men Round Neck Navy Blue T-Shirt,teky,,,,,,
,,,,,,,teky Printed Men Round Neck Yellow T-Shirt,teky,,,,,,
,,,,,,,teky Printed Men Round Neck Navy Blue T-Shirt,teky,,,,,,
,,,,,,,"teky Striped Men Round Neck Blue, White T-Shirt",teky,,,,,,
,,,,,,,teky Printed Men Round Neck Black T-Shirt,teky,,,,,,
,,,,,,,teky Printed Men Round Neck Pink T-Shirt,teky,,,,,,
,,,,,,,teky Printed Men Round Neck Black T-Shirt,teky,,,,,,
1312,151bdf6654d64ea4,ssaapparels,No,bronze,2025-09-22,2025-10-04,"SSA Boys & Girls Printed Polyester Regular T Shirt (Pink, Pack of 1)",SSA,Possibly a Brand,SSA,+918838110074,+918838110074,ssaapparelss2025@gmail.com,ssaapparelss2025@gmail.com
,,,,,,,SSA Boys & Girls Casual T-shirt Shorts (Blue),SSA,,,,,,
,,,,,,,SSA Boys & Girls Casual T-shirt Shorts (Blue),SSA,,,,,,
,,,,,,,SSA Boys & Girls Casual T-shirt Shorts (Blue),SSA,,,,,,
,,,,,,,SSA Boys & Girls Casual T-shirt Shorts (Blue),SSA,,,,,,
,,,,,,,SSA Graphic Print Men V Neck Red T-Shirt,SSA,,,,,,
,,,,,,,SSA Printed Men Round Neck White T-Shirt,SSA,,,,,,
,,,,,,,SSA Printed Men Round Neck Yellow T-Shirt,SSA,,,,,,
,,,,,,,SSA Printed Men Round Neck Blue T-Shirt,SSA,,,,,,
,,,,,,,SSA Printed Men Round Neck Blue T-Shirt,SSA,,,,,,
,,,,,,,SSA Printed Men Round Neck Red T-Shirt,SSA,,,,,,
,,,,,,,SSA Printed Men Round Neck Red T-Shirt,SSA,,,,,,
,,,,,,,SSA Printed Men Round Neck White T-Shirt,SSA,,,,,,
,,,,,,,SSA Typography Men Round Neck White T-Shirt,SSA,,,,,,
,,,,,,,SSA Printed Men Round Neck Red T-Shirt,SSA,,,,,,
,,,,,,,SSA Printed Men Polo Neck Multicolor T-Shirt,SSA,,,,,,
,,,,,,,SSA Printed Men Round Neck White T-Shirt,SSA,,,,,,
,,,,,,,SSA Printed Men Round Neck Red T-Shirt,SSA,,,,,,
,,,,,,,"SSA Boys & Girls Printed Polyester Regular T Shirt (Yellow, Pack of 1)",SSA,,,,,,
,,,,,,,SSA Printed Men Round Neck Blue T-Shirt,SSA,,,,,,
1313,ba26ac28a5434d46,GDInd,No,silver,2025-07-25,2025-07-26,Sport Villa Casual Solid Women Black Top,Sport Villa,Possibly a Brand,Osjs,+918920277608,+918920277608,gdindustries.dell@gmail.com,gdindustries.dell@gmail.com
,,,,,,,Osjs Casual Solid Women Black Top,Osjs,,,,,,
,,,,,,,Osjs Casual Solid Women Brown Top,Osjs,,,,,,
,,,,,,,"Osjs Girls Graphic Print Cotton Blend T Shirt (Pink, Pack of 1)",Osjs,,,,,,
,,,,,,,"Osjs Girls Graphic Print Cotton Blend T Shirt (Pink, Pack of 1)",Osjs,,,,,,
,,,,,,,"Osjs Girls Graphic Print Cotton Blend T Shirt (Black, Pack of 1)",Osjs,,,,,,
,,,,,,,"Osjs Girls Graphic Print Cotton Blend T Shirt (White, Pack of 1)",Osjs,,,,,,
,,,,,,,"Osjs Boys Graphic Print Cotton Blend T Shirt (Multicolor, Pack of 3)",Osjs,,,,,,
,,,,,,,"Osjs Boys Graphic Print Cotton Blend T Shirt (Multicolor, Pack of 3)",Osjs,,,,,,
,,,,,,,"Osjs Boys Graphic Print Cotton Blend T Shirt (Multicolor, Pack of 3)",Osjs,,,,,,
,,,,,,,"Osjs Boys Graphic Print Cotton Blend T Shirt (Multicolor, Pack of 3)",Osjs,,,,,,
,,,,,,,"Osjs Girls Graphic Print Cotton Blend T Shirt (Multicolor, Pack of 2)",Osjs,,,,,,
,,,,,,,"Osjs Girls Graphic Print Cotton Blend T Shirt (Multicolor, Pack of 2)",Osjs,,,,,,
,,,,,,,"Osjs Girls Graphic Print Cotton Blend T Shirt (Multicolor, Pack of 2)",Osjs,,,,,,
,,,,,,,"Osjs Girls Graphic Print Cotton Blend T Shirt (Multicolor, Pack of 2)",Osjs,,,,,,
,,,,,,,"Osjs Girls Graphic Print Cotton Blend T Shirt (Multicolor, Pack of 2)",Osjs,,,,,,
,,,,,,,"Osjs Girls Graphic Print Cotton Blend T Shirt (Multicolor, Pack of 2)",Osjs,,,,,,
,,,,,,,"Osjs Girls Graphic Print Cotton Blend T Shirt (Multicolor, Pack of 2)",Osjs,,,,,,
,,,,,,,"Osjs Girls Graphic Print Cotton Blend T Shirt (Multicolor, Pack of 2)",Osjs,,,,,,
,,,,,,,"Osjs Girls Graphic Print Cotton Blend T Shirt (Multicolor, Pack of 2)",Osjs,,,,,,
1314,0e83d01f523c4956,TDFASHIONS,No,bronze,2025-06-07,2025-06-07,"AAR STORE Boys & Girls Printed Polyester Regular T Shirt (White, Pack of 1)",AAR STORE,Possibly a Seller,,+917017212883,+917017212883,veerukumar7938@gmail.com,veerukumar7938@gmail.com
,,,,,,,"NEW FASHION HR Printed, Typography Men Round Neck White T-Shirt",NEW FASHION HR,,,,,,
,,,,,,,"NEW FASHION HR Printed, Typography Men Round Neck White T-Shirt",NEW FASHION HR,,,,,,
,,,,,,,"KINGKIDS Baby Boys & Baby Girls Printed Polyester Regular T Shirt (White, Pack of 1)",KINGKIDS,,,,,,
,,,,,,,"AAR STORE Boys & Girls Printed Polyester Regular T Shirt (White, Pack of 1)",AAR STORE,,,,,,
,,,,,,,"AAR STORE Boys & Girls Printed Polyester Regular T Shirt (White, Pack of 1)",AAR STORE,,,,,,
,,,,,,,"AAR STORE Boys & Girls Printed Polyester Regular T Shirt (White, Pack of 1)",AAR STORE,,,,,,
,,,,,,,KNCH Printed Men Round Neck White T-Shirt,KNCH,,,,,,
,,,,,,,"AAR STORE Boys & Girls Printed Polyester Regular T Shirt (White, Pack of 1)",AAR STORE,,,,,,
,,,,,,,"MAVAIGA Boys & Girls Typography Polyester Regular T Shirt (White, Pack of 2)",MAVAIGA,,,,,,
,,,,,,,"AAR STORE Boys & Girls Printed Polyester Regular T Shirt (White, Pack of 1)",AAR STORE,,,,,,
,,,,,,,MADHAV Printed Couple Round Neck White T-Shirt,MADHAV,,,,,,
,,,,,,,"AAR STORE Boys & Girls Printed Polyester Regular T Shirt (White, Pack of 1)",AAR STORE,,,,,,
,,,,,,,"KNCH Baby Boys & Baby Girls Printed Polyester Regular T Shirt (White, Pack of 1)",KNCH,,,,,,
,,,,,,,KNCH Printed Men Round Neck White T-Shirt,KNCH,,,,,,
,,,,,,,"KNCH Baby Girls Printed Polyester Regular T Shirt (White, Pack of 1)",KNCH,,,,,,
,,,,,,,"KNCH Baby Boys & Baby Girls Printed Polyester Regular T Shirt (White, Pack of 1)",KNCH,,,,,,
,,,,,,,"AAR STORE Boys & Girls Printed Polyester Regular T Shirt (White, Pack of 1)",AAR STORE,,,,,,
,,,,,,,"TDFASHION Baby Boys & Baby Girls Solid Polyester Regular T Shirt (White, Pack of 1)",TDFASHION,,,,,,
,,,,,,,"AAR STORE Boys & Girls Printed Polyester Regular T Shirt (White, Pack of 1)",AAR STORE,,,,,,
1315,ee2b6c63df344bbf,Printcomet,Yes,gold,2025-11-25,2025-12-17,,,,,,,,
1316,14a372e8dfef4ece,CLOTHFAIR,No,silver,2026-04-29,2026-04-30,"CLOTHFAI Boys Graphic Print Polycotton Regular T Shirt (White, Pack of 1)",CLOTHFAI,Possibly a Brand,CLOTHFAI,+918860028594,+918860028594,nd87400@gmail.com,nd87400@gmail.com
,,,,,,,"CLOTHFAI Boys Graphic Print Polycotton Regular T Shirt (White, Pack of 1)",CLOTHFAI,,,,,,
,,,,,,,"clothfai Boys & Girls Printed Polycotton T Shirt (Purple, Pack of 1)",clothfai,,,,,,
,,,,,,,"CLOTHFAI Boys Printed Polycotton Regular T Shirt (White, Pack of 1)",CLOTHFAI,,,,,,
,,,,,,,"clothfai Boys & Girls Printed Polycotton T Shirt (White, Pack of 1)",clothfai,,,,,,
,,,,,,,"CLOTHFAI Boys Printed Polycotton Regular T Shirt (White, Pack of 1)",CLOTHFAI,,,,,,
,,,,,,,"CLOTHFAI Boys & Girls Graphic Print Polycotton Regular T Shirt (White, Pack of 1)",CLOTHFAI,,,,,,
,,,,,,,"CLOTHFAI Girls Graphic Print Polycotton Regular T Shirt (White, Pack of 1)",CLOTHFAI,,,,,,
,,,,,,,"CLOTHFAI Boys & Girls Typography, Graphic Print Polycotton Regular T Shirt (White, Pack of 1)",CLOTHFAI,,,,,,
,,,,,,,"clothfai Boys & Girls Printed Polycotton T Shirt (White, Pack of 1)",clothfai,,,,,,
,,,,,,,"thenextwear Boys Typography Pure Cotton Regular T Shirt (White, Pack of 1)",thenextwear,,,,,,
,,,,,,,"CLOTHFAI Boys & Girls Typography, Printed, Graphic Print Polycotton Regular T Shirt (White, Pack of 1)",CLOTHFAI,,,,,,
,,,,,,,"CLOTHFAI Girls Graphic Print Polycotton Regular T Shirt (White, Pack of 1)",CLOTHFAI,,,,,,
,,,,,,,"RARFASHIONATER Boys & Girls Printed Polycotton Regular T Shirt (Purple, Pack of 0)",RARFASHIONATER,,,,,,
,,,,,,,"CLOTHFAI Boys & Girls Printed Polycotton Regular T Shirt (White, Pack of 1)",CLOTHFAI,,,,,,
,,,,,,,"CLOTHFAI Boys & Girls Printed Polycotton Regular T Shirt (White, Pack of 1)",CLOTHFAI,,,,,,
,,,,,,,"CLOTHFAI Boys Graphic Print Polycotton Regular T Shirt (White, Pack of 1)",CLOTHFAI,,,,,,
,,,,,,,"CLOTHFAI Girls Graphic Print Polycotton Regular T Shirt (White, Pack of 1)",CLOTHFAI,,,,,,
,,,,,,,"clothfai Boys & Girls Printed Polycotton T Shirt (Purple, Pack of 1)",clothfai,,,,,,
,,,,,,,"CLOTHFAI Boys & Girls Printed Polycotton Regular T Shirt (White, Pack of 1)",CLOTHFAI,,,,,,
1317,4453f2c9ae3d4e3d,Tapakon,No,bronze,2022-03-04,2022-03-31,"TAPA KON Boys & Girls Printed Polycotton Regular T Shirt (White, Pack of 1)",TAPA KON,Possibly a Brand,TAPA KON,+919013870636,+919013870636,cc.jagwatimedicare@gmail.com,cc.jagwatimedicare@gmail.com
,,,,,,,TAPA KON Women Nighty with Robe (Blue),TAPA KON,,,,,,
,,,,,,,TAPA KON Women Nighty with Robe (Pink),TAPA KON,,,,,,
,,,,,,,"TAPA KON Boys & Girls Graphic Print Polycotton Regular T Shirt (White, Pack of 1)",TAPA KON,,,,,,
,,,,,,,"TAPA KON Boys & Girls Printed Polycotton Regular T Shirt (White, Pack of 1)",TAPA KON,,,,,,
,,,,,,,"TAPA KON Boys & Girls Graphic Print Polycotton Regular T Shirt (White, Pack of 1)",TAPA KON,,,,,,
,,,,,,,"TAPA KON Boys & Girls Printed Polycotton Regular T Shirt (White, Pack of 1)",TAPA KON,,,,,,
,,,,,,,TAPA KON Women Nighty with Robe (Blue),TAPA KON,,,,,,
,,,,,,,"TAPA KON Boys & Girls Printed Polycotton Regular T Shirt (White, Pack of 1)",TAPA KON,,,,,,
,,,,,,,"TAPA KON Boys & Girls Graphic Print Polycotton Regular T Shirt (White, Pack of 1)",TAPA KON,,,,,,
,,,,,,,"TAPA KON Boys & Girls Graphic Print Polycotton Regular T Shirt (White, Pack of 1)",TAPA KON,,,,,,
,,,,,,,"TAPA KON Boys & Girls Printed Polycotton Regular T Shirt (White, Pack of 1)",TAPA KON,,,,,,
,,,,,,,"TAPA KON Boys & Girls Printed Polycotton Regular T Shirt (White, Pack of 1)",TAPA KON,,,,,,
,,,,,,,"TAPA KON Boys & Girls Graphic Print Polycotton Regular T Shirt (White, Pack of 1)",TAPA KON,,,,,,
,,,,,,,"TAPA KON Boys & Girls Printed Polycotton Regular T Shirt (White, Pack of 1)",TAPA KON,,,,,,
,,,,,,,"TAPA KON Boys & Girls Printed Polycotton Regular T Shirt (White, Pack of 1)",TAPA KON,,,,,,
,,,,,,,"TAPA KON Boys & Girls Graphic Print Polycotton Regular T Shirt (White, Pack of 1)",TAPA KON,,,,,,
,,,,,,,"TAPA KON Boys & Girls Graphic Print Polycotton Regular T Shirt (White, Pack of 1)",TAPA KON,,,,,,
,,,,,,,TAPA KON SPIDERMAN Kids Costume Wear,TAPA KON,,,,,,
,,,,,,,TAPA KON HONEY BEE Kids Costume Wear,TAPA KON,,,,,,
1318,f9a87c1aff594e97,VMFashion11,No,bronze,2025-09-19,2025-09-24,VM Fashion Full Sleeve Solid Men & Women Sweatshirt,VM Fashion,Possibly a Brand,VM Fashion,+918826612621,+918826612621,vmfashion1708@gmail.com,vmfashion1708@gmail.com
,,,,,,,"VM FASHION PRINT GHAZIABAD Boys & Girls Printed Polyester Regular T Shirt (White, Pack of 1)",VM FASHION PRINT GHAZIABAD,,,,,,
,,,,,,,VM Fashion Full Sleeve Solid Men & Women Sweatshirt,VM Fashion,,,,,,
,,,,,,,"VM FASHION PRINT GHAZIABAD Boys & Girls Printed Polyester Regular T Shirt (White, Pack of 1)",VM FASHION PRINT GHAZIABAD,,,,,,
,,,,,,,"VM Fashion Boys & Girls Printed Polyester Regular T Shirt (White, Pack of 1)",VM Fashion,,,,,,
,,,,,,,"VM Fashion Boys & Girls Printed Polyester Regular T Shirt (White, Pack of 1)",VM Fashion,,,,,,
,,,,,,,"VM Fashion Boys & Girls Printed Polyester Regular T Shirt (White, Pack of 1)",VM Fashion,,,,,,
,,,,,,,"VM Fashion Boys & Girls Typography, Printed, Graphic Print Polycotton Regular T Shirt (White, Pack of 1)",VM Fashion,,,,,,
,,,,,,,"VM Fashion Boys & Girls Typography Polyester Regular T Shirt (White, Pack of 1)",VM Fashion,,,,,,
,,,,,,,"VM Fashion Boys & Girls Typography Polyester Regular T Shirt (White, Pack of 1)",VM Fashion,,,,,,
,,,,,,,"VM Fashion Boys & Girls Printed Polyester Regular T Shirt (White, Pack of 1)",VM Fashion,,,,,,
,,,,,,,"VM Fashion Boys & Girls Printed Polyester Regular T Shirt (Blue, Pack of 1)",VM Fashion,,,,,,
,,,,,,,"VM Fashion Boys & Girls Typography, Printed, Graphic Print Polycotton, Cotton Blend Regular T Shirt (White, Pack of 1)",VM Fashion,,,,,,
,,,,,,,"VM Fashion Boys & Girls Printed, Self Design, Graphic Print Polycotton Regular T Shirt (White, Pack of 1)",VM Fashion,,,,,,
,,,,,,,"VM Fashion Boys & Girls Typography, Printed, Graphic Print Polycotton, Cotton Blend Regular T Shirt (White, Pack of 1)",VM Fashion,,,,,,
,,,,,,,"VM Fashion Boys & Girls Typography, Graphic Print Polycotton Regular T Shirt (White, Pack of 1)",VM Fashion,,,,,,
,,,,,,,"VM Fashion Boys & Girls Graphic Print Polycotton Regular T Shirt (White, Pack of 1)",VM Fashion,,,,,,
,,,,,,,"VM Fashion Boys & Girls Printed Cotton Blend Regular T Shirt (White, Pack of 1)",VM Fashion,,,,,,
,,,,,,,"VM Fashion Boys & Girls Typography, Graphic Print Polycotton Regular T Shirt (White, Pack of 1)",VM Fashion,,,,,,
,,,,,,,"VM Fashion Boys & Girls Graphic Print Cotton Blend Regular T Shirt (White, Pack of 1)",VM Fashion,,,,,,
1319,582b2b7e850442dc,TripTee,Yes,silver,2021-10-27,2021-11-30,,,,,,,,
1320,cdec5d0add9e4545,MSPIHUENTERPRISES,Yes,silver,2025-07-02,2025-07-03,,,,,,,,
1321,7287926d052f4f2b,GPGARMENTS,No,bronze,2020-08-18,2020-08-21,GP GARMENTS Solid Men Round Neck Multicolor T-Shirt,GP GARMENTS,Possibly a Brand,GP GARMENTS,+919911771592,+919911771592,gp.fashion01@gmail.com,gp.fashion01@gmail.com
,,,,,,,GP GARMENTS Solid Men Round Neck Multicolor T-Shirt,GP GARMENTS,,,,,,
,,,,,,,GP GARMENTS Graphic Print Men Round Neck White T-Shirt,GP GARMENTS,,,,,,
,,,,,,,"GP GARMENTS Printed, Typography Men Round Neck White T-Shirt",GP GARMENTS,,,,,,
,,,,,,,GP GARMENTS Graphic Print Men Round Neck White T-Shirt,GP GARMENTS,,,,,,
,,,,,,,GP GARMENTS Graphic Print Men Round Neck White T-Shirt,GP GARMENTS,,,,,,
,,,,,,,GP GARMENTS Solid Men Round Neck White T-Shirt,GP GARMENTS,,,,,,
,,,,,,,GP GARMENTS Graphic Print Men Round Neck White T-Shirt,GP GARMENTS,,,,,,
,,,,,,,GP GARMENTS Graphic Print Men Round Neck White T-Shirt,GP GARMENTS,,,,,,
,,,,,,,"GP GARMENTS Printed, Typography Men Round Neck White T-Shirt",GP GARMENTS,,,,,,
,,,,,,,INDIAN EAGLE Solid Men Round Neck Multicolor T-Shirt,INDIAN EAGLE,,,,,,
,,,,,,,houeseofcommon Solid Men Round Neck White T-Shirt,houeseofcommon,,,,,,
,,,,,,,GPGX Printed Women Round Neck White T-Shirt,GPGX,,,,,,
,,,,,,,GPGX Graphic Print Men Round Neck White T-Shirt,GPGX,,,,,,
,,,,,,,GP GARMENTS Graphic Print Men Round Neck White T-Shirt,GP GARMENTS,,,,,,
,,,,,,,GP GARMENTS Graphic Print Men Round Neck White T-Shirt,GP GARMENTS,,,,,,
,,,,,,,GP GARMENTS Graphic Print Men Round Neck White T-Shirt,GP GARMENTS,,,,,,
,,,,,,,GP GARMENTS Graphic Print Men Round Neck White T-Shirt,GP GARMENTS,,,,,,
,,,,,,,GP GARMENTS Graphic Print Men Round Neck White T-Shirt,GP GARMENTS,,,,,,
,,,,,,,houeseofcommon Solid Men Round Neck White T-Shirt,houeseofcommon,,,,,,
1322,57ff47d2c706458d,BloomUpIndia,Yes,bronze,2025-11-28,2025-11-29,,,,,,,,
1323,2e4355ff2b1c43b9,ComicStreet,No,silver,2023-09-23,2023-10-02,Comic Street Self Design Men Crew Neck White T-Shirt,Comic Street,Possibly a Brand,Comic Street,+917895153057,+917895153057,comicstreetoverseas@gmail.com,comicstreetoverseas@gmail.com
,,,,,,,Comic Street Self Design Men Crew Neck White T-Shirt,Comic Street,,,,,,
,,,,,,,Comic Street Printed Men Round Neck White T-Shirt,Comic Street,,,,,,
,,,,,,,Comic Street Full Sleeve Graphic Print Men & Women Sweatshirt,Comic Street,,,,,,
,,,,,,,Comic Street Full Sleeve Graphic Print Men & Women Sweatshirt,Comic Street,,,,,,
,,,,,,,Comic Street Self Design Men Crew Neck White T-Shirt,Comic Street,,,,,,
,,,,,,,"Comic Street Printed, Typography Men Round Neck Navy Blue T-Shirt",Comic Street,,,,,,
,,,,,,,Comic Street Solid Men Round Neck Grey T-Shirt,Comic Street,,,,,,
,,,,,,,Comic Street Full Sleeve Printed Men Sweatshirt,Comic Street,,,,,,
,,,,,,,Comic Street Full Sleeve Printed Men & Women Sweatshirt,Comic Street,,,,,,
,,,,,,,Comic Street Full Sleeve Printed Men & Women Sweatshirt,Comic Street,,,,,,
,,,,,,,Comic Street Full Sleeve Graphic Print Men & Women Sweatshirt,Comic Street,,,,,,
,,,,,,,Comic Street Full Sleeve Graphic Print Men & Women Sweatshirt,Comic Street,,,,,,
,,,,,,,Comic Street Full Sleeve Graphic Print Men & Women Sweatshirt,Comic Street,,,,,,
,,,,,,,Comic Street Typography Women Round Neck Black T-Shirt,Comic Street,,,,,,
,,,,,,,Comic Street Full Sleeve Printed Men & Women Sweatshirt,Comic Street,,,,,,
,,,,,,,"Comic Street Girls Printed Pure Cotton Regular T Shirt (Black, Pack of 1)",Comic Street,,,,,,
,,,,,,,"Comic Street Printed, Typography Men Round Neck Navy Blue T-Shirt",Comic Street,,,,,,
,,,,,,,Comic Street Full Sleeve Graphic Print Men & Women Sweatshirt,Comic Street,,,,,,
,,,,,,,Comic Street Graphic Print Women Round Neck Black T-Shirt,Comic Street,,,,,,
1324,0e543bb43a3a4280,FLYIND,Yes,silver,2019-11-28,2020-12-09,,,,,,,,
1325,c7e267efcc934c9e,INDIANEAGLE01,Yes,bronze,2023-05-10,2023-05-12,,,,,,,,
1326,0cc3774b5ec14725,Uniqproductss,No,silver,2026-07-03,2026-07-05,PRODJERSEY Printed Men Round Neck Blue T-Shirt,PRODJERSEY,Possibly a Brand,UNIQ,+917418358467,+917418358467,blueebird002@gmail.com,blueebird002@gmail.com
,,,,,,,PRODJERSEY Printed Men Round Neck Blue T-Shirt,PRODJERSEY,,,,,,
,,,,,,,PRODJERSEY Printed Men Round Neck Blue T-Shirt,PRODJERSEY,,,,,,
,,,,,,,UNIQ Printed Men Round Neck Red T-Shirt,UNIQ,,,,,,
,,,,,,,UNIQ Printed Men Round Neck Yellow T-Shirt,UNIQ,,,,,,
,,,,,,,"UNIQ Boys & Girls Printed Polyester Regular T Shirt (Blue, Pack of 1)",UNIQ,,,,,,
,,,,,,,"UNIQ Boys & Girls Printed Polyester Regular T Shirt (Blue, Pack of 1)",UNIQ,,,,,,
,,,,,,,UNIQ Printed Men Round Neck Red T-Shirt,UNIQ,,,,,,
,,,,,,,UNIQ Printed Men Round Neck Blue T-Shirt,UNIQ,,,,,,
,,,,,,,UNIQ Printed Men Round Neck Black T-Shirt,UNIQ,,,,,,
,,,,,,,"UNIQ Boys & Girls Printed Polyester Regular T Shirt (Blue, Pack of 1)",UNIQ,,,,,,
,,,,,,,UNIQ Printed Men Round Neck Orange T-Shirt,UNIQ,,,,,,
,,,,,,,"UNIQ Boys & Girls Printed Polyester Regular T Shirt (Blue, Pack of 1)",UNIQ,,,,,,
,,,,,,,UNIQ Printed Men Round Neck Red T-Shirt,UNIQ,,,,,,
,,,,,,,"UNIQ Boys & Girls Printed Polyester Regular T Shirt (Blue, Pack of 1)",UNIQ,,,,,,
,,,,,,,UNIQ Printed Men Round Neck White T-Shirt,UNIQ,,,,,,
,,,,,,,UNIQ Printed Men Round Neck Black T-Shirt,UNIQ,,,,,,
,,,,,,,UNIQ Printed Men Round Neck Orange T-Shirt,UNIQ,,,,,,
,,,,,,,UNIQ Printed Men Round Neck Orange T-Shirt,UNIQ,,,,,,
,,,,,,,UNIQ Printed Men Round Neck Red T-Shirt,UNIQ,,,,,,
1327,afb99ec65d954d04,EvolvTees,No,silver,2026-03-05,2026-03-10,"EvolvTees Boys & Girls Solid Pure Cotton Regular T Shirt (Yellow, Pack of 1)",EvolvTees,Possibly a Brand,EvolvTees,+919330373673,+919330373673,evolvtees@gmail.com,evolvtees@gmail.com
,,,,,,,EvolvTees Printed Women Round Neck Yellow T-Shirt,EvolvTees,,,,,,
,,,,,,,"EvolvTees Boys Printed Pure Cotton Regular T Shirt (Red, Pack of 1)",EvolvTees,,,,,,
,,,,,,,"EvolvTees Boys Solid Pure Cotton Regular T Shirt (Red, Pack of 1)",EvolvTees,,,,,,
,,,,,,,"EvolvTees Boys Printed Pure Cotton Regular T Shirt (Red, Pack of 1)",EvolvTees,,,,,,
,,,,,,,"EvolvTees Boys & Girls Printed Pure Cotton Regular T Shirt (Dark Blue, Pack of 1)",EvolvTees,,,,,,
,,,,,,,"EvolvTees Girls Solid Pure Cotton Regular T Shirt (Red, Pack of 1)",EvolvTees,,,,,,
,,,,,,,"EvolvTees Girls Solid Pure Cotton Regular T Shirt (Red, Pack of 1)",EvolvTees,,,,,,
,,,,,,,"EvolvTees Boys & Girls Solid Pure Cotton Regular T Shirt (White, Pack of 1)",EvolvTees,,,,,,
,,,,,,,"EvolvTees Boys Printed Pure Cotton Regular T Shirt (Yellow, Pack of 1)",EvolvTees,,,,,,
,,,,,,,EvolvTees Solid Women Round Neck Black T-Shirt,EvolvTees,,,,,,
,,,,,,,EvolvTees Solid Women Round Neck Black T-Shirt,EvolvTees,,,,,,
,,,,,,,EvolvTees Printed Women Round Neck White T-Shirt,EvolvTees,,,,,,
,,,,,,,EvolvTees Solid Women Round Neck Black T-Shirt,EvolvTees,,,,,,
,,,,,,,EvolvTees Solid Women Round Neck Black T-Shirt,EvolvTees,,,,,,
,,,,,,,EvolvTees Solid Women Round Neck Red T-Shirt,EvolvTees,,,,,,
,,,,,,,EvolvTees Solid Women Round Neck Black T-Shirt,EvolvTees,,,,,,
,,,,,,,EvolvTees Solid Men Round Neck Black T-Shirt,EvolvTees,,,,,,
,,,,,,,EvolvTees Solid Men Round Neck White T-Shirt,EvolvTees,,,,,,
,,,,,,,EvolvTees Printed Women Round Neck Black T-Shirt,EvolvTees,,,,,,
1328,45068de19951433b,DRIVAFAB,No,bronze,2023-07-07,2023-07-08,"Driva Fab Indi Baby Girls Below Knee Festive/Wedding Dress (Red, 3/4 Sleeve)",Driva Fab,Possibly a Brand,Driva Fab,+919687789292,+919687789292,salespoint282@gmail.com,salespoint282@gmail.com
,,,,,,,"Driva Fab Indi Girls Below Knee Casual Dress (Blue, 3/4 Sleeve)",Driva Fab,,,,,,
,,,,,,,"Driva Fab Girls Above Knee Casual Dress (Maroon, Sleeveless)",Driva Fab,,,,,,
,,,,,,,"DRIVAFAB Boys Printed Cotton Blend Regular T Shirt (Multicolor, Pack of 1)",DRIVAFAB,,,,,,
,,,,,,,"Driva Fab Girls Above Knee Casual Dress (Multicolor, Sleeveless)",Driva Fab,,,,,,
,,,,,,,"Driva Fab Girls Above Knee Party Dress (Multicolor, Sleeveless)",Driva Fab,,,,,,
,,,,,,,"Driva Fab Girls Above Knee Casual Dress (Multicolor, Sleeveless)",Driva Fab,,,,,,
,,,,,,,"Driva Fab Girls Above Knee Party Dress (Purple, Sleeveless)",Driva Fab,,,,,,
,,,,,,,"Driva Fab Girls Above Knee Party Dress (Multicolor, Sleeveless)",Driva Fab,,,,,,
,,,,,,,"Driva Fab Indi Girls Below Knee Casual Dress (Blue, Full Sleeve)",Driva Fab,,,,,,
,,,,,,,"Driva Fab Girls Above Knee Party Dress (Multicolor, Sleeveless)",Driva Fab,,,,,,
,,,,,,,"DRIVAFAB Boys Printed Cotton Blend Regular T Shirt (Multicolor, Pack of 1)",DRIVAFAB,,,,,,
,,,,,,,"Salespoint Baby Boys & Baby Girls Printed Cotton Blend Regular T Shirt (Multicolor, Pack of 1)",Salespoint,,,,,,
,,,,,,,"Driva Fab Girls Above Knee Casual Dress (Yellow, Sleeveless)",Driva Fab,,,,,,
,,,,,,,"Driva Fab Girls Above Knee Casual Dress (Yellow, Sleeveless)",Driva Fab,,,,,,
,,,,,,,"Driva Fab Girls Above Knee Party Dress (Multicolor, Sleeveless)",Driva Fab,,,,,,
,,,,,,,"Driva Fab Girls Above Knee Casual Dress (Black, Sleeveless)",Driva Fab,,,,,,
,,,,,,,"DRIVAFAB Boys Printed Cotton Blend Regular T Shirt (Multicolor, Pack of 1)",DRIVAFAB,,,,,,
,,,,,,,"Driva Fab Girls Above Knee Party Dress (Red, Sleeveless)",Driva Fab,,,,,,
,,,,,,,"Salespoint Baby Boys & Baby Girls Printed Cotton Blend Regular T Shirt (White, Pack of 1)",Salespoint,,,,,,
1329,48748201b2e94148,RKINFINITY,No,bronze,2023-02-23,2023-02-25,"Bbf Boys & Girls Typography, Printed Polyester Regular T Shirt (White, Pack of 1)",Bbf,Possibly a Brand,ON TREND,+918959337374,+918959337374,rkinfinity00@gmail.com,rkinfinity00@gmail.com
,,,,,,,"Bbf Boys & Girls Printed Polyester Regular T Shirt (White, Pack of 1)",Bbf,,,,,,
,,,,,,,"ON TREND Boys & Girls Printed Polyester Regular T Shirt (White, Pack of 1)",ON TREND,,,,,,
,,,,,,,"Bbf Boys & Girls Typography, Printed Polyester Regular T Shirt (White, Pack of 1)",Bbf,,,,,,
,,,,,,,"ON TREND Boys Printed Polyester Regular T Shirt (Multicolor, Pack of 1)",ON TREND,,,,,,
,,,,,,,"ON TREND Boys Printed Polyester Regular T Shirt (White, Pack of 1)",ON TREND,,,,,,
,,,,,,,ON TREND Printed Men Round Neck Black T-Shirt,ON TREND,,,,,,
,,,,,,,ON TREND Printed Men Round Neck Black T-Shirt,ON TREND,,,,,,
,,,,,,,"Bbf Boys & Girls Printed Polyester Regular T Shirt (White, Pack of 1)",Bbf,,,,,,
,,,,,,,"ON TREND Boys & Girls Printed Polyester Regular T Shirt (White, Pack of 1)",ON TREND,,,,,,
,,,,,,,"ON TREND Boys & Girls Printed Polyester Regular T Shirt (White, Pack of 1)",ON TREND,,,,,,
,,,,,,,ON TREND Printed Men Round Neck Black T-Shirt,ON TREND,,,,,,
,,,,,,,"ON TREND Boys & Girls Typography, Printed Polyester Regular T Shirt (Multicolor, Pack of 1)",ON TREND,,,,,,
,,,,,,,"ON TREND Boys & Girls Printed Polyester Regular T Shirt (White, Pack of 1)",ON TREND,,,,,,
,,,,,,,"ON TREND Boys Printed Polyester Regular T Shirt (Multicolor, Pack of 1)",ON TREND,,,,,,
,,,,,,,"ON TREND Boys & Girls Typography, Printed Polyester Regular T Shirt (White, Pack of 1)",ON TREND,,,,,,
,,,,,,,"ON TREND Boys & Girls Printed Polyester Regular T Shirt (White, Pack of 1)",ON TREND,,,,,,
,,,,,,,"ON TREND Boys & Girls Printed Polyester Regular T Shirt (White, Pack of 1)",ON TREND,,,,,,
,,,,,,,"ON TREND Boys & Girls Printed Polyester Regular T Shirt (White, Pack of 1)",ON TREND,,,,,,
,,,,,,,ON TREND Printed Men Round Neck Black T-Shirt,ON TREND,,,,,,
1330,d44acf44aa464cb0,BioworldMerchandising,Yes,bronze,2015-04-03,2015-05-04,,,,,,,,
1331,9ecf73a830014855,PVSHUB,No,silver,2026-07-02,2026-07-08,"Pvsfashionhub Boys Graphic Print Polyester T Shirt (Purple, Pack of 1)",Pvsfashionhub,Possibly a Seller,,+918882281467,+918882281467,vickyprajapati2002@gmail.com,vickyprajapati2002@gmail.com
,,,,,,,"Pvsfashionhub Boys Graphic Print Polyester T Shirt (Purple, Pack of 1)",Pvsfashionhub,,,,,,
,,,,,,,"Pvsfashionhub Boys Printed Polyester Regular T Shirt (Purple, Pack of 1)",Pvsfashionhub,,,,,,
,,,,,,,"PVSFASHION Boys Graphic Print Polyester Regular T Shirt (White, Pack of 1)",PVSFASHION,,,,,,
,,,,,,,"Pvsfashionhub Boys Graphic Print Polyester T Shirt (Purple, Pack of 1)",Pvsfashionhub,,,,,,
,,,,,,,"Pvsfashionhub Boys Graphic Print Polyester T Shirt (Purple, Pack of 1)",Pvsfashionhub,,,,,,
,,,,,,,Pvsfashionhub Solid Men Brown Track Pants,Pvsfashionhub,,,,,,
,,,,,,,"Pvsfashionhub Boys Printed Polyester Regular T Shirt (Purple, Pack of 1)",Pvsfashionhub,,,,,,
,,,,,,,Pvsfashionhub Solid Men Black Track Pants,Pvsfashionhub,,,,,,
,,,,,,,"Pvsfashionhub Boys Printed Polyester Regular T Shirt (Purple, Pack of 1)",Pvsfashionhub,,,,,,
,,,,,,,"PVSHUBFASHION Boys & Girls Graphic Print Polyester Regular T Shirt (White, Pack of 1)",PVSHUBFASHION,,,,,,
,,,,,,,"PVSHUBFASHION Boys & Girls Graphic Print Polyester Regular T Shirt (White, Pack of 1)",PVSHUBFASHION,,,,,,
,,,,,,,"PVSHUBFASHION Boys & Girls Graphic Print Polyester Regular T Shirt (White, Pack of 1)",PVSHUBFASHION,,,,,,
,,,,,,,"PVSHUBFASHION Boys & Girls Graphic Print Polyester Regular T Shirt (White, Pack of 1)",PVSHUBFASHION,,,,,,
,,,,,,,"Pvsfashionhub Boys Graphic Print Polyester Regular T Shirt (Black, Pack of 1)",Pvsfashionhub,,,,,,
,,,,,,,"PVSHUB Boys & Girls Printed Polyester Regular T Shirt (White, Pack of 1)",PVSHUB,,,,,,
,,,,,,,"PVSHUB Boys & Girls Printed Polyester Regular T Shirt (White, Pack of 1)",PVSHUB,,,,,,
,,,,,,,"PVSHUBFASHION Boys & Girls Graphic Print Polyester Regular T Shirt (White, Pack of 1)",PVSHUBFASHION,,,,,,
,,,,,,,"PVSHUB Boys & Girls Printed Polyester Regular T Shirt (White, Pack of 1)",PVSHUB,,,,,,
,,,,,,,"PVSHUB Boys & Girls Printed Polyester Regular T Shirt (White, Pack of 1)",PVSHUB,,,,,,
1332,0b7e0dca00574373,AADHYAONLINE,No,bronze,2022-02-02,2022-02-04,"Be Perfect Baby Boys & Baby Girls Printed Cotton Blend Regular T Shirt (Multicolor, Pack of 3)",Be Perfect,Possibly a Brand,Be Perfect,+918081132283,+918081132283,aadhyaenterprises.del@gmail.com,aadhyaenterprises.del@gmail.com
,,,,,,,"Be Perfect Baby Boys & Baby Girls Printed Cotton Blend Regular T Shirt (Multicolor, Pack of 3)",Be Perfect,,,,,,
,,,,,,,"Be Perfect Baby Boys & Baby Girls Printed Cotton Blend Regular T Shirt (Multicolor, Pack of 3)",Be Perfect,,,,,,
,,,,,,,"Be Perfect Baby Boys & Baby Girls Printed Cotton Blend Regular T Shirt (Multicolor, Pack of 3)",Be Perfect,,,,,,
,,,,,,,"Be Perfect Panty For Girls (Multicolor, Pack of 6)",Be Perfect,,,,,,
,,,,,,,"Be Perfect Panty For Girls (Multicolor, Pack of 6)",Be Perfect,,,,,,
,,,,,,,"Be Perfect Panty For Girls (Multicolor, Pack of 6)",Be Perfect,,,,,,
,,,,,,,"Be Perfect Panty For Girls (Multicolor, Pack of 6)",Be Perfect,,,,,,
,,,,,,,"Be Perfect Panty For Girls (Multicolor, Pack of 6)",Be Perfect,,,,,,
,,,,,,,"Be Perfect Panty For Girls (Multicolor, Pack of 6)",Be Perfect,,,,,,
,,,,,,,"Be Perfect Panty For Girls (Multicolor, Pack of 6)",Be Perfect,,,,,,
,,,,,,,"Be Perfect Panty For Girls (Multicolor, Pack of 6)",Be Perfect,,,,,,
,,,,,,,"Be Perfect Panty For Girls (Multicolor, Pack of 6)",Be Perfect,,,,,,
,,,,,,,YASIQ Full Sleeve Printed Baby Boys & Baby Girls Sweatshirt,YASIQ,,,,,,
,,,,,,,YASIQ Full Sleeve Printed Girls Sweatshirt,YASIQ,,,,,,
,,,,,,,YASIQ Full Sleeve Printed Girls Sweatshirt,YASIQ,,,,,,
,,,,,,,YASIQ Full Sleeve Graphic Print Boys & Girls Sweatshirt,YASIQ,,,,,,
,,,,,,,YASIQ Full Sleeve Printed Boys & Girls Sweatshirt,YASIQ,,,,,,
,,,,,,,YASIQ Full Sleeve Printed Girls Sweatshirt,YASIQ,,,,,,
,,,,,,,YASIQ Full Sleeve Graphic Print Girls Sweatshirt,YASIQ,,,,,,
1333,e85bec4983eb440c,MAHADEVENTERPRISE77,No,gold,2024-07-08,2025-10-06,MOLDEST B7000 Glue Multipurpose Adhesive Jewelry Making Mobile Screen Repair Craft Adhesive (50 ml),MOLDEST,Possibly a Brand,MOLDEST,+918469612462,+918469612462,hardikgodhani77@gmail.com,hardikgodhani77@gmail.com
,,,,,,,"MOLDEST Liquid Car Polish for Dashboard, Bumper, Headlight, Metal Parts, Windscreen, Chrome Accent, Exterior, Leather (30 ml)",MOLDEST,,,,,,
,,,,,,,MOLDEST Resistance Pedal Exerciser 4 Tube Band Body Pull Reducer Fitness Resistance Tube (MULTICOLUR),MOLDEST,,,,,,
,,,,,,,MOLDEST Scratch Remover Paint (15 ml),MOLDEST,,,,,,
,,,,,,,MOLDEST Rat Repellent Control Tablets Rodent Pills For Home Garage Garden Mice(Pack 02) (2 x 200 g),MOLDEST,,,,,,
,,,,,,,"MOLDEST Silicone Massage Bowl Ice Bowl for Face Dip | Collapsible Silicone Ice Bath Bowl for Facial Therapy Disposable (Pack of 1, Multicolor)",MOLDEST,,,,,,
,,,,,,,"MOLDEST Liquid Car Polish for Dashboard, Bumper, Headlight, Metal Parts, Windscreen, Chrome Accent, Exterior, Leather (60 ml)",MOLDEST,,,,,,
,,,,,,,Vixora pull reducer training bands body pedal exerciser 4 tube resistance band Resistance Tube (Multicolor),Vixora,,,,,,
,,,,,,,Rameja Memory Foam Shoe Insoles Unisex Comfortable Athletic Insoles for Men and Women Back / Lumbar Support (Grey),Rameja,,,,,,
,,,,,,,MANTAVYA 1 Pair Memory Foam Shoe Comfortable Insoles Supports Heel & Arch Insole (Grey),MANTAVYA,,,,,,
,,,,,,,MOLDEST Massage Gun Body Massager Pain Relief Deep Tissue Full Back Leg,MOLDEST,,,,,,
,,,,,,,Trex Sports Resistance Tube for Exercise Ab Exerciser (Blue),Trex Sports,,,,,,
,,,,,,,MOLDEST Pull Back Car Toys Toy Cars For Kids Mini Set Alloy Racing(48 pcs) (Multicolor),MOLDEST,,,,,,
,,,,,,,Fitaza PULL REDUCER BODY TRIMMER Ab Exerciser Slimming Ab Exerciser (Multicolor),Fitaza,,,,,,
,,,,,,,MOLDEST Rat Trap Cage Humane Mouse No Kill Catch And Release Rodent Live Trap,MOLDEST,,,,,,
,,,,,,,Bonum Cutiq Pull Reducer Training Bands Rubber 4 Tubes Body Pedal Exerciser Yoga Band Resistance Tube (Multicolor),Bonum Cutiq,,,,,,
,,,,,,,MOLDEST Wet and Dry Microfiber Cleaning Cloth,MOLDEST,,,,,,
,,,,,,,"MOLDEST New Contour Face Brush, Dry Brushing Face Brush (Pack of 1)",MOLDEST,,,,,,
,,,,,,,MOLDEST Car Engine Rat Repellent Indoor Outdoor Humane Rodent Protection(Pack 04) (4 x 200 g),MOLDEST,,,,,,
,,,,,,,MOLDEST Pull Reducer Band Resistance Band Workout Body Pedal Exerciser Tube 4 Tube Resistance Tube (MULTICOLUR),MOLDEST,,,,,,
1334,cbd8aa5036c847ca,VaishnaviEnterprises5,Yes,bronze,2026-01-15,2026-01-17,,,,,,,,
1335,3428cfda27cb4a94,HUEANDHIDE,No,silver,2023-12-17,2023-12-18,HUE & HIDE Full Sleeve Solid Men Jacket,HUE & HIDE,Possibly a Brand,HUE & HIDE,+919810042284,+919810042284,omsaiexports2016@gmail.com,omsaiexports2016@gmail.com
,,,,,,,HUE & HIDE Full Sleeve Solid Women Jacket,HUE & HIDE,,,,,,
,,,,,,,HUE & HIDE Full Sleeve Solid Women Jacket,HUE & HIDE,,,,,,
,,,,,,,HUE & HIDE Full Sleeve Solid Women Jacket,HUE & HIDE,,,,,,
,,,,,,,HUE & HIDE Full Sleeve Solid Women Jacket,HUE & HIDE,,,,,,
,,,,,,,HUE & HIDE Full Sleeve Solid Women Jacket,HUE & HIDE,,,,,,
,,,,,,,HUE & HIDE Full Sleeve Solid Women Jacket,HUE & HIDE,,,,,,
,,,,,,,HUE & HIDE Full Sleeve Solid Men Jacket,HUE & HIDE,,,,,,
,,,,,,,HUE & HIDE Full Sleeve Solid Women Jacket,HUE & HIDE,,,,,,
,,,,,,,HUE & HIDE Shirt Pant Co-ords Set,HUE & HIDE,,,,,,
,,,,,,,HUE & HIDE Shirt Pant Co-ords Set,HUE & HIDE,,,,,,
,,,,,,,HUE & HIDE Top Pant Co-ords Set,HUE & HIDE,,,,,,
,,,,,,,HUE & HIDE Top Pant Co-ords Set,HUE & HIDE,,,,,,
,,,,,,,HUE & HIDE Shirt Pant Co-ords Set,HUE & HIDE,,,,,,
,,,,,,,HUE & HIDE Shirt Pant Co-ords Set,HUE & HIDE,,,,,,
,,,,,,,HUE & HIDE Women Shift Dark Blue Below Knee Dress,HUE & HIDE,,,,,,
,,,,,,,HUE & HIDE Full Sleeve Solid Women Jacket,HUE & HIDE,,,,,,
,,,,,,,HUE & HIDE Shirt Pant Co-ords Set,HUE & HIDE,,,,,,
,,,,,,,HUE & HIDE Full Sleeve Solid Women Jacket,HUE & HIDE,,,,,,
,,,,,,,HUE & HIDE Women Shift Beige Below Knee Dress,HUE & HIDE,,,,,,
1336,7232e30385264e6e,Dazzlinghub,No,silver,2021-12-06,2021-12-15,FROEBEL Women Floral Print Kurta (Multicolor),FROEBEL,Possibly a Brand,FROEBEL,+917568122682,+917568122682,deventerprises226@gmail.com,deventerprises226@gmail.com
,,,,,,,FROEBEL Women Floral Print Kurta (Multicolor),FROEBEL,,,,,,
,,,,,,,FROEBEL Women Floral Print Kurta (Multicolor),FROEBEL,,,,,,
,,,,,,,FROEBEL Women Floral Print Kurta (Multicolor),FROEBEL,,,,,,
,,,,,,,FROEBEL Women Printed Kurta (Black),FROEBEL,,,,,,
,,,,,,,FROEBEL Women Printed Kurta (Black),FROEBEL,,,,,,
,,,,,,,FROEBEL Women Floral Print Kurta (Multicolor),FROEBEL,,,,,,
,,,,,,,FROEBEL Women Printed Maroon Night Suit Set,FROEBEL,,,,,,
,,,,,,,FROEBEL Women Maroon Night Suit Set,FROEBEL,,,,,,
,,,,,,,GLOREN Women Printed Green Top & Pyjama Set,GLOREN,,,,,,
,,,,,,,FROEBEL Women Printed Kurta (Black),FROEBEL,,,,,,
,,,,,,,FROEBEL Women Floral Print Kurta (Black),FROEBEL,,,,,,
,,,,,,,FROEBEL Women Printed Kurta (Black),FROEBEL,,,,,,
,,,,,,,FROEBEL Women Printed Kurta (Black),FROEBEL,,,,,,
,,,,,,,FROEBEL Women Maroon Night Suit Set,FROEBEL,,,,,,
,,,,,,,FROEBEL Women Printed Maroon Night Suit Set,FROEBEL,,,,,,
,,,,,,,GLOREN Women Printed Green Top & Pyjama Set,GLOREN,,,,,,
,,,,,,,GLOREN Women Printed Green Top & Pyjama Set,GLOREN,,,,,,
,,,,,,,FROEBEL Women Printed Kurta (Black),FROEBEL,,,,,,
,,,,,,,FROEBEL Women Printed Maroon Night Suit Set,FROEBEL,,,,,,
1337,cdf4f0ba6ef24f73,SANEPI,Yes,gold,2024-04-29,2024-04-30,,,,,,,,
1338,4e95429ed8a54f37,PANTHIKAENTERPRISE,No,silver,2026-04-02,2026-04-07,PANTHIKA ENTERPRISE Top Palazzos Co-ords Set,PANTHIKA ENTERPRISE,Possibly a Brand,PANTHIKA ENTERPRISE,+919924422475,+919924422475,panthikaenterprise@gmail.com,panthikaenterprise@gmail.com
,,,,,,,PANTHIKA ENTERPRISE Top Palazzos Co-ords Set,PANTHIKA ENTERPRISE,,,,,,
,,,,,,,PANTHIKA ENTERPRISE Top Palazzos Co-ords Set,PANTHIKA ENTERPRISE,,,,,,
,,,,,,,PANTHIKA ENTERPRISE Top Palazzos Co-ords Set,PANTHIKA ENTERPRISE,,,,,,
,,,,,,,PANTHIKA ENTERPRISE Top Palazzos Co-ords Set,PANTHIKA ENTERPRISE,,,,,,
,,,,,,,PANTHIKA ENTERPRISE Top Palazzos Co-ords Set,PANTHIKA ENTERPRISE,,,,,,
,,,,,,,PANTHIKA ENTERPRISE Top Palazzos Co-ords Set,PANTHIKA ENTERPRISE,,,,,,
,,,,,,,PANTHIKA ENTERPRISE Top Palazzos Co-ords Set,PANTHIKA ENTERPRISE,,,,,,
,,,,,,,PANTHIKA ENTERPRISE Top Palazzos Co-ords Set,PANTHIKA ENTERPRISE,,,,,,
,,,,,,,PANTHIKA ENTERPRISE Top Palazzos Co-ords Set,PANTHIKA ENTERPRISE,,,,,,
,,,,,,,PANTHIKA ENTERPRISE Top Palazzos Co-ords Set,PANTHIKA ENTERPRISE,,,,,,
,,,,,,,PANTHIKA ENTERPRISE Top Palazzos Co-ords Set,PANTHIKA ENTERPRISE,,,,,,
,,,,,,,PANTHIKA ENTERPRISE Top Palazzos Co-ords Set,PANTHIKA ENTERPRISE,,,,,,
,,,,,,,PANTHIKA ENTERPRISE Top Palazzos Co-ords Set,PANTHIKA ENTERPRISE,,,,,,
,,,,,,,PANTHIKA ENTERPRISE Top Palazzos Co-ords Set,PANTHIKA ENTERPRISE,,,,,,
,,,,,,,PANTHIKA ENTERPRISE Top Palazzos Co-ords Set,PANTHIKA ENTERPRISE,,,,,,
,,,,,,,PANTHIKA ENTERPRISE Top Palazzos Co-ords Set,PANTHIKA ENTERPRISE,,,,,,
,,,,,,,PANTHIKA ENTERPRISE Top Palazzos Co-ords Set,PANTHIKA ENTERPRISE,,,,,,
,,,,,,,PANTHIKA ENTERPRISE Top Palazzos Co-ords Set,PANTHIKA ENTERPRISE,,,,,,
,,,,,,,PANTHIKA ENTERPRISE Top Palazzos Co-ords Set,PANTHIKA ENTERPRISE,,,,,,
1339,82c4a88206e140d8,JIRAAT,No,bronze,2025-08-18,2025-08-19,Ambrosia retail Women Kurta Pant Set,Ambrosia retail,Possibly a Seller,,+917874236159,+917874236159,jivanshailyfashion@gmail.com,jivanshailyfashion@gmail.com
,,,,,,,Ambrosia retail Women Kurta Pant Set,Ambrosia retail,,,,,,
,,,,,,,Ambrosia retail Women Kurta Pant Dupatta Set,Ambrosia retail,,,,,,
,,,,,,,Ambrosia retail Women Kurta Pant Dupatta Set,Ambrosia retail,,,,,,
,,,,,,,JivaQ Top Pant Co-ords Set,JivaQ,,,,,,
,,,,,,,JivaQ Top Pant Co-ords Set,JivaQ,,,,,,
,,,,,,,Raseshwari Women Kurti Pant Set,Raseshwari,,,,,,
,,,,,,,JivaQ Top Pant Co-ords Set,JivaQ,,,,,,
,,,,,,,JivaQ Top Pant Co-ords Set,JivaQ,,,,,,
,,,,,,,Raseshwari Women Kurti Pant Set,Raseshwari,,,,,,
,,,,,,,Raseshwari Women Kurti Pant Set,Raseshwari,,,,,,
,,,,,,,JivaQ Women Top and Pant,JivaQ,,,,,,
,,,,,,,JivaQ Women Top and Pant,JivaQ,,,,,,
,,,,,,,"JivaQ Embroidered Kurta, Trouser/Pant & Dupatta Set",JivaQ,,,,,,
,,,,,,,JAINICA Tunic Palazzos Co-ords Set,JAINICA,,,,,,
,,,,,,,"JivaQ Embroidered Kurta, Trouser/Pant & Dupatta Set",JivaQ,,,,,,
,,,,,,,"OVUSI Embellished Anarkali Kurta, Bottom & Dupatta Set",OVUSI,,,,,,
,,,,,,,JivaQ Top Pant Co-ords Set,JivaQ,,,,,,
,,,,,,,JivaQ Top Pant Co-ords Set,JivaQ,,,,,,
,,,,,,,JivaQ Women Kurta Sharara Set,JivaQ,,,,,,
1340,0e99fbe0d6054eae,Jivicreation,No,silver,2026-04-18,2026-04-20,Jivicreation Top Palazzos Co-ords Set,Jivicreation,Possibly a Brand,Jivicreation,+918849814992,+918849814992,Rimajhala210@gmail.com,Rimajhala210@gmail.com
,,,,,,,Jivicreation Top Palazzos Co-ords Set,Jivicreation,,,,,,
,,,,,,,Jivicreation Top Palazzos Co-ords Set,Jivicreation,,,,,,
,,,,,,,Jivicreation Top Palazzos Co-ords Set,Jivicreation,,,,,,
,,,,,,,Jivicreation Top Palazzos Co-ords Set,Jivicreation,,,,,,
,,,,,,,"Jivicreation Embroidered Kurta, Salwar & Dupatta Set",Jivicreation,,,,,,
,,,,,,,"Jivicreation Embroidered Kurta, Salwar & Dupatta Set",Jivicreation,,,,,,
,,,,,,,"Jivicreation Embroidered Kurta, Salwar & Dupatta Set",Jivicreation,,,,,,
,,,,,,,"Jivicreation Embroidered Kurta, Salwar & Dupatta Set",Jivicreation,,,,,,
,,,,,,,Jivicreation Top Palazzos Co-ords Set,Jivicreation,,,,,,
,,,,,,,FILMCITY Cotton Blend Printed Gown/Anarkali Kurta & Bottom Material,FILMCITY,,,,,,
,,,,,,,Jivicreation Top Palazzos Co-ords Set,Jivicreation,,,,,,
,,,,,,,"Jivicreation Embroidered Kurta, Salwar & Dupatta Set",Jivicreation,,,,,,
,,,,,,,Jivicreation Top Palazzos Co-ords Set,Jivicreation,,,,,,
,,,,,,,Jivicreation Top Palazzos Co-ords Set,Jivicreation,,,,,,
,,,,,,,Jivicreation Top Palazzos Co-ords Set,Jivicreation,,,,,,
,,,,,,,Jivicreation Top Palazzos Co-ords Set,Jivicreation,,,,,,
,,,,,,,Jivicreation Top Palazzos Co-ords Set,Jivicreation,,,,,,
,,,,,,,Jivicreation Top Palazzos Co-ords Set,Jivicreation,,,,,,
,,,,,,,Jivicreation Top Palazzos Co-ords Set,Jivicreation,,,,,,
1341,019acd2a7a8c47bd,AaravTextilemanufacturing,No,bronze,2026-02-18,2026-02-20,Aarav textile Top Pant Co-ords Set,Aarav textile,Possibly a Brand,Aarav textile,+916375484011,+916375484011,aaravtextile099@gmail.com,aaravtextile099@gmail.com
,,,,,,,Aarav textile Top Pant Co-ords Set,Aarav textile,,,,,,
,,,,,,,Aarav textile Top Pant Co-ords Set,Aarav textile,,,,,,
,,,,,,,Aarav textile Top Pant Co-ords Set,Aarav textile,,,,,,
,,,,,,,Aarav textile Top Pant Co-ords Set,Aarav textile,,,,,,
,,,,,,,Aarav textile Women Printed Gown Kurta (Multicolor),Aarav textile,,,,,,
,,,,,,,Aarav textile Top Pant Co-ords Set,Aarav textile,,,,,,
,,,,,,,Aarav textile Top Pant Co-ords Set,Aarav textile,,,,,,
,,,,,,,Aarav textile Women Floral Print Gown Kurta (Purple),Aarav textile,,,,,,
,,,,,,,Aarav textile Women Printed Gown Kurta (Multicolor),Aarav textile,,,,,,
,,,,,,,Aarav textile Women Printed Gown Kurta (Purple),Aarav textile,,,,,,
,,,,,,,"Aarav textile Women Printed Gown Kurta (Black, Yellow)",Aarav textile,,,,,,
,,,,,,,Aarav textile Women Printed Gown Kurta (Purple),Aarav textile,,,,,,
,,,,,,,Aarav textile Women Printed Gown Kurta (Multicolor),Aarav textile,,,,,,
,,,,,,,Aarav textile Women Printed Gown Kurta (Yellow),Aarav textile,,,,,,
,,,,,,,Aarav textile Women Printed Gown Kurta (Purple),Aarav textile,,,,,,
,,,,,,,Aarav textile Women Printed Gown Kurta (Blue),Aarav textile,,,,,,
,,,,,,,Aarav textile Women Printed Gown Kurta (Red),Aarav textile,,,,,,
,,,,,,,"Aarav textile Women Printed Gown Kurta (White, Pink)",Aarav textile,,,,,,
,,,,,,,Aarav textile Women Printed Gown Kurta (Pink),Aarav textile,,,,,,
1342,8533dabbfe074df2,Royaltrendh,No,silver,2026-07-08,2026-07-11,Royaltrendh Top Pant Co-ords Set,Royaltrendh,Possibly a Brand,Royaltrendh,+919106226252,+919106226252,ankit17071998solanki@gmail.com,ankit17071998solanki@gmail.com
,,,,,,,Royaltrendh Top Pant Co-ords Set,Royaltrendh,,,,,,
,,,,,,,Royaltrendh Top Palazzos Co-ords Set,Royaltrendh,,,,,,
,,,,,,,Royaltrendh Top Pant Co-ords Set,Royaltrendh,,,,,,
,,,,,,,Royaltrendh Tunic Palazzos Co-ords Set,Royaltrendh,,,,,,
,,,,,,,Shreeinternationalshopzone Top Palazzos Co-ords Set,Shreeinternationalshopzone,,,,,,
,,,,,,,Royaltrendh Top Palazzos Co-ords Set,Royaltrendh,,,,,,
,,,,,,,Royaltrendh Tunic Palazzos Co-ords Set,Royaltrendh,,,,,,
,,,,,,,Royaltrendh Top Palazzos Co-ords Set,Royaltrendh,,,,,,
,,,,,,,Royaltrendh Tunic Palazzos Co-ords Set,Royaltrendh,,,,,,
,,,,,,,Royaltrendh Tunic Palazzos Co-ords Set,Royaltrendh,,,,,,
,,,,,,,Royaltrendh Tunic Palazzos Co-ords Set,Royaltrendh,,,,,,
,,,,,,,Royaltrendh Top Pant Co-ords Set,Royaltrendh,,,,,,
,,,,,,,Royaltrendh Tunic Palazzos Co-ords Set,Royaltrendh,,,,,,
,,,,,,,Royaltrendh Top Palazzos Co-ords Set,Royaltrendh,,,,,,
,,,,,,,Royaltrendh Top Pant Co-ords Set,Royaltrendh,,,,,,
,,,,,,,Royal Trend Hub Top Pant Co-ords Set,Royal Trend Hub,,,,,,
,,,,,,,Royaltrendh Tunic Palazzos Co-ords Set,Royaltrendh,,,,,,
,,,,,,,Royaltrendh Tunic Palazzos Co-ords Set,Royaltrendh,,,,,,
,,,,,,,Royaltrendh Top Pant Co-ords Set,Royaltrendh,,,,,,
1343,0b9873954f124a52,Navnarii,No,silver,2025-07-05,2025-07-07,NavNari Tunic Pant Co-ords Set,NavNari,Possibly a Brand,NavNari,+919468845028,+919468845028,navnari00@gmail.com,navnari00@gmail.com
,,,,,,,NavNari Tunic Pant Co-ords Set,NavNari,,,,,,
,,,,,,,NavNari Tunic Pant Co-ords Set,NavNari,,,,,,
,,,,,,,NavNari Tunic Pant Co-ords Set,NavNari,,,,,,
,,,,,,,NavNari Tunic Pant Co-ords Set,NavNari,,,,,,
,,,,,,,NavNari Tunic Pant Co-ords Set,NavNari,,,,,,
,,,,,,,NavNari Tunic Pant Co-ords Set,NavNari,,,,,,
,,,,,,,NavNari Tunic Pant Co-ords Set,NavNari,,,,,,
,,,,,,,NavNari Women Kurta Pant Set,NavNari,,,,,,
,,,,,,,NavNari Tunic Pant Co-ords Set,NavNari,,,,,,
,,,,,,,NavNari Tunic Pant Co-ords Set,NavNari,,,,,,
,,,,,,,NavNari Tunic Pant Co-ords Set,NavNari,,,,,,
,,,,,,,NavNari Women Kurta Pant Set,NavNari,,,,,,
,,,,,,,NavNari Tunic Pant Co-ords Set,NavNari,,,,,,
,,,,,,,NavNari Tunic Pant Co-ords Set,NavNari,,,,,,
,,,,,,,NavNari Tunic Pant Co-ords Set,NavNari,,,,,,
,,,,,,,NavNari Tunic Pant Co-ords Set,NavNari,,,,,,
,,,,,,,NavNari Women Kurta Pant Set,NavNari,,,,,,
,,,,,,,NavNari Tunic Pant Co-ords Set,NavNari,,,,,,
,,,,,,,NavNari Tunic Pant Co-ords Set,NavNari,,,,,,
1344,e8c679073e604da5,SereinCouture,Yes,bronze,2016-10-15,2017-05-05,,,,,,,,
1345,2a0903982b4b4cf4,sanganerkurtiwala,No,silver,2026-04-19,2026-04-20,sanganerkurtiwala Women Kurta Pant Dupatta Set,sanganerkurtiwala,Possibly a Seller,,+918560823005,+918560823005,vishnusharma856082@gmail.com,vishnusharma856082@gmail.com
,,,,,,,sanganerkurtiwala Women Kurta Pant Dupatta Set,sanganerkurtiwala,,,,,,
,,,,,,,sanganerkurtiwala Women Kurta Pant Dupatta Set,sanganerkurtiwala,,,,,,
,,,,,,,RATNTHAL Women Kurti Pant Attached Dupatta Set,RATNTHAL,,,,,,
,,,,,,,mksv Women Kurta Pant Dupatta Set,mksv,,,,,,
,,,,,,,mksv Women Kurta Pant Dupatta Set,mksv,,,,,,
,,,,,,,mksv Women Kurta Pant Dupatta Set,mksv,,,,,,
,,,,,,,sanganerkurti Women Kurta Palazzo Dupatta Set,sanganerkurti,,,,,,
,,,,,,,sanganerkurtiwala Women Kurta Pant Dupatta Set,sanganerkurtiwala,,,,,,
,,,,,,,mksv Women Kurta Pant Dupatta Set,mksv,,,,,,
,,,,,,,sanganerkurtiwala Women Kurti Pant Dupatta Set,sanganerkurtiwala,,,,,,
,,,,,,,mksv Women Kurta Pant Dupatta Set,mksv,,,,,,
,,,,,,,sanganerkurti Women Kurta Pant Dupatta Set,sanganerkurti,,,,,,
,,,,,,,sanganerkurtiwala Women Kurta Pant Dupatta Set,sanganerkurtiwala,,,,,,
,,,,,,,sanganerkurti Women Kurta Palazzo Dupatta Set,sanganerkurti,,,,,,
,,,,,,,mksv Women Kurta Pant Dupatta Set,mksv,,,,,,
,,,,,,,sanganerkurti Women Kurta Pant Dupatta Set,sanganerkurti,,,,,,
,,,,,,,sanganerkurtiwala Women Kurta Pant Dupatta Set,sanganerkurtiwala,,,,,,
,,,,,,,sanganerkurti Women Kurta Pant Dupatta Set,sanganerkurti,,,,,,
,,,,,,,mksv Women Kurta Pant Dupatta Set,mksv,,,,,,
1346,d77b9fe998b9487d,MODYOUNG,No,bronze,2024-06-27,2024-07-02,MOD YOUNG Sleeveless Solid Men Jacket,MOD YOUNG,Possibly a Brand,MOD YOUNG,+919560947446,+919560947446,christyenterprises2023@gmail.com,christyenterprises2023@gmail.com
,,,,,,,MOD YOUNG Sleeveless Solid Men Jacket,MOD YOUNG,,,,,,
,,,,,,,MOD YOUNG Tshirt Pant Co-ords Set,MOD YOUNG,,,,,,
,,,,,,,MOD YOUNG Men Printed Multicolor Night Suit Set,MOD YOUNG,,,,,,
,,,,,,,"MOD YOUNG Boys Printed Pure Cotton Oversized T Shirt (Black, Pack of 1)",MOD YOUNG,,,,,,
,,,,,,,MOD YOUNG Full Sleeve Solid Men Jacket,MOD YOUNG,,,,,,
,,,,,,,MOD YOUNG Sleeveless Solid Men Jacket,MOD YOUNG,,,,,,
,,,,,,,METRONAUT Printed Women Round Neck Multicolor T-Shirt,METRONAUT,,,,,,
,,,,,,,MOD YOUNG Printed Women Round Neck Multicolor T-Shirt,MOD YOUNG,,,,,,
,,,,,,,MOD YOUNG Full Sleeve Colorblock Men Jacket,MOD YOUNG,,,,,,
,,,,,,,MOD YOUNG Men Printed Multicolor Night Suit Set,MOD YOUNG,,,,,,
,,,,,,,MOD YOUNG Sleeveless Solid Men Jacket,MOD YOUNG,,,,,,
,,,,,,,"MOD YOUNG Girls Printed Pure Cotton Oversized T Shirt (Multicolor, Pack of 2)",MOD YOUNG,,,,,,
,,,,,,,"MOD YOUNG Girls Printed Pure Cotton Oversized T Shirt (Multicolor, Pack of 2)",MOD YOUNG,,,,,,
,,,,,,,"MOD YOUNG Boys Printed Pure Cotton Oversized T Shirt (White, Pack of 1)",MOD YOUNG,,,,,,
,,,,,,,MOD YOUNG Self Design Mandarin Neck Casual Women Grey Sweater,MOD YOUNG,,,,,,
,,,,,,,MOD YOUNG Full Sleeve Solid Men Jacket,MOD YOUNG,,,,,,
,,,,,,,"MOD YOUNG Boys Printed Pure Cotton Oversized T Shirt (Multicolor, Pack of 2)",MOD YOUNG,,,,,,
,,,,,,,MOD YOUNG Solid Men Round Neck Multicolor T-Shirt,MOD YOUNG,,,,,,
,,,,,,,MOD YOUNG Sleeveless Solid Men Jacket,MOD YOUNG,,,,,,
1347,e6c5cdcaad124980,VARNI_CREATION,No,bronze,2020-09-07,2020-09-16,HARIVARNI Women Printed Kurta (Black),HARIVARNI,Possibly a Brand,HARIVARNI,+917878076088,+917878076088,Dipen.savaliya91@gmail.com,Dipen.savaliya91@gmail.com
,,,,,,,HARIVARNI Women Kurta (Purple),HARIVARNI,,,,,,
,,,,,,,HARIVARNI Women Embellished Straight Kurta (Pink),HARIVARNI,,,,,,
,,,,,,,HARIVARNI Women Printed Straight Kurta (Black),HARIVARNI,,,,,,
,,,,,,,HARIVARNI Women Printed A-line Kurta (Black),HARIVARNI,,,,,,
,,,,,,,HARIVARNI Women Kurta (Black),HARIVARNI,,,,,,
,,,,,,,HARIVARNI Women Kurta (Purple),HARIVARNI,,,,,,
,,,,,,,HARIVARNI Women Floral Print A-line Kurta (Multicolor),HARIVARNI,,,,,,
,,,,,,,varni creations Women Fit and Flare Black Ankle Length Dress,varni creations,,,,,,
,,,,,,,varni creations Women Fit and Flare Black Midi/Calf Length Dress,varni creations,,,,,,
,,,,,,,HARIVARNI Women Kurta (Purple),HARIVARNI,,,,,,
,,,,,,,varni creations Women Fit and Flare Black Ankle Length Dress,varni creations,,,,,,
,,,,,,,HARIVARNI Women Printed Kurta (Purple),HARIVARNI,,,,,,
,,,,,,,HARIVARNI Women Floral Print A-line Kurta (Pink),HARIVARNI,,,,,,
,,,,,,,HARIVARNI Women Floral Print A-line Kurta (Multicolor),HARIVARNI,,,,,,
,,,,,,,varni creations Women Fit and Flare Black Midi/Calf Length Dress,varni creations,,,,,,
,,,,,,,"HARIVARNI Women Floral Print A-line Kurta (Grey, Beige)",HARIVARNI,,,,,,
,,,,,,,varni creations Women Fit and Flare Black Ankle Length Dress,varni creations,,,,,,
,,,,,,,varni creations Women Fit and Flare Black Midi/Calf Length Dress,varni creations,,,,,,
,,,,,,,varni creations Women Fit and Flare Black Midi/Calf Length Dress,varni creations,,,,,,
1348,0924001ca85f4c49,houseofcurtain,No,bronze,2026-02-04,2026-03-10,"Houseofcurtain 220 cm (7 ft) Long Door Polyester Semi Transparent Curtain Single Curtain (Green, Multicolor, Printed)",Houseofcurtain,Possibly a Brand,Houseofcurtain,+918866890524,+918866890524,babarshaikh9698@gmail.com,babarshaikh9698@gmail.com
,,,,,,,"Houseofcurtain 220 cm (7 ft) Long Door Polyester Semi Transparent Curtain Single Curtain (Multicolor, Beige, Printed)",Houseofcurtain,,,,,,
,,,,,,,"houseofcurtains 220 cm (7 ft) Window Polyester Room Darkening Curtain Single Curtain (Multicolor, Abstract, Printed, Floral)",houseofcurtains,,,,,,
,,,,,,,"Houseofcurtain 220 cm (7 ft) Long Door Polyester Semi Transparent Curtain Single Curtain (Beige, Pink, Multicolor, Printed)",Houseofcurtain,,,,,,
,,,,,,,"Houseofcurtain 220 cm (7 ft) Long Door Polyester Semi Transparent Curtain Single Curtain (Beige, Pink, Multicolor, Floral, Printed, Motif)",Houseofcurtain,,,,,,
,,,,,,,"Houseofcurtain 220 cm (7 ft) Long Door Polyester Semi Transparent Curtain Single Curtain (Multicolor, Blue, 3D Printed, Printed)",Houseofcurtain,,,,,,
,,,,,,,"Houseofcurtain 220 cm (7 ft) Long Door Polyester Semi Transparent Curtain Single Curtain (Multicolor, Sky-blue, 3D Printed, Printed)",Houseofcurtain,,,,,,
,,,,,,,"Houseofcurtain 220 cm (7 ft) Long Door Polyester Semi Transparent Curtain Single Curtain (White, Multicolor, 3D Printed, Printed)",Houseofcurtain,,,,,,
,,,,,,,MISSKAH Tunic Palazzos Co-ords Set,MISSKAH,,,,,,
,,,,,,,"Houseofcurtain 220 cm (7 ft) Long Door Polyester Semi Transparent Curtain Single Curtain (Multicolor, 3D Printed, Printed)",Houseofcurtain,,,,,,
,,,,,,,"Houseofcurtain 220 cm (7 ft) Long Door Polyester Semi Transparent Curtain Single Curtain (Multicolor, 3D Printed, Printed)",Houseofcurtain,,,,,,
,,,,,,,"Houseofcurtain 220 cm (7 ft) Long Door Polyester Semi Transparent Curtain Single Curtain (Multicolor, 3D Printed, Printed)",Houseofcurtain,,,,,,
,,,,,,,"Houseofcurtain 220 cm (7 ft) Long Door Polyester Semi Transparent Curtain Single Curtain (Multicolor, 3D Printed, Printed)",Houseofcurtain,,,,,,
,,,,,,,"Houseofcurtain 220 cm (7 ft) Long Door Polyester Semi Transparent Curtain Single Curtain (Multicolor, 3D Printed, Printed)",Houseofcurtain,,,,,,
,,,,,,,"houseofcurtains 220 cm (7 ft) Long Door Polyester Room Darkening Curtain Single Curtain (Multicolor, Printed)",houseofcurtains,,,,,,
,,,,,,,"Houseofcurtain 220 cm (7 ft) Long Door Polyester Semi Transparent Curtain Single Curtain (Multicolor, 3D Printed, Printed)",Houseofcurtain,,,,,,
,,,,,,,"Houseofcurtain 220 cm (7 ft) Long Door Polyester Semi Transparent Curtain Single Curtain (Multicolor, 3D Printed, Printed)",Houseofcurtain,,,,,,
,,,,,,,"Houseofcurtain 220 cm (7 ft) Long Door Polyester Semi Transparent Curtain Single Curtain (Green, Multicolor, 3D Printed, Printed)",Houseofcurtain,,,,,,
,,,,,,,"Houseofcurtain 220 cm (7 ft) Long Door Polyester Semi Transparent Curtain Single Curtain (Multicolor, 3D Printed)",Houseofcurtain,,,,,,
,,,,,,,"Houseofcurtain 220 cm (7 ft) Long Door Polyester Semi Transparent Curtain Single Curtain (Multicolor, 3D Printed)",Houseofcurtain,,,,,,
1349,d9b03002af144bd0,GelambeEnterprises,No,silver,2026-06-29,2026-06-30,GELAMBE Anarkali Gown (Black),GELAMBE,Possibly a Seller,,+919327447820,+919327447820,malkeshdudhat@gmail.com,malkeshdudhat@gmail.com
,,,,,,,GELAMBE ENTERPRISE Women Kurta Pant Set,GELAMBE ENTERPRISE,,,,,,
,,,,,,,GELAMBE Anarkali Gown (Blue),GELAMBE,,,,,,
,,,,,,,GELAMBE Tunic Pant Co-ords Set,GELAMBE,,,,,,
,,,,,,,GELAMBE ENTERPRISE Women Kurta Pant Set,GELAMBE ENTERPRISE,,,,,,
,,,,,,,GELAMBE Anarkali Gown (Black),GELAMBE,,,,,,
,,,,,,,GELAMBE Anarkali Gown (Black),GELAMBE,,,,,,
,,,,,,,GELAMBE ENTERPRISE Shirt Palazzos Co-ords Set,GELAMBE ENTERPRISE,,,,,,
,,,,,,,GELAMBE Tunic Pant Co-ords Set,GELAMBE,,,,,,
,,,,,,,GELAMBE Tunic Pant Co-ords Set,GELAMBE,,,,,,
,,,,,,,GELAMBE ENTERPRISE Shirt Palazzos Co-ords Set,GELAMBE ENTERPRISE,,,,,,
,,,,,,,KESARI VASTRA Casual Printed Women Black Top,KESARI VASTRA,,,,,,
,,,,,,,GELAMBE Anarkali Gown (Blue),GELAMBE,,,,,,
,,,,,,,GELAMBE Tunic Palazzos Co-ords Set,GELAMBE,,,,,,
,,,,,,,KESARI VASTRA Casual Printed Women Black Top,KESARI VASTRA,,,,,,
,,,,,,,GELAMBE Tunic Pant Co-ords Set,GELAMBE,,,,,,
,,,,,,,GELAMBE ENTERPRISE Tunic Palazzos Co-ords Set,GELAMBE ENTERPRISE,,,,,,
,,,,,,,GELAMBE Top Pant Co-ords Set,GELAMBE,,,,,,
,,,,,,,GELAMBE ENTERPRISE Tunic Pant Co-ords Set,GELAMBE ENTERPRISE,,,,,,
,,,,,,,GELAMBE ENTERPRISE Tunic Palazzos Co-ords Set,GELAMBE ENTERPRISE,,,,,,
1350,b81097ee659f459b,vishweshamfabric,No,silver,2026-06-24,2026-06-29,Vishweshamfabric Top Palazzos Co-ords Set,Vishweshamfabric,Possibly a Brand,Vishweshamfabric,+919016874118,+919016874118,darshakvariya05@gmail.com,darshakvariya05@gmail.com
,,,,,,,Vishweshamfabric Top Palazzos Co-ords Set,Vishweshamfabric,,,,,,
,,,,,,,Vishweshamfabric Top Palazzos Co-ords Set,Vishweshamfabric,,,,,,
,,,,,,,Vishweshamfabric Top Palazzos Co-ords Set,Vishweshamfabric,,,,,,
,,,,,,,Vishweshamfabric Top Palazzos Co-ords Set,Vishweshamfabric,,,,,,
,,,,,,,Vishweshamfabric Top Palazzos Co-ords Set,Vishweshamfabric,,,,,,
,,,,,,,Vishweshamfabric Top Palazzos Co-ords Set,Vishweshamfabric,,,,,,
,,,,,,,Vishweshamfabric Top Palazzos Co-ords Set,Vishweshamfabric,,,,,,
,,,,,,,Vishweshamfabric Shirt Palazzos Co-ords Set,Vishweshamfabric,,,,,,
,,,,,,,Vishweshamfabric Top Palazzos Co-ords Set,Vishweshamfabric,,,,,,
,,,,,,,Vishweshamfabric Top Palazzos Co-ords Set,Vishweshamfabric,,,,,,
,,,,,,,Vishweshamfabric Top Palazzos Co-ords Set,Vishweshamfabric,,,,,,
,,,,,,,vishwesham Top Pant Co-ords Set,vishwesham,,,,,,
,,,,,,,vishwesham Women Kurta Pant Set,vishwesham,,,,,,
,,,,,,,Vishweshamfabric Top Palazzos Co-ords Set,Vishweshamfabric,,,,,,
,,,,,,,Vishweshamfabric Top Palazzos Co-ords Set,Vishweshamfabric,,,,,,
,,,,,,,Vishweshamfabric Top Palazzos Co-ords Set,Vishweshamfabric,,,,,,
,,,,,,,Vishweshamfabric Top Palazzos Co-ords Set,Vishweshamfabric,,,,,,
,,,,,,,vishwesham Top Pant Co-ords Set,vishwesham,,,,,,
,,,,,,,vishwesham Top Pant Co-ords Set,vishwesham,,,,,,
1351,4e9c69a659fd451a,AllLCREATIONS,No,bronze,2025-11-29,2025-12-01,PREMIUMMCLOTH Full Sleeve Solid Men Jacket,PREMIUMMCLOTH,Possibly a Seller,,+919654061414,+919654061414,YATHARTHPAL.CO.IN@GMAIL.COM,YATHARTHPAL.CO.IN@GMAIL.COM
,,,,,,,Bonekrosss Full Sleeve Solid Men Jacket,Bonekrosss,,,,,,
,,,,,,,Premiumm Trends Full Sleeve Colorblock Men Jacket,Premiumm Trends,,,,,,
,,,,,,,Bonekrosss Full Sleeve Solid Men Jacket,Bonekrosss,,,,,,
,,,,,,,PREMIUMMCLOTH Full Sleeve Solid Men Jacket,PREMIUMMCLOTH,,,,,,
,,,,,,,PREMIUMMCLOTH Full Sleeve Solid Men Jacket,PREMIUMMCLOTH,,,,,,
,,,,,,,PREMIUMMCLOTH Full Sleeve Solid Men Jacket,PREMIUMMCLOTH,,,,,,
,,,,,,,Premiumm Trends Full Sleeve Colorblock Men Jacket,Premiumm Trends,,,,,,
,,,,,,,Bonekrosss Full Sleeve Solid Men Jacket,Bonekrosss,,,,,,
,,,,,,,Premiumm Trends Full Sleeve Colorblock Men Jacket,Premiumm Trends,,,,,,
1352,770af5710de74ff2,SHREYASCOLECTION,No,silver,2026-06-18,2026-06-20,HouseOfCommon Women Maxi Blue Below Knee Dress,HouseOfCommon,Possibly a Brand,HouseOfCommon,+916291692224,+916291692224,Shreyasingh692224@gmail.com,Shreyasingh692224@gmail.com
,,,,,,,HouseOfCommon Women Fit and Flare Maroon Knee Length Dress,HouseOfCommon,,,,,,
,,,,,,,Isha Entrprise Women Tiered Purple Maxi/Full Length Dress,Isha Entrprise,,,,,,
,,,,,,,shreyacol Top Skirt Co-ords Set,shreyacol,,,,,,
,,,,,,,HouseOfCommon Women Maxi Blue Below Knee Dress,HouseOfCommon,,,,,,
,,,,,,,HouseOfCommon Women Tiered Brown Maxi/Full Length Dress,HouseOfCommon,,,,,,
,,,,,,,HouseOfCommon Women Gathered Brown Maxi/Full Length Dress,HouseOfCommon,,,,,,
,,,,,,,"HouseOfCommon Women Fit and Flare Yellow, White Below Knee Dress",HouseOfCommon,,,,,,
,,,,,,,HouseOfCommon Women Tiered Orange Maxi/Full Length Dress,HouseOfCommon,,,,,,
,,,,,,,HouseOfCommon Women Fit and Flare White Below Knee Dress,HouseOfCommon,,,,,,
,,,,,,,shreyacol Flared/A-line Gown (Black),shreyacol,,,,,,
,,,,,,,shreyacol Flared/A-line Gown (Light Green),shreyacol,,,,,,
,,,,,,,"HouseOfCommon Women Maxi Red, White Below Knee Dress",HouseOfCommon,,,,,,
,,,,,,,"HouseOfCommon Women Maxi Red, White Below Knee Dress",HouseOfCommon,,,,,,
,,,,,,,HouseOfCommon Women Tiered Multicolor Maxi/Full Length Dress,HouseOfCommon,,,,,,
,,,,,,,HouseOfCommon Women Fit and Flare Yellow Below Knee Dress,HouseOfCommon,,,,,,
,,,,,,,HouseOfCommon Women A-line Multicolor Below Knee Dress,HouseOfCommon,,,,,,
,,,,,,,"HouseOfCommon Women Tiered White, Pink Maxi/Full Length Dress",HouseOfCommon,,,,,,
,,,,,,,HouseOfCommon Women Fit and Flare White Knee Length Dress,HouseOfCommon,,,,,,
,,,,,,,"HouseOfCommon Women Tiered White, Blue, Yellow Below Knee Dress",HouseOfCommon,,,,,,
1353,5d2c2eb13baf4759,AIlfestyle,No,silver,2026-06-08,2026-07-06,Ailfestyle Tunic Pant Co-ords Set,Ailfestyle,Possibly a Brand,Ailfestyle,+919106137182,+919106137182,ajayishi70307@gmail.com,ajayishi70307@gmail.com
,,,,,,,Ailfestyle Tunic Pant Co-ords Set,Ailfestyle,,,,,,
,,,,,,,Ailfestyle Tunic Pant Co-ords Set,Ailfestyle,,,,,,
,,,,,,,Ailfestyle Top Palazzos Co-ords Set,Ailfestyle,,,,,,
,,,,,,,Ailfestyle Tunic Pant Co-ords Set,Ailfestyle,,,,,,
,,,,,,,Ailfestyle Top Palazzos Co-ords Set,Ailfestyle,,,,,,
,,,,,,,Ailfestyle Top Palazzos Co-ords Set,Ailfestyle,,,,,,
,,,,,,,Ailfestyle Shirt Palazzos Co-ords Set,Ailfestyle,,,,,,
,,,,,,,Ailfestyle Top Palazzos Co-ords Set,Ailfestyle,,,,,,
,,,,,,,Ailfestyle Top Palazzos Co-ords Set,Ailfestyle,,,,,,
,,,,,,,Ailfestyle Top Palazzos Co-ords Set,Ailfestyle,,,,,,
,,,,,,,Ailfestyle Top Palazzos Co-ords Set,Ailfestyle,,,,,,
,,,,,,,Ailfestyle Top Palazzos Co-ords Set,Ailfestyle,,,,,,
,,,,,,,Ailfestyle Top Palazzos Co-ords Set,Ailfestyle,,,,,,
,,,,,,,Ailfestyle Top Palazzos Co-ords Set,Ailfestyle,,,,,,
,,,,,,,Ailfestyle Top Palazzos Co-ords Set,Ailfestyle,,,,,,
,,,,,,,Ailfestyle Top Palazzos Co-ords Set,Ailfestyle,,,,,,
,,,,,,,Ailfestyle Top Palazzos Co-ords Set,Ailfestyle,,,,,,
,,,,,,,Ailfestyle Top Palazzos Co-ords Set,Ailfestyle,,,,,,
,,,,,,,Ailfestyle Top Palazzos Co-ords Set,Ailfestyle,,,,,,
1354,1b16b5a1b5ff417e,SHEETLAFASHIONHUB,No,silver,2026-04-26,2026-04-29,SHEETLA FASHION Top Palazzos Co-ords Set,SHEETLA FASHION,Possibly a Brand,SHEETLA FASHION,+919998037246,+919998037246,sheetlafashion143@gmail.com,sheetlafashion143@gmail.com
,,,,,,,SHEETLA FASHION Top Palazzos Co-ords Set,SHEETLA FASHION,,,,,,
,,,,,,,SHEETLA FASHION Top Palazzos Co-ords Set,SHEETLA FASHION,,,,,,
,,,,,,,SHEETLA FASHION Top Palazzos Co-ords Set,SHEETLA FASHION,,,,,,
,,,,,,,SHEETLA FASHION Top Palazzos Co-ords Set,SHEETLA FASHION,,,,,,
,,,,,,,SHEETLA FASHION Top Palazzos Co-ords Set,SHEETLA FASHION,,,,,,
,,,,,,,SHEETLA FASHION Top Palazzos Co-ords Set,SHEETLA FASHION,,,,,,
,,,,,,,SHEETLA FASHION Top Palazzos Co-ords Set,SHEETLA FASHION,,,,,,
,,,,,,,SHEETLA FASHION Top Palazzos Co-ords Set,SHEETLA FASHION,,,,,,
,,,,,,,SHEETLA FASHION Top Palazzos Co-ords Set,SHEETLA FASHION,,,,,,
,,,,,,,SHEETLA FASHION Top Palazzos Co-ords Set,SHEETLA FASHION,,,,,,
,,,,,,,SHEETLA FASHION Top Palazzos Co-ords Set,SHEETLA FASHION,,,,,,
,,,,,,,SHEETLA FASHION Top Palazzos Co-ords Set,SHEETLA FASHION,,,,,,
,,,,,,,SHEETLA FASHION Top Palazzos Co-ords Set,SHEETLA FASHION,,,,,,
,,,,,,,SHEETLA FASHION Top Palazzos Co-ords Set,SHEETLA FASHION,,,,,,
,,,,,,,SHEETLA FASHION Top Palazzos Co-ords Set,SHEETLA FASHION,,,,,,
,,,,,,,SHEETLA FASHION Top Palazzos Co-ords Set,SHEETLA FASHION,,,,,,
,,,,,,,SHEETLA FASHION Top Palazzos Co-ords Set,SHEETLA FASHION,,,,,,
,,,,,,,SHEETLA FASHION Top Palazzos Co-ords Set,SHEETLA FASHION,,,,,,
,,,,,,,SHEETLA FASHION Top Palazzos Co-ords Set,SHEETLA FASHION,,,,,,
1355,b741d64c68bb483d,DevirajGaur,No,silver,2026-06-28,2026-06-29,"Deviraj Loose Fit, Relaxed Women Black Trousers",Deviraj,Possibly a Seller,,+919667731302,+919667731302,hs9654272878@gmail.com,hs9654272878@gmail.com
,,,,,,,Deviraj Solid Women Black Track Pants,Deviraj,,,,,,
,,,,,,,"Deviraj Loose Fit, Relaxed Women Grey Trousers",Deviraj,,,,,,
,,,,,,,"Deviraj Loose Fit, Relaxed Women Grey Trousers",Deviraj,,,,,,
,,,,,,,"Deviraj Loose Fit, Relaxed Women Black Trousers",Deviraj,,,,,,
,,,,,,,"Deviraj Loose Fit, Relaxed Women Black Trousers",Deviraj,,,,,,
,,,,,,,"Deviraj Loose Fit, Relaxed Women Black Trousers",Deviraj,,,,,,
,,,,,,,"Deviraj Loose Fit, Relaxed Women Grey Trousers",Deviraj,,,,,,
,,,,,,,"Deviraj Loose Fit, Relaxed Women Grey Trousers",Deviraj,,,,,,
1356,c7e4774683744fe6,ZICADA,No,silver,2023-02-07,2023-02-08,Zicada Full Sleeve Colorblock Women Jacket,Zicada,Possibly a Brand,Zicada,+919319283165,+919319283165,fashioncreation76@gmail.com,fashioncreation76@gmail.com
,,,,,,,Zicada Colorblock Women Track Suit,Zicada,,,,,,
,,,,,,,Zicada Full Sleeve Colorblock Women Jacket,Zicada,,,,,,
,,,,,,,Zicada Full Sleeve Colorblock Women Jacket,Zicada,,,,,,
,,,,,,,Zicada Full Sleeve Colorblock Women Jacket,Zicada,,,,,,
,,,,,,,Zicada Full Sleeve Colorblock Women Jacket,Zicada,,,,,,
,,,,,,,Zicada Colorblock Women Track Suit,Zicada,,,,,,
,,,,,,,Zicada Colorblock Women Track Suit,Zicada,,,,,,
,,,,,,,Zicada Full Sleeve Colorblock Women Jacket,Zicada,,,,,,
,,,,,,,Zicada Colorblock Women Track Suit,Zicada,,,,,,
,,,,,,,Zicada Striped Women Track Suit,Zicada,,,,,,
,,,,,,,Zicada Full Sleeve Colorblock Women Jacket,Zicada,,,,,,
,,,,,,,Zicada Colorblock Women Track Suit,Zicada,,,,,,
,,,,,,,Zicada Colorblock Women Track Suit,Zicada,,,,,,
,,,,,,,Zicada Full Sleeve Colorblock Women Jacket,Zicada,,,,,,
,,,,,,,Zicada Full Sleeve Self Design Women Jacket,Zicada,,,,,,
,,,,,,,Zicada Full Sleeve Colorblock Women Jacket,Zicada,,,,,,
,,,,,,,Zicada Striped Women Track Suit,Zicada,,,,,,
,,,,,,,Zicada Colorblock Women Track Suit,Zicada,,,,,,
,,,,,,,Zicada Full Sleeve Self Design Women Jacket,Zicada,,,,,,
1357,8630e92541b8429a,Dharaworld,No,gold,2024-12-27,2025-01-14,Karmyog Colorblock Men Track Suit,Karmyog,Possibly a Brand,Karmyog,+918153826547,+918153826547,dharafashion122@gmail.com,dharafashion122@gmail.com
,,,,,,,Karmyog Men Solid White Night Suit Set,Karmyog,,,,,,
,,,,,,,Karmyog Men Striped Multicolor Night Suit Set,Karmyog,,,,,,
,,,,,,,Karmyog Solid Men Track Suit,Karmyog,,,,,,
,,,,,,,Karmyog Tshirt Pant Western Set,Karmyog,,,,,,
,,,,,,,"Karmyog Men Solid White, Black Night Suit Set",Karmyog,,,,,,
,,,,,,,Karmyog Tshirt Pant Co-ords Set,Karmyog,,,,,,
,,,,,,,"Karmyog Men Solid White, Black Night Suit Set",Karmyog,,,,,,
,,,,,,,"Karmyog Men Solid Black, White Night Suit Set",Karmyog,,,,,,
,,,,,,,Karmyog Solid Men Track Suit,Karmyog,,,,,,
,,,,,,,Karmyog Tshirt Pant Western Set,Karmyog,,,,,,
,,,,,,,Karmyog Tshirt Pant Western Set,Karmyog,,,,,,
,,,,,,,Karmyog Men Solid Black Top & Pyjama Set,Karmyog,,,,,,
,,,,,,,Karmyog Solid Men & Women Track Suit,Karmyog,,,,,,
,,,,,,,Karmyog Tshirt Pant Western Set,Karmyog,,,,,,
,,,,,,,Karmyog Men Solid White Top & Pyjama Set,Karmyog,,,,,,
,,,,,,,Karmyog Men Striped White Top & Pyjama Set,Karmyog,,,,,,
,,,,,,,Karmyog Solid Men & Women Track Suit,Karmyog,,,,,,
,,,,,,,Karmyog Men Solid White Night Suit Set,Karmyog,,,,,,
,,,,,,,Karmyog Men Self Design Black Night Suit Set,Karmyog,,,,,,
1358,0cbe9fd5868f468f,ItsWAOW,No,silver,2026-05-23,2026-05-25,kunal Tshirt Pant Western Set,kunal,Possibly a Brand,Waow,+919899120125,+919899120125,matsyaimpex@gmail.com,matsyaimpex@gmail.com
,,,,,,,Waow Lingerie Set,Waow,,,,,,
,,,,,,,Waow MI/PI/01/01/Muted Green Women Full Coverage Non Padded Bra (Green),Waow,,,,,,
,,,,,,,Waow Women Printed Maroon Top & Pyjama Set,Waow,,,,,,
,,,,,,,Waow Top Pant Co-ords Set,Waow,,,,,,
,,,,,,,Waow Top Pant Co-ords Set,Waow,,,,,,
,,,,,,,Waow Tshirt Pant Western Set,Waow,,,,,,
,,,,,,,Waow Top Pant Western Set with Shrug,Waow,,,,,,
,,,,,,,Waow Lingerie Set,Waow,,,,,,
,,,,,,,Waow MI/PI/01/01/Muted Blue Women Full Coverage Non Padded Bra (Light Blue),Waow,,,,,,
,,,,,,,Waow Top Pant Co-ords Set,Waow,,,,,,
,,,,,,,Waow Top Pant Co-ords Set,Waow,,,,,,
,,,,,,,Waow Tshirt Pant Western Set,Waow,,,,,,
,,,,,,,Waow Top Pant Co-ords Set,Waow,,,,,,
,,,,,,,Waow Women Printed Brown Top & Shorts Set,Waow,,,,,,
,,,,,,,Waow Women Printed Purple Top & Pyjama Set,Waow,,,,,,
,,,,,,,Waow Top Pant Co-ords Set,Waow,,,,,,
,,,,,,,Waow Tshirt Pant Western Set,Waow,,,,,,
,,,,,,,Waow Shirt Pant Western Set,Waow,,,,,,
,,,,,,,Waow Women Graphic Print Purple Top & Pyjama Set,Waow,,,,,,
1359,70888f4f88ca4f53,ShivShaktiTextile,No,silver,2026-05-04,2026-05-06,"Zarvika Women Kurta, Pyjama & Dupatta Set",Zarvika,Possibly a Brand,Zarvika,+919712917050,+917202033957,sandhavichovatiya123@gmail.com,sandhavichovatiya123@gmail.com
,,,,,,,"Zarvika Women Kurta, Pyjama & Dupatta Set",Zarvika,,,,,,
,,,,,,,"Zarvika Women Kurta, Pyjama & Dupatta Set",Zarvika,,,,,,
,,,,,,,"Zarvika Women Kurta, Pyjama & Dupatta Set",Zarvika,,,,,,
,,,,,,,"Zarvika Women Kurta, Pyjama & Dupatta Set",Zarvika,,,,,,
,,,,,,,"Zarvika Women Kurta, Pyjama & Dupatta Set",Zarvika,,,,,,
,,,,,,,"Zarvika Women Kurta, Pyjama & Dupatta Set",Zarvika,,,,,,
,,,,,,,Zarvika Semi Stitched Lehenga Choli (Pink),Zarvika,,,,,,
,,,,,,,Zarvika Semi Stitched Lehenga Choli (Blue),Zarvika,,,,,,
,,,,,,,"Zarvika Women Kurta, Pyjama & Dupatta Set",Zarvika,,,,,,
,,,,,,,"Zarvika Women Kurta, Pyjama & Dupatta Set",Zarvika,,,,,,
,,,,,,,"Zarvika Women Kurta, Pyjama & Dupatta Set",Zarvika,,,,,,
,,,,,,,"Zarvika Women Kurta, Pyjama & Dupatta Set",Zarvika,,,,,,
,,,,,,,"Zarvika Women Kurta, Pyjama & Dupatta Set",Zarvika,,,,,,
,,,,,,,"Zarvika Women Kurta, Pyjama & Dupatta Set",Zarvika,,,,,,
,,,,,,,"Zarvika Women Kurta, Pyjama & Dupatta Set",Zarvika,,,,,,
,,,,,,,"Zarvika Women Kurta, Pyjama & Dupatta Set",Zarvika,,,,,,
,,,,,,,"Zarvika Women Kurta, Pyjama & Dupatta Set",Zarvika,,,,,,
,,,,,,,"Zarvika Women Kurta, Pyjama & Dupatta Set",Zarvika,,,,,,
,,,,,,,Zarvika Women Kurti Palazzo Dupatta Set,Zarvika,,,,,,
1360,d755382c59a8475c,ZYVARACREATION,No,silver,2026-05-21,2026-05-29,ZYVARACREATION Top Pant Co-ords Set,ZYVARACREATION,Possibly a Brand,ZYVARACREATION,+919054741804,+919054741804,zyvarafashion@gmail.com,zyvarafashion@gmail.com
,,,,,,,ZYVARACREATION Top Pant Co-ords Set,ZYVARACREATION,,,,,,
,,,,,,,ZYVARACREATION Top Pant Co-ords Set,ZYVARACREATION,,,,,,
,,,,,,,ZYVARACREATION Top Pant Co-ords Set,ZYVARACREATION,,,,,,
,,,,,,,ZYVARACREATION Top Pant Co-ords Set,ZYVARACREATION,,,,,,
,,,,,,,ZYVARACREATION Top Pant Co-ords Set,ZYVARACREATION,,,,,,
,,,,,,,ZYVARACREATION Top Pant Co-ords Set,ZYVARACREATION,,,,,,
,,,,,,,ZYVARACREATION Top Pant Co-ords Set,ZYVARACREATION,,,,,,
,,,,,,,ZYVARACREATION Top Pant Co-ords Set,ZYVARACREATION,,,,,,
,,,,,,,ZYVARACREATION Top Pant Co-ords Set,ZYVARACREATION,,,,,,
,,,,,,,ZYVARACREATION Top Pant Co-ords Set,ZYVARACREATION,,,,,,
,,,,,,,ZYVARACREATION Anarkali Gown (White),ZYVARACREATION,,,,,,
,,,,,,,ZYVARACREATION Top Pant Co-ords Set,ZYVARACREATION,,,,,,
,,,,,,,ZYVARACREATION Top Palazzos Co-ords Set,ZYVARACREATION,,,,,,
,,,,,,,ZYVARACREATION Top Pant Co-ords Set,ZYVARACREATION,,,,,,
,,,,,,,ZYVARACREATION Top Pant Co-ords Set,ZYVARACREATION,,,,,,
,,,,,,,ZYVARACREATION Top Pant Co-ords Set,ZYVARACREATION,,,,,,
,,,,,,,ZYVARACREATION Top Pant Co-ords Set,ZYVARACREATION,,,,,,
,,,,,,,ZYVARACREATION Top Pant Co-ords Set,ZYVARACREATION,,,,,,
,,,,,,,ZYVARACREATION Tunic Palazzos Co-ords Set,ZYVARACREATION,,,,,,
1361,13a5227c5ba1444e,Bhaano,No,bronze,2026-01-03,2026-01-05,Bhaano Women Printed Kurta (Brown),Bhaano,Possibly a Seller,,+918698733095,+918698733095,rajlaxmitextiles2298@gmail.com,rajlaxmitextiles2298@gmail.com
,,,,,,,Bhaano Women Printed Kurta (Blue),Bhaano,,,,,,
,,,,,,,Bhaano Women Printed A-line Kurta (Pink),Bhaano,,,,,,
,,,,,,,Kurvee Women Printed A-line Kurta (Pink),Kurvee,,,,,,
,,,,,,,PRINCEFEBRICS Women Embroidered Straight Kurta (Beige),PRINCEFEBRICS,,,,,,
,,,,,,,PRINCEFEBRICS Women Embroidered Straight Kurta (Black),PRINCEFEBRICS,,,,,,
,,,,,,,"PRINCEFEBRICS Women Embroidered Gown Kurta (White, Red)",PRINCEFEBRICS,,,,,,
,,,,,,,Bhaano Women Embroidered Straight Kurta (Purple),Bhaano,,,,,,
,,,,,,,BHAANO CLOTHING Women Kurta Pant Set,BHAANO CLOTHING,,,,,,
,,,,,,,"NIVEDANAM Women Printed, Polka Print Straight Kurta (Orange)",NIVEDANAM,,,,,,
,,,,,,,BHAANO CLOTHING Women Printed Straight Kurta (Black),BHAANO CLOTHING,,,,,,
,,,,,,,Bhaano Women Printed Straight Kurta (Black),Bhaano,,,,,,
,,,,,,,Shree Shyam Women Printed Straight Kurta (Multicolor),Shree Shyam,,,,,,
,,,,,,,BHAANO CLOTHING Women Printed Straight Kurta (Black),BHAANO CLOTHING,,,,,,
,,,,,,,Bhaano Women Embroidered Straight Kurta (Maroon),Bhaano,,,,,,
,,,,,,,TRISHDE Women Printed A-line Kurta (Brown),TRISHDE,,,,,,
,,,,,,,Shree Shyam Women Embroidered Straight Kurta (Black),Shree Shyam,,,,,,
,,,,,,,Bhaano Women Embroidered Straight Kurta (Black),Bhaano,,,,,,
,,,,,,,AADVI FASHION Women Kurta Pant Set,AADVI FASHION,,,,,,
,,,,,,,NANDANI TEXTILE Women Kurta Pant Set,NANDANI TEXTILE,,,,,,
1362,59dec15ed24a423c,Misskurtii,No,silver,2021-09-22,2021-10-14,"MISSKURTI Floral Print Kurta, Trouser/Pant & Dupatta Set",MISSKURTI,Possibly a Brand,MISSKURTI,+919461306281,+919461306281,bestsideco@gmail.com,bestsideco@gmail.com
,,,,,,,"MISSKURTI Printed Kurta, Trouser/Pant & Dupatta Set",MISSKURTI,,,,,,
,,,,,,,"MISSKURTI Floral Print Kurta, Trouser/Pant & Dupatta Set",MISSKURTI,,,,,,
,,,,,,,"MISSKURTI Floral Print Kurta, Trouser/Pant & Dupatta Set",MISSKURTI,,,,,,
,,,,,,,"MISSKURTI Floral Print Kurta, Trouser/Pant & Dupatta Set",MISSKURTI,,,,,,
,,,,,,,"MISSKURTI Printed Kurta, Trouser/Pant & Dupatta Set",MISSKURTI,,,,,,
,,,,,,,"MISSKURTI Floral Print Kurta, Trouser/Pant & Dupatta Set",MISSKURTI,,,,,,
,,,,,,,"MISSKURTI Printed Kurta, Trouser/Pant & Dupatta Set",MISSKURTI,,,,,,
,,,,,,,"MISSKURTI Printed Kurta, Trouser/Pant & Dupatta Set",MISSKURTI,,,,,,
,,,,,,,"MISSKURTI Printed Kurta, Trouser/Pant & Dupatta Set",MISSKURTI,,,,,,
,,,,,,,"MISSKURTI Printed Kurta, Trouser/Pant & Dupatta Set",MISSKURTI,,,,,,
,,,,,,,"MISSKURTI Floral Print Kurta, Trouser/Pant & Dupatta Set",MISSKURTI,,,,,,
,,,,,,,"MISSKURTI Printed Kurta, Trouser/Pant & Dupatta Set",MISSKURTI,,,,,,
,,,,,,,MISSKURTI Casual Embroidered Women Blue Top,MISSKURTI,,,,,,
,,,,,,,MISSKURTI Printed Cotton Blend Women Kaftan,MISSKURTI,,,,,,
,,,,,,,MISSKURTI Women Embellished Straight Kurta (Yellow),MISSKURTI,,,,,,
,,,,,,,MISSKURTI Women Kurta Dupatta Set,MISSKURTI,,,,,,
,,,,,,,MISSKURTI Printed Cotton Blend Women Kaftan,MISSKURTI,,,,,,
,,,,,,,"MISSKURTI Printed Kurta, Trouser/Pant & Dupatta Set",MISSKURTI,,,,,,
,,,,,,,MISSKURTI Women Embroidered Straight Kurta (Pink),MISSKURTI,,,,,,
1363,91ff206463b2433c,DepsyFASHION,No,silver,2021-07-05,2021-08-28,,,Possibly a Seller,,+918290592195,+918290592195,depsyfashion@gmail.com,depsyfashion@gmail.com
1364,a1900e3311514e36,FASHIONFRICKSS,No,silver,2022-04-20,2022-05-13,Fashionfricks Women Kurti Pant Set,Fashionfricks,Possibly a Brand,Fashionfricks,+918750271901,+919586848270,Fashionfricks39@gmail.com,Fashionfricks39@gmail.com
,,,,,,,"Fashionfricks Women Fit and Flare White, Blue Above Knee/Mid Thigh Length Dress",Fashionfricks,,,,,,
,,,,,,,Fashionfricks Women Fit and Flare Pink Above Knee/Mid Thigh Length Dress,Fashionfricks,,,,,,
,,,,,,,Fashionfricks Women Kurti Pant Set,Fashionfricks,,,,,,
,,,,,,,Fashionfricks Women Kurti Pant Dupatta Set,Fashionfricks,,,,,,
,,,,,,,FASHIONFRICKSS Men Solid Straight Kurta (Green),FASHIONFRICKSS,,,,,,
,,,,,,,Fashionfricks Women Fit and Flare White Above Knee/Mid Thigh Length Dress,Fashionfricks,,,,,,
,,,,,,,"FASHIONFRICKSS Men Solid Straight Kurta (Green, Yellow)",FASHIONFRICKSS,,,,,,
,,,,,,,FASHIONFRICKSS Men Solid Straight Kurta (Gold),FASHIONFRICKSS,,,,,,
,,,,,,,Fashionfricks Women Kurti Pant Set,Fashionfricks,,,,,,
,,,,,,,Fashionfricks Women Fit and Flare White Above Knee/Mid Thigh Length Dress,Fashionfricks,,,,,,
,,,,,,,Fashionfricks Women Fit and Flare Multicolor Above Knee/Mid Thigh Length Dress,Fashionfricks,,,,,,
,,,,,,,Fashionfricks Men Kurta Pyjama Set,Fashionfricks,,,,,,
,,,,,,,Fashionfricks Men Sherwani Pyjama Set,Fashionfricks,,,,,,
,,,,,,,FASHIONFRICKSS Men Solid Straight Kurta (Blue),FASHIONFRICKSS,,,,,,
,,,,,,,Fashionfricks Women Kurti Pant Set,Fashionfricks,,,,,,
,,,,,,,Fashionfricks Women Kurti Pant Set,Fashionfricks,,,,,,
,,,,,,,Fashionfricks Flared/A-line Gown (Dark Blue),Fashionfricks,,,,,,
,,,,,,,Fashionfricks Women Kurti Pant Set,Fashionfricks,,,,,,
,,,,,,,FASHIONFRICKSS Men Solid Straight Kurta (Maroon),FASHIONFRICKSS,,,,,,
1365,f4c9244d21f745d3,FASHIONAZ,Yes,gold,2022-05-10,2022-05-22,,,,,,,,
1366,97e1eb8be9c64852,PotliiSundartaki,No,silver,2025-12-12,2025-12-15,"Potlii Sundarta Ki Women Chikan Embroidery, Embroidered, Self Design A-line Kurta (White)",Potlii Sundarta Ki,Possibly a Brand,Potlii Sundarta Ki,+919871640505,+919871640505,potli.khushiyoki@gmail.com,potli.khushiyoki@gmail.com
,,,,,,,Potlii Sundarta Ki Top Palazzos Co-ords Set,Potlii Sundarta Ki,,,,,,
,,,,,,,PotliSundartaki Women Kurta Palazzo Dupatta Set,PotliSundartaki,,,,,,
,,,,,,,Potlii Sundarta Ki Women Fit and Flare Multicolor Midi/Calf Length Dress,Potlii Sundarta Ki,,,,,,
,,,,,,,Potlii Sundarta Ki Tunic Pant Western Set,Potlii Sundarta Ki,,,,,,
,,,,,,,Potlii Sundarta Ki Women Self Design Flared Kurta (Green),Potlii Sundarta Ki,,,,,,
,,,,,,,PotliSundartaki Women Kurta Palazzo Dupatta Set,PotliSundartaki,,,,,,
,,,,,,,Potlii Sundarta Ki Tunic Pant Western Set,Potlii Sundarta Ki,,,,,,
,,,,,,,Potlii Sundarta Ki Women Fit and Flare Multicolor Midi/Calf Length Dress,Potlii Sundarta Ki,,,,,,
,,,,,,,PotliSundartaki Women Kurta Palazzo Dupatta Set,PotliSundartaki,,,,,,
,,,,,,,PotliSundartaki Women Kurta Palazzo Dupatta Set,PotliSundartaki,,,,,,
,,,,,,,Potlii Sundarta Ki Women Self Design Flared Kurta (Green),Potlii Sundarta Ki,,,,,,
,,,,,,,Potlii Sundarta Ki Women Fit and Flare Beige Midi/Calf Length Dress,Potlii Sundarta Ki,,,,,,
,,,,,,,PotliSundartaki Women Kurta Palazzo Dupatta Set,PotliSundartaki,,,,,,
,,,,,,,"Thread RK10_Plate Plastic (PVC) Rakhi, Thali Set by Potlii Sundarta Ki (1 Thali, 2 Rakhi, 1 Roli, 1 Chawal)",Potlii Sundarta Ki,,,,,,
,,,,,,,PotliSundartaki Women Kurta Palazzo Dupatta Set,PotliSundartaki,,,,,,
,,,,,,,Potlii Sundarta Ki Shirt Pant Co-ords Set,Potlii Sundarta Ki,,,,,,
,,,,,,,Potlii Sundarta Ki Shirt Pant Co-ords Set,Potlii Sundarta Ki,,,,,,
,,,,,,,Potlii Sundarta Ki Tunic Pant Western Set,Potlii Sundarta Ki,,,,,,
,,,,,,,"Thread RK8_Plate Plastic (PVC) Rakhi, Thali Set by Potlii Sundarta Ki (1 Thali, 2 Rakhi, 1 Roli Chawal)",Potlii Sundarta Ki,,,,,,
1367,fe52771b703b461a,PinaPini,No,silver,2026-07-05,2026-07-06,Pinapini Women Kurta Palazzo Dupatta Set,Pinapini,Possibly a Brand,Pinapini,+917232870656,+917232870656,sunil.khanchandani9@gmail.com,sunil.khanchandani9@gmail.com
,,,,,,,Pinapini Women Kurta Palazzo Dupatta Set,Pinapini,,,,,,
,,,,,,,Pinapini Women Kurta Palazzo Dupatta Set,Pinapini,,,,,,
,,,,,,,Pinapini Tunic Palazzos Co-ords Set,Pinapini,,,,,,
,,,,,,,Pinapini Tunic Palazzos Co-ords Set,Pinapini,,,,,,
,,,,,,,Pinapini Tunic Palazzos Co-ords Set,Pinapini,,,,,,
,,,,,,,Pinapini Women Kurta Palazzo Dupatta Set,Pinapini,,,,,,
,,,,,,,Pinapini Women Kurta Palazzo Dupatta Set,Pinapini,,,,,,
,,,,,,,Pinapini Women Kurta Palazzo Dupatta Set,Pinapini,,,,,,
,,,,,,,Pinapini Tunic Palazzos Co-ords Set,Pinapini,,,,,,
,,,,,,,Pinapini Tunic Palazzos Co-ords Set,Pinapini,,,,,,
,,,,,,,Pinapini Women Kurta Palazzo Dupatta Set,Pinapini,,,,,,
,,,,,,,Pinapini Tunic Palazzos Co-ords Set,Pinapini,,,,,,
,,,,,,,Pinapini Women Kurta Palazzo Dupatta Set,Pinapini,,,,,,
,,,,,,,Pinapini Women Kurta Palazzo Dupatta Set,Pinapini,,,,,,
,,,,,,,Pinapini Women Kurta Palazzo Dupatta Set,Pinapini,,,,,,
,,,,,,,Pinapini Women Kurta Palazzo Dupatta Set,Pinapini,,,,,,
,,,,,,,Pinapini Tunic Palazzos Co-ords Set,Pinapini,,,,,,
,,,,,,,Pinapini Tunic Palazzos Co-ords Set,Pinapini,,,,,,
,,,,,,,Pinapini Women Kurta Palazzo Dupatta Set,Pinapini,,,,,,
1368,d56cf34174d744a0,Radheyontexfab,No,silver,2026-05-22,2026-05-29,radheyontexfab Top Palazzos Co-ords Set,radheyontexfab,Possibly a Brand,radheyontexfab,+919316004684,+919316004684,shreeshyamenterprise.2209@gmail.com,shreeshyamenterprise.2209@gmail.com
,,,,,,,radheyontexfab Top Palazzos Co-ords Set,radheyontexfab,,,,,,
,,,,,,,radheyontexfab Top Palazzos Co-ords Set,radheyontexfab,,,,,,
,,,,,,,radheyontexfab Top Palazzos Co-ords Set,radheyontexfab,,,,,,
,,,,,,,radheyontexfab Top Palazzos Co-ords Set,radheyontexfab,,,,,,
,,,,,,,radheyontexfab Top Palazzos Co-ords Set,radheyontexfab,,,,,,
,,,,,,,radheyontexfab Top Palazzos Co-ords Set,radheyontexfab,,,,,,
,,,,,,,radheyontexfab Top Palazzos Co-ords Set,radheyontexfab,,,,,,
,,,,,,,radheyontexfab Top Palazzos Co-ords Set,radheyontexfab,,,,,,
,,,,,,,radheyontexfab Flared/A-line Gown (White),radheyontexfab,,,,,,
,,,,,,,radheyontexfab Top Palazzos Co-ords Set,radheyontexfab,,,,,,
,,,,,,,radheyontexfab Top Palazzos Co-ords Set,radheyontexfab,,,,,,
,,,,,,,radheyontexfab Top Palazzos Co-ords Set,radheyontexfab,,,,,,
,,,,,,,radheyontexfab Top Palazzos Co-ords Set,radheyontexfab,,,,,,
,,,,,,,radheyontexfab Flared/A-line Gown (Black),radheyontexfab,,,,,,
,,,,,,,radheyontexfab Top Palazzos Co-ords Set,radheyontexfab,,,,,,
,,,,,,,radheyontexfab Top Palazzos Co-ords Set,radheyontexfab,,,,,,
,,,,,,,radheyontexfab Top Palazzos Co-ords Set,radheyontexfab,,,,,,
,,,,,,,radheyontexfab Top Palazzos Co-ords Set,radheyontexfab,,,,,,
,,,,,,,radheyontexfab Top Palazzos Co-ords Set,radheyontexfab,,,,,,
1369,838a30310c574477,RMTECHSTORE,No,silver,2025-05-09,2025-06-05,tranding Women Kurti Pant Set,tranding,Possibly a Seller,,+918949573788,+918949573788,arvindkumarbairwa9264@gmail.com,arvindkumarbairwa9264@gmail.com
,,,,,,,tranding Women Kurti Pant Set,tranding,,,,,,
,,,,,,,SAWARIYA Tunic Palazzos Co-ords Set,SAWARIYA,,,,,,
,,,,,,,SAWARIYA Tunic Palazzos Co-ords Set,SAWARIYA,,,,,,
,,,,,,,SAWARIYA Women Kurti Pant Set,SAWARIYA,,,,,,
,,,,,,,SAWARIYA Women Kurti Pant Set,SAWARIYA,,,,,,
,,,,,,,SAWARIYA Tunic Pant Co-ords Set,SAWARIYA,,,,,,
,,,,,,,SAWARIYA Women Kurti Pant Set,SAWARIYA,,,,,,
,,,,,,,tranding Women Kurti Pant Set,tranding,,,,,,
,,,,,,,SAWARIYA Women Kurti Pant Set,SAWARIYA,,,,,,
,,,,,,,tranding Women Kurta Pant Set,tranding,,,,,,
,,,,,,,tranding Women Kurti Pant Set,tranding,,,,,,
,,,,,,,SAWARIYA FASHION Women Floral Print Flared Kurta (Pink),SAWARIYA FASHION,,,,,,
,,,,,,,tranding Women Kurta Pant Set,tranding,,,,,,
,,,,,,,SAWARIYA Women Printed A-line Kurta (Pink),SAWARIYA,,,,,,
,,,,,,,SAWARIYA Women Floral Print A-line Kurta (Yellow),SAWARIYA,,,,,,
,,,,,,,SAWARIYA Women Kurti Pant Set,SAWARIYA,,,,,,
,,,,,,,tranding Women Kurta Pant Set,tranding,,,,,,
,,,,,,,SAWARIYA Women Printed A-line Kurta (Pink),SAWARIYA,,,,,,
,,,,,,,SAWARIYA Women Kurti Pant Set,SAWARIYA,,,,,,
1370,adffad93bf76483a,Vihaanenterprises3110,No,silver,2026-05-13,2026-05-15,FABZOO Top Pant Co-ords Set,FABZOO,Possibly a Seller,,+916355263591,+916355263591,vihaanenterprises3110@gmail.com,vihaanenterprises3110@gmail.com
,,,,,,,Vihaanenterprises Top Palazzos Co-ords Set,Vihaanenterprises,,,,,,
,,,,,,,Vihaanenterprises Top Palazzos Co-ords Set,Vihaanenterprises,,,,,,
,,,,,,,Vihaanenterprises Top Palazzos Co-ords Set,Vihaanenterprises,,,,,,
,,,,,,,Vihaanenterprises Top Palazzos Co-ords Set,Vihaanenterprises,,,,,,
,,,,,,,Vihaanenterprises Top Palazzos Co-ords Set,Vihaanenterprises,,,,,,
,,,,,,,Vihaanenterprises Top Palazzos Co-ords Set,Vihaanenterprises,,,,,,
,,,,,,,Vihaanenterprises Top Palazzos Co-ords Set,Vihaanenterprises,,,,,,
,,,,,,,Vihaanenterprises Top Palazzos Co-ords Set,Vihaanenterprises,,,,,,
,,,,,,,Vihaanenterprises Top Palazzos Co-ords Set,Vihaanenterprises,,,,,,
,,,,,,,Vihaanenterprises3110 Shirt Palazzos Co-ords Set,Vihaanenterprises3110,,,,,,
,,,,,,,Vihaanenterprises3110 Tunic Pant Co-ords Set,Vihaanenterprises3110,,,,,,
,,,,,,,Vihaanenterprises3110 Tunic Pant Co-ords Set,Vihaanenterprises3110,,,,,,
,,,,,,,Vihaanenter Flared/A-line Gown (Purple),Vihaanenter,,,,,,
,,,,,,,"Vihaan Enterprises Printed Anarkali Kurta, Bottom & Dupatta Set",Vihaan Enterprises,,,,,,
,,,,,,,"Vihaan Enterprises Embroidered Kurta, Salwar & Dupatta Set",Vihaan Enterprises,,,,,,
,,,,,,,Vihaanenterprises Tunic Pant Co-ords Set,Vihaanenterprises,,,,,,
,,,,,,,"Vihaan Enterprises Printed Kurta, Sharara & Dupatta Set",Vihaan Enterprises,,,,,,
,,,,,,,"Vihaan Enterprises Embroidered Kurta, Salwar & Dupatta Set",Vihaan Enterprises,,,,,,
,,,,,,,Vihaanenterprises Tunic Pant Co-ords Set,Vihaanenterprises,,,,,,
1371,2042fba7d42a40d0,HARILAKSHY,No,bronze,2025-04-07,2025-04-09,HARILAKSHY Women Kurta Pant Set,HARILAKSHY,Possibly a Seller,,+918696774415,+918696774415,harilakshytextiles@gmail.com,harilakshytextiles@gmail.com
,,,,,,,HARILAKSHY Women Kurta Pant Set,HARILAKSHY,,,,,,
,,,,,,,Dokari Women Kurta Pant Set,Dokari,,,,,,
,,,,,,,HARILAKSHY Women Kurta Pant Set,HARILAKSHY,,,,,,
,,,,,,,Harsh Enterprises Top Pant Co-ords Set,Harsh Enterprises,,,,,,
,,,,,,,Mayana Women Kurta Pant Set,Mayana,,,,,,
,,,,,,,gangfab Women Floral Print Anarkali Kurta (Red),gangfab,,,,,,
,,,,,,,Harsh Enterprises Top Pant Co-ords Set,Harsh Enterprises,,,,,,
,,,,,,,Raseshwari Women Kurti Pant Set,Raseshwari,,,,,,
,,,,,,,Harsh Enterprises Top Pant Co-ords Set,Harsh Enterprises,,,,,,
,,,,,,,Raseshwari Women Kurti Pant Set,Raseshwari,,,,,,
,,,,,,,gangfab Women Floral Print Anarkali Kurta (Red),gangfab,,,,,,
,,,,,,,gangfab Women Floral Print Anarkali Kurta (Blue),gangfab,,,,,,
,,,,,,,gangfab Women Floral Print Anarkali Kurta (Blue),gangfab,,,,,,
,,,,,,,Tisky Tunic Palazzos Co-ords Set,Tisky,,,,,,
,,,,,,,BALIYE Women Kurta Pant Set,BALIYE,,,,,,
,,,,,,,Heba Women Kurta Pant Set,Heba,,,,,,
,,,,,,,AIRIT Top Chinos Co-ords Set,AIRIT,,,,,,
,,,,,,,gangfab Women Floral Print Anarkali Kurta (Blue),gangfab,,,,,,
,,,,,,,Raseshwari Women Kurti Pant Set,Raseshwari,,,,,,
1372,01afaa34dc594918,VamikacreationEnterprise,No,bronze,2026-01-25,2026-02-23,VamikacreationEnterprise Top Palazzos Co-ords Set,VamikacreationEnterprise,Possibly a Brand,VamikacreationEnterprise,+916355887859,+916355887859,guptabajtang98700@gmail.com,guptabajtang98700@gmail.com
,,,,,,,VamikacreationEnterprise Top Palazzos Co-ords Set,VamikacreationEnterprise,,,,,,
,,,,,,,VamikacreationEnterprise Top Palazzos Co-ords Set,VamikacreationEnterprise,,,,,,
,,,,,,,Vamika Creation Flared/A-line Gown (Black),Vamika Creation,,,,,,
,,,,,,,VamikacreationEnterprise Top Palazzos Co-ords Set,VamikacreationEnterprise,,,,,,
,,,,,,,VamikacreationEnterprise Top Palazzos Co-ords Set,VamikacreationEnterprise,,,,,,
,,,,,,,VamikacreationEnterprise Top Pant Co-ords Set,VamikacreationEnterprise,,,,,,
,,,,,,,VamikacreationEnterprise Top Palazzos Co-ords Set,VamikacreationEnterprise,,,,,,
,,,,,,,VamikacreationEnterprise Top Pant Co-ords Set,VamikacreationEnterprise,,,,,,
,,,,,,,VamikacreationEnterprise Top Pant Co-ords Set,VamikacreationEnterprise,,,,,,
,,,,,,,VamikacreationEnterprise Top Palazzos Co-ords Set,VamikacreationEnterprise,,,,,,
,,,,,,,VamikacreationEnterprise Top Palazzos Co-ords Set,VamikacreationEnterprise,,,,,,
,,,,,,,Vamika Creation Round Neck Women Blouse,Vamika Creation,,,,,,
,,,,,,,Vamika Creation Flared/A-line Gown (Multicolor),Vamika Creation,,,,,,
,,,,,,,Vamika Creation Flared/A-line Gown (Maroon),Vamika Creation,,,,,,
,,,,,,,VamikacreationEnterprise Top Pant Co-ords Set,VamikacreationEnterprise,,,,,,
,,,,,,,VamikacreationEnterprise Top Palazzos Co-ords Set,VamikacreationEnterprise,,,,,,
,,,,,,,VamikacreationEnterprise Top Palazzos Co-ords Set,VamikacreationEnterprise,,,,,,
,,,,,,,VamikacreationEnterprise Top Palazzos Co-ords Set,VamikacreationEnterprise,,,,,,
,,,,,,,"vamikacreation Solid, Self Design Men Polo Neck Light Green T-Shirt",vamikacreation,,,,,,
1373,e2bf1e6782bd4856,SANWARIACREATIONS,No,gold,2022-10-27,2022-10-30,"LITTLE KANHA Dungaree For Baby Boys & Baby Girls Printed Hosiery (Dark Blue, Pack of 2)",LITTLE KANHA,Possibly a Seller,,+917003718871,+917003718871,manmohanmundhra7@gmail.com,manmohanmundhra7@gmail.com
,,,,,,,"LITTLE KANHA Dungaree For Baby Boys & Baby Girls Printed Hosiery (Pink, Pack of 2)",LITTLE KANHA,,,,,,
,,,,,,,"Roble Dungaree For Boys & Girls Casual Embroidered Cotton Blend (Pink, Pack of 1)",Roble,,,,,,
,,,,,,,"Maaruti Dungaree For Baby Boys & Baby Girls Printed Hosiery (Pink, Pack of 1)",Maaruti,,,,,,
,,,,,,,"Roble Dungaree For Boys & Girls Casual Embroidered Cotton Blend (Pink, Pack of 1)",Roble,,,,,,
,,,,,,,"Roble Dungaree For Boys & Girls Casual Embroidered Cotton Blend (Pink, Pack of 1)",Roble,,,,,,
,,,,,,,"Roble Dungaree For Boys & Girls Casual Embroidered Cotton Blend (Pink, Pack of 1)",Roble,,,,,,
,,,,,,,"LITTLE KANHA Dungaree For Baby Boys & Baby Girls Solid Cotton Blend (Light Blue, Pack of 1)",LITTLE KANHA,,,,,,
,,,,,,,"Maaruti Dungaree For Baby Boys & Baby Girls Printed Hosiery (Pink, Pack of 1)",Maaruti,,,,,,
,,,,,,,"Maaruti Dungaree For Baby Boys & Baby Girls Printed Hosiery (Multicolor, Pack of 1)",Maaruti,,,,,,
,,,,,,,"SANWARIA CLUB Dungaree For Baby Boys & Baby Girls Printed Hosiery (Multicolor, Pack of 1)",SANWARIA CLUB,,,,,,
,,,,,,,"LITTLE KANHA Dungaree For Baby Boys & Baby Girls Animal Print Hosiery (Pink, Pack of 1)",LITTLE KANHA,,,,,,
,,,,,,,"LITTLE KANHA Dungaree For Baby Boys & Baby Girls Printed Hosiery (Dark Blue, Pack of 2)",LITTLE KANHA,,,,,,
,,,,,,,"LITTLE KANHA Dungaree For Baby Boys & Baby Girls Printed Hosiery (Dark Blue, Pack of 2)",LITTLE KANHA,,,,,,
,,,,,,,"LITTLE KANHA Dungaree For Baby Boys & Baby Girls Printed Hosiery (Dark Blue, Pack of 2)",LITTLE KANHA,,,,,,
,,,,,,,"Maaruti Dungaree For Baby Boys & Baby Girls Printed Hosiery (Dark Green, Pack of 1)",Maaruti,,,,,,
,,,,,,,"LITTLE KANHA Dungaree For Baby Boys & Baby Girls Printed Hosiery (Dark Blue, Pack of 1)",LITTLE KANHA,,,,,,
,,,,,,,"Maaruti Dungaree For Baby Boys & Baby Girls Printed Hosiery (Light Blue, Pack of 1)",Maaruti,,,,,,
,,,,,,,"LITTLE KANHA Dungaree For Baby Boys & Baby Girls Printed Hosiery (Pink, Pack of 2)",LITTLE KANHA,,,,,,
,,,,,,,"LITTLE KANHA Dungaree For Baby Boys & Baby Girls Printed Hosiery (Multicolor, Pack of 2)",LITTLE KANHA,,,,,,
1374,82b57208862e4bbc,NIVEntrprise,Yes,silver,2021-10-29,2021-11-01,,,,,,,,
1375,76f76f80ea154709,DELTAFASHION01,Yes,silver,2024-08-08,2024-08-10,,,,,,,,
1376,e7e94f11d5e748e3,Chamundasaree,No,silver,2021-09-20,2021-09-23,Poonam Fashion Boys (Maroon),Poonam Fashion,Possibly a Brand,Poonam Fashion,+917359307969,+917359307969,poonamfaishan167@gmail.com,poonamfaishan167@gmail.com
,,,,,,,Poonam Fashion Boys (Maroon),Poonam Fashion,,,,,,
,,,,,,,Poonam Fashion Boys (Beige),Poonam Fashion,,,,,,
,,,,,,,Poonam Fashion Boys (Beige),Poonam Fashion,,,,,,
,,,,,,,Poonam Fashion Boys (Maroon),Poonam Fashion,,,,,,
,,,,,,,Poonam Fashion Boys (Black),Poonam Fashion,,,,,,
,,,,,,,Poonam Fashion Boys (Beige),Poonam Fashion,,,,,,
,,,,,,,Poonam Fashion Boys (Maroon),Poonam Fashion,,,,,,
,,,,,,,Poonam Fashion Boys (Maroon),Poonam Fashion,,,,,,
,,,,,,,Poonam Fashion Boys (Beige),Poonam Fashion,,,,,,
,,,,,,,Poonam Fashion Boys (Black),Poonam Fashion,,,,,,
,,,,,,,Poonam Fashion Boys (Beige),Poonam Fashion,,,,,,
,,,,,,,Poonam Fashion Boys (Black),Poonam Fashion,,,,,,
,,,,,,,POONAM FASHION Girls (Black),POONAM FASHION,,,,,,
,,,,,,,POONAM FASHION Girls (Pink),POONAM FASHION,,,,,,
,,,,,,,POONAM FASHION Girls (Black),POONAM FASHION,,,,,,
,,,,,,,POONAM FASHION Girls (Black),POONAM FASHION,,,,,,
,,,,,,,POONAM FASHION Girls (Black),POONAM FASHION,,,,,,
,,,,,,,POONAM FASHION Girls (Black),POONAM FASHION,,,,,,
,,,,,,,POONAM FASHION Girls (Pink),POONAM FASHION,,,,,,
1377,fd61756fbbae4c33,KRISHHENTERPRISE,Yes,silver,2025-08-15,2025-08-26,,,,,,,,
1378,66ecb7da7ba94d48,DEEP2IMPEX,No,gold,2024-08-20,2024-09-25,DEEPIMPEX Boys Casual T-shirt Pant (White),DEEPIMPEX,Possibly a Seller,,+919726125444,+919726125444,ravivya444@gmail.com,ravivya444@gmail.com
,,,,,,,DEEPIMPEX Boys Party(Festive) T-shirt Track Pants (Green),DEEPIMPEX,,,,,,
,,,,,,,DEEPIMPEX Boys & Girls Casual T-shirt Track Pants (Black),DEEPIMPEX,,,,,,
,,,,,,,DEEPIMPEX Boys & Girls Party(Festive) T-shirt Shorts (Firozi),DEEPIMPEX,,,,,,
,,,,,,,DEEPIMPEX Boys & Girls Casual T-shirt Shorts (Holi Blue),DEEPIMPEX,,,,,,
,,,,,,,DEEPIMPEX Boys Party(Festive) T-shirt Track Pants (WHITE),DEEPIMPEX,,,,,,
,,,,,,,DEEPIMPEX Boys & Girls Party(Festive) Shirt Shorts (BLACK),DEEPIMPEX,,,,,,
,,,,,,,DEEPIMPEX Boys & Girls Casual T-shirt Trouser (Multicolor),DEEPIMPEX,,,,,,
,,,,,,,DEEPIMPEX Boys & Girls Casual Shirt Shorts (Black),DEEPIMPEX,,,,,,
,,,,,,,DEEPIMPEX Boys & Girls Casual T-shirt Shorts (Holi White),DEEPIMPEX,,,,,,
,,,,,,,deepash zim trend Boys & Girls Shirt Shorts (Black),deepash zim trend,,,,,,
,,,,,,,deepash zim trend Boys T-shirt Track Pants (Dark Green),deepash zim trend,,,,,,
,,,,,,,Deepfashion Boys T-shirt Trouser (Multicolor),Deepfashion,,,,,,
,,,,,,,deepash zim trend Boys Shirt Pant (White),deepash zim trend,,,,,,
,,,,,,,deepash zim trend Boys & Girls Shirt Shorts (Light Blue),deepash zim trend,,,,,,
,,,,,,,deepash zim trend Boys T-shirt Track Pants (Dark Green),deepash zim trend,,,,,,
,,,,,,,deepash zim trend Boys & Girls T-shirt Pant (Multicolor),deepash zim trend,,,,,,
,,,,,,,DEEPIMPEX Boys & Girls Casual Shirt Shorts (White),DEEPIMPEX,,,,,,
,,,,,,,Deepfashion Boys T-shirt Pant (Green),Deepfashion,,,,,,
,,,,,,,deepash zim trend Boys & Girls T-shirt Trouser (Multicolor),deepash zim trend,,,,,,
1379,39525f72e6284f87,OneinNine,No,silver,2024-05-31,2025-12-29,"One in Nine Short For Girls Casual Printed Cotton Blend (Multicolor, Pack of 3)",One in Nine,Possibly a Brand,One in Nine,+919629268458,+919629268458,ecom.oneinnine@gmail.com,ecom.oneinnine@gmail.com
,,,,,,,One in Nine Solid Women Round Neck Black T-Shirt,One in Nine,,,,,,
,,,,,,,"One in Nine Short For Girls Casual Printed Cotton Blend (Multicolor, Pack of 3)",One in Nine,,,,,,
,,,,,,,"One in Nine Short For Girls Casual Printed Cotton Blend (Multicolor, Pack of 3)",One in Nine,,,,,,
,,,,,,,"One in Nine Short For Girls Casual Printed Cotton Blend (Multicolor, Pack of 3)",One in Nine,,,,,,
,,,,,,,"One in Nine Boys Solid Pure Cotton Regular T Shirt (Beige, Pack of 1)",One in Nine,,,,,,
,,,,,,,One in Nine Printed Men Round Neck Dark Green T-Shirt,One in Nine,,,,,,
,,,,,,,One in Nine Solid Men Polo Neck White T-Shirt,One in Nine,,,,,,
,,,,,,,"One in Nine Girls Printed Cotton Blend Regular T Shirt (White, Pack of 1)",One in Nine,,,,,,
,,,,,,,"One in Nine Boys Casual T-shirt Shorts (Pink, Pack of 1)",One in Nine,,,,,,
,,,,,,,"One in Nine Girls Casual T-shirt Shorts (Black, Pack of 1)",One in Nine,,,,,,
,,,,,,,"One in Nine Boys Casual T-shirt Shorts (Maroon, Pack of 1)",One in Nine,,,,,,
,,,,,,,"One in Nine Boys Printed Cotton Blend Regular T Shirt (Multicolor, Pack of 5)",One in Nine,,,,,,
,,,,,,,"One in Nine Girls Casual T-shirt Shorts (Dark Blue, Pack of 1)",One in Nine,,,,,,
,,,,,,,"One in Nine Girls Casual T-shirt Shorts (Grey, Pack of 1)",One in Nine,,,,,,
,,,,,,,"One in Nine Boys Printed Cotton Blend Regular T Shirt (Blue, Pack of 1)",One in Nine,,,,,,
,,,,,,,One in Nine Printed Women Round Neck Black T-Shirt,One in Nine,,,,,,
,,,,,,,One in Nine Solid Women Polo Neck Beige T-Shirt,One in Nine,,,,,,
,,,,,,,One in Nine Solid Women Polo Neck Grey T-Shirt,One in Nine,,,,,,
,,,,,,,"One in Nine Girls Printed Cotton Blend Regular T Shirt (Multicolor, Pack of 5)",One in Nine,,,,,,
1380,8481c8a928d7476a,NakshatraClothStore,No,gold,2023-09-02,2023-09-03,Nakshatra Boys Party(Festive) T-shirt Track Pants (Red),Nakshatra,Possibly a Brand,Nakshatra,+917600296336,+917600296336,sales.nakshatrafashion@gmail.com,sales.nakshatrafashion@gmail.com
,,,,,,,Nakshatra Boys Party(Festive) T-shirt Trouser (Red),Nakshatra,,,,,,
,,,,,,,Nakshatra Boys Party(Festive) T-shirt Track Pants (Red),Nakshatra,,,,,,
,,,,,,,Nakshatra Boys Party(Festive) T-shirt Trouser (Red),Nakshatra,,,,,,
,,,,,,,Nakshatra Boys Party(Festive) T-shirt Track Pants (Red),Nakshatra,,,,,,
,,,,,,,Nakshatra Boys Party(Festive) T-shirt Trouser (Red),Nakshatra,,,,,,
,,,,,,,Nakshatra Boys Party(Festive) T-shirt Track Pants (Red),Nakshatra,,,,,,
,,,,,,,Sagar Impex Baby Boys & Baby Girls Casual T-shirt Track Pants (Black-White),Sagar Impex,,,,,,
,,,,,,,Nakshatra Boys Party(Festive) T-shirt Trouser (Red),Nakshatra,,,,,,
,,,,,,,Sagar Impex Boys Party(Festive) Track Pants T-shirt (Black),Sagar Impex,,,,,,
,,,,,,,Sagar Impex Boys Party(Festive) Track Pants T-shirt (Black),Sagar Impex,,,,,,
,,,,,,,Nakshatra Boys Party(Festive) T-shirt Track Pants (Red),Nakshatra,,,,,,
,,,,,,,Nakshatra Boys Party(Festive) T-shirt Track Pants (Red),Nakshatra,,,,,,
,,,,,,,Sagar Impex Boys Party(Festive) Shirt Pant (Red),Sagar Impex,,,,,,
,,,,,,,Sagar Impex Boys Party(Festive) Shirt Pant (Red),Sagar Impex,,,,,,
,,,,,,,Sagar Impex Boys Party(Festive) Shirt Pant (Red),Sagar Impex,,,,,,
,,,,,,,Nakshatra Boys Party(Festive) T-shirt Track Pants (Red),Nakshatra,,,,,,
,,,,,,,Nakshatra Boys Party(Festive) T-shirt Trouser (Red),Nakshatra,,,,,,
,,,,,,,Nakshatra Boys Party(Festive) T-shirt Track Pants (Black),Nakshatra,,,,,,
,,,,,,,Sagar Impex Baby Boys & Baby Girls Casual T-shirt Track Pants (Black-White),Sagar Impex,,,,,,
1381,3127d4e0093e4e58,MKFASHIIONS,No,silver,2021-06-27,2021-07-13,MK Fashion Baby Girls Formal Top and Skirt Set (Multicolor Pack of 1),MK Fashion,Possibly a Brand,MK Fashion,+919033709892,+919033709892,rajuvirani85@gmail.com,rajuvirani85@gmail.com
,,,,,,,MK Fashion Crepe Printed Kurta & Palazzo Material,MK Fashion,,,,,,
,,,,,,,MK Fashion Girls Party(Festive) Top Skirt (black),MK Fashion,,,,,,
,,,,,,,"MK Fashion Girls Casual Crepe Crop Top (Green, Pack of 1)",MK Fashion,,,,,,
,,,,,,,"MK Fashion Girls Casual Rayon Layered Top (Blue, Pack of 1)",MK Fashion,,,,,,
,,,,,,,MK Fashion Baby Girls Formal Top and Skirt Set (Multicolor Pack of 2),MK Fashion,,,,,,
,,,,,,,"MK Fashion Girls Casual Crepe Crop Top (Pink, Pack of 1)",MK Fashion,,,,,,
,,,,,,,"MK Fashion Girls Casual Rayon Layered Top (Green, Pack of 1)",MK Fashion,,,,,,
,,,,,,,"MK Fashion Girls Casual Rayon Layered Top (Blue, Pack of 1)",MK Fashion,,,,,,
,,,,,,,"MK Fashion Girls Casual Crepe Crop Top (Green, Pack of 1)",MK Fashion,,,,,,
,,,,,,,MK Fashion Girls Party(Festive) Top Skirt (orang),MK Fashion,,,,,,
,,,,,,,MK Fashion Crepe Printed Kurta & Palazzo Material,MK Fashion,,,,,,
,,,,,,,MK Fashion Baby Girls Formal Top and Skirt Set (Multicolor Pack of 2),MK Fashion,,,,,,
,,,,,,,MK Fashion Girls Party(Festive) Top Skirt (black),MK Fashion,,,,,,
,,,,,,,MK Fashion Girls Casual Top Pyjama (BLUEMINT),MK Fashion,,,,,,
,,,,,,,MK Fashion Girls Party(Festive) Top Pyjama (Red),MK Fashion,,,,,,
,,,,,,,MK Fashion Crepe Floral Print Kurta Fabric (Unstitched),MK Fashion,,,,,,
,,,,,,,MK Fashion Girls Casual Top Pyjama (orenge),MK Fashion,,,,,,
,,,,,,,MK Fashion Girls Casual Top Pyjama (Black),MK Fashion,,,,,,
,,,,,,,MK Fashion Girls Casual Top Pyjama (BLACK),MK Fashion,,,,,,
1382,ab6edad7e44c49e2,,No,,,,,,Possibly a Seller,,,,,
1383,94d2655ddd3b4e5b,,No,,,,,,Possibly a Seller,,,,,
1366,94d2655ddd3b4e5b,IttyBittyBaby,No,bronze,2025-09-17,2025-09-19,IttyBitty Boys & Girls Casual Shirt Shorts (Multicolor),IttyBitty,Possibly a Brand,IttyBitty,+919904174734,+919904174734,info.babyittybitty@gmail.com,info.babyittybitty@gmail.com
,,,,,,,IttyBitty Boys & Girls Casual Shirt Shorts (White),IttyBitty,,,,,,
,,,,,,,IttyBitty Boys & Girls Casual Skirt Shorts (Maroon),IttyBitty,,,,,,
,,,,,,,IttyBitty Boys & Girls Casual Shirt Shorts (White),IttyBitty,,,,,,
,,,,,,,IttyBitty Boys & Girls Casual Skirt Shorts (Light Blue),IttyBitty,,,,,,
,,,,,,,IttyBitty Boys & Girls Casual Shirt Shorts (Multicolor),IttyBitty,,,,,,
,,,,,,,IttyBitty Boys & Girls Casual Shirt Shorts (White),IttyBitty,,,,,,
,,,,,,,IttyBitty Boys & Girls Casual Shirt Shorts (White),IttyBitty,,,,,,
,,,,,,,IttyBitty Boys & Girls Casual Skirt Shorts (Maroon),IttyBitty,,,,,,
,,,,,,,IttyBitty Boys & Girls Casual Shirt Shorts (White),IttyBitty,,,,,,
,,,,,,,IttyBitty Boys & Girls Casual Shirt Shorts (Multicolor),IttyBitty,,,,,,
,,,,,,,IttyBitty Boys & Girls Casual Shirt Shorts (White),IttyBitty,,,,,,
,,,,,,,IttyBitty Boys & Girls Casual Skirt Shorts (Light Blue),IttyBitty,,,,,,
,,,,,,,IttyBitty Boys & Girls Casual Skirt Shorts (Maroon),IttyBitty,,,,,,
,,,,,,,IttyBitty Boys & Girls Casual Skirt Shorts (Beige),IttyBitty,,,,,,
,,,,,,,IttyBitty Boys & Girls Casual Skirt Shorts (Light Blue),IttyBitty,,,,,,
,,,,,,,IttyBitty Boys & Girls Casual Shirt Shorts (Multicolor),IttyBitty,,,,,,
,,,,,,,IttyBitty Boys & Girls Casual Skirt Shorts (Black),IttyBitty,,,,,,
,,,,,,,IttyBitty Boys & Girls Casual Skirt Shorts (Beige),IttyBitty,,,,,,
,,,,,,,IttyBitty Boys & Girls Casual Skirt Shorts (Maroon),IttyBitty,,,,,,
1367,8c69ddcc668445ac,GOLDCOLLECTIONN,No,silver,2021-08-02,2026-05-15,"GOLDCOLLECTIONN Vest For Baby Boys & Baby Girls Cotton (White, Pack of 4)",GOLDCOLLECTIONN,Possibly a Brand,GOLDCOLLECTIONN,+919760677925,+919760677925,arehman.n9090@gmail.com,arehman.n9090@gmail.com
,,,,,,,"GOLDCOLLECTIONN Boys Casual T-shirt Shorts (Grey, Pack of 1)",GOLDCOLLECTIONN,,,,,,
,,,,,,,GOLDCOLLECTIONN Girls Casual T-shirt Capri (Light Pink Yellow),GOLDCOLLECTIONN,,,,,,
,,,,,,,GOLDCOLLECTIONN Girls Casual T-shirt Capri (Dark Pink Yellow),GOLDCOLLECTIONN,,,,,,
,,,,,,,GOLDCOLLECTIONN Girls Casual T-shirt Capri (Red Yellow),GOLDCOLLECTIONN,,,,,,
,,,,,,,"GOLDCOLLECTIONN Girls Typography, Floral Print, Graphic Print Cotton Blend Regular T Shirt (Multicolor, Pack of 1)",GOLDCOLLECTIONN,,,,,,
,,,,,,,"GOLDCOLLECTIONN Girls Typography, Floral Print, Graphic Print Cotton Blend Regular T Shirt (Multicolor, Pack of 1)",GOLDCOLLECTIONN,,,,,,
,,,,,,,GOLDCOLLECTIONN Girls Casual T-shirt Capri (Red Yellow),GOLDCOLLECTIONN,,,,,,
,,,,,,,"GOLDCOLLECTIONN Baby Boys Casual T-shirt Bodysuit (Multicolor, Pack of 2)",GOLDCOLLECTIONN,,,,,,
,,,,,,,GOLDCOLLECTIONN Girls Casual T-shirt Capri (Red Yellow),GOLDCOLLECTIONN,,,,,,
,,,,,,,"GOLDCOLLECTIONN Girls Typography, Floral Print, Graphic Print Cotton Blend Regular T Shirt (Multicolor, Pack of 1)",GOLDCOLLECTIONN,,,,,,
,,,,,,,"GOLDCOLLECTIONN Vest For Baby Boys & Baby Girls Cotton (White, Pack of 5)",GOLDCOLLECTIONN,,,,,,
,,,,,,,GOLDCOLLECTIONN Girls Casual T-shirt Capri (Red Lavender),GOLDCOLLECTIONN,,,,,,
,,,,,,,"GOLDCOLLECTIONN Boys Casual T-shirt Shorts (Orange, Pack of 1)",GOLDCOLLECTIONN,,,,,,
,,,,,,,"GOLDCOLLECTIONN Vest For Baby Boys & Baby Girls Cotton (White, Pack of 3)",GOLDCOLLECTIONN,,,,,,
,,,,,,,"GOLDCOLLECTIONN Vest For Baby Boys & Baby Girls Cotton (White, Pack of 5)",GOLDCOLLECTIONN,,,,,,
,,,,,,,GOLDCOLLECTIONN Girls Casual T-shirt Capri (Light Pink Red),GOLDCOLLECTIONN,,,,,,
,,,,,,,GOLDCOLLECTIONN Girls Casual T-shirt Capri (Mint Green Yellow),GOLDCOLLECTIONN,,,,,,
,,,,,,,GOLDCOLLECTIONN Girls Casual T-shirt Capri (Dark Pink Lavender),GOLDCOLLECTIONN,,,,,,
,,,,,,,"GOLDCOLLECTIONN Vest For Baby Boys & Baby Girls Cotton (White, Pack of 3)",GOLDCOLLECTIONN,,,,,,
1368,5dcb242b1bdf4941,BHIMSHANKARFASHIONSHOP,No,bronze,2023-12-07,2023-12-16,"Hipposippo Girls Midi/Knee Length Casual Dress (Multicolor, Fashion Sleeve)",Hipposippo,Possibly a Seller,,+918240497030,+918240497030,smrity19052004@gmail.com,smrity19052004@gmail.com
,,,,,,,"Hipposippo Girls Midi/Knee Length Casual Dress (Multicolor, Fashion Sleeve)",Hipposippo,,,,,,
,,,,,,,"BHIMSHANKAR FASHION SHOP Baby Girls Party Dress (Multicolor, Noodle strap)",BHIMSHANKAR FASHION SHOP,,,,,,
,,,,,,,Bhimshankar Fashion Girls Cotton Blend Kurta and Pyjama Set (Pack of 1),Bhimshankar Fashion,,,,,,
,,,,,,,"Hipposippo Girls Midi/Knee Length Casual Dress (Multicolor, Fashion Sleeve)",Hipposippo,,,,,,
,,,,,,,Bhimshankar Fashion Girls Cotton Blend Kurta and Pyjama Set (Pack of 1),Bhimshankar Fashion,,,,,,
,,,,,,,"Hipposippo Girls Midi/Knee Length Casual Dress (Multicolor, Fashion Sleeve)",Hipposippo,,,,,,
,,,,,,,Bhimshankar Fashion Girls Cotton Blend Kurta and Pyjama Set (Pack of 1),Bhimshankar Fashion,,,,,,
,,,,,,,"BHIMSHANKAR FASHION SHOP Baby Girls Party Dress (Multicolor, Noodle strap)",BHIMSHANKAR FASHION SHOP,,,,,,
,,,,,,,"HIPPOSIPPO Baby Girls Party Dress (Purple, Sleeveless)",HIPPOSIPPO,,,,,,
,,,,,,,Bhimshankar Fashion Girls Cotton Blend Kurta and Pyjama Set (Pack of 1),Bhimshankar Fashion,,,,,,
,,,,,,,Bhimshankar Fashion Girls Cotton Blend Kurta and Pyjama Set (Pack of 1),Bhimshankar Fashion,,,,,,
,,,,,,,"HIPPOSIPPO Baby Girls Below Knee Party Dress (Purple, Sleeveless)",HIPPOSIPPO,,,,,,
,,,,,,,"BHIMSHANKAR FASHION SHOP Baby Girls Below Knee Party Dress (Multicolor, Noodle strap)",BHIMSHANKAR FASHION SHOP,,,,,,
,,,,,,,"HIPPOSIPPO Baby Girls Below Knee Party Dress (Purple, Sleeveless)",HIPPOSIPPO,,,,,,
,,,,,,,"BHIMSHANKAR FASHION SHOP Baby Girls Party Dress (Multicolor, Noodle strap)",BHIMSHANKAR FASHION SHOP,,,,,,
,,,,,,,"HIPPOSIPPO Baby Girls Dress (Purple, Sleeveless)",HIPPOSIPPO,,,,,,
,,,,,,,"BHIMSHANKAR FASHION SHOP Baby Girls Dress (Multicolor, Noodle strap)",BHIMSHANKAR FASHION SHOP,,,,,,
,,,,,,,"HIPPOSIPPO Baby Girls Below Knee Party Dress (Purple, Sleeveless)",HIPPOSIPPO,,,,,,
,,,,,,,"BHIMSHANKAR FASHION SHOP Baby Girls Below Knee Party Dress (Multicolor, Noodle strap)",BHIMSHANKAR FASHION SHOP,,,,,,
1369,c9eaacb518db4e2c,AvivaFashion,Yes,silver,2024-03-18,2024-03-19,,,,,,,,
1370,63a7201132164120,ZoriaCollective,Yes,silver,2026-04-10,2026-04-12,,,,,,,,
1371,bb64387405274e0e,AkKashmirgarments,Yes,silver,2021-12-02,2022-08-10,,,,,,,,
1372,1abd832b46c045e4,STGarment,Yes,bronze,2024-05-18,2024-05-18,,,,,,,,
1373,5e5ad7b0f38640db,JSMARTPLACEE,No,silver,2026-05-06,2026-05-11,"Jsmart Girls Casual T-shirt Shorts (Blue, White)",Jsmart,Possibly a Brand,Jsmart,+918100367661,+918100367661,jsmartacc01@gmail.com,jsmartacc01@gmail.com
,,,,,,,Jsmart Girls Party(Festive) Top Skirt (Multicolor),Jsmart,,,,,,
,,,,,,,Jsmart Girls Casual Top Skirt (Multicolor),Jsmart,,,,,,
,,,,,,,Jsmart Girls Casual Top Skirt (Pink),Jsmart,,,,,,
,,,,,,,"Jsmart Baby Girls Midi/Knee Length Casual Dress (White, Pink, Cap Sleeve)",Jsmart,,,,,,
,,,,,,,"Jsmart Girls Casual T-shirt Shorts (Blue, White)",Jsmart,,,,,,
,,,,,,,Jsmart Girls Casual Top Skirt (Black),Jsmart,,,,,,
,,,,,,,Jsmart Girls Casual Top Shorts (Multicolor),Jsmart,,,,,,
,,,,,,,Jsmart Girls Casual Top Shorts (Purple),Jsmart,,,,,,
,,,,,,,Jsmart Girls Party(Festive) Top Shorts (White&Red),Jsmart,,,,,,
,,,,,,,Jsmart Girls Casual Top Shorts (Multicolor),Jsmart,,,,,,
,,,,,,,Jsmart Girls Casual Top Shorts (Multicolor),Jsmart,,,,,,
,,,,,,,"Jsmart Baby Girls Midi/Knee Length Casual Dress (Multicolor, Cap Sleeve)",Jsmart,,,,,,
,,,,,,,Jsmart Girls Casual Top Shorts (Multicolor),Jsmart,,,,,,
,,,,,,,Jsmart Girls Casual Top Shorts (Peach),Jsmart,,,,,,
,,,,,,,Jsmart Girls Party(Festive) Top Shorts (White&Red),Jsmart,,,,,,
,,,,,,,"Jsmart Baby Girls Midi/Knee Length Casual Dress (Multicolor, Cap Sleeve)",Jsmart,,,,,,
,,,,,,,"Jsmart Baby Girls Midi/Knee Length Casual Dress (Multicolor, Cap Sleeve)",Jsmart,,,,,,
,,,,,,,Jsmart Girls Casual Top Shorts (Pink),Jsmart,,,,,,
,,,,,,,Jsmart Girls Casual Top Shorts (Multicolor),Jsmart,,,,,,
1374,9347e4b3c0554aa6,SNOHVIBE,No,silver,2026-04-05,2026-04-10,snohvibe Boys & Girls Casual T-shirt Pyjama (Grey With Black Print),snohvibe,Possibly a Brand,snohvibe,+917827230165,+917827230165,snohvibe@gmail.com,snohvibe@gmail.com
,,,,,,,snohvibe Baby Boys Casual T-shirt Pyjama (Pink & Black),snohvibe,,,,,,
,,,,,,,snohvibe Baby Boys & Baby Girls Casual T-shirt Pyjama (Grey),snohvibe,,,,,,
,,,,,,,snohvibe Baby Boys Casual T-shirt Pyjama (Grey),snohvibe,,,,,,
,,,,,,,snohvibe Baby Boys & Baby Girls Casual T-shirt Pyjama (Grey),snohvibe,,,,,,
,,,,,,,snohvibe Boys & Girls Casual T-shirt Pyjama (Grey With Black Print),snohvibe,,,,,,
,,,,,,,snohvibe Baby Boys & Baby Girls Casual T-shirt Pyjama (Grey with Black print),snohvibe,,,,,,
,,,,,,,snohvibe Baby Boys & Baby Girls Casual T-shirt Pyjama (Grey & Black),snohvibe,,,,,,
,,,,,,,snohvibe Boys & Girls Casual T-shirt Pyjama (Pink),snohvibe,,,,,,
,,,,,,,snohvibe Baby Boys & Baby Girls Casual T-shirt Pyjama (Pink),snohvibe,,,,,,
,,,,,,,snohvibe Baby Boys & Baby Girls Casual T-shirt Pyjama (Black),snohvibe,,,,,,
,,,,,,,"snohvibe Baby Boys & Baby Girls Casual T-shirt Shorts (PINK, Pack of 1)",snohvibe,,,,,,
,,,,,,,snohvibe Baby Boys Casual T-shirt Pyjama (Pink & Black),snohvibe,,,,,,
,,,,,,,snohvibe Boys & Girls Casual T-shirt Pyjama (Grey With White Print),snohvibe,,,,,,
,,,,,,,"snohvibe Baby Boys & Baby Girls Casual T-shirt Shorts (PINK, Pack of 1)",snohvibe,,,,,,
,,,,,,,snohvibe Baby Boys & Baby Girls Casual T-shirt Pyjama (Black),snohvibe,,,,,,
,,,,,,,"snohvibe Baby Boys Casual T-shirt Shorts (BLACK, Pack of 1)",snohvibe,,,,,,
,,,,,,,snohvibe Baby Boys & Baby Girls Casual T-shirt Pyjama (Grey),snohvibe,,,,,,
,,,,,,,snohvibe Baby Boys & Baby Girls Casual T-shirt Pyjama (Pink),snohvibe,,,,,,
,,,,,,,snohvibe Baby Boys Casual T-shirt Pyjama (Black),snohvibe,,,,,,
1375,bb440d9df4574851,Anjanicreat,No,bronze,2024-08-31,2024-09-03,peeloo Woven Banarasi Jacquard Saree (Yellow),peeloo,Possibly a Brand,Peeloo,+916353840434,+916353840434,anjaniart123@gmail.com,anjaniart123@gmail.com
,,,,,,,peeloo Woven Banarasi Jacquard Saree (Green),peeloo,,,,,,
,,,,,,,Peeloo Boys (Black),Peeloo,,,,,,
,,,,,,,Peeloo Boys (White),Peeloo,,,,,,
,,,,,,,Peeloo Baby Boys & Baby Girls (White),Peeloo,,,,,,
,,,,,,,Peeloo Baby Boys & Baby Girls (White),Peeloo,,,,,,
,,,,,,,Peeloo Baby Boys & Baby Girls (White),Peeloo,,,,,,
,,,,,,,Peeloo Boys (White),Peeloo,,,,,,
,,,,,,,Peeloo Baby Boys & Baby Girls (White),Peeloo,,,,,,
,,,,,,,Peeloo Boys (White),Peeloo,,,,,,
,,,,,,,Peeloo Boys (White),Peeloo,,,,,,
,,,,,,,Peeloo Boys (Black),Peeloo,,,,,,
,,,,,,,Peeloo Boys (Black),Peeloo,,,,,,
,,,,,,,Peeloo Boys (White),Peeloo,,,,,,
,,,,,,,Peeloo Boys (White),Peeloo,,,,,,
,,,,,,,Peeloo Baby Boys & Baby Girls (White),Peeloo,,,,,,
,,,,,,,Peeloo Boys (Black),Peeloo,,,,,,
,,,,,,,Peeloo Baby Boys & Baby Girls (Black),Peeloo,,,,,,
,,,,,,,Peeloo Boys (White),Peeloo,,,,,,
,,,,,,,Peeloo Boys (White),Peeloo,,,,,,
1376,b65d1cf3f6834649,VAMIRAA,No,silver,2026-01-20,2026-01-27,VAMIRA Baby Girls Party(Festive) Bandana Dress (White),VAMIRA,Possibly a Brand,VAMIRA,+919998385051,+919998385051,vamikacreation14@gmail.com,vamikacreation14@gmail.com
,,,,,,,"VAMIRA Girls Party(Festive) Top Pant (Multicolor, Teal)",VAMIRA,,,,,,
,,,,,,,VAMIRA Girls Casual Top Pant (Multicolor),VAMIRA,,,,,,
,,,,,,,VAMIRA Baby Girls Casual Shirt Pyjama (Blue),VAMIRA,,,,,,
,,,,,,,VAMIRA Baby Girls Casual Tunic Pyjama (Multicolor),VAMIRA,,,,,,
,,,,,,,VAMIRA Girls Casual Top Pant (Multicolor),VAMIRA,,,,,,
,,,,,,,VAMIRA Girls Party(Festive) Tunic Pant (Yellow),VAMIRA,,,,,,
,,,,,,,VAMIRA Girls Casual Tunic Pant (Pink & White),VAMIRA,,,,,,
,,,,,,,"VAMIRA Girls Party(Festive) Top Pant (Multicolor, Teal)",VAMIRA,,,,,,
,,,,,,,VAMIRA Girls Party(Festive) Tunic Pant (Yellow),VAMIRA,,,,,,
,,,,,,,VAMIRA Girls Casual Top Trouser (Light Blue),VAMIRA,,,,,,
,,,,,,,VAMIRA Girls Casual Top Pant (Baby Pink),VAMIRA,,,,,,
,,,,,,,"VAMIRA Girls Party(Festive) Top Pullover (Pink, White)",VAMIRA,,,,,,
,,,,,,,VAMIRA Girls Party(Festive) Dress Skirt (Multicolor),VAMIRA,,,,,,
,,,,,,,VAMIRA Girls Casual Top Pyjama (Multicolor),VAMIRA,,,,,,
,,,,,,,VAMIRA Girls Party(Festive) Kurta Pant (Aqua Blue),VAMIRA,,,,,,
,,,,,,,VAMIRA Girls Casual Tunic Pant (Pink & White),VAMIRA,,,,,,
,,,,,,,VAMIRA Girls Casual Tunic Pant (Pink & White),VAMIRA,,,,,,
,,,,,,,"VAMIRA Girls Casual Top Pant (White, green)",VAMIRA,,,,,,
,,,,,,,VAMIRA Girls Party(Festive) Top Skirt (Pink),VAMIRA,,,,,,
1377,9faefcf638a946bd,krishiventerprise123,No,silver,2026-06-10,2026-06-11,"LOOMSY Baby Boys Party(Festive) Shirt Shorts (Pista, Pack of 1)",LOOMSY,Possibly a Brand,LOOMSY,+919023129944,+919023129944,krishiventerprise2002@gmail.com,krishiventerprise2002@gmail.com
,,,,,,,"LOOMSY Baby Boys Party(Festive) Shirt Shorts (white, Pack of 1)",LOOMSY,,,,,,
,,,,,,,"LOOMSY Baby Boys Party(Festive) Shirt Shorts (multicolor, Pack of 1)",LOOMSY,,,,,,
,,,,,,,"LOOMSY Baby Boys Party(Festive) Shirt Shorts (Blue, Pack of 1)",LOOMSY,,,,,,
,,,,,,,"LOOMSY Boys & Girls Casual Shirt Shorts (White, Pack of 1)",LOOMSY,,,,,,
,,,,,,,"LOOMSY Baby Boys Party(Festive) Shirt Shorts (multicolor, Pack of 1)",LOOMSY,,,,,,
,,,,,,,"LOOMSY Boys Casual Shirt Shorts (White, Pack of 1)",LOOMSY,,,,,,
,,,,,,,"LOOMSY Boys Casual Shirt Shorts (white, Pack of 1)",LOOMSY,,,,,,
,,,,,,,"LOOMSY Baby Boys Party(Festive) Shirt Shorts (white, Pack of 1)",LOOMSY,,,,,,
,,,,,,,"LOOMSY Boys Casual Shirt Shorts (white, Pack of 1)",LOOMSY,,,,,,
,,,,,,,"LOOMSY Boys Casual Shirt Shorts (white, Pack of 1)",LOOMSY,,,,,,
,,,,,,,"LOOMSY Boys & Girls Casual Shirt Shorts (White, Pack of 1)",LOOMSY,,,,,,
,,,,,,,"LOOMSY Boys Casual Shirt Shorts (Multicolor, Pack of 1)",LOOMSY,,,,,,
,,,,,,,"LOOMSY Boys & Girls Casual Shirt Shorts (Pista, Pack of 1)",LOOMSY,,,,,,
,,,,,,,"LOOMSY Boys Casual Shirt Shorts (Blue, Pack of 1)",LOOMSY,,,,,,
,,,,,,,"LOOMSY Boys Casual Shirt Shorts (Blue, Pack of 1)",LOOMSY,,,,,,
,,,,,,,"LOOMSY Boys & Girls Casual Shirt Shorts (White, Pack of 1)",LOOMSY,,,,,,
,,,,,,,"LOOMSY Boys Casual Shirt Shorts (Blue, Pack of 1)",LOOMSY,,,,,,
,,,,,,,LOOMSY Boys Casual Shirt Shorts (White),LOOMSY,,,,,,
,,,,,,,"LOOMSY Boys Casual Shirt Shorts (White, Pack of 1)",LOOMSY,,,,,,
1378,9b7605151f11454b,LITIKITFASHION,No,silver,2023-03-09,2023-07-26,Litikit Fashion Girls Party(Festive) Top Jeans (Pink),Litikit Fashion,Possibly a Brand,Litikit Fashion,+917003799026,+917003799026,hossainsahan.b@gmail.com,hossainsahan.b@gmail.com
,,,,,,,Litikit Fashion Girls Party(Festive) Top Jeans (Pink),Litikit Fashion,,,,,,
,,,,,,,Litikit Fashion Girls Party(Festive) Top Jeans (Pink),Litikit Fashion,,,,,,
,,,,,,,Litikit Fashion Girls Party(Festive) Top Jeans (Pink),Litikit Fashion,,,,,,
,,,,,,,Litikit Fashion Girls Party(Festive) Top Jeans (Green),Litikit Fashion,,,,,,
,,,,,,,Litikit Fashion Girls Party(Festive) Top Jeans (Pink),Litikit Fashion,,,,,,
,,,,,,,"Litikit Fashion Girls Casual Jacket Skirt, Hat (Pink)",Litikit Fashion,,,,,,
,,,,,,,Litikit Fashion Girls Casual Top Jeans (Rose),Litikit Fashion,,,,,,
,,,,,,,"Litikit Fashion Girls Above Knee Party Dress (Orange, Sleeveless)",Litikit Fashion,,,,,,
,,,,,,,Litikit Fashion Girls Party(Festive) Top Jeans (Green),Litikit Fashion,,,,,,
,,,,,,,Litikit Fashion Girls Party(Festive) Top Jeans (Pink),Litikit Fashion,,,,,,
,,,,,,,"Litikit Fashion Girls Above Knee Party Dress (Pink, Sleeveless)",Litikit Fashion,,,,,,
,,,,,,,"Litikit Fashion Girls Above Knee Party Dress (Pink, Sleeveless)",Litikit Fashion,,,,,,
,,,,,,,Litikit Fashion Girls Party(Festive) Top Jeans (Green),Litikit Fashion,,,,,,
,,,,,,,Litikit Fashion Girls Party(Festive) Top Jeans (Pink),Litikit Fashion,,,,,,
,,,,,,,Litikit Fashion Girls Party(Festive) Top Jeans (Green),Litikit Fashion,,,,,,
,,,,,,,Litikit Fashion Girls Party(Festive) Top Jeans (Pink),Litikit Fashion,,,,,,
,,,,,,,Litikit Fashion Girls Party(Festive) Top Jeans (Green),Litikit Fashion,,,,,,
,,,,,,,Litikit Fashion Girls Party(Festive) Top Jeans (Grey),Litikit Fashion,,,,,,
,,,,,,,Litikit Fashion Girls Party(Festive) Top Jeans (Grey),Litikit Fashion,,,,,,
1379,c09ef5ab346945a8,ShivaCollection2,No,silver,2025-08-27,2025-08-28,"Shiva Collection Dungaree For Baby Boys Party Printed Cotton Blend (Multicolor, Pack of 1)",Shiva Collection,Possibly a Brand,Shiva Collection,+917003038911,+917003038911,nikhilgupta33074@gmail.com,nikhilgupta33074@gmail.com
,,,,,,,Shiva Collection Baby Boys Party(Festive) T-shirt Shorts (PURPLE),Shiva Collection,,,,,,
,,,,,,,Shiva Collection Baby Boys Party(Festive) T-shirt Shorts (GREY),Shiva Collection,,,,,,
,,,,,,,Shiva Collection Baby Boys Party(Festive) T-shirt Shorts (PURPLE),Shiva Collection,,,,,,
,,,,,,,"Shiva Collection Dungaree For Baby Boys Printed Cotton Blend (Pink, Pack of 1)",Shiva Collection,,,,,,
,,,,,,,"Shiva Collection Dungaree For Baby Boys Printed Cotton Blend (Pink, Pack of 1)",Shiva Collection,,,,,,
,,,,,,,Shiva Collection Baby Boys Party(Festive) T-shirt Shorts (GREY),Shiva Collection,,,,,,
,,,,,,,"Shiva Collection Dungaree For Baby Boys Printed Cotton Blend (Red, Pack of 1)",Shiva Collection,,,,,,
,,,,,,,"Shiva Collection Dungaree For Baby Boys Printed Cotton Blend (Pink, Pack of 1)",Shiva Collection,,,,,,
,,,,,,,"Shiva Collection Dungaree For Baby Boys Printed Cotton Blend (Multicolor, Pack of 1)",Shiva Collection,,,,,,
,,,,,,,"Shiva Collection Dungaree For Baby Boys Printed Cotton Blend (Red, Pack of 1)",Shiva Collection,,,,,,
,,,,,,,"Shiva Collection Baby Boys Casual T-shirt Pant (WHITE, BLUE)",Shiva Collection,,,,,,
,,,,,,,"Shiva Collection Dungaree For Baby Boys Printed Cotton Blend (Yellow, Pack of 1)",Shiva Collection,,,,,,
,,,,,,,Shiva Collection Colorblock Girls Raincoat,Shiva Collection,,,,,,
,,,,,,,"Shiva Collection Dungaree For Baby Boys Printed Cotton Blend (Yellow, Pack of 1)",Shiva Collection,,,,,,
,,,,,,,"Shiva Collection Dungaree For Baby Boys Printed Cotton Blend (Multicolor, Pack of 1)",Shiva Collection,,,,,,
,,,,,,,Raunak Colorblock Boys Raincoat,Raunak,,,,,,
,,,,,,,Shiva Collection Baby Boys Casual Sweatshirt Pant (BLUE),Shiva Collection,,,,,,
,,,,,,,Shiva Collection Baby Boys Casual Sweatshirt Pant (RED),Shiva Collection,,,,,,
,,,,,,,"Shiva collectiona Dungaree For Baby Boys Printed Denim (Multicolor, Pack of 1)",Shiva collectiona,,,,,,
1380,d61ea3641c2246a1,AREEBAFASHIONS,No,bronze,2022-01-04,2022-01-05,AREEBA FASHION Full Sleeve Solid Women Sweatshirt,AREEBA FASHION,Possibly a Brand,AREEBA FASHION,+917210566451,+917210566451,areebafashion798@gmail.com,areebafashion798@gmail.com
,,,,,,,AREEBA FASHION Shirt Pant Co-ords Set,AREEBA FASHION,,,,,,
,,,,,,,AREEBA FASHION Shirt Pant Co-ords Set,AREEBA FASHION,,,,,,
,,,,,,,AREEBA FASHION Striped Men Reversible Multicolor T-Shirt,AREEBA FASHION,,,,,,
,,,,,,,AREEBA FASHION Regular Fit Women Black Trousers,AREEBA FASHION,,,,,,
,,,,,,,AREEBA FASHION Regular Fit Women Pink Trousers,AREEBA FASHION,,,,,,
,,,,,,,AREEBA FASHION Regular Fit Women Pink Trousers,AREEBA FASHION,,,,,,
,,,,,,,AREEBA FASHION Full Sleeve Solid Women Jacket,AREEBA FASHION,,,,,,
,,,,,,,"AREEB FASHION Striped Men Polo Neck Blue, White T-Shirt",AREEB FASHION,,,,,,
,,,,,,,AREEBA FASHION Regular Fit Women Black Trousers,AREEBA FASHION,,,,,,
,,,,,,,AREEBA FASHION Regular Fit Women Purple Trousers,AREEBA FASHION,,,,,,
,,,,,,,AREEBA FASHON Shirt Palazzos Co-ords Set,AREEBA FASHON,,,,,,
,,,,,,,AREEBA FASHION Regular Fit Women Black Trousers,AREEBA FASHION,,,,,,
,,,,,,,AREEBA FASHION Striped Men Purple T-Shirt,AREEBA FASHION,,,,,,
,,,,,,,AREEBA FASHION Regular Fit Women Purple Trousers,AREEBA FASHION,,,,,,
,,,,,,,AREEBA FASHION Regular Fit Women Purple Trousers,AREEBA FASHION,,,,,,
,,,,,,,AREEBA FASHION Shirt Pant Co-ords Set,AREEBA FASHION,,,,,,
,,,,,,,AREEBA FASHION Regular Fit Women Dark Green Trousers,AREEBA FASHION,,,,,,
,,,,,,,AREEBA FASHION Regular Fit Women Black Trousers,AREEBA FASHION,,,,,,
,,,,,,,AREEBA FASHION Striped Men Multicolor T-Shirt,AREEBA FASHION,,,,,,
1381,4681c7110d834330,FonTem,No,silver,2023-07-13,2023-07-18,"FONTEM Boys Party(Festive) Jacket Shirt, Pant (BLUE)",FONTEM,Possibly a Seller,,+919804805650,+919804805650,fontem05@gmail.com,fontem05@gmail.com
,,,,,,,"FONTEM Boys Party(Festive) Jacket Shirt, Pant (BLUE)",FONTEM,,,,,,
,,,,,,,"FONTEM Boys Party(Festive) Jacket Shirt, Pant (BLUE)",FONTEM,,,,,,
,,,,,,,FNTMDRESS Boys Party(Festive) Jeans Shirt (BLUE),FNTMDRESS,,,,,,
,,,,,,,"FONTEM Boys Party(Festive) Jacket Shirt, Pant (BLUE)",FONTEM,,,,,,
,,,,,,,"FONTEM Baby Boys Party(Festive) Jeans Shirt, Pant (BLUE)",FONTEM,,,,,,
,,,,,,,"FNTMDRESS Boys Party(Festive) Jeans Shirt, Pant (BLUE)",FNTMDRESS,,,,,,
,,,,,,,FONTEM Boys Party(Festive) Shirt Pant (BLUE),FONTEM,,,,,,
,,,,,,,FNTMDRESS Boys Party(Festive) Jeans Shirt (BLUE),FNTMDRESS,,,,,,
,,,,,,,FONTEM Boys Party(Festive) Shirt Pant (BLUE),FONTEM,,,,,,
,,,,,,,"FNTMDRESS Boys Party(Festive) Jeans Shirt, Pant (BLUE)",FNTMDRESS,,,,,,
,,,,,,,FNTMDRESS Boys Party(Festive) Jeans Shirt (BLUE),FNTMDRESS,,,,,,
,,,,,,,FONTEM Boys Party(Festive) Shirt Pant (BLUE),FONTEM,,,,,,
,,,,,,,"FNTMDRESS Boys Party(Festive) Jeans Shirt, Pant (BLUE)",FNTMDRESS,,,,,,
,,,,,,,FONTEM Boys Party(Festive) Shirt Pant (BLUE),FONTEM,,,,,,
,,,,,,,"FONTEM Boys Party(Festive) Jacket Shirt, Pant (BLUE)",FONTEM,,,,,,
,,,,,,,"FONTEM Baby Boys Party(Festive) Jeans Shirt, Pant (BLUE)",FONTEM,,,,,,
,,,,,,,"FNTMDRESS Boys Party(Festive) Jeans Shirt, Pant (BLUE)",FNTMDRESS,,,,,,
,,,,,,,FNTMDRESS Boys Party(Festive) Jeans Shirt (BLUE),FNTMDRESS,,,,,,
,,,,,,,"FONTEM Boys Party(Festive) Jacket Shirt, Pant (BLUE)",FONTEM,,,,,,
1382,8252ce97abe544fb,poojastylee,Yes,silver,2026-04-25,2026-05-01,,,,,,,,
1383,f89b0009ca854b51,PATRAFASHIONS,No,bronze,2023-07-12,2023-07-14,Patra fashion Baby Girls Party(Festive) Top Pant (YELLOW),Patra fashion,Possibly a Brand,Patra fashion,+919433996920,+919433996920,patrafashoins.786@gmail.com,patrafashoins.786@gmail.com
,,,,,,,"Patra fashion Baby Girls Midi/Knee Length Festive/Wedding Dress (Brown, Short Sleeve)",Patra fashion,,,,,,
,,,,,,,"Patra fashion Baby Girls Midi/Knee Length Festive/Wedding Dress (Brown, Short Sleeve)",Patra fashion,,,,,,
,,,,,,,"Patra fashion Baby Girls Midi/Knee Length Festive/Wedding Dress (Brown, Short Sleeve)",Patra fashion,,,,,,
,,,,,,,Patra fashion Baby Girls Party(Festive) Top Pant (MAROON),Patra fashion,,,,,,
,,,,,,,Patra fashion Baby Girls Party(Festive) Top Pant (MAROON),Patra fashion,,,,,,
,,,,,,,DK Fashion Girls Party(Festive) T-shirt Pant (Multicolor),DK Fashion,,,,,,
,,,,,,,"Patra fashion Baby Girls Midi/Knee Length Festive/Wedding Dress (Blue, Short Sleeve)",Patra fashion,,,,,,
,,,,,,,"PATRA FASHIONS Baby Girls Above Knee Festive/Wedding Dress (Pink, Fashion Sleeve)",PATRA FASHIONS,,,,,,
,,,,,,,Patra fashion Baby Girls Party(Festive) Top Shorts (Pink),Patra fashion,,,,,,
,,,,,,,Patra fashion Baby Girls Party(Festive) Top Pant (GREEN),Patra fashion,,,,,,
,,,,,,,"Patra fashion Baby Girls Midi/Knee Length Festive/Wedding Dress (Blue, Short Sleeve)",Patra fashion,,,,,,
,,,,,,,Patra fashion Baby Girls Party(Festive) Top Shorts (Orange),Patra fashion,,,,,,
,,,,,,,Patra fashion Baby Girls Party(Festive) Top Pant (PINK),Patra fashion,,,,,,
,,,,,,,Patra fashion Baby Girls Party(Festive) Top Pant (YELLOW),Patra fashion,,,,,,
,,,,,,,Patra fashion Baby Girls Party(Festive) Top Pant (YELLOW),Patra fashion,,,,,,
,,,,,,,DK FASHION Baby Girls Party(Festive) T-shirt Pant (PINK),DK FASHION,,,,,,
,,,,,,,Patra fashion Baby Girls Party(Festive) Top Pant (GREEN),Patra fashion,,,,,,
,,,,,,,"PATRA FASHIONS Girls Above Knee Festive/Wedding Dress (Light Green, Fashion Sleeve)",PATRA FASHIONS,,,,,,
,,,,,,,"Patra fashion Baby Girls Midi/Knee Length Festive/Wedding Dress (Brown, Short Sleeve)",Patra fashion,,,,,,
1384,7521f510e91743b3,Pionex,Yes,gold,2018-08-26,2020-08-19,,,,,,,,
1385,b1885ce83b514443,SUDHIRSAREECENTER,No,silver,2024-01-08,2024-01-13,"sudhir saree center Embellished, Solid/Plain Bollywood Jimmy Jimmy Saree (Blue)",sudhir saree center,Possibly a Brand,SUDHIR,+917697100435,+917987800589,biswassubm@gmail.com,biswassubm@gmail.com
,,,,,,,SUDHIR Self Design Leheria Georgette Saree (Grey),SUDHIR,,,,,,
,,,,,,,SUDHIR Woven Leheria Georgette Saree (Multicolor),SUDHIR,,,,,,
,,,,,,,SUDHIR Polka Print Bollywood Georgette Saree (Green),SUDHIR,,,,,,
,,,,,,,SUDHIR Self Design Leheria Georgette Saree (Beige),SUDHIR,,,,,,
,,,,,,,SUDHIR Floral Print Bollywood Georgette Saree (Beige),SUDHIR,,,,,,
,,,,,,,SUDHIR Floral Print Bollywood Georgette Saree (Multicolor),SUDHIR,,,,,,
,,,,,,,SUDHIR Floral Print Bollywood Georgette Saree (Multicolor),SUDHIR,,,,,,
,,,,,,,SUDHIR Self Design Leheria Georgette Saree (Multicolor),SUDHIR,,,,,,
,,,,,,,SUDHIR Printed Bollywood Georgette Saree (Light Green),SUDHIR,,,,,,
,,,,,,,SUDHIR Printed Bandhani Georgette Saree (Green),SUDHIR,,,,,,
,,,,,,,SUDHIR Self Design Leheria Georgette Saree (Multicolor),SUDHIR,,,,,,
,,,,,,,SUDHIR Floral Print Bollywood Cotton Linen Saree (Brown),SUDHIR,,,,,,
,,,,,,,SUDHIR Floral Print Bollywood Cotton Linen Saree (Pink),SUDHIR,,,,,,
,,,,,,,SUDHIR Printed Bandhani Georgette Saree (Multicolor),SUDHIR,,,,,,
,,,,,,,SUDHIR Self Design Leheria Georgette Saree (Yellow),SUDHIR,,,,,,
,,,,,,,SUDHIR Self Design Leheria Georgette Saree (Multicolor),SUDHIR,,,,,,
,,,,,,,SUDHIR Printed Bandhani Georgette Saree (Purple),SUDHIR,,,,,,
,,,,,,,SUDHIR Self Design Leheria Georgette Saree (Purple),SUDHIR,,,,,,
,,,,,,,SUDHIR Printed Bandhani Georgette Saree (Red),SUDHIR,,,,,,
1386,ceab79ba39504243,AdeshwarDesigner,No,silver,2025-01-22,2025-05-15,Adeshwar Designer Embroidered Bollywood Silk Blend Saree (Pink),Adeshwar Designer,Possibly a Brand,Adeshwar Designer,+916354720303,+916354720303,ujaval11022003@gmail.com,ujaval11022003@gmail.com
,,,,,,,Adeshwar Designer Embroidered Bollywood Silk Blend Saree (Yellow),Adeshwar Designer,,,,,,
,,,,,,,Adeshwar Designer Embellished Bollywood Silk Blend Saree (Pink),Adeshwar Designer,,,,,,
,,,,,,,Adeshwar Designer Checkered Daily Wear Viscose Rayon Saree (White),Adeshwar Designer,,,,,,
,,,,,,,Adeshwar Designer Checkered Daily Wear Viscose Rayon Saree (Blue),Adeshwar Designer,,,,,,
,,,,,,,"Adeshwar Designers Solid/Plain, Self Design Daily Wear Satin Saree (Purple)",Adeshwar Designers,,,,,,
,,,,,,,"Adeshwar Designer Embroidered, Floral Print Bollywood Georgette Saree (Multicolor)",Adeshwar Designer,,,,,,
,,,,,,,Adeshwar Designer Embroidered Bollywood Silk Blend Saree (Yellow),Adeshwar Designer,,,,,,
,,,,,,,Adeshwar Designers Solid/Plain Daily Wear Chiffon Saree (Pink),Adeshwar Designers,,,,,,
,,,,,,,Adeshwar Designers Embroidered Daily Wear Satin Saree (Magenta),Adeshwar Designers,,,,,,
,,,,,,,"Adeshwar Designers Embellished, Self Design Daily Wear Chiffon Saree (Green)",Adeshwar Designers,,,,,,
,,,,,,,"Adeshwar Designer Printed, Embroidered Bollywood Chiffon Saree (Multicolor)",Adeshwar Designer,,,,,,
,,,,,,,Adeshwar Designer Digital Print Bollywood Chiffon Saree (Cream),Adeshwar Designer,,,,,,
,,,,,,,Adeshwar Designer Embroidered Bollywood Silk Blend Saree (Pink),Adeshwar Designer,,,,,,
,,,,,,,"Adeshwar Designer Embroidered, Floral Print, Embellished Bollywood Georgette Saree (Pink)",Adeshwar Designer,,,,,,
,,,,,,,"Adeshwar Designer Embellished, Floral Print Bollywood Silk Blend Saree (Gold)",Adeshwar Designer,,,,,,
,,,,,,,"Adeshwar Designer Embellished, Polka Print Bollywood Crepe Saree (Pink)",Adeshwar Designer,,,,,,
,,,,,,,"Adeshwar Designer Floral Print, Embellished Bollywood Silk Blend Saree (Pink)",Adeshwar Designer,,,,,,
,,,,,,,Adeshwar Designers Solid/Plain Daily Wear Chiffon Saree (Yellow),Adeshwar Designers,,,,,,
,,,,,,,"Adeshwar Designers Embellished, Self Design Daily Wear Chiffon Saree (Green)",Adeshwar Designers,,,,,,
1387,27f0e1c3bb5f4dd9,RAMDEVCLOTHE,No,silver,2022-04-22,2022-04-22,"NJCLOTHE Woven, Solid/Plain Daily Wear Jute Silk Saree (Light Blue)",NJCLOTHE,Possibly a Brand,NJCLOTHE,+917990670965,+917990670965,ramdev.textile24@gmail.com,ramdev.textile24@gmail.com
,,,,,,,"NLCLPTHE Embellished, Embroidered Bollywood Georgette Saree with Unstitched Blouse (Blue)",NLCLPTHE,,,,,,
,,,,,,,"NLCLPTHE Embellished, Embroidered Bollywood Georgette Saree with Unstitched Blouse (Green)",NLCLPTHE,,,,,,
,,,,,,,"NJCLOTHE Embellished, Embroidered Bollywood Satin Saree with Unstitched Blouse (Maroon)",NJCLOTHE,,,,,,
,,,,,,,"NJCLOTHE Embellished, Embroidered Bollywood Satin Saree with Unstitched Blouse (Purple)",NJCLOTHE,,,,,,
,,,,,,,"NJCLOTHE Embellished, Embroidered Bollywood Satin Saree with Unstitched Blouse (Green)",NJCLOTHE,,,,,,
,,,,,,,"NJCLOTHE Embellished, Embroidered Bollywood Satin Saree with Unstitched Blouse (Green)",NJCLOTHE,,,,,,
,,,,,,,"NJCLOTHE Embellished, Embroidered Bollywood Satin Saree with Unstitched Blouse (Green)",NJCLOTHE,,,,,,
,,,,,,,NJCLOTHE Embroidered Bollywood Tissue Saree (Maroon),NJCLOTHE,,,,,,
,,,,,,,"NJCLOTHE Embellished, Embroidered Bollywood Chiffon Saree with Unstitched Blouse (Yellow)",NJCLOTHE,,,,,,
,,,,,,,"NJCLOTHE Embellished, Embroidered Bollywood Satin Saree with Unstitched Blouse (Green)",NJCLOTHE,,,,,,
,,,,,,,"NJCLOTHE Embellished, Embroidered Bollywood Satin Saree with Unstitched Blouse (Multicolor)",NJCLOTHE,,,,,,
,,,,,,,NJCLOTHE Embroidered Bollywood Satin Saree (Blue),NJCLOTHE,,,,,,
,,,,,,,"NJCLOTHE Embellished, Embroidered Bollywood Satin Saree with Unstitched Blouse (Maroon)",NJCLOTHE,,,,,,
,,,,,,,"NJCLOTHE Embellished, Embroidered Bollywood Satin Saree with Unstitched Blouse (Green)",NJCLOTHE,,,,,,
,,,,,,,"NJCLOTHE Embellished, Embroidered Bollywood Satin Saree with Unstitched Blouse (Blue)",NJCLOTHE,,,,,,
,,,,,,,"NJCLOTHE Embellished, Embroidered Bollywood Satin Saree with Unstitched Blouse (Green)",NJCLOTHE,,,,,,
,,,,,,,NJCLOTHE Embroidered Bollywood Georgette Saree (Yellow),NJCLOTHE,,,,,,
,,,,,,,NJCLOTHE Embroidered Bollywood Tissue Saree (Pink),NJCLOTHE,,,,,,
,,,,,,,NJCLOTHE Embroidered Bollywood Satin Saree (Blue),NJCLOTHE,,,,,,
1388,7f0740e3560d4d79,AARADHYALUXE,No,silver,2026-05-07,2026-05-11,SARICHOLI Woven Banarasi Silk Blend Saree (Multicolor),SARICHOLI,Possibly a Brand,SARICHOLI,+919213514183,+919213514183,aaradhyaluxe00@gmail.com,aaradhyaluxe00@gmail.com
,,,,,,,SARICHOLI Printed Banarasi Silk Blend Saree (Purple),SARICHOLI,,,,,,
,,,,,,,SARICHOLI Printed Bollywood Silk Blend Saree (Light Blue),SARICHOLI,,,,,,
,,,,,,,SARICHOLI Woven Paithani Silk Blend Saree (Multicolor),SARICHOLI,,,,,,
,,,,,,,"SARICHOLI Woven, Floral Print Paithani Silk Blend Saree (Purple)",SARICHOLI,,,,,,
,,,,,,,"SARICHOLI Printed, Woven Banarasi Silk Blend Saree (Multicolor)",SARICHOLI,,,,,,
,,,,,,,SARICHOLI Woven Banarasi Silk Blend Saree (Multicolor),SARICHOLI,,,,,,
,,,,,,,SARICHOLI Paisley Banarasi Silk Blend Saree (Green),SARICHOLI,,,,,,
,,,,,,,SARICHOLI Printed Banarasi Silk Blend Saree (Dark Blue),SARICHOLI,,,,,,
,,,,,,,SARICHOLI Printed Banarasi Silk Blend Saree (Blue),SARICHOLI,,,,,,
,,,,,,,SARICHOLI Woven Daily Wear Silk Blend Saree (Light Blue),SARICHOLI,,,,,,
,,,,,,,"SARICHOLI Floral Print, Printed Banarasi Silk Blend Saree (Blue)",SARICHOLI,,,,,,
,,,,,,,"SARICHOLI Woven, Printed Banarasi Silk Blend Saree (Purple)",SARICHOLI,,,,,,
,,,,,,,SARICHOLI Printed Banarasi Silk Blend Saree (Multicolor),SARICHOLI,,,,,,
,,,,,,,SARICHOLI Printed Bollywood Silk Blend Saree (Pink),SARICHOLI,,,,,,
,,,,,,,"SARICHOLI Printed, Floral Print Paithani Silk Blend Saree (Pink)",SARICHOLI,,,,,,
,,,,,,,SARICHOLI Printed Bollywood Silk Blend Saree (Dark Blue),SARICHOLI,,,,,,
,,,,,,,"SARICHOLI Woven, Floral Print, Animal Print Paithani Silk Blend Saree (Cream)",SARICHOLI,,,,,,
,,,,,,,SARICHOLI Printed Banarasi Silk Blend Saree (Purple),SARICHOLI,,,,,,
,,,,,,,SARICHOLI Woven Banarasi Silk Blend Saree (Purple),SARICHOLI,,,,,,
1389,11dc6b19d2c44c14,SAWARIYATEXTILES55,No,silver,2025-04-24,2025-04-25,"Driphaven Self Design Daily Wear Cotton Blend Saree with Unstitched Blouse (White, Orange)",Driphaven,Possibly a Seller,,+919574024905,+919574024905,Textilesawariya0@gmail.com,Textilesawariya0@gmail.com
,,,,,,,"DripHaven Temple Border, Printed Banarasi Silk Blend Saree (Light Blue)",DripHaven,,,,,,
,,,,,,,"DripHaven Temple Border, Printed Banarasi Silk Blend Saree (Purple)",DripHaven,,,,,,
,,,,,,,DripHaven Woven Banarasi Silk Blend Saree (Multicolor),DripHaven,,,,,,
,,,,,,,"DripHaven Printed Daily Wear Cotton Blend Saree (White, Red)",DripHaven,,,,,,
,,,,,,,"DripHaven Self Design, Floral Print Daily Wear Cotton Blend Saree (Black)",DripHaven,,,,,,
,,,,,,,A To Z Cart Checkered Daily Wear Linen Saree (Pink),A To Z Cart,,,,,,
,,,,,,,DripHaven Woven Banarasi Silk Blend Saree (Blue),DripHaven,,,,,,
,,,,,,,Julee Printed Daily Wear Linen Saree (Red),Julee,,,,,,
,,,,,,,"DripHaven Self Design, Floral Print Daily Wear Cotton Blend Saree (Purple)",DripHaven,,,,,,
,,,,,,,"Sitanjali Lifestyle Checkered Bollywood Cotton Linen Saree (Blue, Light Green)",Sitanjali Lifestyle,,,,,,
,,,,,,,DripHaven Art Silk Self Design Legging Fabric,DripHaven,,,,,,
,,,,,,,"DripHaven Striped Daily Wear Cotton Blend Saree (Yellow, Green)",DripHaven,,,,,,
,,,,,,,"Driphaven Self Design Daily Wear Cotton Blend Saree with Unstitched Blouse (White, Pink)",Driphaven,,,,,,
,,,,,,,Driphaven Self Design Daily Wear Cotton Blend Saree with Unstitched Blouse (Light Green),Driphaven,,,,,,
,,,,,,,Driphaven Self Design Daily Wear Cotton Blend Saree with Unstitched Blouse (Orange),Driphaven,,,,,,
,,,,,,,"Driphaven Self Design Daily Wear Cotton Blend Saree with Unstitched Blouse (White, Pink)",Driphaven,,,,,,
,,,,,,,Shirodhari Checkered Bollywood Linen Saree (Light Blue),Shirodhari,,,,,,
,,,,,,,Arkia Floral Print Daily Wear Linen Saree (Green),Arkia,,,,,,
,,,,,,,"DripHaven Self Design, Floral Print Daily Wear Cotton Blend Saree (Light Blue)",DripHaven,,,,,,
1390,cb5fcbc0f29446ba,NFFABRICS,Yes,bronze,2025-09-15,2026-01-02,,,,,,,,
1391,6c4a444d2e604330,ALAAYANAA,No,silver,2026-06-09,2026-06-11,"Alaayana Embellished, Woven Daily Wear Organza Saree (Cream)",Alaayana,Possibly a Brand,Alaayana,+919879309760,+919879309760,Alaayanafab@gmail.com,Alaayanafab@gmail.com
,,,,,,,Alaayana Embroidered Bollywood Art Silk Saree (Purple),Alaayana,,,,,,
,,,,,,,Alaayana Embroidered Bollywood Art Silk Saree (Maroon),Alaayana,,,,,,
,,,,,,,Alaayana Embroidered Bollywood Art Silk Saree (Purple),Alaayana,,,,,,
,,,,,,,Alaayana Embroidered Bollywood Art Silk Saree (Pink),Alaayana,,,,,,
,,,,,,,Alaayana Embroidered Bollywood Art Silk Saree (Beige),Alaayana,,,,,,
,,,,,,,Alaayana Embroidered Bollywood Art Silk Saree (Orange),Alaayana,,,,,,
,,,,,,,Alaayana Embroidered Bollywood Art Silk Saree (Pink),Alaayana,,,,,,
,,,,,,,"Alaayana Printed, Floral Print, Geometric Print, Temple Border, Blocked Printed Kalamkari Satin Saree (Cream, Black)",Alaayana,,,,,,
,,,,,,,Alaayana Embroidered Bollywood Art Silk Saree (Orange),Alaayana,,,,,,
,,,,,,,Alaayana Embroidered Bollywood Art Silk Saree (Purple),Alaayana,,,,,,
,,,,,,,Alaayana Embroidered Bollywood Art Silk Saree (Beige),Alaayana,,,,,,
,,,,,,,Alaayana Embroidered Bollywood Art Silk Saree (Green),Alaayana,,,,,,
,,,,,,,Alaayana Embroidered Bollywood Art Silk Saree (Red),Alaayana,,,,,,
,,,,,,,Alaayana Embroidered Bollywood Art Silk Saree (Green),Alaayana,,,,,,
,,,,,,,Alaayana Embroidered Bollywood Art Silk Saree (Yellow),Alaayana,,,,,,
,,,,,,,Alaayana Embroidered Bollywood Art Silk Saree (Purple),Alaayana,,,,,,
,,,,,,,Alaayana Embroidered Bollywood Art Silk Saree (Beige),Alaayana,,,,,,
,,,,,,,Alaayana Embroidered Bollywood Art Silk Saree (Pink),Alaayana,,,,,,
,,,,,,,Alaayana Embroidered Bollywood Art Silk Saree (Green),Alaayana,,,,,,
1392,eadd73c714174ad5,MJFASHION2024,Yes,gold,2024-09-01,2024-09-04,,,,,,,,
1393,3e343c543e694c62,Sanwariyasilk,Yes,silver,2021-07-04,2021-09-14,,,,,,,,
1394,a2667d5c9c554a14,KRIKSHIVSTYLE,No,silver,2026-06-22,2026-06-25,KRIKSHIVSTYLE Embroidered Bollywood Georgette Saree (Green),KRIKSHIVSTYLE,Possibly a Brand,KRIKSHIVSTYLE,+919925533516,+919925533516,rgeetaben67@gmail.com,rgeetaben67@gmail.com
,,,,,,,KRIKSHIVSTYLE Woven Banarasi Art Silk Saree (Black),KRIKSHIVSTYLE,,,,,,
,,,,,,,KRIKSHIVSTYLE Woven Banarasi Art Silk Saree (Dark Green),KRIKSHIVSTYLE,,,,,,
,,,,,,,KRIKSHIVSTYLE Embroidered Daily Wear Georgette Saree (Maroon),KRIKSHIVSTYLE,,,,,,
,,,,,,,KRIKSHIVSTYLE Embroidered Daily Wear Georgette Saree (Dark Green),KRIKSHIVSTYLE,,,,,,
,,,,,,,Krikshi Embroidered Bollywood Georgette Saree (Maroon),Krikshi,,,,,,
,,,,,,,KRIKSHIVSTYLE Embroidered Bollywood Art Silk Saree (Maroon),KRIKSHIVSTYLE,,,,,,
,,,,,,,KRIKSHIVSTYLE Embroidered Bollywood Art Silk Saree (Green),KRIKSHIVSTYLE,,,,,,
,,,,,,,KRIKSHI STYLE Embroidered Bollywood Organza Saree (Green),KRIKSHI STYLE,,,,,,
,,,,,,,KRIKSHIVSTYLE Woven Banarasi Silk Blend Saree (Dark Green),KRIKSHIVSTYLE,,,,,,
,,,,,,,KRIKSHIVSTYLE Checkered Banarasi Silk Blend Saree (Multicolor),KRIKSHIVSTYLE,,,,,,
,,,,,,,KRIKSHIVSTYLE Woven Banarasi Silk Blend Saree (Purple),KRIKSHIVSTYLE,,,,,,
,,,,,,,KRIKSHIVSTYLE Embroidered Bollywood Georgette Saree (Purple),KRIKSHIVSTYLE,,,,,,
,,,,,,,KRIKSHIVSTYLE Woven Banarasi Art Silk Saree (Green),KRIKSHIVSTYLE,,,,,,
,,,,,,,KRIKSHIVSTYLE Woven Banarasi Art Silk Saree (Multicolor),KRIKSHIVSTYLE,,,,,,
,,,,,,,KRIKSHIVSTYLE Printed Banarasi Art Silk Saree (Purple),KRIKSHIVSTYLE,,,,,,
,,,,,,,KRIKSHIVSTYLE Woven Banarasi Silk Blend Saree (Blue),KRIKSHIVSTYLE,,,,,,
,,,,,,,"KRIKSHIVSTYLE Embroidered, Floral Print, Woven Bollywood Georgette Saree (Red)",KRIKSHIVSTYLE,,,,,,
,,,,,,,KRIKSHIVSTYLE Woven Banarasi Art Silk Saree (White),KRIKSHIVSTYLE,,,,,,
,,,,,,,KRIKSHIVSTYLE Woven Banarasi Art Silk Saree (Light Green),KRIKSHIVSTYLE,,,,,,
1395,b20a28493ef44da6,KHRITIFAB,Yes,silver,2023-01-21,2023-01-21,,,,,,,,
1396,fc3d089a603542a9,Aonesarees,Yes,gold,2023-06-28,2025-09-04,,,,,,,,
1397,66e1e3c026f543bf,BALVICREATION,No,silver,2026-04-04,2026-04-19,BALVI CREATION Embroidered Bollywood Organza Saree (Maroon),BALVI CREATION,Possibly a Brand,BALVI CREATION,+919824029185,+919824029185,balvicreation01@gmail.com,balvicreation01@gmail.com
,,,,,,,BALVI CREATION Embroidered Bollywood Organza Saree (Dark Green),BALVI CREATION,,,,,,
,,,,,,,BALVI CREATION Printed Bollywood Satin Saree (Gold),BALVI CREATION,,,,,,
,,,,,,,BALVI CREATION Embellished Bollywood Chiffon Saree (Purple),BALVI CREATION,,,,,,
,,,,,,,"BALVI CREATION Embroidered, Embellished Bollywood Chiffon Saree (Purple)",BALVI CREATION,,,,,,
,,,,,,,BALVI CREATION Embellished Bollywood Chiffon Saree (Yellow),BALVI CREATION,,,,,,
,,,,,,,BALVI CREATION Embroidered Bollywood Chiffon Saree (Pink),BALVI CREATION,,,,,,
,,,,,,,BALVI CREATION Embellished Bollywood Satin Saree (Brown),BALVI CREATION,,,,,,
,,,,,,,BALVI CREATION Embellished Bollywood Chiffon Saree (Yellow),BALVI CREATION,,,,,,
,,,,,,,BALVI CREATION Embroidered Bollywood Organza Saree (Pink),BALVI CREATION,,,,,,
,,,,,,,BALVI CREATION Embroidered Bollywood Tissue Saree (Multicolor),BALVI CREATION,,,,,,
,,,,,,,"BALVI CREATION Embroidered, Embellished Bollywood Chiffon Saree (Green)",BALVI CREATION,,,,,,
,,,,,,,"BALVI CREATION Embroidered, Embellished Bollywood Chiffon Saree (Red)",BALVI CREATION,,,,,,
,,,,,,,BALVI CREATION Embellished Bollywood Chiffon Saree (Gold),BALVI CREATION,,,,,,
,,,,,,,BALVI CREATION Embroidered Bollywood Organza Saree (Purple),BALVI CREATION,,,,,,
,,,,,,,BALVI CREATION Embellished Bollywood Chiffon Saree (Red),BALVI CREATION,,,,,,
,,,,,,,BALVI CREATION Embellished Bollywood Chiffon Saree (Blue),BALVI CREATION,,,,,,
,,,,,,,BALVI CREATION Embroidered Bollywood Chiffon Saree (Gold),BALVI CREATION,,,,,,
,,,,,,,BALVI CREATION Embellished Bollywood Chiffon Saree (Green),BALVI CREATION,,,,,,
,,,,,,,BALVI CREATION Embellished Bollywood Chiffon Saree (Green),BALVI CREATION,,,,,,
1398,21cd52f870544d70,ShreeAashapuraCreation,No,silver,2025-08-10,2025-08-14,"SAWARIYA FASHION Printed, Floral Print, Self Design, Woven Daily Wear Georgette Saree (Yellow)",SAWARIYA FASHION,Possibly a Seller,,+916352497479,+916352497479,ketanprajapati260@gmail.com,ketanprajapati260@gmail.com
,,,,,,,SAWARIYA FASHION Floral Print Daily Wear Georgette Saree (Purple),SAWARIYA FASHION,,,,,,
,,,,,,,HouseOfCommon Embroidered Bollywood Georgette Saree (Green),HouseOfCommon,,,,,,
,,,,,,,ARADHNA FASHION Women Kurta Pant Dupatta Set,ARADHNA FASHION,,,,,,
,,,,,,,"FASHION VELLY Printed Kurta, Salwar & Dupatta Set",FASHION VELLY,,,,,,
,,,,,,,HOUSEOFPATODI Embroidered Bollywood Georgette Saree (Pink),HOUSEOFPATODI,,,,,,
,,,,,,,HOUSEOFPATODI Embroidered Bollywood Georgette Saree (Purple),HOUSEOFPATODI,,,,,,
,,,,,,,HOUSEOFPATODI Printed Bollywood Georgette Saree (Blue),HOUSEOFPATODI,,,,,,
,,,,,,,"HOUSEOFPATODI Printed, Floral Print, Self Design, Woven Daily Wear Georgette Saree (Red)",HOUSEOFPATODI,,,,,,
,,,,,,,HOUSEOFPATODI Embroidered Bollywood Georgette Saree (Blue),HOUSEOFPATODI,,,,,,
,,,,,,,"HOUSEOFPATODI Printed, Floral Print, Self Design, Woven Daily Wear Georgette Saree (Light Green)",HOUSEOFPATODI,,,,,,
,,,,,,,"HOUSEOFPATODI Printed, Floral Print, Self Design, Woven Daily Wear Georgette Saree (Maroon)",HOUSEOFPATODI,,,,,,
,,,,,,,HOUSEOFPATODI Printed Bollywood Georgette Saree (Mustard),HOUSEOFPATODI,,,,,,
,,,,,,,"HOUSEOFPATODI Printed, Floral Print, Self Design, Woven Daily Wear Georgette Saree (Purple)",HOUSEOFPATODI,,,,,,
,,,,,,,HOUSEOFPATODI Solid/Plain Bollywood Satin Saree (Purple),HOUSEOFPATODI,,,,,,
,,,,,,,ketan Embellished Bollywood Georgette Saree (Black),ketan,,,,,,
,,,,,,,ketan Embroidered Bollywood Georgette Saree (Black),ketan,,,,,,
,,,,,,,"ARADHNA FASHION Printed Anarkali Kurta, Bottom & Dupatta Set",ARADHNA FASHION,,,,,,
,,,,,,,"ARADHNA FASHION Printed Anarkali Kurta, Bottom & Dupatta Set",ARADHNA FASHION,,,,,,
,,,,,,,HOUSEOFPATODI Printed Bollywood Georgette Saree (Blue),HOUSEOFPATODI,,,,,,
1399,ef0e964b58a24346,VastraPooja,No,silver,2026-06-20,2026-06-29,VastraPooja Striped Leheria Georgette Saree (Red),VastraPooja,Possibly a Brand,VastraPooja,+917990546608,+917990546608,vastrapooja7@gmail.com,vastrapooja7@gmail.com
,,,,,,,VastraPooja Embroidered Bollywood Georgette Saree (Yellow),VastraPooja,,,,,,
,,,,,,,VastraPooja Embroidered Bollywood Georgette Saree (Yellow),VastraPooja,,,,,,
,,,,,,,VastraPooja Printed Bandhani Georgette Saree (Yellow),VastraPooja,,,,,,
,,,,,,,VastraPooja Embroidered Bollywood Georgette Saree (Green),VastraPooja,,,,,,
,,,,,,,VastraPooja Striped Leheria Georgette Saree (Green),VastraPooja,,,,,,
,,,,,,,VastraPooja Printed Leheria Georgette Saree (Pink),VastraPooja,,,,,,
,,,,,,,VastraPooja Embroidered Leheria Georgette Saree (Yellow),VastraPooja,,,,,,
,,,,,,,VastraPooja Printed Leheria Georgette Saree (Red),VastraPooja,,,,,,
,,,,,,,VastraPooja Embroidered Bollywood Art Silk Saree (Gold),VastraPooja,,,,,,
,,,,,,,"VastraPooja Embroidered, Solid/Plain Daily Wear Silk Blend Saree (Purple)",VastraPooja,,,,,,
,,,,,,,"VastraPooja Printed, Striped Daily Wear Georgette Saree (Black)",VastraPooja,,,,,,
,,,,,,,VastraPooja Striped Leheria Georgette Saree (Purple),VastraPooja,,,,,,
,,,,,,,"VastraPooja Embroidered, Solid/Plain Daily Wear Silk Blend Saree (Blue)",VastraPooja,,,,,,
,,,,,,,VastraPooja Embroidered Bollywood Georgette Saree (Blue),VastraPooja,,,,,,
,,,,,,,VastraPooja Striped Bollywood Georgette Saree (Green),VastraPooja,,,,,,
,,,,,,,VastraPooja Printed Bandhani Cotton Silk Saree (Purple),VastraPooja,,,,,,
,,,,,,,VastraPooja Striped Leheria Georgette Saree (Pink),VastraPooja,,,,,,
,,,,,,,VastraPooja Embroidered Daily Wear Art Silk Saree (Green),VastraPooja,,,,,,
,,,,,,,VastraPooja Striped Bandhani Georgette Saree (Green),VastraPooja,,,,,,
1400,c2b5e98b529046e5,ShivnashCreation,No,bronze,2025-02-11,2025-02-15,rudraCreation Embellished Chanderi Art Silk Saree (Red),rudraCreation,Possibly a Seller,,+918140343534,+918140343534,Amobile343534@gmail.com,Amobile343534@gmail.com
,,,,,,,"SHIVAYFAB Embellished Maheshwari Georgette, Art Silk Saree (Red)",SHIVAYFAB,,,,,,
,,,,,,,rudraCreation Woven Chanderi Art Silk Saree (Red),rudraCreation,,,,,,
,,,,,,,"nevya creation Woven Banarasi Chanderi, Satin Saree (Purple)",nevya creation,,,,,,
,,,,,,,"rudraCreation Self Design Chanderi Art Silk, Chanderi Saree (Purple)",rudraCreation,,,,,,
,,,,,,,"nevya creation Self Design Daily Wear Georgette, Chanderi Saree (Purple)",nevya creation,,,,,,
,,,,,,,"rudraCreation Embellished Chanderi Art Silk, Lace Saree (Red)",rudraCreation,,,,,,
,,,,,,,"nevya creation Embellished Bollywood Chanderi, Art Silk Saree (Red)",nevya creation,,,,,,
,,,,,,,"SHIVAYFAB Embellished Chanderi Georgette, Chiffon Saree (Purple)",SHIVAYFAB,,,,,,
,,,,,,,Madhavsaree Self Design Bollywood Chanderi Saree (Maroon),Madhavsaree,,,,,,
,,,,,,,"SHIVAYFAB Embellished Chanderi Georgette, Chiffon Saree (Maroon)",SHIVAYFAB,,,,,,
,,,,,,,"nevya creation Self Design Daily Wear Georgette, Chanderi Saree (Red)",nevya creation,,,,,,
,,,,,,,Madhavsaree Self Design Bollywood Chanderi Saree (Purple),Madhavsaree,,,,,,
,,,,,,,"nevya creation Solid/Plain Banarasi Chiffon, Satin Saree (Black)",nevya creation,,,,,,
,,,,,,,"nevya creation Solid/Plain Banarasi Chanderi, Georgette Saree (Blue)",nevya creation,,,,,,
,,,,,,,"nevya creation Solid/Plain Banarasi Chanderi, Georgette Saree (Purple)",nevya creation,,,,,,
,,,,,,,"nevya creation Solid/Plain Banarasi Chanderi, Georgette Saree (Green)",nevya creation,,,,,,
,,,,,,,Madhavsaree Self Design Chanderi Georgette Saree (Maroon),Madhavsaree,,,,,,
,,,,,,,"SHIVAYFAB Self Design Banarasi Chanderi, Lace Saree (Red)",SHIVAYFAB,,,,,,
,,,,,,,"nevya creation Woven Maheshwari Organza, Muslin Saree (Red)",nevya creation,,,,,,
1401,49ba488b7911480f,AVMSILKMILLS,No,bronze,2022-09-12,2022-09-12,Virendra Textile Printed Bollywood Crepe Saree (Purple),Virendra Textile,Possibly a Seller,,+919687248262,+919687248262,avmprintsasm@gmail.com,avmprintsasm@gmail.com
,,,,,,,"A V M Print Printed, Geometric Print, Floral Print Daily Wear Crepe Saree (Multicolor)",A V M Print,,,,,,
,,,,,,,"A V M Print Printed, Paisley, Geometric Print, Digital Print Bollywood Crepe Saree (Multicolor)",A V M Print,,,,,,
,,,,,,,"A V M Print Printed, Self Design, Floral Print, Geometric Print Bollywood Crepe Saree (Multicolor)",A V M Print,,,,,,
,,,,,,,A V M Print Printed Bollywood Crepe Saree (Multicolor),A V M Print,,,,,,
,,,,,,,A V M Print Printed Bollywood Crepe Saree (Multicolor),A V M Print,,,,,,
,,,,,,,AVM SILK MILLS Printed Bollywood Crepe Saree (Green),AVM SILK MILLS,,,,,,
,,,,,,,A.V.M. Printed Daily Wear Crepe Saree with Unstitched Blouse (Multicolor),A.V.M.,,,,,,
,,,,,,,A.V.M. Printed Daily Wear Crepe Saree with Unstitched Blouse (Multicolor),A.V.M.,,,,,,
,,,,,,,AVM SILK MILLS Printed Banarasi Crepe Saree with Unstitched Blouse (Pink),AVM SILK MILLS,,,,,,
,,,,,,,AVM SILK MILLS Printed Fashion Chiffon Saree with Unstitched Blouse (Purple),AVM SILK MILLS,,,,,,
,,,,,,,AVM SILK MILLS Printed Daily Wear Crepe Saree (Multicolor),AVM SILK MILLS,,,,,,
,,,,,,,A V M Print Printed Bollywood Crepe Saree (Multicolor),A V M Print,,,,,,
,,,,,,,AVM SILK MILLS Printed Daily Wear Crepe Saree with Unstitched Blouse (Purple),AVM SILK MILLS,,,,,,
,,,,,,,A.V.M. Printed Daily Wear Crepe Saree with Unstitched Blouse (Blue),A.V.M.,,,,,,
,,,,,,,AVM SILK MILLS Printed Fashion Crepe Saree with Unstitched Blouse (Blue),AVM SILK MILLS,,,,,,
,,,,,,,A.V.M. Printed Daily Wear Crepe Saree with Unstitched Blouse (Multicolor),A.V.M.,,,,,,
,,,,,,,AVM SILK MILLS Printed Daily Wear Crepe Saree with Unstitched Blouse (Pink),AVM SILK MILLS,,,,,,
,,,,,,,AVM SILK MILLS Women Kurti Churidar Dupatta Set,AVM SILK MILLS,,,,,,
,,,,,,,AVM SILK MILLS Printed Daily Wear Crepe Saree (Multicolor),AVM SILK MILLS,,,,,,
1402,a5b689b21530404a,Bong ButiQ,Yes,silver,2019-06-06,2021-04-23,,,,,,,,
1403,60912a6cf0254fcf,HETDESIGNERSTUDIO,No,bronze,2022-06-29,2022-06-29,het designer studio Printed Daily Wear Georgette Saree (Red),het designer studio,Possibly a Seller,,+916353165240,+916353165240,hetdesignerstudio2018@gmail.com,hetdesignerstudio2018@gmail.com
,,,,,,,"het designer studio Printed Banarasi Jacquard, Art Silk Saree (Green)",het designer studio,,,,,,
,,,,,,,"het designer studio Printed Banarasi Jacquard, Art Silk Saree (Light Green, Purple)",het designer studio,,,,,,
,,,,,,,"WILLMAKE Printed, Floral Print, Digital Print Daily Wear Jacquard, Art Silk Saree (Red, White)",WILLMAKE,,,,,,
,,,,,,,"SEASON FAB Embellished Banarasi Jacquard, Art Silk Saree (Cream, Maroon)",SEASON FAB,,,,,,
,,,,,,,"het designer studio Self Design, Paisley, Digital Print, Blocked Printed, Woven, Graphic Print, Checkered Banarasi Jacquard, Art Silk Saree (Red)",het designer studio,,,,,,
,,,,,,,"het designer studio Woven, Graphic Print Kanjivaram Jacquard, Art Silk Saree (Light Blue)",het designer studio,,,,,,
,,,,,,,"SEASON FAB Printed Banarasi Jacquard, Art Silk Saree (Maroon)",SEASON FAB,,,,,,
,,,,,,,"SEASON FAB Printed Banarasi Jacquard, Art Silk Saree (Black)",SEASON FAB,,,,,,
,,,,,,,"het designer studio Printed Banarasi Jacquard, Art Silk Saree (Light Green, Pink)",het designer studio,,,,,,
,,,,,,,"SEASON FAB Self Design Banarasi Jacquard, Art Silk Saree (Light Blue, Pink)",SEASON FAB,,,,,,
,,,,,,,"SEASON FAB Printed Banarasi Jacquard, Art Silk Saree (Blue)",SEASON FAB,,,,,,
,,,,,,,het designer studio Georgette Printed Kurta & Churidar Material,het designer studio,,,,,,
,,,,,,,"SEASON FAB Self Design, Applique, Blocked Printed, Checkered Banarasi Jacquard, Art Silk Saree (Light Blue, Pink)",SEASON FAB,,,,,,
,,,,,,,"SEASON FAB Embellished Banarasi Jacquard, Art Silk Saree (Dark Green)",SEASON FAB,,,,,,
,,,,,,,"het designer studio Self Design, Paisley, Digital Print, Blocked Printed, Woven, Graphic Print, Checkered Banarasi Jacquard, Art Silk Saree (Purple)",het designer studio,,,,,,
,,,,,,,het designer studio Floral Print Banarasi Brasso Saree (Green),het designer studio,,,,,,
,,,,,,,"khanjan hub Printed Banarasi Jacquard, Art Silk Saree (Light Green, Pink)",khanjan hub,,,,,,
,,,,,,,"het designer studio Woven, Graphic Print Kanjivaram Jacquard, Art Silk Saree (Light Green)",het designer studio,,,,,,
,,,,,,,"SEASON FAB Self Design, Applique, Blocked Printed, Checkered Banarasi Jacquard, Art Silk Saree (Green)",SEASON FAB,,,,,,
1404,a138d9667d114ed5,Vraggi,Yes,silver,2022-06-04,2022-06-06,,,,,,,,
1405,d5b54fcdb8294e9a,Vacharajenterprises,No,bronze,2025-11-28,2025-11-29,Vacharaj Enterprises Digital Print Bollywood Georgette Saree with Unstitched Blouse (Purple),Vacharaj Enterprises,Possibly a Brand,Vacharaj Enterprises,+919106344714,+919106344714,vacharajenterprises72@gmail.com,vacharajenterprises72@gmail.com
,,,,,,,Vacharaj Enterprises Digital Print Bollywood Georgette Saree with Unstitched Blouse (Purple),Vacharaj Enterprises,,,,,,
,,,,,,,Vacharaj Enterprises Printed Bollywood Georgette Saree with Unstitched Blouse (Purple),Vacharaj Enterprises,,,,,,
,,,,,,,Vacharaj Enterprises Printed Bollywood Georgette Saree with Unstitched Blouse (Light Blue),Vacharaj Enterprises,,,,,,
,,,,,,,BELLETRENDZ Embroidered Bollywood Art Silk Saree with Unstitched Blouse (Dark Green),BELLETRENDZ,,,,,,
,,,,,,,Vacharaj Enterprises Checkered Bollywood Georgette Saree with Unstitched Blouse (Red),Vacharaj Enterprises,,,,,,
,,,,,,,BELLETRENDZ Embroidered Bollywood Art Silk Saree with Unstitched Blouse (Dark Green),BELLETRENDZ,,,,,,
,,,,,,,Vacharaj Enterprises Solid Bollywood Georgette Saree with Unstitched Blouse (Light Blue),Vacharaj Enterprises,,,,,,
,,,,,,,Vacharaj Enterprises Printed Bollywood Georgette Saree with Unstitched Blouse (Blue),Vacharaj Enterprises,,,,,,
,,,,,,,Vacharaj Enterprises Printed Bollywood Georgette Saree with Unstitched Blouse (Red),Vacharaj Enterprises,,,,,,
,,,,,,,Vacharaj Enterprises Printed Bollywood Georgette Saree with Unstitched Blouse (Blue),Vacharaj Enterprises,,,,,,
,,,,,,,Vacharaj Enterprises Digital Print Bollywood Georgette Saree with Unstitched Blouse (Purple),Vacharaj Enterprises,,,,,,
,,,,,,,Vacharaj Enterprises Printed Bollywood Georgette Saree with Unstitched Blouse (Light Blue),Vacharaj Enterprises,,,,,,
,,,,,,,Vacharaj Enterprises Printed Bollywood Georgette Saree with Unstitched Blouse (Red),Vacharaj Enterprises,,,,,,
,,,,,,,Vacharaj Enterprises Checkered Bollywood Georgette Saree with Unstitched Blouse (Pink),Vacharaj Enterprises,,,,,,
,,,,,,,Vacharaj Enterprises Printed Bollywood Georgette Saree with Unstitched Blouse (Red),Vacharaj Enterprises,,,,,,
,,,,,,,BELLETRENDZ Embroidered Bollywood Art Silk Saree with Unstitched Blouse (Dark Green),BELLETRENDZ,,,,,,
,,,,,,,BELLETRENDZ Embroidered Bollywood Art Silk Saree with Unstitched Blouse (Dark Green),BELLETRENDZ,,,,,,
,,,,,,,Vacharaj Enterprises Printed Bollywood Georgette Saree with Unstitched Blouse (Red),Vacharaj Enterprises,,,,,,
,,,,,,,Vacharaj Enterprises Printed Bollywood Georgette Saree with Unstitched Blouse (Light Blue),Vacharaj Enterprises,,,,,,
1406,40deae0102854ce0,RadhaSilkStudio,No,silver,2026-06-18,2026-06-19,RADDHA Woven Banarasi Silk Blend Saree (Grey),RADDHA,Possibly a Seller,,+919274176667,+919274176667,Kailaskatrodiya9@gmail.com,Kailaskatrodiya9@gmail.com
,,,,,,,Radha Woven Banarasi Silk Blend Saree (Green),Radha,,,,,,
,,,,,,,Radha Woven Banarasi Silk Blend Saree (Dark Blue),Radha,,,,,,
,,,,,,,"RADDHA Floral Print, Temple Border Banarasi Satin, Silk Blend Saree (Dark Blue)",RADDHA,,,,,,
,,,,,,,"RADDHA Woven Banarasi Silk Blend Saree (Light Green, Red)",RADDHA,,,,,,
,,,,,,,Radha Woven Paithani Silk Blend Saree (Multicolor),Radha,,,,,,
,,,,,,,"RADDHA Woven, Floral Print, Temple Border Banarasi Satin, Silk Blend Saree (Dark Blue)",RADDHA,,,,,,
,,,,,,,RADDHA Woven Banarasi Silk Blend Saree (Green),RADDHA,,,,,,
,,,,,,,Radha Woven Banarasi Silk Blend Saree (Dark Green),Radha,,,,,,
,,,,,,,Radha Woven Banarasi Silk Blend Saree (Light Green),Radha,,,,,,
,,,,,,,Radha Woven Banarasi Silk Blend Saree (Multicolor),Radha,,,,,,
,,,,,,,"RADDHA Woven, Floral Print, Temple Border, Self Design, Embellished Banarasi Satin, Silk Blend Saree (Dark Green)",RADDHA,,,,,,
,,,,,,,RADDHA Woven Banarasi Silk Blend Saree (Light Green),RADDHA,,,,,,
,,,,,,,Radha Woven Banarasi Silk Blend Saree (Multicolor),Radha,,,,,,
,,,,,,,Radha Woven Banarasi Silk Blend Saree (Purple),Radha,,,,,,
,,,,,,,RADDHA Woven Banarasi Silk Blend Saree (Light Green),RADDHA,,,,,,
,,,,,,,RADDHA Woven Banarasi Silk Blend Saree (Multicolor),RADDHA,,,,,,
,,,,,,,"Radha Woven, Floral Print, Paisley Banarasi Silk Blend Saree (Orange)",Radha,,,,,,
,,,,,,,"RADDHA Woven, Floral Print, Geometric Print, Temple Border Banarasi Satin, Silk Blend Saree (Dark Green)",RADDHA,,,,,,
,,,,,,,"Radha Paisley, Woven Banarasi Silk Blend Saree (Green)",Radha,,,,,,
1407,5f509c9e7a17492e,SHRIMORIFASHION,No,silver,2025-01-14,2025-01-18,"SHRIMORI Solid/Plain Bollywood Silk Blend Saree (Pack of 2, Red)",SHRIMORI,Possibly a Brand,SHRIMORI,+918460054972,+918460054972,shrimorifashion@gmail.com,shrimorifashion@gmail.com
,,,,,,,SHRIMORI Embroidered Bollywood Chanderi Saree (White),SHRIMORI,,,,,,
,,,,,,,SHRIMORI Solid/Plain Bollywood Chiffon Saree (Purple),SHRIMORI,,,,,,
,,,,,,,SHRIMORI Solid/Plain Bollywood Chiffon Saree (Red),SHRIMORI,,,,,,
,,,,,,,"SHRIMORI Embellished Bollywood Silk Blend, Pure Silk Saree (Light Green)",SHRIMORI,,,,,,
,,,,,,,SHRIMORI Solid/Plain Bollywood Chiffon Saree (Dark Blue),SHRIMORI,,,,,,
,,,,,,,SHRIMORI Embellished Bollywood Silk Blend Saree (Black),SHRIMORI,,,,,,
,,,,,,,SHRIMORI Embellished Bollywood Silk Blend Saree (Mustard),SHRIMORI,,,,,,
,,,,,,,SHRIMORI Printed Bollywood Silk Blend Saree (Orange),SHRIMORI,,,,,,
,,,,,,,SHRIMORI Embellished Bollywood Silk Blend Saree (Yellow),SHRIMORI,,,,,,
,,,,,,,"SHRIMORI Embroidered Bollywood Chanderi, Art Silk Saree (Purple)",SHRIMORI,,,,,,
,,,,,,,SHRIMORI Printed Bollywood Silk Blend Saree (Purple),SHRIMORI,,,,,,
,,,,,,,SHRIMORI Printed Bollywood Silk Blend Saree (Yellow),SHRIMORI,,,,,,
,,,,,,,SHRIMORI Printed Kalamkari Cotton Silk Saree (Black),SHRIMORI,,,,,,
,,,,,,,SHRIMORI Embellished Bollywood Silk Blend Saree (Pink),SHRIMORI,,,,,,
,,,,,,,"SHRIMORI Embellished Bollywood Chanderi, Art Silk Saree (Magenta)",SHRIMORI,,,,,,
,,,,,,,SHRIMORI Printed Bollywood Silk Blend Saree (Red),SHRIMORI,,,,,,
,,,,,,,SHRIMORI Solid/Plain Bollywood Silk Blend Saree (Red),SHRIMORI,,,,,,
,,,,,,,"SHRIMORI Embellished Bollywood Chanderi, Art Silk Saree (Red)",SHRIMORI,,,,,,
,,,,,,,SHRIMORI Embellished Bollywood Silk Blend Saree (Magenta),SHRIMORI,,,,,,
1408,885d33c487674ff1,MADHAVENTERPRISES34,No,silver,2026-06-21,2026-06-22,MD Enterprises Women Printed Straight Kurta (Red),MD Enterprises,Possibly a Seller,,+919624241134,+919624241134,kajalkalpesh1134@gmail.com,kajalkalpesh1134@gmail.com
,,,,,,,Mdenterprises Woven Banarasi Art Silk Saree (Blue),Mdenterprises,,,,,,
,,,,,,,"Mdenterprises Woven, Temple Border, Floral Print, Paisley, Embellished Banarasi Art Silk Saree (Multicolor)",Mdenterprises,,,,,,
,,,,,,,dharti enterprise Pvc Travel Makeup Bag Cosmetic Bag for Women Toiletr Storage Kit Set of 3 (Pink) Travel Toiletry Kit (Pink),dharti enterprise,,,,,,
,,,,,,,MD Enterprises HKJ-77 Travel Toiletry Kit (Black),MD Enterprises,,,,,,
,,,,,,,Mdenterprises Woven Banarasi Art Silk Saree (Multicolor),Mdenterprises,,,,,,
,,,,,,,"geniusarts Wood Wall Photo Frame (Black, 1 Photo(s), A4 SIZE)",geniusarts,,,,,,
,,,,,,,"NSEnterprisess Plastic Wall Photo Frame (Black, 1 Photo(s), A4)",NSEnterprisess,,,,,,
,,,,,,,"Mdenterprises Woven, Temple Border, Floral Print, Paisley, Embellished Banarasi Art Silk Saree (Multicolor)",Mdenterprises,,,,,,
,,,,,,,"NSEnterprisess Plastic Wall Photo Frame (Black, 1 Photo(s), A4)",NSEnterprisess,,,,,,
,,,,,,,"Raj Cration Wood Wall Photo Frame (Black, 1 Photo(s), A4 Saize)",Raj Cration,,,,,,
,,,,,,,MADHAVENTERPRISES34 Tunic Palazzos Co-ords Set,MADHAVENTERPRISES34,,,,,,
,,,,,,,MADHAVENTERPRISES34 Tunic Palazzos Co-ords Set,MADHAVENTERPRISES34,,,,,,
,,,,,,,MD Enterprises Dg-88 Travel Toiletry Kit (Black),MD Enterprises,,,,,,
,,,,,,,MADHAVENTERPRISES34 Tunic Palazzos Co-ords Set,MADHAVENTERPRISES34,,,,,,
,,,,,,,HouseOfCommon Travel Wash Bag Pouch 3 Size Cosmetic bag Makup Pouch Set of 3pcs Cosmetic Bag (Pack of 3),HouseOfCommon,,,,,,
,,,,,,,MADHAVENTERPRISES34 Tunic Palazzos Co-ords Set,MADHAVENTERPRISES34,,,,,,
,,,,,,,Mdenterprises Woven Banarasi Art Silk Saree (Multicolor),Mdenterprises,,,,,,
,,,,,,,MADHAVENTERPRISES34 Tunic Palazzos Co-ords Set,MADHAVENTERPRISES34,,,,,,
,,,,,,,ZYVARACREATION Shirt Palazzos Co-ords Set,ZYVARACREATION,,,,,,
1409,1bb5ef2c1bc547c5,UDANIENTERPRISES,No,bronze,2024-09-05,2024-09-21,"UDANI ENTERPRISE Woven, Embroidered Paithani Art Silk Saree (Dark Blue)",UDANI ENTERPRISE,Possibly a Seller,,+919510312333,+919510312333,vsmall003@gmail.com,vsmall003@gmail.com
,,,,,,,"UDANIENTERPRISE Women Fit and Flare White, Blue Above Knee/Mid Thigh Length Dress",UDANIENTERPRISE,,,,,,
,,,,,,,UDANIENTERPRISE Men Geometric Print Festive Khaki Shirt,UDANIENTERPRISE,,,,,,
,,,,,,,UDANI ENTERPRISES Men Solid Straight Kurta (White),UDANI ENTERPRISES,,,,,,
,,,,,,,"UDANIENTERPRISE Women Fit and Flare White, Blue Below Knee Dress",UDANIENTERPRISE,,,,,,
,,,,,,,UDANIENTERPRISE Casual Printed Women Light Green Top,UDANIENTERPRISE,,,,,,
,,,,,,,UDANI ENTERPRISE Men Kurta Pant Set,UDANI ENTERPRISE,,,,,,
,,,,,,,UDANI ENTERPRISES Men Solid Straight Kurta (Gold),UDANI ENTERPRISES,,,,,,
,,,,,,,UDANI ENTERPRISE Men Kurta Pyjama Set,UDANI ENTERPRISE,,,,,,
,,,,,,,UDANI ENTERPRISE Men Kurta Pyjama Set,UDANI ENTERPRISE,,,,,,
,,,,,,,"UDANIENTERPRISE Men Solid Straight Kurta (Grey, White)",UDANIENTERPRISE,,,,,,
,,,,,,,UDANI ENTERPRISE Women Kurti Pant Set,UDANI ENTERPRISE,,,,,,
,,,,,,,UDANI ENTERPRISE Men Kurta Pyjama Set,UDANI ENTERPRISE,,,,,,
,,,,,,,UDANIENTERPRISE Men Self Design Casual Brown Shirt,UDANIENTERPRISE,,,,,,
,,,,,,,UDANI ENTERPRISE Women Kurti Pant Dupatta Set,UDANI ENTERPRISE,,,,,,
,,,,,,,UDANI ENTERPRISE Women Kurti Pant Dupatta Set,UDANI ENTERPRISE,,,,,,
,,,,,,,"UDANIENTERPRISE Men Solid Straight Kurta (Orange, Red)",UDANIENTERPRISE,,,,,,
,,,,,,,UDANIENTERPRISE Men Solid Straight Kurta (Black),UDANIENTERPRISE,,,,,,
,,,,,,,UDANI ENTERPRISES Men Printed Casual Dark Blue Shirt,UDANI ENTERPRISES,,,,,,
,,,,,,,UDANI ENTERPRISE Men Kurta Pyjama Set,UDANI ENTERPRISE,,,,,,
1410,5b7513a217e446bd,KHUSHALISAREES,Yes,silver,2021-12-09,2022-06-25,,,,,,,,
1411,ef37bbb4e87d4028,VirendraTextiles,Yes,silver,2024-01-02,2024-01-05,,,,,,,,
1412,dd17c72154184c0c,armanfabricssurat,No,silver,2019-11-22,2022-06-14,"ARMANFABRICS Woven Kanjivaram Jacquard, Pure Silk Saree (White)",ARMANFABRICS,Possibly a Brand,ARMANFABRICS,+917737737677,+917737737677,joshiarman.2009@gmail.com,joshiarman.2009@gmail.com
,,,,,,,"ARMANFABRICS Woven Kanjivaram Jacquard, Pure Silk Saree (Pink)",ARMANFABRICS,,,,,,
,,,,,,,"ARMANFABRICS Woven Kanjivaram Jacquard, Pure Silk Saree (Maroon)",ARMANFABRICS,,,,,,
,,,,,,,"ARMANFABRICS Woven Kanjivaram Jacquard, Pure Silk Saree (Dark Blue)",ARMANFABRICS,,,,,,
,,,,,,,ARMANFABRICS Anarkali Gown (Yellow),ARMANFABRICS,,,,,,
,,,,,,,ARMANFABRICS Anarkali Gown (Blue),ARMANFABRICS,,,,,,
,,,,,,,"ARMANFABRICS Woven Kanjivaram Jacquard, Pure Silk Saree (Green)",ARMANFABRICS,,,,,,
,,,,,,,"ARMANFABRICS Woven Kanjivaram Jacquard, Pure Silk Saree with Unstitched Blouse (Purple)",ARMANFABRICS,,,,,,
,,,,,,,"ARMANFABRICS Woven Kanjivaram Jacquard, Pure Silk Saree with Unstitched Blouse (Yellow, Black)",ARMANFABRICS,,,,,,
,,,,,,,"ARMANFABRICS Woven Kanjivaram Jacquard, Pure Silk Saree (Red)",ARMANFABRICS,,,,,,
,,,,,,,"ARMANFABRICS Woven Kanjivaram Jacquard, Pure Silk Saree (Cream)",ARMANFABRICS,,,,,,
,,,,,,,"ARMANFABRICS Woven Kanjivaram Jacquard, Pure Silk Saree (Green)",ARMANFABRICS,,,,,,
,,,,,,,"ARMANFABRICS Woven Kanjivaram Jacquard, Pure Silk Saree with Unstitched Blouse (Light Blue)",ARMANFABRICS,,,,,,
,,,,,,,"ARMANFABRICS Woven Kanjivaram Jacquard, Pure Silk Saree with Unstitched Blouse (Red)",ARMANFABRICS,,,,,,
,,,,,,,"ARMANFABRICS Woven Kanjivaram Jacquard, Pure Silk Saree (Red)",ARMANFABRICS,,,,,,
,,,,,,,"ARMANFABRICS Woven Kanjivaram Jacquard, Pure Silk Saree (Green)",ARMANFABRICS,,,,,,
,,,,,,,"ARMANFABRICS Woven Kanjivaram Jacquard, Pure Silk Saree (Green)",ARMANFABRICS,,,,,,
,,,,,,,"ARMANFABRICS Woven Banarasi Cotton Silk, Jacquard Saree (Red)",ARMANFABRICS,,,,,,
,,,,,,,"ARMANFABRICS Woven Kanjivaram Jacquard, Pure Silk Saree with Unstitched Blouse (Dark Blue)",ARMANFABRICS,,,,,,
,,,,,,,"ARMANFABRICS Printed Banarasi Cotton Silk, Jacquard Saree (Pink)",ARMANFABRICS,,,,,,
1413,b3fd72083f564ee7,Banarassilkfactory,Yes,gold,2022-06-25,2022-07-01,,,,,,,,
1414,8139ca5cf85847f0,AARIKA SYNCOT,Yes,silver,2021-02-08,2021-02-16,,,,,,,,
1415,5b2f7bb8e638476a,DFSAREES,No,silver,2022-11-25,2022-11-26,"MEETVIN COUTURE Printed, Self Design, Hand Painted, Embroidered, Embellished, Graphic Print, Floral Print Bollywood Georgette, Chiffon Saree (Maroon, Beige)",MEETVIN COUTURE,Possibly a Brand,MEETVIN COUTURE,+919512459467,+919512459467,miyaniajay1111@gmail.com,miyaniajay1111@gmail.com
,,,,,,,"MEETVIN COUTURE Printed, Self Design, Hand Painted, Embroidered, Embellished, Graphic Print, Floral Print Bollywood Georgette, Chiffon Saree (Black)",MEETVIN COUTURE,,,,,,
,,,,,,,"MEETVIN COUTURE Printed, Color Block, Digital Print, Embellished, Self Design Bollywood Chiffon Saree (Light Blue)",MEETVIN COUTURE,,,,,,
,,,,,,,"MEETVIN COUTURE Printed, Color Block, Digital Print, Embellished, Self Design Bollywood Chiffon Saree (Beige)",MEETVIN COUTURE,,,,,,
,,,,,,,"MEETVIN COUTURE Floral Print Bollywood Georgette, Chiffon Saree (Multicolor)",MEETVIN COUTURE,,,,,,
,,,,,,,"MEETVIN COUTURE Floral Print Bollywood Georgette, Chiffon Saree (Green)",MEETVIN COUTURE,,,,,,
,,,,,,,"MEETVIN COUTURE Floral Print Bollywood Georgette, Chiffon Saree (Dark Blue)",MEETVIN COUTURE,,,,,,
,,,,,,,"MEETVIN COUTURE Printed, Floral Print, Self Design, Digital Print Bollywood Chiffon, Georgette Saree (Black)",MEETVIN COUTURE,,,,,,
,,,,,,,"MEETVIN COUTURE Floral Print Bollywood Georgette, Chiffon Saree (Brown)",MEETVIN COUTURE,,,,,,
,,,,,,,"MEETVIN COUTURE Floral Print Bollywood Georgette, Chiffon Saree (Green, Light Green)",MEETVIN COUTURE,,,,,,
,,,,,,,"MEETVIN COUTURE Floral Print Bollywood Georgette, Chiffon Saree (Brown)",MEETVIN COUTURE,,,,,,
,,,,,,,"MEETVIN COUTURE Printed Bollywood Georgette, Chiffon Saree (Yellow)",MEETVIN COUTURE,,,,,,
,,,,,,,"MEETVIN COUTURE Floral Print Daily Wear Georgette, Chiffon Saree (Grey)",MEETVIN COUTURE,,,,,,
,,,,,,,"MEETVIN COUTURE Floral Print Bollywood Georgette, Chiffon Saree (Red, Yellow)",MEETVIN COUTURE,,,,,,
,,,,,,,"MEETVIN COUTURE Printed, Color Block, Digital Print, Embellished, Self Design Bollywood Chiffon Saree (Light Green)",MEETVIN COUTURE,,,,,,
,,,,,,,"MEETVIN COUTURE Printed, Self Design, Hand Painted, Ombre, Embellished, Graphic Print, Floral Print Bollywood Georgette, Chiffon Saree (Red)",MEETVIN COUTURE,,,,,,
,,,,,,,"MEETVIN COUTURE Floral Print Bollywood Georgette, Chiffon Saree (Maroon, Beige)",MEETVIN COUTURE,,,,,,
,,,,,,,"MEETVIN COUTURE Floral Print Daily Wear Georgette, Chiffon Saree (Multicolor)",MEETVIN COUTURE,,,,,,
,,,,,,,"MEETVIN COUTURE Floral Print Bollywood Georgette, Chiffon Saree (Dark Green, Green)",MEETVIN COUTURE,,,,,,
,,,,,,,"MEETVIN COUTURE Floral Print Bollywood Georgette, Chiffon Saree (Dark Blue, Blue)",MEETVIN COUTURE,,,,,,
1416,dfe0cafaebfd4388,Levi Strauss India Pvt Ltd,Yes,bronze,2015-04-21,2020-08-21,,,,,,,,
1417,2917489015404de4,youtiqueindia,No,bronze,2025-05-08,2025-10-30,Naya Andaaz Beach Wear Graphic Print Women Black Top,Naya Andaaz,Possibly a Seller,,+917834944615,+917834944615,indiayoutique@gmail.com,indiayoutique@gmail.com
,,,,,,,NAYAANDAAZ Women Nighty (Black),NAYAANDAAZ,,,,,,
,,,,,,,Naya Andaaz Graphic Print Couple Round Neck Black T-Shirt,Naya Andaaz,,,,,,
,,,,,,,Naya Andaaz Formal Solid Women Black Top,Naya Andaaz,,,,,,
,,,,,,,Naya Andaaz Graphic Print Couple Round Neck Black T-Shirt,Naya Andaaz,,,,,,
,,,,,,,Naya Andaaz Formal Solid Women Black Top,Naya Andaaz,,,,,,
,,,,,,,Naya Andaaz Printed Women Crew Neck Black T-Shirt,Naya Andaaz,,,,,,
,,,,,,,Naya Andaaz Casual Solid Women Black Top,Naya Andaaz,,,,,,
,,,,,,,Naya Andaaz Printed Women Round Neck Black T-Shirt,Naya Andaaz,,,,,,
,,,,,,,Naya Andaaz Solid Men V Neck Dark Green T-Shirt,Naya Andaaz,,,,,,
,,,,,,,Naya Andaaz Casual Solid Women Light Green Top,Naya Andaaz,,,,,,
,,,,,,,nayaandaz Women Nighty (Black),nayaandaz,,,,,,
,,,,,,,NAYAANDAAZ Waistcoat Palazzos Western Set,NAYAANDAAZ,,,,,,
,,,,,,,NAYAANDAAZ Waistcoat Palazzos Western Set,NAYAANDAAZ,,,,,,
,,,,,,,NAYAANDAAZ Waistcoat Palazzos Western Set,NAYAANDAAZ,,,,,,
,,,,,,,NAYAANDAAZ Waistcoat Palazzos Western Set,NAYAANDAAZ,,,,,,
,,,,,,,NAYAANDAAZ Women Nightshirts (Black),NAYAANDAAZ,,,,,,
,,,,,,,Naya Andaaz Graphic Print Couple Round Neck Black T-Shirt,Naya Andaaz,,,,,,
,,,,,,,Naya Andaaz Women Fit and Flare Maroon Mini/Short Dress,Naya Andaaz,,,,,,
,,,,,,,YOUTIQUE INDIA Graphic Print Women Round Neck Black T-Shirt,YOUTIQUE INDIA,,,,,,
1418,d0ecbded57084eab,FASHIONSTORESJ,No,bronze,2020-01-30,2020-02-10,TOMRACK Men Solid Casual Grey Shirt,TOMRACK,Possibly a Brand,TOMRACK,+919468490915,+919468490915,jitujoon45@gmail.com,jitujoon45@gmail.com
,,,,,,,TOMRACK Printed Men Multicolor T-Shirt,TOMRACK,,,,,,
,,,,,,,TOMRACK Printed Men Multicolor T-Shirt,TOMRACK,,,,,,
,,,,,,,TOMRACK Printed Men Multicolor T-Shirt,TOMRACK,,,,,,
,,,,,,,TOMRACK Men Solid Casual White Shirt,TOMRACK,,,,,,
,,,,,,,TOMRACK Men Solid Casual Red Shirt,TOMRACK,,,,,,
,,,,,,,jiteshcollections Men Solid Casual Blue Shirt,jiteshcollections,,,,,,
,,,,,,,Tomrack Men Solid Casual Grey Shirt,Tomrack,,,,,,
,,,,,,,Tomrack Men Solid Casual Green Shirt,Tomrack,,,,,,
,,,,,,,TOMRACK Men Solid Casual Red Shirt,TOMRACK,,,,,,
,,,,,,,jiteshcollections Men Solid Casual Blue Shirt,jiteshcollections,,,,,,
,,,,,,,TOMRACK Men Solid Casual Blue Shirt,TOMRACK,,,,,,
,,,,,,,"TOMRACK Printed Men White, Yellow T-Shirt (Pack of 2)",TOMRACK,,,,,,
,,,,,,,TOMRACK Men Solid Casual Yellow Shirt,TOMRACK,,,,,,
,,,,,,,TOMRACK Graphic Print Men Multicolor T-Shirt,TOMRACK,,,,,,
,,,,,,,TOMRACK Men Solid Casual Red Shirt,TOMRACK,,,,,,
,,,,,,,TOMRACK Men Solid Casual Red Shirt,TOMRACK,,,,,,
,,,,,,,Tomrack Men Solid Casual Grey Shirt,Tomrack,,,,,,
,,,,,,,"TOMRACK Printed Men White, Black T-Shirt",TOMRACK,,,,,,
,,,,,,,"TOMRACK Printed Men Yellow, Black T-Shirt",TOMRACK,,,,,,
1419,1e1a3c805110438f,Hasticollection,No,silver,2026-05-25,2026-05-25,hasti enterprise Embroidered Men Polo Neck Black T-Shirt,hasti enterprise,Possibly a Brand,hasti enterprise,+918460608787,+918460608787,chat.hastienterprise@gmail.com,chat.hastienterprise@gmail.com
,,,,,,,hasti enterprise Men Embroidered Casual Blue Shirt,hasti enterprise,,,,,,
,,,,,,,"hasti enterprise Men Embroidered, Solid, Ethnic Motifs Casual White Shirt",hasti enterprise,,,,,,
,,,,,,,hasti enterprise Men Embroidered Casual Beige Shirt,hasti enterprise,,,,,,
,,,,,,,hasti enterprise Solid Men Polo Neck White T-Shirt,hasti enterprise,,,,,,
,,,,,,,hasti enterprise Men Checkered Casual Green Shirt,hasti enterprise,,,,,,
,,,,,,,hasti enterprise Embroidered Men Polo Neck White T-Shirt,hasti enterprise,,,,,,
,,,,,,,hasti enterprise Men Embroidered Casual White Shirt,hasti enterprise,,,,,,
,,,,,,,hasti enterprise Striped Men Polo Neck Green T-Shirt,hasti enterprise,,,,,,
,,,,,,,hasti enterprise Men Embroidered Casual White Shirt,hasti enterprise,,,,,,
,,,,,,,hasti enterprise Self Design Men Polo Neck Grey T-Shirt,hasti enterprise,,,,,,
,,,,,,,hasti enterprise Men Striped Casual Grey Shirt,hasti enterprise,,,,,,
,,,,,,,hasti enterprise Men Striped Casual Brown Shirt,hasti enterprise,,,,,,
,,,,,,,hasti enterprise Embroidered Men Polo Neck White T-Shirt,hasti enterprise,,,,,,
,,,,,,,HSATI ENTERPRISE Men Embroidered Casual Light Blue Shirt,HSATI ENTERPRISE,,,,,,
,,,,,,,"hasti enterprise Solid, Embroidered Men Polo Neck Black T-Shirt",hasti enterprise,,,,,,
,,,,,,,HSATI ENTERPRISE Men Embroidered Casual White Shirt,HSATI ENTERPRISE,,,,,,
,,,,,,,hasti enterprise Embroidered Men Polo Neck Green T-Shirt,hasti enterprise,,,,,,
,,,,,,,hasti enterprise Printed Men Polo Neck White T-Shirt,hasti enterprise,,,,,,
,,,,,,,hasti enterprise Men Embroidered Casual Beige Shirt,hasti enterprise,,,,,,
1420,b7a329b97e174788,VimalsanmatiCreation,No,bronze,2022-07-04,2022-07-09,"Gulika Color Block Men Yellow, White T-Shirt",Gulika,Possibly a Brand,Gulika,+918826087025,+918826087025,vimalsanmati@Hotmail.com,vimalsanmati@Hotmail.com
,,,,,,,Gulika Cartoon Men White T-Shirt,Gulika,,,,,,
,,,,,,,Gulika Striped Men Yellow T-Shirt,Gulika,,,,,,
,,,,,,,Gulika Floral Print Men White T-Shirt,Gulika,,,,,,
,,,,,,,"Gulika Striped Men Dark Green, Maroon T-Shirt",Gulika,,,,,,
,,,,,,,"Gulika Color Block Men Yellow, White T-Shirt",Gulika,,,,,,
,,,,,,,Gulika Cartoon Men Black T-Shirt,Gulika,,,,,,
,,,,,,,"Gulika Color Block Men White, Maroon T-Shirt",Gulika,,,,,,
,,,,,,,Gulika Sporty Men Black T-Shirt,Gulika,,,,,,
,,,,,,,"Gulika Superhero Men Black, White T-Shirt",Gulika,,,,,,
,,,,,,,Gulika Color Block Men White T-Shirt,Gulika,,,,,,
,,,,,,,Gulika Color Block Men Black T-Shirt,Gulika,,,,,,
,,,,,,,Gulika Color Block Men Yellow T-Shirt,Gulika,,,,,,
,,,,,,,Gulika Superhero Men Yellow T-Shirt,Gulika,,,,,,
,,,,,,,Gulika Striped Men Yellow T-Shirt,Gulika,,,,,,
,,,,,,,Gulika Striped Men Yellow T-Shirt,Gulika,,,,,,
,,,,,,,Gulika Color Block Men Black T-Shirt,Gulika,,,,,,
,,,,,,,"Gulika Striped Men Dark Green, Maroon T-Shirt",Gulika,,,,,,
,,,,,,,"Gulika Striped Men Dark Green, Maroon T-Shirt",Gulika,,,,,,
,,,,,,,Gulika Color Block Men Black T-Shirt,Gulika,,,,,,
1421,c5c53bd0bba944a1,MountainColoursLDH,Yes,bronze,2020-06-16,2020-06-26,,,,,,,,
1422,41b351aeac714fa5,RAREEASE,No,silver,2026-02-21,2026-04-21,RARE EASE Graphic Print Women Round Neck Navy Blue T-Shirt,RARE EASE,Possibly a Brand,RARE EASE,+916363341250,+916363341250,rareeaseofficial@gmail.com,rareeaseofficial@gmail.com
,,,,,,,"RARE EASE Graphic Print, Typography Women Round Neck Navy Blue T-Shirt",RARE EASE,,,,,,
,,,,,,,"RARE EASE Graphic Print, Typography Women Round Neck Navy Blue T-Shirt",RARE EASE,,,,,,
,,,,,,,RARE EASE Graphic Print Women Round Neck Navy Blue T-Shirt,RARE EASE,,,,,,
,,,,,,,"RARE EASE Typography, Graphic Print, Solid Women Round Neck Black T-Shirt",RARE EASE,,,,,,
,,,,,,,"RARE EASE Graphic Print, Abstract Women Round Neck Navy Blue T-Shirt",RARE EASE,,,,,,
,,,,,,,RARE EASE Graphic Print Women Round Neck Navy Blue T-Shirt,RARE EASE,,,,,,
,,,,,,,"RARE EASE Graphic Print, Typography, Floral Print, Printed Women Round Neck Navy Blue T-Shirt",RARE EASE,,,,,,
,,,,,,,"RARE EASE Graphic Print, Typography, Floral Print, Printed Women Round Neck Navy Blue T-Shirt",RARE EASE,,,,,,
,,,,,,,"RARE EASE Graphic Print, Typography Women Round Neck Navy Blue T-Shirt",RARE EASE,,,,,,
,,,,,,,"RARE EASE Graphic Print, Typography Women Round Neck Navy Blue T-Shirt",RARE EASE,,,,,,
,,,,,,,"RARE EASE Graphic Print, Typography Women Round Neck Navy Blue T-Shirt",RARE EASE,,,,,,
,,,,,,,"RARE EASE Graphic Print, Typography Women Round Neck Navy Blue T-Shirt",RARE EASE,,,,,,
,,,,,,,"RARE EASE Graphic Print, Typography Women Round Neck Navy Blue T-Shirt",RARE EASE,,,,,,
,,,,,,,"RARE EASE Graphic Print, Typography Women Round Neck Navy Blue T-Shirt",RARE EASE,,,,,,
,,,,,,,"RARE EASE Graphic Print, Typography Women Round Neck Navy Blue T-Shirt",RARE EASE,,,,,,
,,,,,,,RARE EASE Graphic Print Women Round Neck Navy Blue T-Shirt,RARE EASE,,,,,,
,,,,,,,"RARE EASE Graphic Print, Typography Women Round Neck Navy Blue T-Shirt",RARE EASE,,,,,,
,,,,,,,"RARE EASE Graphic Print, Typography Women Round Neck Navy Blue T-Shirt",RARE EASE,,,,,,
,,,,,,,RARE EASE Graphic Print Women Round Neck Navy Blue T-Shirt,RARE EASE,,,,,,
1423,6d3ca22c471948df,BHARATFASHIONSTYLES,No,bronze,2025-09-06,2025-09-09,"SAGAFASHION Boys & Girls Printed Polycotton Regular T Shirt (Purple, Pack of 2)",SAGAFASHION,Possibly a Brand,SAGAFASHION,+917398745888,+917398745888,bharatfin2025@gmail.com,bharatfin2025@gmail.com
,,,,,,,"SAGAFASHION Boys & Girls Printed Polycotton Regular T Shirt (Black, Orange, Pack of 2)",SAGAFASHION,,,,,,
,,,,,,,"SAGAFASHION Boys & Girls Printed Polycotton Regular T Shirt (Purple, Pack of 2)",SAGAFASHION,,,,,,
,,,,,,,"SAGAFASHION Boys & Girls Printed Polycotton Regular T Shirt (Purple, Pack of 2)",SAGAFASHION,,,,,,
,,,,,,,"SAGAFASHION Boys & Girls Printed Polycotton Regular T Shirt (Black, Orange, Pack of 2)",SAGAFASHION,,,,,,
,,,,,,,"SAGAFASHION Boys & Girls Printed Polycotton Regular T Shirt (Purple, Pack of 2)",SAGAFASHION,,,,,,
,,,,,,,"SAGAFASHION Boys & Girls Printed Polycotton Regular T Shirt (Yellow, Pack of 1)",SAGAFASHION,,,,,,
,,,,,,,"SAGAFASHION Boys & Girls Printed Polycotton Regular T Shirt (Purple, Pack of 2)",SAGAFASHION,,,,,,
,,,,,,,"SAGAFASHION Boys & Girls Printed Polycotton Regular T Shirt (Purple, Pack of 2)",SAGAFASHION,,,,,,
,,,,,,,"SAGAFASHION Boys & Girls Printed Polycotton Regular T Shirt (Purple, Black, Pack of 2)",SAGAFASHION,,,,,,
,,,,,,,"SAGAFASHION Boys & Girls Printed Polycotton Regular T Shirt (Black, White, Pack of 2)",SAGAFASHION,,,,,,
,,,,,,,"SAGAFASHION Boys & Girls Printed Polycotton Regular T Shirt (Multicolor, Pack of 2)",SAGAFASHION,,,,,,
,,,,,,,"SAGAFASHION Boys & Girls Printed Polycotton Regular T Shirt (Purple, Pack of 2)",SAGAFASHION,,,,,,
,,,,,,,"SAGAFASHION Boys & Girls Printed Polycotton Regular T Shirt (Purple, Pack of 2)",SAGAFASHION,,,,,,
,,,,,,,"SAGAFASHION Boys & Girls Printed Polycotton Regular T Shirt (Yellow, Pack of 1)",SAGAFASHION,,,,,,
,,,,,,,"SAGAFASHION Boys & Girls Printed Polycotton Regular T Shirt (Yellow, Pack of 1)",SAGAFASHION,,,,,,
,,,,,,,"SAGAFASHION Boys & Girls Printed Polycotton Regular T Shirt (Orange, Black, Pack of 2)",SAGAFASHION,,,,,,
,,,,,,,BHARATFAS Full Sleeve Printed Men Sweatshirt,BHARATFAS,,,,,,
,,,,,,,"SAGAFASHION Boys & Girls Printed Polycotton Regular T Shirt (Yellow, Pack of 1)",SAGAFASHION,,,,,,
,,,,,,,"SAGAFASHION Boys & Girls Printed Polycotton Regular T Shirt (White, Pack of 1)",SAGAFASHION,,,,,,
1424,a54301c30d31430d,Activecaresale,Yes,silver,2024-08-08,2024-08-12,,,,,,,,
1425,3f529700334f4fd2,VSNAPPARELS,No,silver,2023-07-15,2023-07-17,TIGERSNAKE Self Design Men Multicolor T-Shirt,TIGERSNAKE,Possibly a Seller,,+919313158231,+918178730817,Vsnapparels@yahoo.com,Vsnapparels@yahoo.com
,,,,,,,"VRMA Printed Men Black, Green T-Shirt",VRMA,,,,,,
,,,,,,,Jaqque Printed Men Multicolor T-Shirt,Jaqque,,,,,,
,,,,,,,"squareretails Printed Men Black, Pink T-Shirt",squareretails,,,,,,
,,,,,,,"Farlucci Printed Men White, Black T-Shirt (Pack of 2)",Farlucci,,,,,,
,,,,,,,bedreamit Printed Men Black T-Shirt,bedreamit,,,,,,
,,,,,,,V2 BOYS Printed Men Round Neck Multicolor T-Shirt,V2 BOYS,,,,,,
,,,,,,,VRMA Printed Men Black T-Shirt,VRMA,,,,,,
,,,,,,,V2 BOYS Printed Men Round Neck Multicolor T-Shirt,V2 BOYS,,,,,,
,,,,,,,bedreamit Printed Men Black T-Shirt,bedreamit,,,,,,
,,,,,,,VRMA Printed Men Black T-Shirt,VRMA,,,,,,
,,,,,,,V2 BOYS Printed Men Round Neck Multicolor T-Shirt,V2 BOYS,,,,,,
,,,,,,,Zfit Printed Men Black T-Shirt,Zfit,,,,,,
,,,,,,,bedreamit Printed Men Black T-Shirt,bedreamit,,,,,,
,,,,,,,Stylesmyth Printed Men Black T-Shirt,Stylesmyth,,,,,,
,,,,,,,"NAUGHTYMEN Printed Men Black, White T-Shirt",NAUGHTYMEN,,,,,,
,,,,,,,"V2 BOYS Printed Men Yellow, Black T-Shirt",V2 BOYS,,,,,,
,,,,,,,Vboys Printed Men Black T-Shirt,Vboys,,,,,,
,,,,,,,Vboys Printed Men White T-Shirt,Vboys,,,,,,
,,,,,,,Stylesmyth Printed Men Black T-Shirt,Stylesmyth,,,,,,
1426,e287d5e81d0b438e,MagicFit,Yes,bronze,2015-03-30,2015-10-21,,,,,,,,
1427,ef803908712448d7,HemankEnterprises,No,bronze,2025-11-26,2025-11-27,Hmk Graphic Print Men Round Neck Black T-Shirt,Hmk,Possibly a Brand,Hmk,+919768234787,+919768234787,ravindra.rv007@gmail.com,ravindra.rv007@gmail.com
,,,,,,,"Hmk Graphic Print, Typography, Printed Men Round Neck Black T-Shirt",Hmk,,,,,,
,,,,,,,Hmk Printed Men Round Neck Black T-Shirt,Hmk,,,,,,
,,,,,,,Hmk Graphic Print Men Round Neck Black T-Shirt,Hmk,,,,,,
,,,,,,,Hmk Printed Men Round Neck Black T-Shirt,Hmk,,,,,,
,,,,,,,Hmk Printed Men Round Neck Black T-Shirt,Hmk,,,,,,
,,,,,,,"Hemank Vintage Deer Head Antlers for Hanging Keys, Belt, Clothes Wall Hanging Hook Plastic Key Holder (1 Hooks, Black)",Hemank,,,,,,
,,,,,,,Hmk Solid Men Round Neck Black T-Shirt,Hmk,,,,,,
,,,,,,,"Hmk Superhero, Typography, Graphic Print, Printed Men Round Neck Black T-Shirt",Hmk,,,,,,
,,,,,,,"Hmk Graphic Print, Typography Men Round Neck Black T-Shirt",Hmk,,,,,,
,,,,,,,"Hmk Graphic Print, Typography, Printed Men Round Neck Black T-Shirt",Hmk,,,,,,
,,,,,,,Hmk Typography Men Round Neck Black T-Shirt,Hmk,,,,,,
,,,,,,,"Hmk Graphic Print, Typography Men Round Neck Black T-Shirt",Hmk,,,,,,
,,,,,,,"Hmk Graphic Print, Printed, Solid Men Round Neck Black T-Shirt",Hmk,,,,,,
,,,,,,,"Hmk Graphic Print, Printed, Typography Men Round Neck Black T-Shirt",Hmk,,,,,,
,,,,,,,"Hmk Graphic Print, Printed, Typography Men Round Neck Black T-Shirt",Hmk,,,,,,
,,,,,,,Hmk Solid Men Round Neck Black T-Shirt,Hmk,,,,,,
,,,,,,,"Hmk Graphic Print, Typography Men Round Neck Black T-Shirt",Hmk,,,,,,
,,,,,,,"Hmk Graphic Print, Printed Men Round Neck Black T-Shirt",Hmk,,,,,,
,,,,,,,"Hmk Graphic Print, Typography Men Round Neck Black T-Shirt",Hmk,,,,,,
1428,5381b73f4695457d,SCUBA,No,bronze,2020-07-31,2020-08-22,SCUBA Printed Men Polo Neck White T-Shirt,SCUBA,Possibly a Brand,SCUBA,+919478465180,+919988574454,info.bajajkrishna@gmail.com,info.bajajkrishna@gmail.com
,,,,,,,SCUBA Solid Men Polo Neck Dark Blue T-Shirt,SCUBA,,,,,,
,,,,,,,SCUBA Solid Men Polo Neck Dark Green T-Shirt,SCUBA,,,,,,
,,,,,,,SCUBA Graphic Print Men Polo Neck Maroon T-Shirt,SCUBA,,,,,,
,,,,,,,SCUBA Printed Men Polo Neck Orange T-Shirt,SCUBA,,,,,,
,,,,,,,SCUBA Solid Men Polo Neck Orange T-Shirt,SCUBA,,,,,,
,,,,,,,Scuba Color Block Men Beige T-Shirt,Scuba,,,,,,
,,,,,,,SCUBA Color Block Men Black T-Shirt,SCUBA,,,,,,
,,,,,,,SCUBA Striped Men Dark Green T-Shirt,SCUBA,,,,,,
,,,,,,,SCUBA Color Block Men Black T-Shirt,SCUBA,,,,,,
,,,,,,,SCUBA Solid Men Pink T-Shirt,SCUBA,,,,,,
,,,,,,,SCUBA Color Block Men Black T-Shirt,SCUBA,,,,,,
,,,,,,,SCUBA Printed Men Beige T-Shirt,SCUBA,,,,,,
,,,,,,,SCUBA Printed Men Purple T-Shirt,SCUBA,,,,,,
,,,,,,,SCUBA Solid Men Light Blue T-Shirt,SCUBA,,,,,,
,,,,,,,SCUBA Solid Men Light Blue T-Shirt,SCUBA,,,,,,
,,,,,,,MONTEOAK Solid Men Red T-Shirt,MONTEOAK,,,,,,
,,,,,,,SCUBA Solid Men Light Green T-Shirt,SCUBA,,,,,,
,,,,,,,SCUBA Solid Men Navy Blue T-Shirt,SCUBA,,,,,,
,,,,,,,SCUBA Solid Men Red T-Shirt,SCUBA,,,,,,
1429,4171b0f4dcd042ba,ESOROUCHA,Yes,silver,2021-01-03,2021-01-16,,,,,,,,
1430,c4af10bccf9f464f,KAJARU_V,Yes,gold,2016-01-03,2017-05-19,,,,,,,,
1431,0b32795efe444759,SSAPPARELS123,Yes,silver,2023-08-30,2023-09-28,,,,,,,,
1432,72217f68c329432a,NAVYAGARMENT,No,bronze,2019-09-01,2020-01-21,RENUOVO Solid Men Polo Neck Black T-Shirt,RENUOVO,Possibly a Brand,RENUOVO,+918146607304,+918146607304,navyaecomm@gmail.com,navyaecomm@gmail.com
,,,,,,,RENUOVO Full Sleeve Solid Men Jacket,RENUOVO,,,,,,
,,,,,,,RENUOVO Solid Men Polo Neck Dark Blue T-Shirt,RENUOVO,,,,,,
,,,,,,,RENUOVO Full Sleeve Solid Men Jacket,RENUOVO,,,,,,
,,,,,,,RENUOVO Men Solid Casual Pink Shirt,RENUOVO,,,,,,
,,,,,,,RENUOVO Solid Men Polo Neck Pink T-Shirt,RENUOVO,,,,,,
,,,,,,,RENUOVO Men Solid Formal Pink Shirt,RENUOVO,,,,,,
,,,,,,,RENUOVO Men Solid Casual Purple Shirt,RENUOVO,,,,,,
,,,,,,,RENUOVO Men Bomber Jacket,RENUOVO,,,,,,
,,,,,,,RENUOVO Solid Men Green T-Shirt,RENUOVO,,,,,,
,,,,,,,RENUOVO Solid Men Green T-Shirt,RENUOVO,,,,,,
,,,,,,,RENUOVO Striped Men Green T-Shirt,RENUOVO,,,,,,
,,,,,,,RENUOVO Solid Men Polo Neck Pink T-Shirt,RENUOVO,,,,,,
,,,,,,,RENUOVO Full Sleeve Colorblock Men Jacket,RENUOVO,,,,,,
,,,,,,,RENUOVO Full Sleeve Solid Men Jacket,RENUOVO,,,,,,
,,,,,,,RENUOVO Solid Men Polo Neck Purple T-Shirt,RENUOVO,,,,,,
,,,,,,,RENUOVO Full Sleeve Solid Men Jacket,RENUOVO,,,,,,
,,,,,,,RENUOVO Solid Men Polo Neck Dark Green T-Shirt,RENUOVO,,,,,,
,,,,,,,RENUOVO Solid Men Polo Neck Purple T-Shirt,RENUOVO,,,,,,
,,,,,,,RENUOVO Full Sleeve Solid Men Jacket,RENUOVO,,,,,,
1433,9df4ac070df84abd,maniaclife,Yes,silver,2015-03-19,2015-05-14,,,,,,,,
1434,4b8bb5fa79074aca,DEVCREATIONN,No,gold,2022-07-30,2022-07-31,REZAA HOMEZZ Colorblock Men Polo Neck Yellow T-Shirt,REZAA HOMEZZ,Possibly a Brand,REZAA HOMEZZ,+917436036352,+917436036352,kwisy9@gmail.com,kwisy9@gmail.com
,,,,,,,REZAA HOMEZZ Graphic Print Men Polo Neck Navy Blue T-Shirt,REZAA HOMEZZ,,,,,,
,,,,,,,REZAA HOMEZZ Printed Men Polo Neck Black T-Shirt,REZAA HOMEZZ,,,,,,
,,,,,,,REZAA HOMEZZ Solid Men Polo Neck Yellow T-Shirt,REZAA HOMEZZ,,,,,,
,,,,,,,REZAA HOMEZZ Graphic Print Men Polo Neck Navy Blue T-Shirt,REZAA HOMEZZ,,,,,,
,,,,,,,REZAA HOMEZZ Graphic Print Men Polo Neck Light Green T-Shirt,REZAA HOMEZZ,,,,,,
,,,,,,,REZAA HOMEZZ Self Design Men Polo Neck Brown T-Shirt,REZAA HOMEZZ,,,,,,
,,,,,,,REZAA HOMEZZ Colorblock Men Polo Neck Navy Blue T-Shirt,REZAA HOMEZZ,,,,,,
,,,,,,,REZAA HOMEZZ Self Design Men Polo Neck Yellow T-Shirt,REZAA HOMEZZ,,,,,,
,,,,,,,REZAA HOMEZZ Colorblock Men Polo Neck Light Green T-Shirt,REZAA HOMEZZ,,,,,,
,,,,,,,REZAA HOMEZZ Colorblock Men Polo Neck Dark Green T-Shirt,REZAA HOMEZZ,,,,,,
,,,,,,,REZAA HOMEZZ Typography Men Polo Neck Navy Blue T-Shirt,REZAA HOMEZZ,,,,,,
,,,,,,,REZAA HOMEZZ Self Design Men Polo Neck Brown T-Shirt,REZAA HOMEZZ,,,,,,
,,,,,,,"REZAA HOMEZZ Woven Patola Cotton Silk, Jacquard Saree (Multicolor)",REZAA HOMEZZ,,,,,,
,,,,,,,REZAA HOMEZZ Solid Men Polo Neck Brown T-Shirt,REZAA HOMEZZ,,,,,,
,,,,,,,REZAA HOMEZZ Self Design Men Polo Neck Light Green T-Shirt,REZAA HOMEZZ,,,,,,
,,,,,,,REZAA HOMEZZ Self Design Men Polo Neck Brown T-Shirt,REZAA HOMEZZ,,,,,,
,,,,,,,REZAA HOMEZZ Embroidered Men Polo Neck Black T-Shirt,REZAA HOMEZZ,,,,,,
,,,,,,,REZAA HOMEZZ Graphic Print Men Polo Neck Yellow T-Shirt,REZAA HOMEZZ,,,,,,
,,,,,,,REZAA HOMEZZ Solid Men Polo Neck Navy Blue T-Shirt,REZAA HOMEZZ,,,,,,
1435,a988e5ee81404939,STYLOXFASHION,No,bronze,2024-05-17,2024-06-03,Stylox Slim Men Light Blue Jeans,Stylox,Possibly a Brand,Stylox,+919667290536,+919667290536,styloxecommerce@gmail.com,styloxecommerce@gmail.com
,,,,,,,Stylox Slim Men Light Blue Jeans,Stylox,,,,,,
,,,,,,,Stylox Boot-Leg Men Blue Jeans,Stylox,,,,,,
,,,,,,,Stylox Self Design Men Polo Neck Reversible Black T-Shirt,Stylox,,,,,,
,,,,,,,Stylox Regular Men Blue Jeans,Stylox,,,,,,
,,,,,,,Stylox Full Sleeve Printed Men Sweatshirt,Stylox,,,,,,
,,,,,,,Stylox Men Checkered Casual Green Shirt,Stylox,,,,,,
,,,,,,,Stylox Men Solid Casual Brown Shirt,Stylox,,,,,,
,,,,,,,Stylox Printed Men Crew Neck Blue T-Shirt,Stylox,,,,,,
,,,,,,,Stylox Men Solid Casual Blue Shirt,Stylox,,,,,,
,,,,,,,Stylox Men Solid Casual Grey Shirt,Stylox,,,,,,
,,,,,,,Stylox Men Solid Casual Orange Shirt,Stylox,,,,,,
,,,,,,,Stylox Men Solid Casual Blue Shirt,Stylox,,,,,,
,,,,,,,Stylox Men Printed Casual Brown Shirt,Stylox,,,,,,
,,,,,,,Stylox Men Checkered Casual Blue Shirt,Stylox,,,,,,
,,,,,,,Stylox Men Self Design Casual Blue Shirt,Stylox,,,,,,
,,,,,,,Stylox Men Solid Casual Beige Shirt,Stylox,,,,,,
,,,,,,,Stylox Men Striped Casual White Shirt,Stylox,,,,,,
,,,,,,,Stylox Men Self Design Casual Grey Shirt,Stylox,,,,,,
,,,,,,,Stylox Men Self Design Casual Dark Blue Shirt,Stylox,,,,,,
1436,96c636df79334568,SANDPIPERCLOTHING,Yes,gold,2025-07-03,2025-07-04,,,,,,,,
1437,dcaac33f253a4248,Westbury Kommerce Holdings,Yes,bronze,2021-01-21,2021-01-27,,,,,,,,
1438,07b479066cd948ec,ZENIFIT,No,silver,2024-10-23,2024-12-18,Zenifit Solid Men Round Neck Reversible White T-Shirt,Zenifit,Possibly a Brand,Zenifit,+918780977757,+918780977757,sunil@kartikexporters.com,sunil@kartikexporters.com
,,,,,,,Zenifit Solid Men Round Neck Reversible Blue T-Shirt,Zenifit,,,,,,
,,,,,,,Zenifit Graphic Print Men Round Neck Light Green T-Shirt,Zenifit,,,,,,
,,,,,,,Zenifit Solid Men Round Neck Beige T-Shirt,Zenifit,,,,,,
,,,,,,,Zenifit Graphic Print Men Round Neck Beige T-Shirt,Zenifit,,,,,,
,,,,,,,Zenifit Solid Men Round Neck Navy Blue T-Shirt,Zenifit,,,,,,
,,,,,,,Zenifit Printed Women Round Neck Brown T-Shirt,Zenifit,,,,,,
,,,,,,,"Zenifit Boys & Girls Printed Pure Cotton Regular T Shirt (Orange, Pack of 1)",Zenifit,,,,,,
,,,,,,,"Zenifit Boys & Girls Graphic Print Pure Cotton Regular T Shirt (Grey, Pack of 1)",Zenifit,,,,,,
,,,,,,,"Zenifit Boys & Girls Graphic Print Pure Cotton Regular T Shirt (Dark Blue, Pack of 1)",Zenifit,,,,,,
,,,,,,,Zenifit Solid Men Round Neck Light Green T-Shirt,Zenifit,,,,,,
,,,,,,,Zenifit Graphic Print Men Round Neck Orange T-Shirt,Zenifit,,,,,,
,,,,,,,Zenifit Graphic Print Men Round Neck Orange T-Shirt,Zenifit,,,,,,
,,,,,,,Zenifit Graphic Print Women Round Neck Brown T-Shirt,Zenifit,,,,,,
,,,,,,,Zenifit Graphic Print Men Round Neck Black T-Shirt,Zenifit,,,,,,
,,,,,,,Zenifit Solid Men Round Neck Black T-Shirt,Zenifit,,,,,,
,,,,,,,Zenifit Solid Men Round Neck Reversible Black T-Shirt,Zenifit,,,,,,
,,,,,,,Zenifit Solid Men Round Neck Dark Green T-Shirt,Zenifit,,,,,,
,,,,,,,Zenifit Solid Men Round Neck Black T-Shirt,Zenifit,,,,,,
,,,,,,,Zenifit Solid Men Round Neck Reversible Black T-Shirt,Zenifit,,,,,,
1439,162e2b01ea9a44c0,PAVIKA APPARELS INDIA PRIVATE LIMITED,No,bronze,2019-05-10,2019-05-12,"ATLANS Track Pant For Boys (Grey, Pack of 1)",ATLANS,Possibly a Brand,TINY TOON,+919870317788,+919870317788,PAVIKAAPPARELS@GMAIL.COM,PAVIKAAPPARELS@GMAIL.COM
,,,,,,,"ATLANS Track Pant For Boys (Grey, Pack of 1)",ATLANS,,,,,,
,,,,,,,"TINY TOON Track Pant For Baby Girls (Grey, Pack of 1)",TINY TOON,,,,,,
,,,,,,,"ATLANS Track Pant For Boys (Grey, Pack of 1)",ATLANS,,,,,,
,,,,,,,"ATLANS Track Pant For Boys (Green, Pack of 2)",ATLANS,,,,,,
,,,,,,,"ATLANS Track Pant For Boys (Grey, Pack of 1)",ATLANS,,,,,,
,,,,,,,TINY TOON Boys & Girls Casual T-shirt Track Pants (Green),TINY TOON,,,,,,
,,,,,,,"TINY TOON Track Pant For Baby Girls (Multicolor, Pack of 1)",TINY TOON,,,,,,
,,,,,,,TINY TOON Boys & Girls Casual Sweatshirt Track Pants (Brown),TINY TOON,,,,,,
,,,,,,,TINY TOON Boys & Girls Casual T-shirt Pyjama (Grey),TINY TOON,,,,,,
,,,,,,,TINY TOON Boys Casual T-shirt Shorts (Green),TINY TOON,,,,,,
,,,,,,,"TINY TOON Track Pant For Boys (Multicolor, Pack of 1)",TINY TOON,,,,,,
,,,,,,,TINY TOON Boys & Girls Casual Sweatshirt Track Pants (Brown),TINY TOON,,,,,,
,,,,,,,"TINY TOON Track Pant For Boys (Brown, Pack of 1)",TINY TOON,,,,,,
,,,,,,,"TINY TOON Track Pant For Baby Girls (Grey, Pack of 1)",TINY TOON,,,,,,
,,,,,,,"TINY TOON Track Pant For Boys (Multicolor, Pack of 1)",TINY TOON,,,,,,
,,,,,,,"TINY TOON Girls Maxi/Full Length Party Dress (Dark Blue, Sleeveless)",TINY TOON,,,,,,
,,,,,,,"TINY TOON Track Pant For Baby Girls (Multicolor, Pack of 1)",TINY TOON,,,,,,
,,,,,,,TINY TOON Boys & Girls Casual T-shirt Pyjama (Grey),TINY TOON,,,,,,
,,,,,,,TINY TOON Boys & Girls Casual Sweatshirt Track Pants (Brown),TINY TOON,,,,,,
1440,497ae55084c74416,URBANTHREADSCOMPANY,Yes,bronze,2025-03-26,2025-03-27,,,,,,,,
1441,00a02f1551834d99,BROWN BROTHERS,Yes,gold,2020-12-22,2021-03-17,,,,,,,,
1442,c3ac708e5c334e2f,Vero Amore by Amrit Weaving Factory,Yes,silver,2020-09-06,2021-01-01,,,,,,,,
1443,d4e7b646b2d54a17,INKKR,Yes,bronze,2020-10-09,2020-11-09,,,,,,,,
1444,3cefbe2be44e4a78,TouchtheTrends,No,bronze,2025-12-13,2025-12-16,"Mi Tero Self Design Men Zip Neck Pink, Blue T-Shirt",Mi Tero,Possibly a Brand,Mi Tero,+919879956480,+919879956480,simrangangwani1095@gmail.com,simrangangwani1095@gmail.com
,,,,,,,Mi Tero Solid Men V Neck Pink T-Shirt,Mi Tero,,,,,,
,,,,,,,Mi Tero Self Design Men Zip Neck Blue T-Shirt,Mi Tero,,,,,,
,,,,,,,"Mi Tero Self Design Men Polo Neck Purple, Orange T-Shirt",Mi Tero,,,,,,
,,,,,,,Mi Tero Solid Men V Neck Orange T-Shirt,Mi Tero,,,,,,
,,,,,,,Mi Tero Solid Men V Neck Black T-Shirt,Mi Tero,,,,,,
,,,,,,,"Mi Tero Solid Men V Neck Light Blue, Orange T-Shirt",Mi Tero,,,,,,
,,,,,,,"Mi Tero Solid Men V Neck Black, Orange T-Shirt",Mi Tero,,,,,,
,,,,,,,Mi Tero Solid Men Zip Neck Black T-Shirt,Mi Tero,,,,,,
,,,,,,,Mi Tero Solid Men V Neck Black T-Shirt,Mi Tero,,,,,,
,,,,,,,"Mi Tero Self Design Men Polo Neck Pink, Purple T-Shirt",Mi Tero,,,,,,
,,,,,,,Mi Tero Solid Men V Neck Dark Blue T-Shirt,Mi Tero,,,,,,
,,,,,,,"Mi Tero Self Design Men Polo Neck Pink, Black T-Shirt",Mi Tero,,,,,,
,,,,,,,"Mi Tero Solid Men Zip Neck Purple, Black T-Shirt",Mi Tero,,,,,,
,,,,,,,"Mi Tero Self Design Men Polo Neck Pink, Purple T-Shirt",Mi Tero,,,,,,
,,,,,,,Mi Tero Solid Men Polo Neck Black T-Shirt,Mi Tero,,,,,,
,,,,,,,Mi Tero Solid Men Polo Neck Pink T-Shirt,Mi Tero,,,,,,
,,,,,,,Mi Tero Solid Men Polo Neck Blue T-Shirt,Mi Tero,,,,,,
,,,,,,,Mi Tero Solid Men V Neck Purple T-Shirt,Mi Tero,,,,,,
,,,,,,,"Mi Tero Self Design Men Zip Neck Pink, Blue T-Shirt",Mi Tero,,,,,,
1445,f01a6a5433fd46c9,EVELIY,No,bronze,2024-05-21,2024-05-24,,,Possibly a Seller,,+919936831337,+919936831337,homenexx8@gmail.com,homenexx8@gmail.com
1446,32bdbff9a9e24d5e,Magneto,Yes,silver,2023-03-19,2023-03-27,,,,,,,,
1447,qsm29nukm5dhxgl9,KOTTY,Yes,silver,2014-09-25,2014-10-13,,,,,,,,
1448,2a621990720e48c9,ASAYATIFABFUSIONLLP,Yes,gold,2025-12-09,2025-12-10,,,,,,,,
1449,094a3b57a5de4e82,KnitSoul,No,silver,2026-06-13,2026-06-15,Knit Soul Printed Men Round Neck Black T-Shirt,Knit Soul,Possibly a Brand,Knit Soul,+919355337721,+919355337721,knitsoul2026@gmail.com,knitsoul2026@gmail.com
,,,,,,,Knit Soul Solid Men Round Neck Light Blue T-Shirt,Knit Soul,,,,,,
,,,,,,,Knit Soul Graphic Print Men Round Neck Pink T-Shirt,Knit Soul,,,,,,
,,,,,,,Knit Soul Solid Men Round Neck Black T-Shirt,Knit Soul,,,,,,
,,,,,,,Knit Soul Solid Men Round Neck Dark Blue T-Shirt,Knit Soul,,,,,,
,,,,,,,Knit Soul Solid Men Round Neck Dark Green T-Shirt,Knit Soul,,,,,,
,,,,,,,Knit Soul Solid Men Round Neck Dark Blue T-Shirt,Knit Soul,,,,,,
,,,,,,,Knit Soul Graphic Print Men Round Neck Maroon T-Shirt,Knit Soul,,,,,,
,,,,,,,Knit Soul Graphic Print Men Round Neck Blue T-Shirt,Knit Soul,,,,,,
,,,,,,,"Knit Soul Graphic Print, Cartoon Men Round Neck Blue T-Shirt",Knit Soul,,,,,,
,,,,,,,"Knit Soul Graphic Print, Printed Men Round Neck Dark Green T-Shirt",Knit Soul,,,,,,
,,,,,,,Knit Soul Graphic Print Men Round Neck Black T-Shirt,Knit Soul,,,,,,
,,,,,,,Knit Soul Solid Men Polo Neck Maroon T-Shirt,Knit Soul,,,,,,
,,,,,,,Knit Soul Graphic Print Men Round Neck White T-Shirt,Knit Soul,,,,,,
,,,,,,,"Knit Soul Graphic Print, Printed Men Round Neck Dark Green T-Shirt",Knit Soul,,,,,,
,,,,,,,"Knit Soul Cartoon, Printed Men Round Neck Red T-Shirt",Knit Soul,,,,,,
,,,,,,,"Knit Soul Graphic Print, Cartoon Men Round Neck Reversible Beige T-Shirt",Knit Soul,,,,,,
,,,,,,,Knit Soul Printed Men Round Neck Navy Blue T-Shirt,Knit Soul,,,,,,
,,,,,,,Knit Soul Printed Men Round Neck White T-Shirt,Knit Soul,,,,,,
,,,,,,,Knit Soul Printed Men Round Neck Dark Green T-Shirt,Knit Soul,,,,,,
1450,14a6ebd067a34a16,Soflo,No,silver,2026-05-04,2026-05-06,Soflo Men Brief,Soflo,Possibly a Brand,Soflo,+917838485615,+917838485615,lyrozofficial@gmail.com,lyrozofficial@gmail.com
,,,,,,,Soflo Men Brief,Soflo,,,,,,
,,,,,,,Soflo Men Brief,Soflo,,,,,,
,,,,,,,Soflo Men Brief,Soflo,,,,,,
,,,,,,,Soflo Men Brief,Soflo,,,,,,
,,,,,,,Soflo Men Brief,Soflo,,,,,,
,,,,,,,Soflo Men Brief,Soflo,,,,,,
,,,,,,,Soflo Men Brief,Soflo,,,,,,
,,,,,,,Soflo Men Brief,Soflo,,,,,,
,,,,,,,Soflo Men Brief,Soflo,,,,,,
,,,,,,,Soflo Men Brief,Soflo,,,,,,
,,,,,,,Soflo Men Brief,Soflo,,,,,,
,,,,,,,Soflo Men Brief,Soflo,,,,,,
,,,,,,,Soflo Men Brief,Soflo,,,,,,
,,,,,,,Soflo Men Brief,Soflo,,,,,,
,,,,,,,Soflo Men Brief,Soflo,,,,,,
,,,,,,,Soflo Men Brief,Soflo,,,,,,
,,,,,,,Soflo Men Brief,Soflo,,,,,,
,,,,,,,Soflo Men Brief,Soflo,,,,,,
,,,,,,,Soflo Men Brief,Soflo,,,,,,
1451,d32e85524ef04376,MaaaSakti,No,silver,2021-08-06,2021-08-11,D'CART Men Brief,D'CART,Possibly a Seller,,+918140268763,+919737651757,cranyer07@gmail.com,cranyer07@gmail.com
,,,,,,,"GlimmerGown Embroidered Kurta, Salwar & Dupatta Set",GlimmerGown,,,,,,
,,,,,,,REWAA Men Brief,REWAA,,,,,,
,,,,,,,Zyon Men Brief,Zyon,,,,,,
,,,,,,,D'CART Men Brief,D'CART,,,,,,
,,,,,,,Zyon Men Brief,Zyon,,,,,,
,,,,,,,D'CART Men Brief,D'CART,,,,,,
,,,,,,,D'CART Men Brief,D'CART,,,,,,
,,,,,,,Zyon Men Brief,Zyon,,,,,,
,,,,,,,"GlimmerGown Embroidered Kurta, Salwar & Dupatta Set",GlimmerGown,,,,,,
,,,,,,,Prime Poster Men Brief,Prime Poster,,,,,,
,,,,,,,D'CART Men Brief,D'CART,,,,,,
,,,,,,,Prime Poster Anarkali Gown (Purple),Prime Poster,,,,,,
,,,,,,,Zyon Men Brief,Zyon,,,,,,
,,,,,,,GlimmerGown Anarkali Gown (Orange),GlimmerGown,,,,,,
,,,,,,,Prime Poster Men Brief,Prime Poster,,,,,,
,,,,,,,Prime Poster Men Brief,Prime Poster,,,,,,
,,,,,,,Prime Poster Men Brief,Prime Poster,,,,,,
,,,,,,,D'CART Men Brief,D'CART,,,,,,
,,,,,,,Prime Poster Men Brief,Prime Poster,,,,,,
1452,ec7d5e79d2144b4b,Fusion07,No,bronze,2021-07-16,2021-07-18,D'CART Men Brief,D'CART,Possibly a Brand,D'CART,+919081097694,+917984310926,rosebude4347@gmail.com,rosebude4347@gmail.com
,,,,,,,D'CART Men Brief,D'CART,,,,,,
,,,,,,,Fashique Men Brief,Fashique,,,,,,
,,,,,,,D'CART Men Brief,D'CART,,,,,,
,,,,,,,Fashique Men Brief,Fashique,,,,,,
,,,,,,,D'CART Men Brief,D'CART,,,,,,
,,,,,,,D'CART Men Brief,D'CART,,,,,,
,,,,,,,D'CART Men Brief,D'CART,,,,,,
,,,,,,,D'CART Men Brief,D'CART,,,,,,
,,,,,,,D'CART Men Brief,D'CART,,,,,,
,,,,,,,D'CART Men Brief,D'CART,,,,,,
,,,,,,,D'CART Men Brief,D'CART,,,,,,
,,,,,,,REWAA Men Brief,REWAA,,,,,,
,,,,,,,D'CART Men Brief,D'CART,,,,,,
,,,,,,,REWAA Men Brief,REWAA,,,,,,
,,,,,,,Fashique Men Brief,Fashique,,,,,,
,,,,,,,"Fabrion Embroidered Kurta, Salwar & Dupatta Set",Fabrion,,,,,,
,,,,,,,D'CART Men Brief,D'CART,,,,,,
,,,,,,,D'CART Men Brief,D'CART,,,,,,
,,,,,,,Fashique Men Brief,Fashique,,,,,,
1453,cb76047a89134fe3,JicksLifestyle,Yes,silver,2022-04-22,2022-04-23,,,,,,,,
1454,6c773e64b3664575,ARADHH,No,silver,2025-10-15,2025-10-16,ARADHH Women Bandeau/Tube Non Padded Bra (Beige),ARADHH,Possibly a Brand,ARADHH,+919723098626,+919723098626,ketanadroja100@gmail.com,ketanadroja100@gmail.com
,,,,,,,ARADHH Women Bandeau/Tube Non Padded Bra (Beige),ARADHH,,,,,,
,,,,,,,ARADHH Women Bandeau/Tube Non Padded Bra (Beige),ARADHH,,,,,,
,,,,,,,ARADHH Women Bandeau/Tube Non Padded Bra (Beige),ARADHH,,,,,,
,,,,,,,ARADHH Women Bandeau/Tube Non Padded Bra (Beige),ARADHH,,,,,,
,,,,,,,ARADHH Women Shapewear,ARADHH,,,,,,
,,,,,,,ARADHH Women Shapewear,ARADHH,,,,,,
,,,,,,,ARADHH Women Shapewear,ARADHH,,,,,,
,,,,,,,ARADHH Women Shapewear,ARADHH,,,,,,
,,,,,,,ARADHH Women Tummy & Thigh Shaper (Free),ARADHH,,,,,,
,,,,,,,ARADHH Women Shapewear,ARADHH,,,,,,
,,,,,,,ARADHH Women Shapewear,ARADHH,,,,,,
,,,,,,,ARADHH Women Shapewear,ARADHH,,,,,,
,,,,,,,ARADHH Women Shapewear,ARADHH,,,,,,
,,,,,,,ARADHH Women Shapewear,ARADHH,,,,,,
,,,,,,,ARADHH Women Shapewear,ARADHH,,,,,,
,,,,,,,ARADHH Women Shapewear,ARADHH,,,,,,
,,,,,,,ARADHH Women Shapewear,ARADHH,,,,,,
,,,,,,,DESAI SALES Women Shapewear,DESAI SALES,,,,,,
,,,,,,,ARADHH Women Bandeau/Tube Non Padded Bra (Beige),ARADHH,,,,,,
1455,2ea21bd28fe4429c,PrimeInner,No,silver,2026-06-20,2026-06-22,VVYY Men Brief,VVYY,Possibly a Brand,VVYY,+919033641499,+919033641499,vivafashion1989@gmail.com,vivafashion1989@gmail.com
,,,,,,,VIVA PLAST Men Brief,VIVA PLAST,,,,,,
,,,,,,,VVYY Men Brief,VVYY,,,,,,
,,,,,,,VIVA PLAST Men Brief,VIVA PLAST,,,,,,
,,,,,,,VIVA PLAST Men Brief,VIVA PLAST,,,,,,
,,,,,,,VIVA PLAST Men Brief,VIVA PLAST,,,,,,
,,,,,,,VVYY Men Brief,VVYY,,,,,,
,,,,,,,VVYY Men Brief,VVYY,,,,,,
,,,,,,,VVYY Men Brief,VVYY,,,,,,
,,,,,,,VIVA PLAST Men Brief,VIVA PLAST,,,,,,
,,,,,,,VVYY Men Brief,VVYY,,,,,,
,,,,,,,VIVA PLAST Men Brief,VIVA PLAST,,,,,,
,,,,,,,VVYY Men Brief,VVYY,,,,,,
,,,,,,,VVYY Men Brief,VVYY,,,,,,
,,,,,,,VVYY Men Brief,VVYY,,,,,,
,,,,,,,VVYY Men Brief,VVYY,,,,,,
,,,,,,,VIVA PLAST Men Brief,VIVA PLAST,,,,,,
,,,,,,,VVYY Men Brief,VVYY,,,,,,
,,,,,,,VVYY Men Brief,VVYY,,,,,,
,,,,,,,VVYY Men Brief,VVYY,,,,,,
1456,a2c3a8d8f4824cdc,AURACREW,No,silver,2026-06-17,2026-06-18,AURACREW Men Brief,AURACREW,Possibly a Brand,AURACREW,+919998030674,+919998030674,auracrew1967@gmail.com,auracrew1967@gmail.com
,,,,,,,AURACREW Men Brief,AURACREW,,,,,,
,,,,,,,MD Enterprise Men Brief,MD Enterprise,,,,,,
,,,,,,,AURACREW Men Brief,AURACREW,,,,,,
,,,,,,,AURACREW Men Brief,AURACREW,,,,,,
,,,,,,,AURACREW Men Brief,AURACREW,,,,,,
,,,,,,,AURACREW Men Brief,AURACREW,,,,,,
,,,,,,,AURACREW Men Brief,AURACREW,,,,,,
,,,,,,,AURACREW Men Brief,AURACREW,,,,,,
,,,,,,,AURACREW Men Brief,AURACREW,,,,,,
,,,,,,,MD ENETRPRISE Men Brief,MD ENETRPRISE,,,,,,
,,,,,,,AURACREW Men Brief,AURACREW,,,,,,
,,,,,,,AURACREW Men Brief,AURACREW,,,,,,
,,,,,,,AURACREW Men Brief,AURACREW,,,,,,
,,,,,,,AURACREW Men Brief,AURACREW,,,,,,
,,,,,,,AURACREW Men Brief,AURACREW,,,,,,
,,,,,,,AURACREW Men Brief,AURACREW,,,,,,
,,,,,,,AURACREW Men Brief,AURACREW,,,,,,
,,,,,,,AURACREW Men Brief,AURACREW,,,,,,
,,,,,,,AURACREW Men Brief,AURACREW,,,,,,
1457,13a08053347f4d04,INSANITEEE,No,silver,2020-01-07,2020-08-14,INSANITEE Nylon Trunk,INSANITEE,Possibly a Brand,INSANITEE,+919716668102,+919716668102,Fashionfarmers4411@gmail.com,Fashionfarmers4411@gmail.com
,,,,,,,INSANITEE Nylon Trunk,INSANITEE,,,,,,
,,,,,,,INSANITEE Nylon Trunk,INSANITEE,,,,,,
,,,,,,,INSANITEE Nylon Trunk (Pack of 2),INSANITEE,,,,,,
,,,,,,,INSANITEE Nylon Trunk (Pack of 2),INSANITEE,,,,,,
,,,,,,,INSANITEE Nylon Trunk,INSANITEE,,,,,,
,,,,,,,INSANITEE Nylon Trunk (Pack of 2),INSANITEE,,,,,,
,,,,,,,INSANITEE Nylon Trunk,INSANITEE,,,,,,
,,,,,,,INSANITEE Men Brief,INSANITEE,,,,,,
,,,,,,,INSANITEE Nylon Trunk (Pack of 4),INSANITEE,,,,,,
,,,,,,,INSANITEE Men Brief,INSANITEE,,,,,,
,,,,,,,INSANITEE Nylon Trunk (Pack of 4),INSANITEE,,,,,,
,,,,,,,INSANITEE Nylon Trunk,INSANITEE,,,,,,
,,,,,,,INSANITEE Solid Men Hooded Neck Black T-Shirt,INSANITEE,,,,,,
,,,,,,,INSANITEE Nylon Trunk,INSANITEE,,,,,,
,,,,,,,INSANITEE Nylon Trunk,INSANITEE,,,,,,
,,,,,,,INSANITEE Men Brief,INSANITEE,,,,,,
,,,,,,,INSANITEE Men Brief,INSANITEE,,,,,,
,,,,,,,INSANITEE Nylon Trunk,INSANITEE,,,,,,
,,,,,,,INSANITEE Nylon Trunk (Pack of 4),INSANITEE,,,,,,
1458,ac2e411d907c4d8d,TRUNKWALA,Yes,silver,2022-06-09,2022-06-10,,,,,,,,
1459,f6e1735c76b845d9,J G Hosiery Stores,Yes,bronze,2021-02-19,2021-03-30,,,,,,,,
1460,674edf95a5ac4d74,JARVOLIFESTYLE,No,gold,2025-11-21,2025-12-29,Jarvo Men Brief,Jarvo,Possibly a Brand,Jarvo,+919099051660,+919099051660,jarvolifestyle1@gmail.com,jarvolifestyle1@gmail.com
,,,,,,,Jarvo Men Brief,Jarvo,,,,,,
,,,,,,,Jarvo Men Brief,Jarvo,,,,,,
,,,,,,,Jarvo Men Brief,Jarvo,,,,,,
,,,,,,,Jarvo Men Brief,Jarvo,,,,,,
,,,,,,,Jarvo Men Brief,Jarvo,,,,,,
,,,,,,,Jarvo Men Brief,Jarvo,,,,,,
,,,,,,,Jarvo Men Brief,Jarvo,,,,,,
,,,,,,,Jarvo Men Brief,Jarvo,,,,,,
,,,,,,,Jarvo Men Brief,Jarvo,,,,,,
,,,,,,,Jarvo Men Brief,Jarvo,,,,,,
,,,,,,,Jarvo Men Brief,Jarvo,,,,,,
,,,,,,,Jarvo Men Brief,Jarvo,,,,,,
,,,,,,,Jarvo Men Brief,Jarvo,,,,,,
,,,,,,,Jarvo Men Brief,Jarvo,,,,,,
,,,,,,,Jarvo Men Brief,Jarvo,,,,,,
,,,,,,,Jarvo Men Brief,Jarvo,,,,,,
,,,,,,,Jarvo Men Brief,Jarvo,,,,,,
,,,,,,,Jarvo Men Brief,Jarvo,,,,,,
,,,,,,,Jarvo Men Brief,Jarvo,,,,,,
1461,11159af3f6de412b,ArmanzFashion,No,silver,2021-02-08,2021-02-21,NIKAMMA Men Brief,NIKAMMA,Possibly a Seller,,+918750415682,+918750415682,armanzfaishion@gmail.com,armanzfaishion@gmail.com
,,,,,,,NIKAMMA Men Brief,NIKAMMA,,,,,,
,,,,,,,Muaqam Men Brief,Muaqam,,,,,,
,,,,,,,Muaqam Men Brief,Muaqam,,,,,,
,,,,,,,Muaqam Men Brief,Muaqam,,,,,,
,,,,,,,STYFLIX Men Brief,STYFLIX,,,,,,
,,,,,,,STYFLIX Men Brief,STYFLIX,,,,,,
,,,,,,,STYFLIX Men Brief,STYFLIX,,,,,,
,,,,,,,STYFLIX Men Brief,STYFLIX,,,,,,
,,,,,,,NIKAMMA Men Brief,NIKAMMA,,,,,,
,,,,,,,Muaqam Men Brief,Muaqam,,,,,,
,,,,,,,STYFLIX Men Brief,STYFLIX,,,,,,
,,,,,,,NIKAMMA Men Brief,NIKAMMA,,,,,,
,,,,,,,Muaqam Men Brief,Muaqam,,,,,,
,,,,,,,Muquam Lingerie Set,Muquam,,,,,,
,,,,,,,NIKAMMA Men Brief,NIKAMMA,,,,,,
,,,,,,,Muaqam Men Brief,Muaqam,,,,,,
,,,,,,,The Pleasure Hub Men Brief,The Pleasure Hub,,,,,,
,,,,,,,Muaqam Men Brief,Muaqam,,,,,,
,,,,,,,The Pleasure Hub Men Brief,The Pleasure Hub,,,,,,
1462,178c8652c9b44710,JARNAVLIFESTYLE,No,gold,2025-03-15,2025-03-17,JARNAV LIFESTYLE Men Brief,JARNAV LIFESTYLE,Possibly a Brand,JARNAV LIFESTYLE,+918200603019,+918200603019,JARNAVLIFESTYLE@GMAIL.COM,JARNAVLIFESTYLE@GMAIL.COM
,,,,,,,JARNAV LIFESTYLE Men Brief,JARNAV LIFESTYLE,,,,,,
,,,,,,,JARNAV LIFESTYLE Men Brief,JARNAV LIFESTYLE,,,,,,
,,,,,,,JARNAV LIFESTYLE Men Brief,JARNAV LIFESTYLE,,,,,,
,,,,,,,JARNAV LIFESTYLE Men Brief,JARNAV LIFESTYLE,,,,,,
,,,,,,,JARNAV LIFESTYLE Men Brief,JARNAV LIFESTYLE,,,,,,
,,,,,,,JARNAV LIFESTYLE Men Brief,JARNAV LIFESTYLE,,,,,,
,,,,,,,JARNAV LIFESTYLE Men Brief,JARNAV LIFESTYLE,,,,,,
,,,,,,,JARNAV LIFESTYLE Men Brief,JARNAV LIFESTYLE,,,,,,
,,,,,,,JARNAV LIFESTYLE Men Brief,JARNAV LIFESTYLE,,,,,,
,,,,,,,JARNAV LIFESTYLE Cotton Blend Trunk,JARNAV LIFESTYLE,,,,,,
,,,,,,,JARNAV LIFESTYLE Men Brief,JARNAV LIFESTYLE,,,,,,
,,,,,,,JARNAV LIFESTYLE Men Brief,JARNAV LIFESTYLE,,,,,,
,,,,,,,JARNAV LIFESTYLE Men Brief,JARNAV LIFESTYLE,,,,,,
,,,,,,,JARNAV LIFESTYLE Men Brief,JARNAV LIFESTYLE,,,,,,
,,,,,,,JARNAV LIFESTYLE Men Brief,JARNAV LIFESTYLE,,,,,,
,,,,,,,JARNAV LIFESTYLE Men Brief,JARNAV LIFESTYLE,,,,,,
,,,,,,,JARNAV LIFESTYLE Men Brief,JARNAV LIFESTYLE,,,,,,
,,,,,,,JARNAV LIFESTYLE Men Brief,JARNAV LIFESTYLE,,,,,,
,,,,,,,JARNAV LIFESTYLE Men Brief,JARNAV LIFESTYLE,,,,,,
1463,b5a54d45a8604729,MAAHINHOSIERY,No,bronze,2024-07-16,2024-07-18,Alharsha Men Vest,Alharsha,Possibly a Brand,Alharsha,+916379860248,+916379860248,maahinhosiery@gmail.com,maahinhosiery@gmail.com
,,,,,,,Alharsha Men Vest,Alharsha,,,,,,
,,,,,,,Alharsha Men Vest,Alharsha,,,,,,
,,,,,,,Alharsha Men Vest,Alharsha,,,,,,
,,,,,,,Alharsha Men Vest,Alharsha,,,,,,
,,,,,,,"Mahadhi Top For Boys (White, Pack of 3)",Mahadhi,,,,,,
,,,,,,,Alharsha Men Vest,Alharsha,,,,,,
,,,,,,,"Mahadhi Top For Boys (White, Pack of 2)",Mahadhi,,,,,,
,,,,,,,Alharsha Men Vest,Alharsha,,,,,,
,,,,,,,Alharsha Ethnic Wear Legging (Multicolor),Alharsha,,,,,,
,,,,,,,"Alharsha Ankle Length Ethnic Wear Legging (Black, Purple, Solid)",Alharsha,,,,,,
,,,,,,,"Alharsha Ankle Length Ethnic Wear Legging (Multicolor, Solid)",Alharsha,,,,,,
,,,,,,,"Alharsha Ankle Length Ethnic Wear Legging (Multicolor, Solid)",Alharsha,,,,,,
,,,,,,,Alharsha Legging (Multicolor),Alharsha,,,,,,
,,,,,,,"Alharsha Ankle Length Ethnic Wear Legging (Multicolor, Solid)",Alharsha,,,,,,
,,,,,,,"Alharsha Ankle Length Ethnic Wear Legging (Multicolor, Solid)",Alharsha,,,,,,
,,,,,,,"Alharsha Ankle Length Ethnic Wear Legging (Multicolor, Solid)",Alharsha,,,,,,
,,,,,,,HISHA Cotton Blend Trunk (Pack of 2),HISHA,,,,,,
,,,,,,,HISHA Cotton Blend Trunk (Pack of 2),HISHA,,,,,,
,,,,,,,HISHA Cotton Blend Trunk (Pack of 2),HISHA,,,,,,
1464,1bb2e15f809f4459,REDXENTERPRISE,No,gold,2019-08-22,2019-09-11,REDX Men Brief,REDX,Possibly a Brand,REDX,+919427902314,+919427902314,redxenterprise34@gmail.com,redxenterprise34@gmail.com
,,,,,,,REDX Men Brief,REDX,,,,,,
,,,,,,,REDX Men Brief,REDX,,,,,,
,,,,,,,REDX Men Brief,REDX,,,,,,
,,,,,,,REDX Men Brief,REDX,,,,,,
,,,,,,,REDX Men Brief,REDX,,,,,,
,,,,,,,REDX Men Brief,REDX,,,,,,
,,,,,,,REDX Men Brief,REDX,,,,,,
,,,,,,,REDX Men Brief,REDX,,,,,,
,,,,,,,REDX Men Brief,REDX,,,,,,
,,,,,,,REDX Men Brief,REDX,,,,,,
,,,,,,,REDX Men Brief,REDX,,,,,,
,,,,,,,REDX Men Brief,REDX,,,,,,
,,,,,,,REDX Men Brief,REDX,,,,,,
,,,,,,,REDX Men Brief,REDX,,,,,,
,,,,,,,REDX Men Brief,REDX,,,,,,
,,,,,,,REDX Men Brief,REDX,,,,,,
,,,,,,,REDX Men Brief,REDX,,,,,,
,,,,,,,REDX Men Brief,REDX,,,,,,
,,,,,,,REDX Men Brief,REDX,,,,,,
1465,47f3ba9ced5043ff,VIPCLOTHINGLTD,Yes,bronze,2015-09-15,2015-09-25,,,,,,,,
1466,82766b515a9c4d91,DeeraEnterprise,No,silver,2026-04-02,2026-04-03,"deeraenterprise Shoes Cleaning Brush Brush (50 ml, Multicolor)",deeraenterprise,Possibly a Brand,deeraenterprise,+919408259657,+919408259657,deeraenterprise011@gmail.com,deeraenterprise011@gmail.com
,,,,,,,deeraenterprise Men Brief,deeraenterprise,,,,,,
,,,,,,,deeraenterprise Men Brief,deeraenterprise,,,,,,
,,,,,,,deeraenterprise Men Brief,deeraenterprise,,,,,,
,,,,,,,deeraenterprise Men Brief,deeraenterprise,,,,,,
,,,,,,,deeraenterprise Men Brief,deeraenterprise,,,,,,
,,,,,,,"deeraenterprise Shoes Cleaning Brush (50 ml, Multicolor)",deeraenterprise,,,,,,
,,,,,,,deeraenterprise Men Brief,deeraenterprise,,,,,,
,,,,,,,deeraenterprise Men Brief,deeraenterprise,,,,,,
,,,,,,,deeraenterprise Men Brief,deeraenterprise,,,,,,
,,,,,,,deeraenterprise Men Brief,deeraenterprise,,,,,,
,,,,,,,deeraenterprise Men Brief,deeraenterprise,,,,,,
,,,,,,,deeraenterprise Kitchen Cleaner (100 ml),deeraenterprise,,,,,,
,,,,,,,deeraenterprise Men Brief,deeraenterprise,,,,,,
,,,,,,,"Magic Book (peparback, Rhonda Byrne)",2002,,,,,,
,,,,,,,"Magic Practice Copybook For Kids, 4 Pack Comfy Kid Handwriting Book Set For Preschoolers, Lifepigment Copybook, Reusable Calligraphy Tracing Workbook With Pen & Aid Pen Grip Notebooks (Practice Book, Generic)",Hunk Deal's,,,,,,
,,,,,,,deeraenterprise Men Brief,deeraenterprise,,,,,,
,,,,,,,deeraenterprise Men Brief,deeraenterprise,,,,,,
,,,,,,,deeraenterprise Men Brief,deeraenterprise,,,,,,
,,,,,,,"Sank Magic Book  - Magic Calligraphy Books For Kids (1 Book + 10 Refills + Pen + grip) Self Deleting Reusable Number Tracing Alphabets writing for Kids age 3+ (Size-19*13cm) with 1 Disc (English, Paperback, unknown)",Rainbow Enterprises,,,,,,
1467,92464355c98a4f92,SARATEXX,No,silver,2025-03-13,2025-03-17,SARA TEX Cotton Blend Trunk,SARA TEX,Possibly a Seller,,+917048008421,+917048008421,saratex1980@gmail.com,saratex1980@gmail.com
,,,,,,,Sara tex Men Brief,Sara tex,,,,,,
,,,,,,,SARA TEX Cotton Blend Trunk,SARA TEX,,,,,,
,,,,,,,SARA TEX Cotton Blend Trunk,SARA TEX,,,,,,
,,,,,,,SARA TEX Cotton Blend Trunk,SARA TEX,,,,,,
,,,,,,,Sara tex Men Brief,Sara tex,,,,,,
,,,,,,,SARA TEX Cotton Blend Trunk,SARA TEX,,,,,,
,,,,,,,SARA TEX Cotton Blend Trunk,SARA TEX,,,,,,
,,,,,,,SARA TEX Cotton Blend Trunk,SARA TEX,,,,,,
,,,,,,,Sara tex Men Brief,Sara tex,,,,,,
,,,,,,,Sara tex Men Brief,Sara tex,,,,,,
,,,,,,,SARA TEX Cotton Blend Trunk,SARA TEX,,,,,,
,,,,,,,Sara tex Men Brief,Sara tex,,,,,,
,,,,,,,Sara tex Men Brief,Sara tex,,,,,,
,,,,,,,SARA TEX Cotton Blend Trunk,SARA TEX,,,,,,
,,,,,,,SARA TEX Cotton Blend Trunk,SARA TEX,,,,,,
,,,,,,,Sara tex Men Brief,Sara tex,,,,,,
,,,,,,,SARA TEX Cotton Blend Trunk,SARA TEX,,,,,,
,,,,,,,Sara tex Men Brief,Sara tex,,,,,,
,,,,,,,SARA TEX Cotton Blend Trunk,SARA TEX,,,,,,
1468,c77aefe853674a26,YUCXY,No,silver,2026-06-14,2026-06-26,YUCXY Men Brief,YUCXY,Possibly a Brand,YUCXY,+919712166167,+919712166167,uvbapu4747@gmail.com,uvbapu4747@gmail.com
,,,,,,,YUCXY Men Brief,YUCXY,,,,,,
,,,,,,,YUCXY Men Brief,YUCXY,,,,,,
,,,,,,,YUCXY Men Brief,YUCXY,,,,,,
,,,,,,,YUCXY Men Brief,YUCXY,,,,,,
,,,,,,,YUCXY Men Brief,YUCXY,,,,,,
,,,,,,,YUCXY Men Brief,YUCXY,,,,,,
,,,,,,,YUCXY Men Brief,YUCXY,,,,,,
,,,,,,,YUCXY Men Brief,YUCXY,,,,,,
,,,,,,,YUCXY Men Brief,YUCXY,,,,,,
,,,,,,,YUCXY Men Brief,YUCXY,,,,,,
,,,,,,,YUCXY Men Brief,YUCXY,,,,,,
,,,,,,,YUCXY Men Brief,YUCXY,,,,,,
,,,,,,,YUCXY Nylon Trunk (Pack of 3),YUCXY,,,,,,
,,,,,,,YUCXY Nylon Trunk (Pack of 3),YUCXY,,,,,,
,,,,,,,YUCXY Nylon Trunk (Pack of 3),YUCXY,,,,,,
,,,,,,,YUCXY Nylon Trunk (Pack of 3),YUCXY,,,,,,
,,,,,,,YUCXY Nylon Trunk (Pack of 3),YUCXY,,,,,,
,,,,,,,YUCXY Nylon Trunk (Pack of 3),YUCXY,,,,,,
,,,,,,,YUCXY Men Brief,YUCXY,,,,,,
1469,2d6a21411dd24e1c,SNTextiles,No,bronze,2020-06-19,2021-06-12,DIXCY SCOTT Pure Cotton Trunk,DIXCY SCOTT,Possibly a Brand,DIXCY SCOTT,+919828290167,+919828290167,fashionplay0210@gmail.com,fashionplay0210@gmail.com
,,,,,,,DIXCY SCOTT Men Brief,DIXCY SCOTT,,,,,,
,,,,,,,DIXCY SCOTT Men Brief,DIXCY SCOTT,,,,,,
,,,,,,,DIXCY SCOTT Men Brief,DIXCY SCOTT,,,,,,
,,,,,,,DIXCY SCOTT Men Vest,DIXCY SCOTT,,,,,,
,,,,,,,DIXCY SCOTT Men Brief,DIXCY SCOTT,,,,,,
,,,,,,,DIXCY SCOTT Men Vest,DIXCY SCOTT,,,,,,
,,,,,,,DIXCY SCOTT Printed Men Boxer,DIXCY SCOTT,,,,,,
,,,,,,,DIXCY SCOTT Men Brief,DIXCY SCOTT,,,,,,
,,,,,,,DIXCY SCOTT Men Brief,DIXCY SCOTT,,,,,,
,,,,,,,DIXCY SCOTT Men Brief,DIXCY SCOTT,,,,,,
,,,,,,,DIXCY SCOTT Men Swish 100% Combed Cotton - Breathable | C-Open | No Ride up Long Trunk Brief,DIXCY SCOTT,,,,,,
,,,,,,,DIXCY SCOTT Men Vest,DIXCY SCOTT,,,,,,
,,,,,,,DIXCY SCOTT Men Vest,DIXCY SCOTT,,,,,,
,,,,,,,DIXCY SCOTT Men Vest,DIXCY SCOTT,,,,,,
,,,,,,,DIXCY SCOTT Women Hipster Multicolor Panty,DIXCY SCOTT,,,,,,
,,,,,,,DIXCY SCOTT Men Vest,DIXCY SCOTT,,,,,,
,,,,,,,DIXCY SCOTT Men Vest,DIXCY SCOTT,,,,,,
,,,,,,,DIXCY SCOTT Pure Cotton Trunk,DIXCY SCOTT,,,,,,
,,,,,,,DIXCY SCOTT Men Brief,DIXCY SCOTT,,,,,,
1470,d4056507adc749b5,HIRDYAENTERPRISES,Yes,gold,2025-10-28,2025-10-29,,,,,,,,
1471,45dfaae43a2f45c2,CKSTOREmfg,No,silver,2026-07-20,2026-07-21,,,Possibly a Seller,,+919898386574,+919898386574,champakumawat520@gmail.com,champakumawat520@gmail.com
1472,303aa95b125c4778,PGENTERPRIES,No,bronze,2022-12-27,2022-12-29,"jashvicreation Embroidered Kurta, Patiala & Dupatta Set",jashvicreation,Possibly a Seller,,+919409494989,+919409494989,Pgenterprise316@gmail.com,Pgenterprise316@gmail.com
,,,,,,,"RN Sales Self Design Kurta, Patiala & Dupatta Set",RN Sales,,,,,,
,,,,,,,"jashvicreation Embroidered Kurta, Patiala & Dupatta Set",jashvicreation,,,,,,
,,,,,,,KarmaLoops Women Kurta Dupatta Set,KarmaLoops,,,,,,
,,,,,,,"RN Sales Self Design Kurta, Patiala & Dupatta Set",RN Sales,,,,,,
,,,,,,,DRI ENTERPRISE Anarkali Gown (Black),DRI ENTERPRISE,,,,,,
,,,,,,,DRI ENTERPRISE Anarkali Gown (Maroon),DRI ENTERPRISE,,,,,,
,,,,,,,PG Enterprises Anarkali Gown (White),PG Enterprises,,,,,,
,,,,,,,Neer Fab Women Kurta Pant Dupatta Set,Neer Fab,,,,,,
,,,,,,,Neer Fab Women Kurta Pant Dupatta Set,Neer Fab,,,,,,
,,,,,,,"PG Enterprises Self Design Kurta, Trouser/Pant & Dupatta Set",PG Enterprises,,,,,,
,,,,,,,"PG Enterprises Self Design Kurta, Trouser/Pant & Dupatta Set",PG Enterprises,,,,,,
,,,,,,,"PG Enterprises Self Design Kurta, Trouser/Pant & Dupatta Set",PG Enterprises,,,,,,
,,,,,,,"PG Enterprises Kurta, Trouser/Pant & Dupatta Set",PG Enterprises,,,,,,
,,,,,,,"PG Enterprises Self Design Kurta, Trouser/Pant & Dupatta Set",PG Enterprises,,,,,,
,,,,,,,"PG Enterprises Self Design Kurta, Trouser/Pant & Dupatta Set",PG Enterprises,,,,,,
,,,,,,,"PG Enterprises Self Design Kurta, Trouser/Pant & Dupatta Set",PG Enterprises,,,,,,
,,,,,,,"PG Enterprises Self Design Kurta, Trouser/Pant & Dupatta Set",PG Enterprises,,,,,,
,,,,,,,"PG Enterprises Self Design Kurta, Trouser/Pant & Dupatta Set",PG Enterprises,,,,,,
,,,,,,,"PG Enterprises Kurta, Trouser/Pant & Dupatta Set",PG Enterprises,,,,,,
1473,4470b65b545143a3,GRISHAFASHION0512,No,silver,2026-03-06,2026-03-11,"GRISHAFASHION Embroidered Kurta, Salwar & Dupatta Set",GRISHAFASHION,Possibly a Brand,GRISHAFASHION,+917069222343,+917069222343,grishafashion2550@gmail.com,grishafashion2550@gmail.com
,,,,,,,"GRISHAFASHION Embroidered Kurta, Salwar & Dupatta Set",GRISHAFASHION,,,,,,
,,,,,,,"GRISHAFASHION Embroidered Kurta, Salwar & Dupatta Set",GRISHAFASHION,,,,,,
,,,,,,,"GRISHAFASHION Printed Kurta, Trouser/Pant & Dupatta Set",GRISHAFASHION,,,,,,
,,,,,,,"GRISHAFASHION Embroidered Kurta, Trouser/Pant & Dupatta Set",GRISHAFASHION,,,,,,
,,,,,,,"GRISHAFASHION Embroidered Kurta, Trouser/Pant & Dupatta Set",GRISHAFASHION,,,,,,
,,,,,,,"GRISHAFASHION Embroidered Kurta, Salwar & Dupatta Set",GRISHAFASHION,,,,,,
,,,,,,,"GRISHAFASHION Embroidered Kurta, Trouser/Pant & Dupatta Set",GRISHAFASHION,,,,,,
,,,,,,,"GRISHAFASHION Embroidered Kurta, Trouser/Pant & Dupatta Set",GRISHAFASHION,,,,,,
,,,,,,,"GRISHAFASHION Embroidered Kurta, Trouser/Pant & Dupatta Set",GRISHAFASHION,,,,,,
,,,,,,,"GRISHAFASHION Embroidered Kurta, Trouser/Pant & Dupatta Set",GRISHAFASHION,,,,,,
,,,,,,,"GRISHAFASHION Woven Kurta, Trouser/Pant & Dupatta Set",GRISHAFASHION,,,,,,
,,,,,,,"GRISHAFASHION Embroidered Kurta, Salwar & Dupatta Set",GRISHAFASHION,,,,,,
,,,,,,,"GRISHAFASHION Embroidered Kurta, Trouser/Pant & Dupatta Set",GRISHAFASHION,,,,,,
,,,,,,,"GRISHAFASHION Embroidered Kurta, Trouser/Pant & Dupatta Set",GRISHAFASHION,,,,,,
,,,,,,,"GRISHAFASHION Embroidered Kurta, Trouser/Pant & Dupatta Set",GRISHAFASHION,,,,,,
,,,,,,,"GRISHAFASHION Embroidered Kurta, Salwar & Dupatta Set",GRISHAFASHION,,,,,,
,,,,,,,"GRISHAFASHION Embroidered Kurta, Salwar & Dupatta Set",GRISHAFASHION,,,,,,
,,,,,,,"GRISHAFASHION Woven Kurta, Trouser/Pant & Dupatta Set",GRISHAFASHION,,,,,,
,,,,,,,"GRISHAFASHION Embroidered Kurta, Trouser/Pant & Dupatta Set",GRISHAFASHION,,,,,,
1474,e49ce97a18714273,BLOOMFAB,Yes,silver,2019-03-27,2019-04-13,,,,,,,,
1475,ed21342107fe4ee7,Ywi,No,silver,2022-03-09,2022-03-16,BKMADHU Polycotton Printed Shirt Fabric,BKMADHU,Possibly a Seller,,+917203829767,+917203829767,shoppinghouse.in11@gmail.com,shoppinghouse.in11@gmail.com
,,,,,,,kuchali Polyester Printed Shirt Fabric,kuchali,,,,,,
,,,,,,,SEEMATEX Polycotton Colorblock Shirt Fabric,SEEMATEX,,,,,,
,,,,,,,Maitree Creations Polycotton Printed Shirt Fabric,Maitree Creations,,,,,,
,,,,,,,IZZY WEAR CLOTHING Polycotton Printed Shirt Fabric,IZZY WEAR CLOTHING,,,,,,
,,,,,,,"RADHE SALES Polycotton Floral Print, Printed Shirt Fabric",RADHE SALES,,,,,,
,,,,,,,NILKHANTHFARIC Polycotton Solid Shirt & Trouser Fabric,NILKHANTHFARIC,,,,,,
,,,,,,,GOPGAN TRENDZ Polycotton Printed Shirt Fabric,GOPGAN TRENDZ,,,,,,
,,,,,,,kuchali Polyester Printed Shirt Fabric,kuchali,,,,,,
,,,,,,,Mahi creations Linen Printed Shirt Fabric,Mahi creations,,,,,,
,,,,,,,GUOYU Cotton Blend Printed Shirt Fabric,GUOYU,,,,,,
,,,,,,,NILKHANTHFABRIC Polycotton Floral Print Shirt Fabric,NILKHANTHFABRIC,,,,,,
,,,,,,,RUKUZ Cotton Blend Printed Shirt Fabric,RUKUZ,,,,,,
,,,,,,,FINER FOLK Polycotton Striped Shirt Fabric,FINER FOLK,,,,,,
,,,,,,,tmcretion Polycotton Printed Shirt & Trouser Fabric,tmcretion,,,,,,
,,,,,,,SEEMATEX Polycotton Self Design Shirt Fabric,SEEMATEX,,,,,,
,,,,,,,Rekag Polycotton Self Design Shirt & Trouser Fabric,Rekag,,,,,,
,,,,,,,Rekag Cotton Blend Solid Shirt & Trouser Fabric,Rekag,,,,,,
,,,,,,,NILKHANTHFARIC Polycotton Printed Shirt Fabric,NILKHANTHFARIC,,,,,,
,,,,,,,NILKHANTHFARIC Polycotton Solid Shirt & Trouser Fabric,NILKHANTHFARIC,,,,,,
1476,03423c21cdcf4753,RIVATEXTILE,No,gold,2024-07-05,2024-07-07,RIVA Women Kurta and Dupatta Set,RIVA,Possibly a Seller,,+919409657000,+919409657000,contact.rivatextile@gmail.com,contact.rivatextile@gmail.com
,,,,,,,RIVA Women Kurta and Dupatta Set,RIVA,,,,,,
,,,,,,,RIVA Women Kurta and Dupatta Set,RIVA,,,,,,
,,,,,,,Riva Women Kurti Patiala Dupatta Set,Riva,,,,,,
,,,,,,,"Riva Printed Kurta, Sharara & Dupatta Set",Riva,,,,,,
,,,,,,,"Riva Self Design Kurta, Patiala & Dupatta Set",Riva,,,,,,
,,,,,,,"Riva Women Floral Print Flared Kurta (Yellow, Blue)",Riva,,,,,,
,,,,,,,"RIVA TEXTILE Embroidered Kurta, Trouser/Pant & Dupatta Set",RIVA TEXTILE,,,,,,
,,,,,,,"PRISTINO Self Design Kurta, Salwar & Dupatta Set",PRISTINO,,,,,,
,,,,,,,"PRISTINO Self Design Kurta, Salwar & Dupatta Set",PRISTINO,,,,,,
,,,,,,,Riva Women Kurti Patiala Dupatta Set,Riva,,,,,,
,,,,,,,Riva Women Fit and Flare Black Maxi/Full Length Dress,Riva,,,,,,
,,,,,,,"Riva Floral Print, Solid Kurta, Trouser/Pant & Dupatta Set",Riva,,,,,,
,,,,,,,RIVA Women Kurta and Dupatta Set,RIVA,,,,,,
,,,,,,,"PRISTINO Self Design Kurta, Salwar & Dupatta Set",PRISTINO,,,,,,
,,,,,,,"Riva Self Design Kurta, Patiala & Dupatta Set",Riva,,,,,,
,,,,,,,RIVA Women Kurta and Dupatta Set,RIVA,,,,,,
,,,,,,,"Riva Self Design Kurta, Patiala & Dupatta Set",Riva,,,,,,
,,,,,,,"PRISTINO Self Design Kurta, Salwar & Dupatta Set",PRISTINO,,,,,,
,,,,,,,"RIVATEXTILE Kurta, Trouser/Pant & Dupatta Set",RIVATEXTILE,,,,,,
1477,6857ab52113345b1,Koskii,Yes,silver,2025-06-03,2025-06-27,,,,,,,,
1478,f60f54ef35ab4093,SaifAlex,No,silver,2025-05-31,2026-04-25,SA Traders Crepe Self Design Abaya (Black),SA Traders,Possibly a Brand,SA Traders,+917818047596,+917818047596,saifalex052@gmail.com,saifalex052@gmail.com
,,,,,,,SA Traders Solid Chiffon Women Scarf,SA Traders,,,,,,
,,,,,,,SA Traders Nida Matte Solid Abaya (Black),SA Traders,,,,,,
,,,,,,,SA Traders Nida Matte Solid Abaya (Black),SA Traders,,,,,,
,,,,,,,SA Traders Nida Matte Solid Abaya (Black),SA Traders,,,,,,
,,,,,,,SA Traders Nida Matte Self Design Abaya (Black),SA Traders,,,,,,
,,,,,,,SA Traders Nida Matte Solid Abaya (Black),SA Traders,,,,,,
,,,,,,,SA Traders Nida Matte Solid Abaya (Black),SA Traders,,,,,,
,,,,,,,SA Traders Nida Matte Solid Abaya (Black),SA Traders,,,,,,
,,,,,,,SA Traders Nida Matte Self Design Abaya (Black),SA Traders,,,,,,
,,,,,,,SA Traders Nida Matte Solid Abaya With Hijab (Black),SA Traders,,,,,,
,,,,,,,SA Traders Nida Matte Solid Abaya (Black),SA Traders,,,,,,
,,,,,,,SA Traders Nida Matte Solid Abaya With Hijab (Black),SA Traders,,,,,,
,,,,,,,SA Traders Nida Matte Solid Abaya (Black),SA Traders,,,,,,
,,,,,,,SA Traders Printed Men Round Neck Black T-Shirt,SA Traders,,,,,,
,,,,,,,SA Traders Nida Matte Solid Abaya (Black),SA Traders,,,,,,
,,,,,,,SA Traders Nida Matte Solid Abaya With Hijab (Black),SA Traders,,,,,,
,,,,,,,SA Traders Nida Matte Self Design Abaya With Hijab (Black),SA Traders,,,,,,
,,,,,,,SA Traders Printed Men Black Sports Shorts,SA Traders,,,,,,
,,,,,,,SA Traders Nida Matte Solid Abaya (Black),SA Traders,,,,,,
1479,35ba1ce4318e428e,ASHRAFCREATION9,No,bronze,2026-01-05,2026-01-25,vimuri Women Ethnic Top Pant Dupatta Set,vimuri,Possibly a Brand,Ashrafs,+918016767952,+918016767952,ashrafali44419@gmail.com,ashrafali44419@gmail.com
,,,,,,,Ashrafs Women Kurta Sharara Dupatta Set,Ashrafs,,,,,,
,,,,,,,Ashrafs Women Kurta Sharara Dupatta Set,Ashrafs,,,,,,
,,,,,,,Ashrafs Women Kurta Sharara Dupatta Set,Ashrafs,,,,,,
,,,,,,,Ashrafs Women Kurta Sharara Dupatta Set,Ashrafs,,,,,,
,,,,,,,Ashrafs Women Kurta Sharara Dupatta Set,Ashrafs,,,,,,
,,,,,,,Ashrafs Women Kurta Sharara Dupatta Set,Ashrafs,,,,,,
,,,,,,,Ashrafs Women Kurta Sharara Dupatta Set,Ashrafs,,,,,,
,,,,,,,Ashrafs Women Kurta Sharara Dupatta Set,Ashrafs,,,,,,
,,,,,,,Ashrafs Women Kurta Sharara Dupatta Set,Ashrafs,,,,,,
,,,,,,,Ashrafs Women Kurta Sharara Dupatta Set,Ashrafs,,,,,,
,,,,,,,Ashrafs Women Kurta Sharara Dupatta Set,Ashrafs,,,,,,
,,,,,,,Ashrafs Women Kurta Sharara Dupatta Set,Ashrafs,,,,,,
,,,,,,,Ashrafs Women Kurta Sharara Dupatta Set,Ashrafs,,,,,,
,,,,,,,Ashrafs Women Kurta Sharara Dupatta Set,Ashrafs,,,,,,
,,,,,,,Ashrafs Women Kurta Sharara Dupatta Set,Ashrafs,,,,,,
,,,,,,,Ashrafs Women Kurta Sharara Dupatta Set,Ashrafs,,,,,,
,,,,,,,Ashrafs Women Kurta Sharara Dupatta Set,Ashrafs,,,,,,
,,,,,,,Ashrafs Women Kurta Sharara Dupatta Set,Ashrafs,,,,,,
,,,,,,,Ashrafs Women Kurta Sharara Dupatta Set,Ashrafs,,,,,,
1480,215086089f7344b8,shreejeenmata,No,gold,2015-08-09,2015-12-08,SHREE JEENMATA COLLECTION Pure Cotton Printed Kurta & Patiyala Material,SHREE JEENMATA COLLECTION,Possibly a Brand,SHREE JEENMATA COLLECTION,+919768356083,+919768356083,jagdishsinghs79@gmail.com,jagdishsinghs79@gmail.com
,,,,,,,SHREE JEENMATA COLLECTION Cotton Blend Printed Salwar Suit Material,SHREE JEENMATA COLLECTION,,,,,,
,,,,,,,Shree Jeen Mata Collection Women Nighty (Multicolor),Shree Jeen Mata Collection,,,,,,
,,,,,,,SHREE JEENMATA COLLECTION Cotton Blend Printed Salwar Suit Material,SHREE JEENMATA COLLECTION,,,,,,
,,,,,,,SHREE JEENMATA COLLECTION Crepe Embellished Salwar Suit Material,SHREE JEENMATA COLLECTION,,,,,,
,,,,,,,"SHREE JEENMATA COLLECTION Printed Kurta, Patiala & Dupatta Set",SHREE JEENMATA COLLECTION,,,,,,
,,,,,,,SHREE JEENMATA COLLECTION Cotton Blend Printed Kurta & Patiyala Material,SHREE JEENMATA COLLECTION,,,,,,
,,,,,,,SHREE JEENMATA COLLECTION Cotton Blend Printed Salwar Suit Material,SHREE JEENMATA COLLECTION,,,,,,
,,,,,,,"SHREE JEENMATA COLLECTION Printed Kurta, Patiala & Dupatta Set",SHREE JEENMATA COLLECTION,,,,,,
,,,,,,,"SHREE JEENMATA COLLECTION Printed Kurta, Patiala & Dupatta Set",SHREE JEENMATA COLLECTION,,,,,,
,,,,,,,SHREE JEENMATA COLLECTION Pure Cotton Printed Salwar Suit Material,SHREE JEENMATA COLLECTION,,,,,,
,,,,,,,Shree Jeen Mata Collection Crepe Printed Salwar Suit Material,Shree Jeen Mata Collection,,,,,,
,,,,,,,Shree Jeen Mata Collection Women Solid Straight Kurta (Blue),Shree Jeen Mata Collection,,,,,,
,,,,,,,SHREE JEENMATA COLLECTION Pure Cotton Printed Kurta & Patiyala Material,SHREE JEENMATA COLLECTION,,,,,,
,,,,,,,SHREE JEENMATA COLLECTION Pure Cotton Printed Kurta & Patiyala Material,SHREE JEENMATA COLLECTION,,,,,,
,,,,,,,SHREE JEENMATA COLLECTION Pure Cotton Printed Kurta & Patiyala Material,SHREE JEENMATA COLLECTION,,,,,,
,,,,,,,SHREE JEENMATA COLLECTION Pure Cotton Printed Kurta & Patiyala Material,SHREE JEENMATA COLLECTION,,,,,,
,,,,,,,Shree Jeen Mata Collection Women Night Dress (Maroon),Shree Jeen Mata Collection,,,,,,
,,,,,,,SHREE JEENMATA COLLECTION Women Kurta and Palazzo Set,SHREE JEENMATA COLLECTION,,,,,,
,,,,,,,SHREE JEENMATA COLLECTION Women Kurta and Palazzo Set,SHREE JEENMATA COLLECTION,,,,,,
1481,f18d084c18484ada,VirCreation,No,silver,2015-07-09,2022-01-28,"QUEEN ONLINE Printed Kurta, Trouser/Pant & Dupatta Set",QUEEN ONLINE,Possibly a Brand,QUEEN ONLINE,+919737861665,+919737861665,vircreation65@gmail.com,vircreation65@gmail.com
,,,,,,,"QUEEN ONLINE Printed Kurta, Trouser/Pant & Dupatta Set",QUEEN ONLINE,,,,,,
,,,,,,,"QUEEN ONLINE Printed Kurta, Trouser/Pant & Dupatta Set",QUEEN ONLINE,,,,,,
,,,,,,,"QUEEN ONLINE Printed Kurta, Trouser/Pant & Dupatta Set",QUEEN ONLINE,,,,,,
,,,,,,,"QUEEN ONLINE Printed Kurta, Trouser/Pant & Dupatta Set",QUEEN ONLINE,,,,,,
,,,,,,,"QUEEN ONLINE Embroidered Kurta, Trouser/Pant & Dupatta Set",QUEEN ONLINE,,,,,,
,,,,,,,"QUEEN ONLINE Printed Kurta, Trouser/Pant & Dupatta Set",QUEEN ONLINE,,,,,,
,,,,,,,"QUEEN ONLINE Printed Kurta, Trouser/Pant & Dupatta Set",QUEEN ONLINE,,,,,,
,,,,,,,"QUEEN ONLINE Printed Kurta, Trouser/Pant & Dupatta Set",QUEEN ONLINE,,,,,,
,,,,,,,"QUEEN ONLINE Printed Kurta, Trouser/Pant & Dupatta Set",QUEEN ONLINE,,,,,,
,,,,,,,"QUEEN ONLINE Embroidered Kurta, Trouser/Pant & Dupatta Set",QUEEN ONLINE,,,,,,
,,,,,,,"QUEEN ONLINE Embroidered Kurta, Trouser/Pant & Dupatta Set",QUEEN ONLINE,,,,,,
,,,,,,,"QUEEN ONLINE Embroidered Kurta, Trouser/Pant & Dupatta Set",QUEEN ONLINE,,,,,,
,,,,,,,"QUEEN ONLINE Embroidered Kurta, Trouser/Pant & Dupatta Set",QUEEN ONLINE,,,,,,
,,,,,,,"QUEEN ONLINE Embroidered Kurta, Trouser/Pant & Dupatta Set",QUEEN ONLINE,,,,,,
,,,,,,,"QUEEN ONLINE Embroidered Kurta, Trouser/Pant & Dupatta Set",QUEEN ONLINE,,,,,,
,,,,,,,"QUEEN ONLINE Printed Kurta, Trouser/Pant & Dupatta Set",QUEEN ONLINE,,,,,,
,,,,,,,"QUEEN ONLINE Embroidered Kurta, Trouser/Pant & Dupatta Set",QUEEN ONLINE,,,,,,
,,,,,,,"QUEEN ONLINE Embroidered Kurta, Trouser/Pant & Dupatta Set",QUEEN ONLINE,,,,,,
,,,,,,,"QUEEN ONLINE Printed Kurta, Trouser/Pant & Dupatta Set",QUEEN ONLINE,,,,,,
1482,cca24d6ebfd84135,kforkids,No,silver,2016-03-15,2017-10-31,"kforkids Baby Girls Lehenga Choli Ethnic Wear Applique Lehenga, Choli and Dupatta Set (Brown, Pack of 1)",kforkids,Possibly a Brand,kforkids,+919825760356,+919825760356,shreeramdevcreationchetan@gmail.com,shreeramdevcreationchetan@gmail.com
,,,,,,,"kforkids Indi Baby Girls Lehenga Choli Ethnic Wear Printed Lehenga, Choli and Dupatta Set (Multicolor, Pack of 1)",kforkids,,,,,,
,,,,,,,"kforkids Baby Girls Lehenga Choli Ethnic Wear Woven Lehenga, Choli and Dupatta Set (Yellow, Pack of 1)",kforkids,,,,,,
,,,,,,,"kforkids Indi Baby Girls Lehenga Choli Ethnic Wear Printed Lehenga, Choli and Dupatta Set (Multicolor, Pack of 1)",kforkids,,,,,,
,,,,,,,"kforkids Baby Girls Lehenga Choli Ethnic Wear Applique Lehenga, Choli and Dupatta Set (Beige, Pack of 1)",kforkids,,,,,,
,,,,,,,"kforkids Baby Girls Lehenga Choli Ethnic Wear Applique Lehenga, Choli and Dupatta Set (Pink, Pack of 1)",kforkids,,,,,,
,,,,,,,"kforkids Baby Girls Lehenga Choli Ethnic Wear Floral Print Lehenga, Choli and Dupatta Set (White, Pack of 1)",kforkids,,,,,,
,,,,,,,"kforkids Baby Girls Lehenga Choli Ethnic Wear Applique Lehenga, Choli and Dupatta Set (Pink, Pack of 1)",kforkids,,,,,,
,,,,,,,"kforkids Baby Girls Lehenga Choli Ethnic Wear Woven Lehenga, Choli and Dupatta Set (Yellow, Pack of 1)",kforkids,,,,,,
,,,,,,,"kforkids Indi Baby Girls Lehenga Choli Ethnic Wear Printed Lehenga, Choli and Dupatta Set (Yellow, Pack of 1)",kforkids,,,,,,
,,,,,,,"kforkids Baby Girls Lehenga Choli Ethnic Wear Floral Print Lehenga, Choli and Dupatta Set (White, Pack of 1)",kforkids,,,,,,
,,,,,,,"kforkids Baby Girls Lehenga Choli Ethnic Wear Applique Lehenga, Choli and Dupatta Set (Green, Pack of 1)",kforkids,,,,,,
,,,,,,,"kforkids Baby Girls Lehenga Choli Ethnic Wear Woven Lehenga, Choli and Dupatta Set (Yellow, Pack of 1)",kforkids,,,,,,
,,,,,,,"kforkids Baby Girls Lehenga Choli Ethnic Wear Applique Lehenga, Choli and Dupatta Set (Pink, Pack of 1)",kforkids,,,,,,
,,,,,,,"kforkids Indi Baby Girls Lehenga Choli Ethnic Wear Printed Lehenga, Choli and Dupatta Set (Grey, Pack of 1)",kforkids,,,,,,
,,,,,,,"kforkids Baby Girls Lehenga Choli Ethnic Wear Applique Lehenga, Choli and Dupatta Set (Pink, Pack of 1)",kforkids,,,,,,
,,,,,,,"kforkids Baby Girls Lehenga Choli Ethnic Wear Applique Lehenga, Choli and Dupatta Set (Light Green, Pack of 1)",kforkids,,,,,,
,,,,,,,"kforkids Baby Girls Lehenga Choli Ethnic Wear Floral Print Lehenga, Choli and Dupatta Set (White, Pack of 1)",kforkids,,,,,,
,,,,,,,"kforkids Indi Baby Girls Lehenga Choli Ethnic Wear Printed Lehenga, Choli and Dupatta Set (Blue, Pack of 1)",kforkids,,,,,,
,,,,,,,"kforkids Baby Girls Lehenga Choli Ethnic Wear Woven Lehenga, Choli and Dupatta Set (Light Green, Pack of 1)",kforkids,,,,,,
1483,3d67b8c7f0494f59,VRINDAFABRIC6,No,bronze,2026-01-08,2026-01-17,vrinda fab Women Kurta Pant Dupatta Set,vrinda fab,Possibly a Brand,vrinda fab,+919724824040,+919724824040,vrindafabric6@gmail.com,vrindafabric6@gmail.com
,,,,,,,VRINDAFAB Women Printed Straight Kurta (Orange),VRINDAFAB,,,,,,
,,,,,,,VRINDAFAB Women Printed Straight Kurta (Orange),VRINDAFAB,,,,,,
,,,,,,,vrinda fab Women Kurta Attached Dupatta Set,vrinda fab,,,,,,
,,,,,,,vrinda fab Women Kurta Attached Dupatta Set,vrinda fab,,,,,,
,,,,,,,vrinda fab Women Kurta Attached Dupatta Set,vrinda fab,,,,,,
,,,,,,,vrinda fab Women Kurta Attached Dupatta Set,vrinda fab,,,,,,
,,,,,,,vrinda fab Women Kurta Pant Dupatta Set,vrinda fab,,,,,,
,,,,,,,vrinda fab Women Kurta Pant Dupatta Set,vrinda fab,,,,,,
,,,,,,,vrinda fab Women Kurta Palazzo Set,vrinda fab,,,,,,
,,,,,,,vrinda fab Women Kurta Attached Dupatta Set,vrinda fab,,,,,,
,,,,,,,vrinda fab Women Kurta Pant Dupatta Set,vrinda fab,,,,,,
,,,,,,,Divastri Women Kurta Palazzo Dupatta Set,Divastri,,,,,,
,,,,,,,vrinda fab Women Kurta Pant Dupatta Set,vrinda fab,,,,,,
,,,,,,,vrinda fab Women Kurta Attached Dupatta Set,vrinda fab,,,,,,
,,,,,,,vrinda fab Women Kurta Attached Dupatta Set,vrinda fab,,,,,,
,,,,,,,vrinda fab Women Kurta Palazzo Set,vrinda fab,,,,,,
,,,,,,,vrinda fab Women Kurta Attached Dupatta Set,vrinda fab,,,,,,
,,,,,,,vrinda fab Women Kurta Attached Dupatta Set,vrinda fab,,,,,,
,,,,,,,vrinda fab Women Kurta Pant Dupatta Set,vrinda fab,,,,,,
1484,aaf7372a47f14b06,sahilclothhousee,No,silver,2026-04-23,2026-05-07,"sahil cloth house Embroidered Kurta, Trouser/Pant & Dupatta Set",sahil cloth house,Possibly a Brand,sahil cloth house,+917042679390,+919990130886,naveenverma5983@gmail.com,naveenverma5983@gmail.com
,,,,,,,"sahil cloth house Embroidered Kurta, Trouser/Pant & Dupatta Set",sahil cloth house,,,,,,
,,,,,,,"sahil cloth house Embroidered Kurta, Trouser/Pant & Dupatta Set",sahil cloth house,,,,,,
,,,,,,,"sahil cloth house Embroidered Kurta, Trouser/Pant & Dupatta Set",sahil cloth house,,,,,,
,,,,,,,"sahil cloth house Embroidered Kurta, Trouser/Pant & Dupatta Set",sahil cloth house,,,,,,
,,,,,,,"sahil cloth house Printed Kurta, Trouser/Pant & Dupatta Set",sahil cloth house,,,,,,
,,,,,,,"sahil cloth house Embroidered Kurta, Trouser/Pant & Dupatta Set",sahil cloth house,,,,,,
,,,,,,,"sahil cloth house Embroidered Kurta, Trouser/Pant & Dupatta Set",sahil cloth house,,,,,,
,,,,,,,"sahil cloth house Printed Kurta, Trouser/Pant & Dupatta Set",sahil cloth house,,,,,,
,,,,,,,"sahil cloth house Printed Kurta, Trouser/Pant & Dupatta Set",sahil cloth house,,,,,,
,,,,,,,"sahil cloth house Embroidered Kurta, Trouser/Pant & Dupatta Set",sahil cloth house,,,,,,
,,,,,,,"sahil cloth house Embroidered Kurta, Trouser/Pant & Dupatta Set",sahil cloth house,,,,,,
,,,,,,,"sahil cloth house Embroidered Kurta, Trouser/Pant & Dupatta Set",sahil cloth house,,,,,,
,,,,,,,"sahil cloth house Embroidered Kurta, Trouser/Pant & Dupatta Set",sahil cloth house,,,,,,
,,,,,,,"sahil cloth house Printed Kurta, Trouser/Pant & Dupatta Set",sahil cloth house,,,,,,
1485,b8e34a3904d24ea0,PIHU1ENTERPRISE,No,bronze,2025-12-28,2025-12-31,"Pihu Enterprise Embroidered Kurta, Salwar & Dupatta Set",Pihu Enterprise,Possibly a Seller,,+919278325272,+919278325272,mauryaenterprise2025@gmail.com,mauryaenterprise2025@gmail.com
,,,,,,,"Pihu Enterprise Embroidered Kurta, Patiala & Dupatta Set",Pihu Enterprise,,,,,,
,,,,,,,"Pihu Enterprise Embroidered Kurta, Salwar & Dupatta Set",Pihu Enterprise,,,,,,
,,,,,,,AEBA FASHION Women Kurta Pant Dupatta Set,AEBA FASHION,,,,,,
,,,,,,,"Pihu Enterprise Embroidered Kurta, Salwar & Dupatta Set",Pihu Enterprise,,,,,,
,,,,,,,"FORENCIA Embroidered Kurta, Trouser/Pant & Dupatta Set",FORENCIA,,,,,,
,,,,,,,"Pihu Enterprise Embroidered Kurta, Salwar & Dupatta Set",Pihu Enterprise,,,,,,
,,,,,,,"Pihu Enterprise Embroidered Kurta, Patiala & Dupatta Set",Pihu Enterprise,,,,,,
,,,,,,,"Shree Chamunda Fab Embroidered Kurta, Trouser/Pant & Dupatta Set",Shree Chamunda Fab,,,,,,
,,,,,,,"Pihu Enterprise Embroidered Kurta, Salwar & Dupatta Set",Pihu Enterprise,,,,,,
,,,,,,,"Pihu Enterprise Embroidered Kurta, Salwar & Dupatta Set",Pihu Enterprise,,,,,,
,,,,,,,NATIONALTEXTILE Women Kurta Pant Dupatta Set,NATIONALTEXTILE,,,,,,
,,,,,,,"Pihu Enterprise Embroidered Kurta, Salwar & Dupatta Set",Pihu Enterprise,,,,,,
,,,,,,,NATIONALTEXTILE Women Kurta Pant Dupatta Set,NATIONALTEXTILE,,,,,,
,,,,,,,"Pihu Enterprise Embroidered Kurta, Salwar & Dupatta Set",Pihu Enterprise,,,,,,
,,,,,,,NATIONALTEXTILE Women Kurta Pant Dupatta Set,NATIONALTEXTILE,,,,,,
,,,,,,,NATIONALTEXTILE Women Kurta Pant Dupatta Set,NATIONALTEXTILE,,,,,,
,,,,,,,"Pihu Enterprise Embroidered Kurta, Salwar & Dupatta Set",Pihu Enterprise,,,,,,
,,,,,,,NATIONALTEXTILE Women Kurta Pant Dupatta Set,NATIONALTEXTILE,,,,,,
,,,,,,,JHR Women Kurta Pant Dupatta Set,JHR,,,,,,
1486,f9e0ef7d47d246d7,VINAYAKVASTRA,No,silver,2026-06-09,2026-06-11,"VINAYAK VASTRA Floral Print Kurta, Trouser/Pant & Dupatta Set",VINAYAK VASTRA,Possibly a Brand,VINAYAK VASTRA,+917850099839,+917850099839,pourushjain2006@gmail.com,pourushjain2006@gmail.com
,,,,,,,"VINAYAK VASTRA Printed Kurta, Trouser/Pant & Dupatta Set",VINAYAK VASTRA,,,,,,
,,,,,,,"VINAYAK VASTRA Printed Kurta, Patiala & Dupatta Set",VINAYAK VASTRA,,,,,,
,,,,,,,"VINAYAK VASTRA Women Dyed/Ombre Straight Kurta (White, Yellow)",VINAYAK VASTRA,,,,,,
,,,,,,,"VINAYAK VASTRA Printed Kurta, Patiala & Dupatta Set",VINAYAK VASTRA,,,,,,
,,,,,,,VINAYAK VASTRA Women Nightdress (Beige),VINAYAK VASTRA,,,,,,
,,,,,,,"VINAYAK VASTRA Printed Kurta, Trouser/Pant & Dupatta Set",VINAYAK VASTRA,,,,,,
,,,,,,,"VINAYAK VASTRA Printed Kurta, Patiala & Dupatta Set",VINAYAK VASTRA,,,,,,
,,,,,,,"VINAYAK VASTRA Printed Kurta, Patiala & Dupatta Set",VINAYAK VASTRA,,,,,,
,,,,,,,"VINAYAK VASTRA Women Bandhani, Printed Straight Kurta (Multicolor)",VINAYAK VASTRA,,,,,,
,,,,,,,"VINAYAK VASTRA Printed Kurta, Patiala & Dupatta Set",VINAYAK VASTRA,,,,,,
,,,,,,,VINAYAK VASTRA Women Floral Print Straight Kurta (Multicolor),VINAYAK VASTRA,,,,,,
,,,,,,,VINAYAK VASTRA Women Nightdress (Multicolor),VINAYAK VASTRA,,,,,,
,,,,,,,"VINAYAK VASTRA Striped Kurta, Patiala & Dupatta Set",VINAYAK VASTRA,,,,,,
,,,,,,,"VINAYAK VASTRA Printed Kurta, Patiala & Dupatta Set",VINAYAK VASTRA,,,,,,
,,,,,,,VINAYAK VASTRA Women Nightdress (Blue),VINAYAK VASTRA,,,,,,
,,,,,,,"VINAYAK VASTRA Printed Kurta, Patiala & Dupatta Set",VINAYAK VASTRA,,,,,,
,,,,,,,VINAYAK VASTRA Women Nightdress (Beige),VINAYAK VASTRA,,,,,,
,,,,,,,"VINAYAK VASTRA Printed Kurta, Patiala & Dupatta Set",VINAYAK VASTRA,,,,,,
,,,,,,,VINAYAK VASTRA Women Nightdress (Silver),VINAYAK VASTRA,,,,,,
1487,47bdf7a86fbc4bd1,HiteshPahuja,No,bronze,2015-04-27,2022-05-14,"hitesh pahuja Woven, Floral Print Banarasi Silk Blend Saree (Pink)",hitesh pahuja,Possibly a Brand,hitesh pahuja,+919724781650,+919724781650,hiteshpahuja8@gmail.com,hiteshpahuja8@gmail.com
,,,,,,,hitesh pahuja Woven Kanjivaram Pure Silk Saree (Multicolor),hitesh pahuja,,,,,,
,,,,,,,"hitesh pahuja Woven, Self Design Banarasi Cotton Silk Saree (Purple)",hitesh pahuja,,,,,,
,,,,,,,hitesh pahuja Woven Banarasi Silk Blend Saree (Black),hitesh pahuja,,,,,,
,,,,,,,"hitesh pahuja Woven, Floral Print Banarasi Silk Blend Saree (Dark Green)",hitesh pahuja,,,,,,
,,,,,,,"hitesh pahuja Woven, Self Design Banarasi Cotton Silk Saree (Cream)",hitesh pahuja,,,,,,
,,,,,,,"hitesh pahuja Striped, Woven Banarasi Cotton Silk Saree (Multicolor)",hitesh pahuja,,,,,,
,,,,,,,hitesh pahuja Self Design Banarasi Silk Blend Saree (Blue),hitesh pahuja,,,,,,
,,,,,,,"hitesh pahuja Woven, Floral Print Banarasi Cotton Silk Saree (Cream)",hitesh pahuja,,,,,,
,,,,,,,"hitesh pahuja Woven, Floral Print, Self Design Banarasi Pure Silk Saree (Blue, Maroon)",hitesh pahuja,,,,,,
,,,,,,,"hitesh pahuja Woven, Self Design Banarasi Linen Saree (Blue)",hitesh pahuja,,,,,,
,,,,,,,"hitesh pahuja Woven, Floral Print Banarasi Cotton Silk Saree (Purple)",hitesh pahuja,,,,,,
,,,,,,,hitesh pahuja Floral Print Banarasi Cotton Silk Saree (Black),hitesh pahuja,,,,,,
,,,,,,,"hitesh pahuja Printed, Woven, Geometric Print Banarasi Cotton Silk Saree (Dark Blue)",hitesh pahuja,,,,,,
,,,,,,,hitesh pahuja Woven Banarasi Pure Silk Saree (Dark Green),hitesh pahuja,,,,,,
,,,,,,,"hitesh pahuja Striped, Woven Banarasi Pure Silk Saree (Dark Blue)",hitesh pahuja,,,,,,
,,,,,,,hitesh pahuja Woven Banarasi Silk Blend Saree (Yellow),hitesh pahuja,,,,,,
,,,,,,,hitesh pahuja Woven Banarasi Silk Blend Saree (Blue),hitesh pahuja,,,,,,
,,,,,,,"hitesh pahuja Solid/Plain, Woven Banarasi Cotton Silk Saree (Yellow)",hitesh pahuja,,,,,,
,,,,,,,hitesh pahuja Woven Bollywood Silk Blend Saree (Maroon),hitesh pahuja,,,,,,
1488,8c2640ad925741db,ALABSGARMENTS,No,silver,2026-06-22,2026-06-23,"AL ABS GARMENTS Baby Girls Casual Dress Top, Skirt, Slingbag (Yellow)",AL ABS GARMENTS,Possibly a Seller,,+919875600432,+919875600432,sbadruddozah@gmail.com,sbadruddozah@gmail.com
,,,,,,,AL ABS GARMENTS Straight Fit Women Black Jeans,AL ABS GARMENTS,,,,,,
,,,,,,,AL ABS GARMENTS Straight Fit Women Blue Jeans,AL ABS GARMENTS,,,,,,
,,,,,,,"AL ABS GARMENTS Embroidered Kurta, Trouser/Pant & Dupatta Set",AL ABS GARMENTS,,,,,,
,,,,,,,"AL ABS GARMENTS Embroidered Kurta, Trouser/Pant & Dupatta Set",AL ABS GARMENTS,,,,,,
,,,,,,,"ALABSGARMENTS Girls Calf Length Festive/Wedding Dress (Light Blue, Cap Sleeve)",ALABSGARMENTS,,,,,,
,,,,,,,"ALABSGARMENTS Baby Girls Calf Length Festive/Wedding Dress (Red, Fashion Sleeve)",ALABSGARMENTS,,,,,,
,,,,,,,"ALABSGARMENTS Girls Calf Length Festive/Wedding Dress (Red, Cap Sleeve)",ALABSGARMENTS,,,,,,
,,,,,,,"AL ABS GARMENTS Loose Fit, Flared Girls Dark Blue Trousers",AL ABS GARMENTS,,,,,,
,,,,,,,"ALABSGARMENTS Girls Calf Length Festive/Wedding Dress (Red, Cap Sleeve)",ALABSGARMENTS,,,,,,
,,,,,,,AL ABS GARMENTS Straight Fit Women Black Jeans,AL ABS GARMENTS,,,,,,
,,,,,,,"AL ABS GARMETNS Baby Girls Casual Dress Dress (Light Green, Pack of 1)",AL ABS GARMETNS,,,,,,
,,,,,,,"ALABSGARMENTS Girls Calf Length Festive/Wedding Dress (Light Blue, Cap Sleeve)",ALABSGARMENTS,,,,,,
,,,,,,,"ALABSGARMENTS Girls Calf Length Festive/Wedding Dress (Light Blue, Fashion Sleeve)",ALABSGARMENTS,,,,,,
,,,,,,,"ALABSGARMENTS Girls Calf Length Festive/Wedding Dress (Red, Fashion Sleeve)",ALABSGARMENTS,,,,,,
,,,,,,,AL ABS GARMENTS Straight Fit Women Blue Jeans,AL ABS GARMENTS,,,,,,
,,,,,,,"ALABSGARMENTS Girls Below Knee Festive/Wedding Dress (Red, Fashion Sleeve)",ALABSGARMENTS,,,,,,
,,,,,,,"ALABSGARMENTS Girls Calf Length Festive/Wedding Dress (Red, Cap Sleeve)",ALABSGARMENTS,,,,,,
,,,,,,,"AL ABS GARMENTS Baby Girls Casual Dress Top, Skirt, Slingbag (Light Green)",AL ABS GARMENTS,,,,,,
,,,,,,,AL ABS GARMENTS Straight Fit Women Black Jeans,AL ABS GARMENTS,,,,,,
1489,4bfc2f55abde401e,KUMKUMTREND,No,bronze,2026-02-24,2026-02-25,"aaradhya Premium salwar kurta dupatta Kurta, Trouser/Pant & Dupatta Set",aaradhya,Possibly a Brand,aaradhya,+919925151354,+919925151354,kumkumfashion11@gmail.com,kumkumfashion11@gmail.com
,,,,,,,"aaradhya Premium salwar kurta dupatta Kurta, Trouser/Pant & Dupatta Set",aaradhya,,,,,,
,,,,,,,"aaradhya Kurta, Trouser/Pant & Dupatta Set",aaradhya,,,,,,
,,,,,,,"aaradhya Premium salwar kurta dupatta Kurta, Salwar & Dupatta Set",aaradhya,,,,,,
,,,,,,,"aaradhya Premium salwar kurta dupatta Kurta, Trouser/Pant & Dupatta Set",aaradhya,,,,,,
,,,,,,,"aaradhya Kurta, Trouser/Pant & Dupatta Set",aaradhya,,,,,,
,,,,,,,"aaradhya Premium salwar kurta dupatta Kurta, Trouser/Pant & Dupatta Set",aaradhya,,,,,,
,,,,,,,"aaradhya Premium salwar kurta dupatta Kurta, Trouser/Pant & Dupatta Set",aaradhya,,,,,,
,,,,,,,"aaradhya Premium salwar kurta dupatta Kurta, Trouser/Pant & Dupatta Set",aaradhya,,,,,,
,,,,,,,"aaradhya Premium salwar kurta dupatta Kurta, Dhoti Pant & Dupatta Set",aaradhya,,,,,,
,,,,,,,"aaradhya Kurta, Palazzo & Dupatta Set",aaradhya,,,,,,
,,,,,,,"aaradhya Premium salwar kurta dupatta Kurta, Trouser/Pant & Dupatta Set",aaradhya,,,,,,
,,,,,,,"aaradhya Premium salwar kurta dupatta Kurta, Trouser/Pant & Dupatta Set",aaradhya,,,,,,
,,,,,,,"aaradhya Premium salwar kurta dupatta Kurta, Palazzo & Dupatta Set",aaradhya,,,,,,
,,,,,,,"aaradhya Premium salwar kurta dupatta Kurta, Trouser/Pant & Dupatta Set",aaradhya,,,,,,
,,,,,,,"aaradhya Premium salwar kurta dupatta Kurta, Trouser/Pant & Dupatta Set",aaradhya,,,,,,
,,,,,,,"aaradhya Premium salwar kurta dupatta Kurta, Trouser/Pant & Dupatta Set",aaradhya,,,,,,
,,,,,,,"aaradhya Premium salwar kurta dupatta Kurta, Salwar & Dupatta Set",aaradhya,,,,,,
,,,,,,,"aaradhya Premium salwar kurta dupatta Kurta, Trouser/Pant & Dupatta Set",aaradhya,,,,,,
,,,,,,,"aaradhya Premium salwar kurta dupatta Kurta, Trouser/Pant & Dupatta Set",aaradhya,,,,,,
1490,b69d67bbfff74f7a,kaarvya,Yes,silver,2026-02-21,2026-05-19,,,,,,,,
1491,c6b2112f31b8479a,KrivaStyle,No,bronze,2025-07-29,2025-07-30,KRIVA Women Kurta Pant Set,KRIVA,Possibly a Brand,KRIVA,+918866616506,+918866616506,bosarufashion0@gmail.com,bosarufashion0@gmail.com
,,,,,,,KRIVA Women Kurta Pant Set,KRIVA,,,,,,
,,,,,,,KRIVA Women Kurta Pant Set,KRIVA,,,,,,
,,,,,,,KRIVA Women Kurti Dupatta Set,KRIVA,,,,,,
,,,,,,,KRIVA Women Kurti Dupatta Set,KRIVA,,,,,,
,,,,,,,KRIVA Women Kurti Dupatta Set,KRIVA,,,,,,
,,,,,,,KRIVA Women Kurta Pant Set,KRIVA,,,,,,
,,,,,,,KRIVA Women Kurti Palazzo Attached Dupatta Set,KRIVA,,,,,,
,,,,,,,KRIVA Women Kurta Pant Set,KRIVA,,,,,,
,,,,,,,bosaru Blended Cotton Women Churidar,bosaru,,,,,,
,,,,,,,KRIVA Women Kurti Dupatta Set,KRIVA,,,,,,
,,,,,,,KRIVA Women Kurti Dupatta Set,KRIVA,,,,,,
,,,,,,,KRIVA Women Kurti Dupatta Set,KRIVA,,,,,,
,,,,,,,KRIVA Women Kurti Dupatta Set,KRIVA,,,,,,
,,,,,,,KRIVA Women Kurti Dupatta Set,KRIVA,,,,,,
,,,,,,,KRIVA Women Kurti Dupatta Set,KRIVA,,,,,,
,,,,,,,KRIVA Women Kurti Dupatta Set,KRIVA,,,,,,
,,,,,,,KRIVA Women Kurti Pant Dupatta Set,KRIVA,,,,,,
,,,,,,,KRIVA Women Kurti Pant Dupatta Set,KRIVA,,,,,,
,,,,,,,Kriva Style Women Printed Straight Kurta (Light Green),Kriva Style,,,,,,
1492,4631d30b2e0849f7,SwastiNX,Yes,gold,2025-12-18,2025-12-20,,,,,,,,
1493,3e14098d873a4e4a,SOFTTOUCHFASHION,No,bronze,2023-07-31,2023-08-03,SoftTouch Women Kurti Pant Attached Dupatta Set,SoftTouch,Possibly a Brand,SoftTouch,+919574895695,+919574895695,prashant1987jogani@gmail.com,prashant1987jogani@gmail.com
,,,,,,,SoftTouch Women Kurti Pant Attached Dupatta Set,SoftTouch,,,,,,
,,,,,,,SoftTouch Women Kurti Pant Attached Dupatta Set,SoftTouch,,,,,,
,,,,,,,SoftTouch Women Kurti Pant Attached Dupatta Set,SoftTouch,,,,,,
,,,,,,,SoftTouch Women Kurti Pant Attached Dupatta Set,SoftTouch,,,,,,
,,,,,,,SoftTouch Women Kurti Pant Attached Dupatta Set,SoftTouch,,,,,,
,,,,,,,SoftTouch Women Kurti Pant Attached Dupatta Set,SoftTouch,,,,,,
,,,,,,,"SoftTouch Embroidered Kurta, Trouser/Pant & Dupatta Set",SoftTouch,,,,,,
,,,,,,,SoftTouch Women Kurti Pant Attached Dupatta Set,SoftTouch,,,,,,
,,,,,,,SoftTouch Women Kurti Pant Attached Dupatta Set,SoftTouch,,,,,,
,,,,,,,SoftTouch Women Kurti Pant Attached Dupatta Set,SoftTouch,,,,,,
,,,,,,,SoftTouch Women Kurti Pant Attached Dupatta Set,SoftTouch,,,,,,
,,,,,,,SoftTouch Women Kurti Pant Attached Dupatta Set,SoftTouch,,,,,,
,,,,,,,"SoftTouch Embroidered Kurta, Trouser/Pant & Dupatta Set",SoftTouch,,,,,,
,,,,,,,Citytalk Women Kurta Pant Set,Citytalk,,,,,,
,,,,,,,Citytalk Women Kurta Pant Set,Citytalk,,,,,,
,,,,,,,"WELLCRAFT Embroidered Kurta, Trouser/Pant & Dupatta Set",WELLCRAFT,,,,,,
,,,,,,,"SoftTouch Embroidered Kurta, Trouser/Pant & Dupatta Set",SoftTouch,,,,,,
,,,,,,,SoftTouch Anarkali Gown (Maroon),SoftTouch,,,,,,
,,,,,,,"Threadiva Embroidered Kurta, Trouser/Pant & Dupatta Set",Threadiva,,,,,,
1494,9a5f8607773047b6,CLOTHSTORYY,Yes,gold,2024-07-05,2024-07-07,,,,,,,,
1495,f17cb212fd534f06,Vmenterprise31,No,silver,2024-02-20,2024-06-18,Aurika Fashion Jacquard Self Design Multi-purpose Fabric,Aurika Fashion,Possibly a Seller,,+918460023923,+918460023923,vmenterprise3112@gmail.com,vmenterprise3112@gmail.com
,,,,,,,"Juhi Collection Woven Banarasi Art Silk, Cotton Silk Saree (Yellow)",Juhi Collection,,,,,,
,,,,,,,"Juhi Collection Woven Banarasi Art Silk, Cotton Silk Saree (Orange)",Juhi Collection,,,,,,
,,,,,,,"Spetila Cotton Silk Embellished, Floral Print, Self Design Multi-purpose Fabric",Spetila,,,,,,
,,,,,,,"Spetila Cotton Silk Embellished, Floral Print, Self Design Multi-purpose Fabric",Spetila,,,,,,
,,,,,,,SWDHRM Floral Print Daily Wear Chiffon Saree (Yellow),SWDHRM,,,,,,
,,,,,,,"mishihouse Woven, Solid/Plain, Self Design Kanjivaram Jacquard, Pure Silk Saree (Mustard)",mishihouse,,,,,,
,,,,,,,"mishihouse Woven, Solid/Plain Kanjivaram Jacquard, Pure Silk Saree (Green)",mishihouse,,,,,,
,,,,,,,"Juhi Collection Woven, Solid/Plain Kanjivaram Art Silk, Cotton Silk Saree (Cream)",Juhi Collection,,,,,,
,,,,,,,"SWDHRM Printed, Self Design, Floral Print Banarasi Jacquard, Cotton Silk Saree (Orange)",SWDHRM,,,,,,
,,,,,,,"SWDHRM Woven Paithani Jacquard, Cotton Silk Saree (Light Green)",SWDHRM,,,,,,
,,,,,,,KESHAV FASHION Viscose Rayon Printed Salwar Suit Material,KESHAV FASHION,,,,,,
,,,,,,,"SWDHRM Printed, Self Design, Temple Border, Woven, Floral Print, Solid/Plain Banarasi Jacquard, Cotton Silk Saree (Grey)",SWDHRM,,,,,,
,,,,,,,"SWDHRM Woven Narayanpet Jacquard, Cotton Silk Saree (Mustard)",SWDHRM,,,,,,
,,,,,,,SWDHRM Chiffon Embroidered Blouse Material,SWDHRM,,,,,,
,,,,,,,"SWDHRM Woven Paithani Jacquard, Cotton Silk Saree (Beige)",SWDHRM,,,,,,
,,,,,,,SWDHRM Jacquard Printed Salwar Suit Material,SWDHRM,,,,,,
,,,,,,,SWDHRM Chiffon Embroidered Blouse Material,SWDHRM,,,,,,
,,,,,,,"FashionPallavi Woven Narayanpet Cotton Silk, Jacquard Saree (Light Green, Pink)",FashionPallavi,,,,,,
,,,,,,,SWDHRM Chiffon Embroidered Blouse Material,SWDHRM,,,,,,
1496,cd47461f486d4634,ModernSuper,No,gold,2018-08-06,2018-08-11,Modern Super Cotton Blend Self Design Salwar Suit Material,Modern Super,Possibly a Brand,Modern Super,+919328034263,+919328034263,nrgehani@gmail.com,nrgehani@gmail.com
,,,,,,,Modern Super Cotton Blend Self Design Salwar Suit Material,Modern Super,,,,,,
,,,,,,,Modern Super Cotton Blend Printed Salwar Suit Material,Modern Super,,,,,,
,,,,,,,Modern Super Cotton Blend Self Design Salwar Suit Material,Modern Super,,,,,,
,,,,,,,Modern Super Cotton Blend Printed Salwar Suit Material,Modern Super,,,,,,
,,,,,,,Modern Super Cotton Blend Printed Salwar Suit Material,Modern Super,,,,,,
,,,,,,,Modern Super Cotton Blend Printed Salwar Suit Material,Modern Super,,,,,,
,,,,,,,Modern Super Cotton Blend Printed Salwar Suit Material,Modern Super,,,,,,
,,,,,,,Modern Super Cotton Blend Printed Salwar Suit Material,Modern Super,,,,,,
,,,,,,,Modern Super Cotton Blend Printed Salwar Suit Material,Modern Super,,,,,,
,,,,,,,Modern Super Cotton Blend Solid Salwar Suit Material,Modern Super,,,,,,
,,,,,,,Modern Super Cotton Blend Self Design Salwar Suit Material,Modern Super,,,,,,
,,,,,,,Modern Super Cotton Blend Self Design Salwar Suit Material,Modern Super,,,,,,
,,,,,,,Modern Super Cotton Blend Self Design Salwar Suit Material,Modern Super,,,,,,
,,,,,,,Modern Super Cotton Blend Paisley Salwar Suit Material,Modern Super,,,,,,
,,,,,,,Modern Super Cotton Blend Floral Print Salwar Suit Material,Modern Super,,,,,,
,,,,,,,Modern Super Cotton Blend Printed Salwar Suit Material,Modern Super,,,,,,
,,,,,,,Modern Super Cotton Blend Printed Salwar Suit Material,Modern Super,,,,,,
,,,,,,,Modern Super Cotton Blend Printed Salwar Suit Material,Modern Super,,,,,,
,,,,,,,Modern Super Cotton Blend Self Design Salwar Suit Material,Modern Super,,,,,,
1497,0024750fcfd64820,THEPRIVATELABEL,No,bronze,2022-06-20,2022-08-09,TIGERSNAKE Floral Print Banarasi Art Silk Saree with Unstitched Blouse (Pink),TIGERSNAKE,Possibly a Seller,,+919687311155,+919687311155,mitaligothi23@gmail.com,mitaligothi23@gmail.com
,,,,,,,"Fabwomen Self Design Mysore Art Silk Saree with Unstitched Blouse (Red, Green)",Fabwomen,,,,,,
,,,,,,,"Fabwomen Mysore Art Silk Saree with Unstitched Blouse (Blue, White)",Fabwomen,,,,,,
,,,,,,,Fabwomen Self Design Mysore Art Silk Saree with Unstitched Blouse (Green),Fabwomen,,,,,,
,,,,,,,THE PRIVATE LABLE Daily Wear Georgette Saree with Unstitched Blouse (Beige),THE PRIVATE LABLE,,,,,,
,,,,,,,Khial Printed Daily Wear Cotton Blend Saree with Unstitched Blouse (Purple),Khial,,,,,,
,,,,,,,"Saara Printed Banarasi Cotton Silk Saree with Unstitched Blouse (Pink, Blue)",Saara,,,,,,
,,,,,,,THE PRIVATE LABLE Self Design Bollywood Art Silk Saree with Unstitched Blouse (Pink),THE PRIVATE LABLE,,,,,,
,,,,,,,"Saara Printed Assam Silk Cotton Silk Saree with Unstitched Blouse (Purple, Green)",Saara,,,,,,
,,,,,,,THE PRIVATE LABLE Women Kurta and Pant Set,THE PRIVATE LABLE,,,,,,
,,,,,,,THE PRIVATE LABLE Printed Daily Wear Art Silk Saree with Unstitched Blouse (Multicolor),THE PRIVATE LABLE,,,,,,
,,,,,,,"Fabwomen Mysore Art Silk Saree with Unstitched Blouse (White, Yellow)",Fabwomen,,,,,,
,,,,,,,THE PRIVATE LABLE Women Kurta and Pant Set,THE PRIVATE LABLE,,,,,,
,,,,,,,"THE PRIVATE LABLE Printed Banarasi Art Silk Saree with Unstitched Blouse (Green, Pink)",THE PRIVATE LABLE,,,,,,
,,,,,,,THE PRIVATE LABLE Women Kurta and Pant Set,THE PRIVATE LABLE,,,,,,
,,,,,,,"THE PRIVATE LABLE Banarasi Art Silk Saree with Unstitched Blouse (Dark Blue, Pink)",THE PRIVATE LABLE,,,,,,
,,,,,,,Fabwomen Self Design Mysore Art Silk Saree with Unstitched Blouse (Black),Fabwomen,,,,,,
,,,,,,,THE PRIVATE LABLE Women Kurta and Pant Set,THE PRIVATE LABLE,,,,,,
,,,,,,,sarvagny clothing Crepe Printed Salwar Suit Material (Unstitched),sarvagny clothing,,,,,,
,,,,,,,THE PRIVATE LABLE Women Kurta and Pant Set,THE PRIVATE LABLE,,,,,,
1498,9bad35aa58a046c4,ZOUX,No,silver,2026-02-25,2026-02-28,Zoux Women Tiered Multicolor Midi/Calf Length Dress,Zoux,Possibly a Brand,Zoux,+919924218856,+919924218856,zouxfashion@gmail.com,zouxfashion@gmail.com
,,,,,,,"Zoux Embellished Kurta, Palazzo & Dupatta Set",Zoux,,,,,,
,,,,,,,"Zoux Embroidered Kurta, Trouser/Pant & Dupatta Set",Zoux,,,,,,
,,,,,,,"Zoux Embroidered Kurta, Trouser/Pant & Dupatta Set",Zoux,,,,,,
,,,,,,,"Zoux Embellished Kurta, Palazzo & Dupatta Set",Zoux,,,,,,
,,,,,,,Zoux Women Embroidered Anarkali Kurta (Pink),Zoux,,,,,,
,,,,,,,Zoux Solid Men Dark Grey Casual Shorts,Zoux,,,,,,
,,,,,,,Zoux Solid Men Dark Grey Casual Shorts,Zoux,,,,,,
,,,,,,,"Zoux Embroidered Anarkali Kurta, Bottom & Dupatta Set",Zoux,,,,,,
,,,,,,,"Zoux Embroidered Anarkali Kurta, Bottom & Dupatta Set",Zoux,,,,,,
,,,,,,,"Zoux Embroidered Anarkali Kurta, Bottom & Dupatta Set",Zoux,,,,,,
,,,,,,,Zoux Tunic Palazzos Co-ords Set,Zoux,,,,,,
,,,,,,,"Zoux Embellished Anarkali Kurta, Bottom & Dupatta Set",Zoux,,,,,,
,,,,,,,"Zoux Embellished Anarkali Kurta, Bottom & Dupatta Set",Zoux,,,,,,
,,,,,,,"Zoux Embellished Anarkali Kurta, Bottom & Dupatta Set",Zoux,,,,,,
,,,,,,,"Zoux Embellished Anarkali Kurta, Bottom & Dupatta Set",Zoux,,,,,,
,,,,,,,Zoux Women Embroidered A-line Kurta (Purple),Zoux,,,,,,
,,,,,,,Zoux Solid Men Khaki Casual Shorts,Zoux,,,,,,
,,,,,,,Zoux Solid Men Green Casual Shorts,Zoux,,,,,,
,,,,,,,Zoux Women Kurti Palazzo Dupatta Set,Zoux,,,,,,
1499,cbfd1923d0e74e93,YASHVITEX,No,silver,2023-06-13,2023-06-15,mirapari fashion Women Kurta Pant Attached Dupatta Set,mirapari fashion,Possibly a Brand,mirapari fashion,+919586760841,+919586760841,yashvienterprice@gmail.com,yashvienterprice@gmail.com
,,,,,,,"KHAMKARO Embroidered Kurta, Trouser/Pant & Dupatta Set",KHAMKARO,,,,,,
,,,,,,,"mirapari fashion Embroidered Kurta, Trouser/Pant & Dupatta Set",mirapari fashion,,,,,,
,,,,,,,"mirapari fashion Embroidered Kurta, Trouser/Pant & Dupatta Set",mirapari fashion,,,,,,
,,,,,,,"mirapari fashion Embroidered Anarkali Kurta, Bottom & Dupatta Set",mirapari fashion,,,,,,
,,,,,,,"mirapari fashion Embroidered Anarkali Kurta, Bottom & Dupatta Set",mirapari fashion,,,,,,
,,,,,,,mirapari fashion Women Kurta Pant Attached Dupatta Set,mirapari fashion,,,,,,
,,,,,,,mirapari fashion Women Kurta Pant Attached Dupatta Set,mirapari fashion,,,,,,
,,,,,,,mirapari fashion Women Kurta Pant Attached Dupatta Set,mirapari fashion,,,,,,
,,,,,,,mirapari fashion Women Kurta Pant Attached Dupatta Set,mirapari fashion,,,,,,
,,,,,,,"mirapari fashion Embroidered Kurta, Trouser/Pant & Dupatta Set",mirapari fashion,,,,,,
,,,,,,,mirapari fashion Women Kurta Pant Attached Dupatta Set,mirapari fashion,,,,,,
,,,,,,,"mirapari fashion Embroidered Kurta, Trouser/Pant & Dupatta Set",mirapari fashion,,,,,,
,,,,,,,mirapari fashion Women Kurta Pant Attached Dupatta Set,mirapari fashion,,,,,,
,,,,,,,"mirapari fashion Embroidered Kurta, Trouser/Pant & Dupatta Set",mirapari fashion,,,,,,
,,,,,,,mirapari fashion Women Kurta Pant Attached Dupatta Set,mirapari fashion,,,,,,
,,,,,,,"mirapari fashion Embroidered Kurta, Trouser/Pant & Dupatta Set",mirapari fashion,,,,,,
,,,,,,,"mirapari fashion Embroidered Kurta, Trouser/Pant & Dupatta Set",mirapari fashion,,,,,,
,,,,,,,"mirapari fashion Embroidered Kurta, Trouser/Pant & Dupatta Set",mirapari fashion,,,,,,
,,,,,,,"KHAMKARO Embroidered Kurta, Trouser/Pant & Dupatta Set",KHAMKARO,,,,,,
1500,b5637972139a4772,MRHFAB,No,bronze,2025-09-26,2025-09-27,HANILCART Women Ethnic Top Pant Dupatta Set,HANILCART,Possibly a Brand,MRH FAB,+919724040127,+919724040127,mrhenterprises11@gmail.com,mrhenterprises11@gmail.com
,,,,,,,HANILCART Women Ethnic Top Pant Dupatta Set,HANILCART,,,,,,
,,,,,,,HANILCART Women Kurti Dhoti Pant Dupatta Set,HANILCART,,,,,,
,,,,,,,MRH FAB Women Kurti Pant Dupatta Set,MRH FAB,,,,,,
,,,,,,,MRH FAB Women Ethnic Top Pant Dupatta Set,MRH FAB,,,,,,
,,,,,,,HANILCART Women Ethnic Top Pant Dupatta Set,HANILCART,,,,,,
,,,,,,,MRH FAB Women Kurti Pant Dupatta Set,MRH FAB,,,,,,
,,,,,,,MRH FAB Women Ethnic Top Dhoti Pant Dupatta Set,MRH FAB,,,,,,
,,,,,,,MRH FAB Women Ethnic Top Dhoti Pant Dupatta Set,MRH FAB,,,,,,
,,,,,,,MRH FAB Women Ethnic Top Sharara Dupatta Set,MRH FAB,,,,,,
,,,,,,,MRH FAB Women Ethnic Top Pant Dupatta Set,MRH FAB,,,,,,
,,,,,,,MRH FAB Women Kurti Pant Dupatta Set,MRH FAB,,,,,,
,,,,,,,MRH FAB Women Ethnic Top Palazzo Dupatta Set,MRH FAB,,,,,,
,,,,,,,MRH FAB Women Kurti Pant Dupatta Set,MRH FAB,,,,,,
,,,,,,,SAWARAJ TEX Women Kurti Palazzo Dupatta Set,SAWARAJ TEX,,,,,,
,,,,,,,HANILCART Embroidered Semi Stitched Lehenga Choli (Purple),HANILCART,,,,,,
,,,,,,,MRH FAB Women Ethnic Top Palazzo Dupatta Set,MRH FAB,,,,,,
,,,,,,,MRH FAB Embroidered Semi Stitched Lehenga Choli (Green),MRH FAB,,,,,,
,,,,,,,MRH FAB Women Kurti Palazzo Dupatta Set,MRH FAB,,,,,,
,,,,,,,MRH FAB Women Ethnic Top Dhoti Pant Dupatta Set,MRH FAB,,,,,,
