Sr No,Customer ID,Account Name,Support Manager,Seller Tier,Signed Up Date,Live Date,Brand List,Listing Brand,Is Brand,Brand Name,Mobile Number,Registered Mobile Number,Email ID,Registered Email ID
2001,cceaf266b69f49f8,ZariZiba,No,silver,2025-06-19,2025-07-02,BELLETRENDZ Embroidered Bollywood Georgette Saree (Yellow),BELLETRENDZ,Possibly a Seller,,+917041467804,+917041467804,zariziba25@gmail.com,zariziba25@gmail.com
,,,,,,,Zari and Ziba Embroidered Bollywood Chiffon Saree (Multicolor),Zari and Ziba,,,,,,
,,,,,,,BELLETRENDZ Embroidered Bollywood Silk Blend Saree (Pink),BELLETRENDZ,,,,,,
,,,,,,,BELLETRENDZ Embroidered Bollywood Jimmy Jimmy Saree (Dark Blue),BELLETRENDZ,,,,,,
,,,,,,,BELLETRENDZ Embroidered Bollywood Jimmy Jimmy Saree (Purple),BELLETRENDZ,,,,,,
,,,,,,,BELLETRENDZ Solid/Plain Bollywood Georgette Saree (Green),BELLETRENDZ,,,,,,
,,,,,,,Zari and Ziba Embroidered Bollywood Chiffon Saree (Pink),Zari and Ziba,,,,,,
,,,,,,,Zari and Ziba Embroidered Bollywood Satin Saree (Yellow),Zari and Ziba,,,,,,
,,,,,,,BELLETRENDZ Embroidered Bollywood Georgette Saree (Multicolor),BELLETRENDZ,,,,,,
,,,,,,,BELLETRENDZ Embroidered Bollywood Silk Blend Saree (Light Blue),BELLETRENDZ,,,,,,
,,,,,,,Zari and Ziba Embroidered Bollywood Georgette Saree (Beige),Zari and Ziba,,,,,,
,,,,,,,Zari and Ziba Dyed Bollywood Jimmy Jimmy Saree (Beige),Zari and Ziba,,,,,,
,,,,,,,BELLETRENDZ Embroidered Bollywood Georgette Saree (Green),BELLETRENDZ,,,,,,
,,,,,,,BELLETRENDZ Embroidered Bollywood Georgette Saree (Maroon),BELLETRENDZ,,,,,,
,,,,,,,Zari and Ziba Embroidered Bollywood Georgette Saree (Dark Blue),Zari and Ziba,,,,,,
,,,,,,,BELLETRENDZ Embroidered Bollywood Crepe Saree (Maroon),BELLETRENDZ,,,,,,
,,,,,,,BELLETRENDZ Embroidered Bollywood Jimmy Jimmy Saree (White),BELLETRENDZ,,,,,,
,,,,,,,Zari and Ziba Embroidered Bollywood Crepe Saree (Pink),Zari and Ziba,,,,,,
,,,,,,,Zari and Ziba Embroidered Bollywood Chiffon Saree (Blue),Zari and Ziba,,,,,,
,,,,,,,Zari and Ziba Embroidered Bollywood Georgette Saree (Beige),Zari and Ziba,,,,,,
2002,1512a973bb404fb4,BKcollection2511,No,silver,2025-02-05,2025-02-07,"BK COLLECTION Solid/Plain, Embroidered Bollywood Georgette Saree (Yellow)",BK COLLECTION,Possibly a Brand,BK COLLECTION,+919723699446,+919723699446,bkcollection2511@gmail.com,bkcollection2511@gmail.com
,,,,,,,BK COLLECTION Solid/Plain Bollywood Silk Blend Saree (Purple),BK COLLECTION,,,,,,
,,,,,,,BK COLLECTION Solid/Plain Bollywood Georgette Saree (Blue),BK COLLECTION,,,,,,
,,,,,,,BK COLLECTION Solid/Plain Bollywood Georgette Saree (Black),BK COLLECTION,,,,,,
,,,,,,,BK COLLECTION Solid/Plain Bollywood Georgette Saree (Dark Blue),BK COLLECTION,,,,,,
,,,,,,,BK COLLECTION Solid/Plain Bollywood Georgette Saree (Black),BK COLLECTION,,,,,,
,,,,,,,BK COLLECTION Embroidered Bollywood Georgette Saree (Purple),BK COLLECTION,,,,,,
,,,,,,,"BK COLLECTION Embroidered, Solid/Plain, Geometric Print Bollywood Georgette Saree (Purple)",BK COLLECTION,,,,,,
,,,,,,,BK COLLECTION Solid/Plain Bollywood Georgette Saree (Green),BK COLLECTION,,,,,,
,,,,,,,BK COLLECTION Embroidered Bollywood Georgette Saree with Unstitched Blouse (Purple),BK COLLECTION,,,,,,
,,,,,,,BK COLLECTION Solid/Plain Bollywood Georgette Saree (Green),BK COLLECTION,,,,,,
,,,,,,,BK COLLECTON Solid/Plain Bollywood Georgette Saree (Purple),BK COLLECTON,,,,,,
,,,,,,,BK COLLECTION Solid/Plain Bollywood Georgette Saree (Green),BK COLLECTION,,,,,,
,,,,,,,BK COLLECTION Solid/Plain Bollywood Georgette Saree (Yellow),BK COLLECTION,,,,,,
,,,,,,,BK COLLECTION Solid/Plain Bollywood Silk Blend Saree (Green),BK COLLECTION,,,,,,
,,,,,,,"BK COLLECTION Solid/Plain, Embellished Bollywood Georgette Saree (Blue)",BK COLLECTION,,,,,,
,,,,,,,BK COLLECTION Solid/Plain Bollywood Silk Blend Saree (Blue),BK COLLECTION,,,,,,
,,,,,,,BK COLLECTION Solid Bollywood Georgette Saree with Unstitched Blouse (Blue),BK COLLECTION,,,,,,
,,,,,,,BK COLLECTION Solid Bollywood Georgette Saree with Unstitched Blouse (Green),BK COLLECTION,,,,,,
,,,,,,,BK COLLECTION Solid/Plain Bollywood Georgette Saree (Black),BK COLLECTION,,,,,,
2003,62a79e8f3ec04583,SOHAM CREATION,No,silver,2020-08-24,2020-09-25,V And V Shop Embroidered Bollywood Georgette Saree (Purple),V And V Shop,Possibly a Brand,V And V Shop,+919586717098,+919586717098,mohitborad65@gmail.com,mohitborad65@gmail.com
,,,,,,,V And V Shop Embroidered Bollywood Art Silk Saree (Purple),V And V Shop,,,,,,
,,,,,,,V And V Shop Embroidered Bollywood Georgette Saree (Red),V And V Shop,,,,,,
,,,,,,,V And V Shop Embroidered Bollywood Chiffon Saree (Green),V And V Shop,,,,,,
,,,,,,,V And V Shop Embroidered Bollywood Georgette Saree (Multicolor),V And V Shop,,,,,,
,,,,,,,V And V Shop Embroidered Bollywood Georgette Saree (Dark Green),V And V Shop,,,,,,
,,,,,,,V And V Shop Embroidered Bollywood Georgette Saree (Maroon),V And V Shop,,,,,,
,,,,,,,V And V Shop Embroidered Bollywood Georgette Saree (Purple),V And V Shop,,,,,,
,,,,,,,V And V Shop Embroidered Bollywood Organza Saree (Yellow),V And V Shop,,,,,,
,,,,,,,V And V Shop Embroidered Bollywood Organza Saree (Green),V And V Shop,,,,,,
,,,,,,,V And V Shop Embroidered Bollywood Georgette Saree (Purple),V And V Shop,,,,,,
,,,,,,,V And V Shop Embroidered Bollywood Georgette Saree (Mustard),V And V Shop,,,,,,
,,,,,,,V And V Shop Embroidered Bollywood Chiffon Saree (Blue),V And V Shop,,,,,,
,,,,,,,V And V Shop Embroidered Bollywood Georgette Saree (Beige),V And V Shop,,,,,,
,,,,,,,V And V Shop Embroidered Bollywood Art Silk Saree (Pink),V And V Shop,,,,,,
,,,,,,,V And V Shop Embroidered Bollywood Georgette Saree (Maroon),V And V Shop,,,,,,
,,,,,,,V And V Shop Embroidered Bollywood Chiffon Saree (Purple),V And V Shop,,,,,,
,,,,,,,V And V Shop Embroidered Bollywood Georgette Saree (Maroon),V And V Shop,,,,,,
,,,,,,,V And V Shop Embroidered Bollywood Georgette Saree (Blue),V And V Shop,,,,,,
,,,,,,,V And V Shop Embroidered Bollywood Georgette Saree (Purple),V And V Shop,,,,,,
2004,32fa8794ea7144e0,THENICECREATION,No,bronze,2024-03-22,2024-03-26,Choo Choo Kids Nightwear Baby Boys Printed Cotton Blend (Light Green Pack of 1),Choo Choo,Possibly a Brand,Choo Choo,+917044004272,+917044004272,the_nice_creation@yahoo.com,the_nice_creation@yahoo.com
,,,,,,,Choo Choo Kids Nightwear Baby Boys Printed Cotton Blend (Pink Pack of 2),Choo Choo,,,,,,
,,,,,,,"Choo Choo Baby Boys Casual T-shirt Pant (Orange, Pack of 1)",Choo Choo,,,,,,
,,,,,,,"Choo Choo Boys Casual Shirt Pant (Brown, Pack of 1)",Choo Choo,,,,,,
,,,,,,,"Choo Choo Boys Casual T-shirt Pant (Multicolor, Pack of 2)",Choo Choo,,,,,,
,,,,,,,"Choo Choo Baby Boys Casual T-shirt Pant (Light Blue, Pack of 1)",Choo Choo,,,,,,
,,,,,,,"Choo Choo Boys Casual Shirt Pant (White, Pack of 1)",Choo Choo,,,,,,
,,,,,,,Choo Choo Kids Nightwear Baby Girls Printed Cotton Blend (Brown Pack of 2),Choo Choo,,,,,,
,,,,,,,Choo Choo Kids Nightwear Baby Boys Printed Cotton Blend (Green Pack of 2),Choo Choo,,,,,,
,,,,,,,"Choo Choo Baby Boys Casual T-shirt Pant (Orange, Pack of 1)",Choo Choo,,,,,,
,,,,,,,"Choo Choo Boys Casual T-shirt Pant (Blue, Pack of 1)",Choo Choo,,,,,,
,,,,,,,"Choo Choo Boys Casual T-shirt Pant (Yellow, Green, Pack of 2)",Choo Choo,,,,,,
,,,,,,,"Choo Choo Boys Casual Shirt Pant (Brown, Pack of 1)",Choo Choo,,,,,,
,,,,,,,"Choo Choo Boys Casual T-shirt Pant (Light Green, Pack of 1)",Choo Choo,,,,,,
,,,,,,,"Choo Choo Baby Boys Casual T-shirt Pant (Light Green, Pack of 1)",Choo Choo,,,,,,
,,,,,,,Choo Choo Kids Nightwear Baby Boys Printed Cotton Blend (Beige Pack of 1),Choo Choo,,,,,,
,,,,,,,"Choo Choo Boys Casual Shorts Pant (Dark Green, Pack of 1)",Choo Choo,,,,,,
,,,,,,,"Choo Choo Boys Casual Shirt Pant (Green, Pack of 1)",Choo Choo,,,,,,
,,,,,,,Choo Choo Boys Casual T-shirt Pant (Multicolor),Choo Choo,,,,,,
,,,,,,,"Choo Choo Baby Boys Casual T-shirt Pant (Light Green, Pack of 1)",Choo Choo,,,,,,
2005,8c3f274b956449e8,ZOYATRADERS,Yes,silver,2026-05-21,2026-05-23,,,,,,,,
2006,36312b592e884802,EASTWARDS,Yes,bronze,2021-11-27,2021-12-02,,,,,,,,
2007,d86941737f0f4a9c,FashionDream,Yes,silver,2018-08-18,2018-10-20,,,,,,,,
2008,2048b4c120364713,KhushiEnterprises3005,No,silver,2026-07-01,2026-07-02,"vastraa Baby Boys & Baby Girls Party(Festive) T-shirt Shorts (Green, Pack of 1)",vastraa,Possibly a Brand,vastraa,+918570057848,+918570057848,khushienterprises3005@gmail.com,khushienterprises3005@gmail.com
,,,,,,,"vastraa Baby Boys & Baby Girls Party(Festive) T-shirt Shorts (Beige, Pack of 1)",vastraa,,,,,,
,,,,,,,"vastraa Baby Boys & Baby Girls Party(Festive) T-shirt Shorts (Beige Brown, Pack of 1)",vastraa,,,,,,
,,,,,,,"vastraa Baby Boys & Baby Girls Party(Festive) T-shirt Shorts (Purple, Pack of 1)",vastraa,,,,,,
,,,,,,,"vastraa Baby Boys & Baby Girls Party(Festive) T-shirt Shorts (Purple, Pack of 1)",vastraa,,,,,,
,,,,,,,"vastraa Dungaree For Baby Boys & Baby Girls Party Applique Pure Cotton (Multicolor, Pack of 1)",vastraa,,,,,,
,,,,,,,"vastraa Dungaree For Baby Boys & Baby Girls Party Self Design Pure Cotton (Multicolor, Pack of 1)",vastraa,,,,,,
,,,,,,,"vastraa Dungaree For Baby Boys & Baby Girls Party Solid Pure Cotton (Brown, Pack of 1)",vastraa,,,,,,
,,,,,,,"vastraa Dungaree For Baby Boys & Baby Girls Party Solid Pure Cotton (Red, Pack of 1)",vastraa,,,,,,
,,,,,,,"vastraa Baby Boys & Baby Girls Party(Festive) T-shirt Shorts (Purple, Pack of 1)",vastraa,,,,,,
,,,,,,,"vastraa Dungaree For Baby Boys & Baby Girls Party Self Design Pure Cotton (Beige, Pack of 1)",vastraa,,,,,,
,,,,,,,"vastraa Baby Girls Party(Festive) T-shirt Shorts (Blue, Pack of 1)",vastraa,,,,,,
,,,,,,,"vastraa Baby Boys & Baby Girls Party(Festive) T-shirt Shorts (Pink, Pack of 1)",vastraa,,,,,,
,,,,,,,"vastraa Baby Girls Party(Festive) T-shirt Shorts (Blue, Pack of 1)",vastraa,,,,,,
,,,,,,,"vastraa Baby Boys & Baby Girls Party(Festive) T-shirt Shorts (Sky Blue, Pack of 1)",vastraa,,,,,,
,,,,,,,"vastraa Baby Boys & Baby Girls Party(Festive) T-shirt Shorts (Pink, Pack of 1)",vastraa,,,,,,
,,,,,,,"vastraa Baby Boys & Baby Girls Party(Festive) T-shirt Shorts (Beige, Pack of 1)",vastraa,,,,,,
,,,,,,,"vastraa Baby Boys & Baby Girls Party(Festive) T-shirt Shorts (Sky Blue, Pack of 1)",vastraa,,,,,,
,,,,,,,"vastraa Dungaree For Baby Boys & Baby Girls Party Solid Pure Cotton (Pink, Pack of 1)",vastraa,,,,,,
,,,,,,,"vastraa Dungaree For Baby Boys & Baby Girls Party Self Design Pure Cotton (Green, Pack of 1)",vastraa,,,,,,
2009,598c5cbfaf1a4664,JAYENTERPRISE4,No,bronze,2026-02-28,2026-03-12,"Jayenterprise Boys Casual Shirt Pant (Maroon, Pack of 1)",Jayenterprise,Possibly a Brand,Jayenterprise,+919824697292,+919824697292,BIPIN115626@GMAIL.COM,BIPIN115626@GMAIL.COM
,,,,,,,"Jayenterprise Boys Casual Shirt Pant (Maroon, Pack of 1)",Jayenterprise,,,,,,
,,,,,,,"Jayenterprise Boys Casual Shirt Pant (Maroon, Pack of 1)",Jayenterprise,,,,,,
,,,,,,,"Jayenterprise Boys Casual Shirt Pant (Light Blue, Pack of 1)",Jayenterprise,,,,,,
,,,,,,,"Jayenterprise Boys Casual Shirt Pant (Maroon, Pack of 1)",Jayenterprise,,,,,,
,,,,,,,"Jayenterprise Boys Casual Shirt Pant (Black, Pack of 1)",Jayenterprise,,,,,,
,,,,,,,"Jayenterprise Boys Casual Shirt Pant (Brown, Pack of 1)",Jayenterprise,,,,,,
,,,,,,,"Jayenterprise Boys Casual Shirt Pant (Brown, Pack of 1)",Jayenterprise,,,,,,
,,,,,,,"Jayenterprise Boys Casual Shirt Pant (Black, Pack of 1)",Jayenterprise,,,,,,
,,,,,,,"Jayenterprise Boys Casual Shirt Pant (Maroon, Pack of 1)",Jayenterprise,,,,,,
,,,,,,,"Jayenterprise Boys Casual Shirt Pant (Black, Pack of 1)",Jayenterprise,,,,,,
,,,,,,,"Jayenterprise Boys Casual Shirt Pant (Black, Pack of 1)",Jayenterprise,,,,,,
,,,,,,,"Jayenterprise Boys Casual Shirt Pant (Brown, Pack of 1)",Jayenterprise,,,,,,
,,,,,,,"Jayenterprise Boys Casual Shirt Pant (Light Blue, Pack of 1)",Jayenterprise,,,,,,
,,,,,,,"Jayenterprise Boys Casual Shirt Pant (Black, Pack of 1)",Jayenterprise,,,,,,
,,,,,,,"Jayenterprise Boys Casual Shirt Pant (Maroon, Pack of 1)",Jayenterprise,,,,,,
,,,,,,,"Jayenterprise Girls Casual Top Skirt (Beige, Black)",Jayenterprise,,,,,,
,,,,,,,"Jayenterprise Boys Casual Shirt Pant (Black, Pack of 1)",Jayenterprise,,,,,,
,,,,,,,"Jayenterprise Boys Casual Shirt Pant (Black, Pack of 1)",Jayenterprise,,,,,,
,,,,,,,"Jayenterprise Boys Casual Shirt Pant (Light Blue, Pack of 1)",Jayenterprise,,,,,,
2010,613728eda9004c69,BeautyManufacturing,No,silver,2026-06-30,2026-07-01,"Graphicx Printed Men Black, Red Track Pants",Graphicx,Possibly a Seller,,+918700701877,+918700701877,vikaskmv007@gmail.com,vikaskmv007@gmail.com
,,,,,,,"Graphicx Graphic Print Men Black, White Track Pants",Graphicx,,,,,,
,,,,,,,Graphicx Solid Men Black Track Pants,Graphicx,,,,,,
,,,,,,,"Mensgarment Graphic Print Men Black, White Track Pants",Mensgarment,,,,,,
,,,,,,,Graphicx Graphic Print Men Black Track Pants,Graphicx,,,,,,
,,,,,,,royalstitch Solid Men Black Track Pants,royalstitch,,,,,,
,,,,,,,royalstitch Solid Men Grey Track Pants,royalstitch,,,,,,
,,,,,,,SMARTRIX Solid Men Black Track Pants,SMARTRIX,,,,,,
,,,,,,,Clothy Solid Men Black Track Pants,Clothy,,,,,,
,,,,,,,Priyansh Enterprises Solid Women Black Track Pants,Priyansh Enterprises,,,,,,
,,,,,,,Suun Fllower Solid Women Black Track Pants,Suun Fllower,,,,,,
,,,,,,,Beautyfit Solid Women Black Track Pants,Beautyfit,,,,,,
,,,,,,,Ramawati enterprises Solid Men Black Track Pants,Ramawati enterprises,,,,,,
,,,,,,,Graphicx Graphic Print Men Black Track Pants,Graphicx,,,,,,
,,,,,,,Ramawati enterprises Solid Men Black Track Pants,Ramawati enterprises,,,,,,
,,,,,,,FLYcollection Solid Men Black Track Pants,FLYcollection,,,,,,
,,,,,,,Suun Fllower Solid Women Black Track Pants,Suun Fllower,,,,,,
,,,,,,,"TABUBU Printed Men Black, Grey Track Pants",TABUBU,,,,,,
,,,,,,,Khatu pradhan Solid Women Black Track Pants,Khatu pradhan,,,,,,
,,,,,,,Kavya Retail Solid Women Black Track Pants,Kavya Retail,,,,,,
2011,d5cb333faf64449a,SUBIEXPORTS,No,silver,2025-12-24,2026-01-03,ST Trends Printed Men Grey T-Shirt,ST Trends,Possibly a Brand,ST Trends,+919994715357,+919994715357,mp.subiexports@gmail.com,mp.subiexports@gmail.com
,,,,,,,ST Trends Printed Men Dark Blue T-Shirt,ST Trends,,,,,,
,,,,,,,ST Trends Printed Men Yellow T-Shirt,ST Trends,,,,,,
,,,,,,,ST Trends Printed Men Grey T-Shirt,ST Trends,,,,,,
,,,,,,,ST Trends Printed Men Yellow T-Shirt,ST Trends,,,,,,
,,,,,,,ST Trends Printed Men Green T-Shirt,ST Trends,,,,,,
,,,,,,,ST Trends Printed Men Yellow T-Shirt,ST Trends,,,,,,
,,,,,,,ST Trends Printed Men Beige T-Shirt,ST Trends,,,,,,
,,,,,,,ST Trends Printed Men Blue T-Shirt,ST Trends,,,,,,
,,,,,,,ST Trends Printed Men Green T-Shirt,ST Trends,,,,,,
,,,,,,,ST Trends Printed Women Yellow T-Shirt,ST Trends,,,,,,
,,,,,,,ST Trends Printed Women Beige T-Shirt,ST Trends,,,,,,
,,,,,,,ST Trends Printed Women Navy Blue T-Shirt,ST Trends,,,,,,
,,,,,,,ST Trends Printed Women Red T-Shirt,ST Trends,,,,,,
,,,,,,,ST Trends Printed Women Red T-Shirt,ST Trends,,,,,,
,,,,,,,ST Trends Printed Men Black T-Shirt,ST Trends,,,,,,
,,,,,,,ST Trends Printed Women Beige T-Shirt,ST Trends,,,,,,
,,,,,,,ST Trends Printed Women Beige T-Shirt,ST Trends,,,,,,
,,,,,,,ST Trends Printed Men Navy Blue T-Shirt,ST Trends,,,,,,
,,,,,,,ST Trends Printed Women Black T-Shirt,ST Trends,,,,,,
2012,d132a4d2464240ab,SAMFA,No,silver,2026-05-23,2026-06-09,"Samfa Boys Casual T-shirt Shorts (Multicolor, Pack of 1)",Samfa,Possibly a Brand,Samfa,+918840030515,+918840030515,Samfa1412@gmail.com,Samfa1412@gmail.com
,,,,,,,"Samfa Baby Boys Casual T-shirt Dress (White, Pack of 1)",Samfa,,,,,,
,,,,,,,"Samfa Boys Casual T-shirt Shorts (Multicolor, Pack of 1)",Samfa,,,,,,
,,,,,,,"Samfa Boys Casual T-shirt Shorts (Black, Pack of 1)",Samfa,,,,,,
,,,,,,,"Samfa Boys Casual T-shirt Shorts (Multicolor, Pack of 1)",Samfa,,,,,,
,,,,,,,"Samfa Boys Casual T-shirt Shorts (Multicolor, Pack of 1)",Samfa,,,,,,
,,,,,,,"Samfa Boys Casual T-shirt Shorts (Multicolor, Pack of 1)",Samfa,,,,,,
,,,,,,,"Samfa Boys Casual T-shirt Shorts (Multicolor, Pack of 1)",Samfa,,,,,,
,,,,,,,"Samfa Boys Casual T-shirt Shorts (Multicolor, Pack of 1)",Samfa,,,,,,
,,,,,,,"Samfa Baby Boys Casual T-shirt Dress (White, Pack of 1)",Samfa,,,,,,
,,,,,,,"Samfa Boys Casual T-shirt Shorts (Multicolor, Pack of 1)",Samfa,,,,,,
,,,,,,,"Samfa Baby Boys Casual T-shirt Dress (White, Pack of 1)",Samfa,,,,,,
,,,,,,,"Samfa Baby Boys Casual T-shirt Dress (White, Pack of 1)",Samfa,,,,,,
,,,,,,,"Samfa Boys Casual T-shirt Shorts (Multicolor, Pack of 1)",Samfa,,,,,,
,,,,,,,"Samfa Baby Boys Casual T-shirt Dress (Red, Pack of 1)",Samfa,,,,,,
,,,,,,,"Samfa Boys Casual T-shirt Shorts (Black, Pack of 1)",Samfa,,,,,,
,,,,,,,"Samfa Boys Casual T-shirt Shorts (White, blue, Pack of 1)",Samfa,,,,,,
,,,,,,,"Samfa Boys Casual T-shirt Shorts (Multicolor, Pack of 1)",Samfa,,,,,,
,,,,,,,"Samfa Boys Casual T-shirt Shorts (Black, Pack of 1)",Samfa,,,,,,
,,,,,,,"Samfa Baby Boys Casual T-shirt Dress (Blue, Pack of 1)",Samfa,,,,,,
2013,a041ab8dbfb74634,ShambhuTraderss,No,silver,2026-05-15,2026-05-18,"Fashiva Baby Boys Festive & Party Kurta, Waistcoat and Pyjama Set (Blue Pack of 1)",Fashiva,Possibly a Seller,,+916263733271,+916263733271,mika.diya@gmail.com,mika.diya@gmail.com
,,,,,,,"LALWANI BROTHERS Baby Boys Party(Festive) Kurta Waistcoat (White, Navy Blue)",LALWANI BROTHERS,,,,,,
,,,,,,,Shambhu Baby Girls Casual Top Skirt (Multicolor),Shambhu,,,,,,
,,,,,,,"Raniomatic Short For Boys Casual Printed Cotton Blend (Multicolor, Pack of 5)",Raniomatic,,,,,,
,,,,,,,"Fashiva Baby Boys Festive & Party Kurta, Waistcoat and Pyjama Set (Maroon Pack of 1)",Fashiva,,,,,,
,,,,,,,LALWANI BROTHERS Baby Boys Casual Dungaree Dress (Multicolor),LALWANI BROTHERS,,,,,,
,,,,,,,Fashiva Girls Casual Top Shorts (Multicolor),Fashiva,,,,,,
,,,,,,,"Fashiva Short For Baby Girls Casual Solid Cotton Blend (Multicolor, Pack of 5)",Fashiva,,,,,,
,,,,,,,LALWANI BROTHERS Girls Party(Festive) Skirt Skirt (Black),LALWANI BROTHERS,,,,,,
,,,,,,,LALWANI BROTHERS Girls Casual T-shirt Shorts (Dark Grey),LALWANI BROTHERS,,,,,,
,,,,,,,LALWANI BROTHERS Girls Casual Top Dress (Pink),LALWANI BROTHERS,,,,,,
,,,,,,,"Fashiva Baby Girls Casual Top Top, Shrug, Shorts (blue)",Fashiva,,,,,,
,,,,,,,"Fashiva Baby Girls Casual Top Top, Shrug, Shorts (blue)",Fashiva,,,,,,
,,,,,,,LALWANI BROTHERS Girls Casual Top Dress (Pink),LALWANI BROTHERS,,,,,,
,,,,,,,LALWANI BROTHERS Girls Casual Jumpsuit Shorts (Navy Blue),LALWANI BROTHERS,,,,,,
,,,,,,,"ABLaskar Baby Boys Casual Ethnic Jacket, Kurta and Dhoti Pant Set (Maroon Pack of 1)",ABLaskar,,,,,,
,,,,,,,Hariom garmentss Baby Boys & Baby Girls Casual Dungaree Dungaree (Multicolor),Hariom garmentss,,,,,,
,,,,,,,"Fashiva Short For Baby Girls Casual Solid Cotton Blend (Multicolor, Pack of 5)",Fashiva,,,,,,
,,,,,,,"Fashiva Short For Baby Girls Casual Solid Cotton Blend (Multicolor, Pack of 5)",Fashiva,,,,,,
,,,,,,,"Raniomatic Short For Boys Casual Printed Cotton Blend (Multicolor, Pack of 5)",Raniomatic,,,,,,
2014,244a335fe7604716,Jayindustry,Yes,silver,2025-08-04,2025-08-05,,,,,,,,
2015,d4a0de54cefe483e,SizeCloth,No,silver,2026-05-10,2026-05-11,Size Clothing Boys Casual T-shirt Pant (Red),Size Clothing,Possibly a Brand,Size Clothing,+919898829471,+919898829471,sales.sizeclothing@gmail.com,sales.sizeclothing@gmail.com
,,,,,,,Size Clothing Boys Casual Shirt Shorts (BLACK),Size Clothing,,,,,,
,,,,,,,clothsh trend Boys Shirt Pant (Beige),clothsh trend,,,,,,
,,,,,,,Size Clothing Boys Casual T-shirt Pant (BLACKWHITE),Size Clothing,,,,,,
,,,,,,,"Size Clothing Girls Casual Pant Pant (White, Brown)",Size Clothing,,,,,,
,,,,,,,Size Clothing Girls Casual T-shirt Trouser (Red),Size Clothing,,,,,,
,,,,,,,clothsh trend Boys Shirt Pant (Beige),clothsh trend,,,,,,
,,,,,,,clothsh trend Boys & Girls T-shirt Pant (Multicolor),clothsh trend,,,,,,
,,,,,,,Size Clothing Boys & Girls Party(Festive) T-shirt Trouser (Snow White),Size Clothing,,,,,,
,,,,,,,Size Clothing Girls Casual T-shirt Pant (English Ice),Size Clothing,,,,,,
,,,,,,,clothsh trend Boys & Girls Shirt Shorts (Light Blue),clothsh trend,,,,,,
,,,,,,,clothsh trend Boys Shirt Pant (White),clothsh trend,,,,,,
,,,,,,,Size Clothing Boys & Girls Casual Shirt Shorts (Purple),Size Clothing,,,,,,
,,,,,,,Size Clothing Boys & Girls Party(Festive) T-shirt Shorts (White),Size Clothing,,,,,,
,,,,,,,Size Clothing Girls Casual T-shirt Pant (White Ice),Size Clothing,,,,,,
,,,,,,,Size Clothing Girls Casual T-shirt Track Pants (White),Size Clothing,,,,,,
,,,,,,,Size Clothing Boys Casual T-shirt Pant (Green),Size Clothing,,,,,,
,,,,,,,Size Clothing Boys & Girls Casual T-shirt Track Pants (Black & White),Size Clothing,,,,,,
,,,,,,,clothsh trend Boys Shirt Pant (Red),clothsh trend,,,,,,
,,,,,,,Size Clothing Boys Casual Shirt Pant (Light Blue),Size Clothing,,,,,,
2016,838eb99df6dd4193,Karlfoerster,No,silver,2022-10-24,2022-11-05,Sunbrust (with Device) Girls Party(Festive) T-shirt Pant (Purple B),Sunbrust (with Device),Possibly a Brand,Sunbrust (with Device),+919211000066,+919211000066,onlinemarketing7000@gmail.com,onlinemarketing7000@gmail.com
,,,,,,,Sunbrust (with Device) Girls Party(Festive) T-shirt Pant (Purple E),Sunbrust (with Device),,,,,,
,,,,,,,Sunbrust (with Device) Girls Party(Festive) T-shirt Pant (Purple B),Sunbrust (with Device),,,,,,
,,,,,,,Sunbrust (with Device) Girls Party(Festive) T-shirt Pant (Purple E),Sunbrust (with Device),,,,,,
,,,,,,,Sunbrust (with Device) Girls Party(Festive) T-shirt Pant (Purple E),Sunbrust (with Device),,,,,,
,,,,,,,Sunbrust (with Device) Girls Party(Festive) T-shirt Pant (Purple B),Sunbrust (with Device),,,,,,
,,,,,,,Sunbrust (with Device) Girls Party(Festive) T-shirt Pant (Purple B),Sunbrust (with Device),,,,,,
,,,,,,,Sunbrust (with Device) Girls Party(Festive) T-shirt Pant (Purple E),Sunbrust (with Device),,,,,,
,,,,,,,Sunbrust (with Device) Girls Party(Festive) T-shirt Pant (Black & White),Sunbrust (with Device),,,,,,
,,,,,,,"Karl Foerster Regular Fit Women Maroon, Dark Blue Trousers",Karl Foerster,,,,,,
,,,,,,,Sunbrust (with Device) Girls Party(Festive) T-shirt Pant (Lavender & White),Sunbrust (with Device),,,,,,
,,,,,,,Sunbrust (with Device) Girls Party(Festive) T-shirt Pant (Purple A),Sunbrust (with Device),,,,,,
,,,,,,,Karl Foerster Fashion Neck Women Blouse,Karl Foerster,,,,,,
,,,,,,,Sunbrust (with Device) Girls Party(Festive) T-shirt Pant (Purple E),Sunbrust (with Device),,,,,,
,,,,,,,Sunbrust (with Device) Girls Party(Festive) T-shirt Pant (Lavender & White),Sunbrust (with Device),,,,,,
,,,,,,,Sunbrust (with Device) Girls Party(Festive) T-shirt Pant (Lavender & White),Sunbrust (with Device),,,,,,
,,,,,,,Sunbrust (with Device) Girls Party(Festive) T-shirt Pant (Brown & White),Sunbrust (with Device),,,,,,
,,,,,,,Karl Foerster Fashion Neck Women Blouse,Karl Foerster,,,,,,
,,,,,,,Sunbrust (with Device) Girls Party(Festive) T-shirt Pant (Purple C),Sunbrust (with Device),,,,,,
,,,,,,,Sunbrust (with Device) Girls Party(Festive) T-shirt Pant (Black & White),Sunbrust (with Device),,,,,,
2017,89dbd6e20b9e4c69,Hub of Trends,No,bronze,2019-03-11,2021-09-17,Trendzz Baby Boys & Baby Girls Casual T-shirt Pyjama (pink),Trendzz,Possibly a Seller,,+917838031408,+917838031408,kunalbaweja198@gmail.com,kunalbaweja198@gmail.com
,,,,,,,"HUB OF TREND Baby Boys & Baby Girls Casual T-shirt Pyjama (MULTICOLOR, Pack of 1)",HUB OF  TREND,,,,,,
,,,,,,,"HUB OF TREND Kids Nightwear Boys Printed Cotton, Cotton Blend (Blue Pack of 1)",HUB OF TREND,,,,,,
,,,,,,,HUB OF TREND Kids Nightwear Baby Boys & Baby Girls Printed Cotton (Pink Pack of 1),HUB OF TREND,,,,,,
,,,,,,,HUB OF TREND Kids Nightwear Baby Boys & Baby Girls Printed Cotton (Blue Pack of 1),HUB OF TREND,,,,,,
,,,,,,,"HUB OF TREND Kids Nightwear Boys Printed Cotton, Cotton Blend (Multicolor Pack of 1)",HUB OF TREND,,,,,,
,,,,,,,"HUB OF TREND Baby Boys & Baby Girls Casual Top Pyjama (MULTICOLOR, Pack of 1)",HUB OF  TREND,,,,,,
,,,,,,,"HUB OF TREND Top - Pyjama Set For Baby Boys & Baby Girls (Multicolor, Pack of 3)",HUB OF TREND,,,,,,
,,,,,,,"prayag fashion Top - Pyjama Set For Baby Boys & Baby Girls (Multicolor, Pack of 3)",prayag fashion,,,,,,
,,,,,,,HUB OF TREND Kids Nightwear Baby Boys & Baby Girls Printed Cotton (Blue Pack of 1),HUB OF TREND,,,,,,
,,,,,,,"HUB OF TREND Kids Nightwear Boys Printed Cotton, Cotton Blend (Blue Pack of 1)",HUB OF TREND,,,,,,
,,,,,,,"HUB OF TREND Kids Nightwear Boys Printed Cotton, Cotton Blend (Multicolor Pack of 1)",HUB OF TREND,,,,,,
,,,,,,,"HUB OF TREND Baby Boys & Baby Girls Casual Top Pyjama (Light Blue, Pack of 1)",HUB OF  TREND,,,,,,
,,,,,,,"HUB OF TREND Kids Nightwear Baby Boys & Baby Girls Printed Cotton, Cotton Blend (Beige Pack of 1)",HUB OF TREND,,,,,,
,,,,,,,HUB OF TREND Kids Nightwear Baby Boys & Baby Girls Printed Cotton (Pink Pack of 1),HUB OF TREND,,,,,,
,,,,,,,"HUB OF TREND Baby Girls Party(Festive) Top Shorts (White, Blue, Pack of 1)",HUB OF  TREND,,,,,,
,,,,,,,"prayag fashion Kids Nightwear Baby Boys & Baby Girls Printed, Solid Cotton (Light Blue Pack of 1)",prayag fashion,,,,,,
,,,,,,,"prayag fashion Kids Nightwear Baby Boys & Baby Girls Printed, Solid Cotton (Light Blue Pack of 1)",prayag fashion,,,,,,
,,,,,,,"HUB OF TREND Kids Nightwear Boys Printed Cotton, Cotton Blend (Multicolor Pack of 1)",HUB OF TREND,,,,,,
,,,,,,,"prayag fashion Kids Nightwear Baby Boys & Baby Girls Characters, Printed Cotton (Pink Pack of 1)",prayag fashion,,,,,,
2018,1d04f603acdb4c6b,SIDDHI ENTER PVT. LTD.,Yes,silver,2021-01-05,2021-01-09,,,,,,,,
2019,13fb1a6a4bf946de,RcubeFashions,Yes,silver,2018-08-16,2018-08-22,,,,,,,,
2020,66f316aaa3a24510,SHIVCOLLECTION001,No,bronze,2025-06-11,2025-06-18,"MAYANI Girls Above Knee Casual Dress (White, Short Sleeve)",MAYANI,Possibly a Seller,,+919909166128,+919909166128,manavmayani7@gmail.com,manavmayani7@gmail.com
,,,,,,,"MAYANI Girls Above Knee Casual Dress (White, Short Sleeve)",MAYANI,,,,,,
,,,,,,,"MAYANI Girls Above Knee Casual Dress (White, Short Sleeve)",MAYANI,,,,,,
,,,,,,,"MAYANI Indi Girls Below Knee Festive/Wedding Dress (Black, Sleeveless)",MAYANI,,,,,,
,,,,,,,"MAYANI Girls Above Knee Casual Dress (White, Short Sleeve)",MAYANI,,,,,,
,,,,,,,"MAYANI Girls Above Knee Casual Dress (White, Short Sleeve)",MAYANI,,,,,,
,,,,,,,"MAYANI Girls Above Knee Casual Dress (White, Short Sleeve)",MAYANI,,,,,,
,,,,,,,"MAYANI Girls Above Knee Casual Dress (White, Short Sleeve)",MAYANI,,,,,,
,,,,,,,"MAYANI Girls Above Knee Casual Dress (White, Short Sleeve)",MAYANI,,,,,,
,,,,,,,"MAYANI Girls Above Knee Casual Dress (White, Short Sleeve)",MAYANI,,,,,,
,,,,,,,"Mayani Girls Casual T-shirt Skirt (White, Pink)",Mayani,,,,,,
,,,,,,,"Mayani Boys Party(Festive) Shirt Pant (Black, Brown)",Mayani,,,,,,
,,,,,,,"Mayani Girls Casual T-shirt Skirt (White, Pink)",Mayani,,,,,,
,,,,,,,Mayani Baby Boys Casual Shirt Shorts (BLACK),Mayani,,,,,,
,,,,,,,"tinywear Boys & Girls Casual T-shirt Shorts (MULTI COLUR, Pack of 1)",tinywear,,,,,,
,,,,,,,"tinywear Boys & Girls Casual T-shirt Shorts (MULTI COLUR, Pack of 1)",tinywear,,,,,,
,,,,,,,"tinywear Boys & Girls Casual T-shirt Shorts (GREEN, Pack of 1)",tinywear,,,,,,
,,,,,,,Mayani Boys & Girls Casual T-shirt Shorts (MULTI COLUR),Mayani,,,,,,
,,,,,,,Mayani Girls Casual T-shirt Shorts (sky & light blue),Mayani,,,,,,
,,,,,,,"Mayani Girls Casual T-shirt Skirt (White, Purple, Pink)",Mayani,,,,,,
2021,7d08c82ccd5d4c1d,SKTOFAJJAL,No,silver,2026-05-02,2026-05-16,"Arish Collections Boys Casual T-shirt Shorts (Multicolor, Pack of 1)",Arish Collections,Possibly a Brand,Arish Collections,+919732010026,+919732010026,rubelofbwn@gmail.com,rubelofbwn@gmail.com
,,,,,,,"Arish Collections Women Floral Print Straight Kurta (Blue, White)",Arish Collections,,,,,,
,,,,,,,"Arish Collections Girls Casual Pure Cotton Shirt Style Top (Multicolor, Pack of 1)",Arish Collections,,,,,,
,,,,,,,"Arish Collections Women Floral Print Straight Kurta (Yellow, White)",Arish Collections,,,,,,
,,,,,,,Arish Collections Women Kurta Palazzo Set,Arish Collections,,,,,,
,,,,,,,"Arish Collections Girls Casual Pure Cotton A-line Top (Multicolor, Pack of 1)",Arish Collections,,,,,,
,,,,,,,"Arish Collections Girls Casual T-shirt Pyjama (Multicolor, Pack of 1)",Arish Collections,,,,,,
,,,,,,,"Arish Collections Baby Boys Casual T-shirt Dress (Kelly Green, Pack of 1)",Arish Collections,,,,,,
,,,,,,,Arish Collections Women Kurta Palazzo Set,Arish Collections,,,,,,
,,,,,,,"Arish Collections Girls Casual T-shirt Capri, Three Fourth Pant (Multicolor, Pack of 1)",Arish Collections,,,,,,
,,,,,,,"Arish Collections Women Fit and Flare Blue, Multicolor Midi/Calf Length Dress",Arish Collections,,,,,,
,,,,,,,"Arish Collections Girls Party Cotton Blend Shirt Style Top (Purple, Pack of 1)",Arish Collections,,,,,,
,,,,,,,"Arish Collections Girls Party Cotton Blend Shirt Style Top (Purple, Pack of 1)",Arish Collections,,,,,,
,,,,,,,"Arish Collections Women Fit and Flare Grey, Black Midi/Calf Length Dress",Arish Collections,,,,,,
,,,,,,,"Arish Collections Baby Girls Above Knee Casual Dress (Beige, Half Sleeve)",Arish Collections,,,,,,
,,,,,,,"Arish Collections Baby Girls Casual Dress Dress (Pink, Pack of 1)",Arish Collections,,,,,,
,,,,,,,"Arish Collections Baby Boys Printed Pure Cotton Regular T Shirt (Light Green, Light Blue, Pack of 2)",Arish Collections,,,,,,
,,,,,,,"Arish Collections Baby Girls Above Knee Casual Dress (Pink, Yellow, Half Sleeve)",Arish Collections,,,,,,
,,,,,,,"Arish Collections Girls Casual T-shirt Pyjama (Multicolor, Pack of 1)",Arish Collections,,,,,,
,,,,,,,"Arish Collections Baby Girls Above Knee Casual Dress (Pink, Yellow, Half Sleeve)",Arish Collections,,,,,,
2022,11133f1628e04cab,VelouraKids,No,silver,2026-06-06,2026-06-10,"velourakids Boys Casual Shirt Shorts (Maroon, Pack of 1)",velourakids,Possibly a Brand,velourakids,+919265389963,+919265389963,velourabeauty8140@gmail.com,velourabeauty8140@gmail.com
,,,,,,,"velourakids Boys Casual Shirt Shorts (Maroon, Pack of 1)",velourakids,,,,,,
,,,,,,,"velourakids Baby Boys Casual Shirt Shorts (Cream, Pack of 1)",velourakids,,,,,,
,,,,,,,"velourakids Boys Casual Shirt Shorts (Green, Pack of 1)",velourakids,,,,,,
,,,,,,,"velourakids Boys Casual Shirt Shorts (Green, Pack of 1)",velourakids,,,,,,
,,,,,,,"velourakids Baby Boys Casual Shirt Shorts (White, Pack of 1)",velourakids,,,,,,
,,,,,,,"velourakids Baby Boys Casual Shirt Shorts (cream, Pack of 1)",velourakids,,,,,,
,,,,,,,"velourakids Boys Casual Shirt Shorts (Green, Pack of 1)",velourakids,,,,,,
,,,,,,,"velourakids Boys Casual Shirt Shorts (Blue, Pack of 1)",velourakids,,,,,,
,,,,,,,"velourakids Baby Boys Casual Shirt Shorts (Orange, Pack of 1)",velourakids,,,,,,
,,,,,,,"velourakids Boys Casual Shirt Shorts (Navy Blue, Pack of 1)",velourakids,,,,,,
,,,,,,,"velourakids Boys Casual Shirt Shorts (White, Pack of 1)",velourakids,,,,,,
,,,,,,,"velourakids Boys Casual Shirt Shorts (Green, Pack of 1)",velourakids,,,,,,
,,,,,,,"velourakids Boys Casual Shirt Shorts (Green, Pack of 1)",velourakids,,,,,,
,,,,,,,"velourakids Boys Casual Shirt Shorts (White, Pack of 1)",velourakids,,,,,,
,,,,,,,"velourakids Baby Boys Casual Shirt Shorts (Orange, Pack of 1)",velourakids,,,,,,
,,,,,,,"velourakids Boys Casual Shirt Shorts (Navy Blue, Pack of 1)",velourakids,,,,,,
,,,,,,,"velourakids Baby Boys Casual Shirt Shorts (Orange, Pack of 1)",velourakids,,,,,,
,,,,,,,"velourakids Boys & Girls Casual Shirt Shorts (Brown, Pack of 1)",velourakids,,,,,,
,,,,,,,"velourakids Baby Boys Casual Shirt Shorts (Rama, Pack of 1)",velourakids,,,,,,
2023,af4a2028dd6b44ac,chitrakutenterprise,No,silver,2026-05-22,2026-05-27,"CHITRAKUT ENTERPRISE Boys Casual Shirt Shorts (white flower offwhite, Pack of 1)",CHITRAKUT ENTERPRISE,Possibly a Brand,CHITRAKUT ENTERPRISE,+919426937370,+919426937370,chitrakutenterprise1700@gmail.com,chitrakutenterprise1700@gmail.com
,,,,,,,"CHITRAKUT ENTERPRISE Boys Casual Shirt Shorts (rainbow khaki, Pack of 1)",CHITRAKUT ENTERPRISE,,,,,,
,,,,,,,"CHITRAKUT ENTERPRISE Boys Casual Shirt Shorts (white flower khaki, Pack of 1)",CHITRAKUT ENTERPRISE,,,,,,
,,,,,,,"CHITRAKUT ENTERPRISE Boys Casual Shirt Shorts (sky blue beige, Pack of 1)",CHITRAKUT ENTERPRISE,,,,,,
,,,,,,,"CHITRAKUT ENTERPRISE Boys Casual Shirt Shorts (Multicolor, Pack of 1)",CHITRAKUT ENTERPRISE,,,,,,
,,,,,,,"CHITRAKUT ENTERPRISE Boys Casual Shirt Shorts (white flower khaki, Pack of 1)",CHITRAKUT ENTERPRISE,,,,,,
,,,,,,,"CHITRAKUT ENTERPRISE Boys Casual Shirt Shorts (rainbow black, Pack of 1)",CHITRAKUT ENTERPRISE,,,,,,
,,,,,,,"CHITRAKUT ENTERPRISE Boys Casual Shirt Shorts (Multicolor, Pack of 1)",CHITRAKUT ENTERPRISE,,,,,,
,,,,,,,"CHITRAKUT ENTERPRISE Boys Casual Shirt Pant (multicolor curving blue white, Pack of 1)",CHITRAKUT ENTERPRISE,,,,,,
,,,,,,,"CHITRAKUT ENTERPRISE Boys Casual Shirt Shorts (fish black, Pack of 1)",CHITRAKUT ENTERPRISE,,,,,,
,,,,,,,"CHITRAKUT ENTERPRISE Boys Casual Shirt Shorts (levender pink navy, Pack of 1)",CHITRAKUT ENTERPRISE,,,,,,
,,,,,,,"CHITRAKUT ENTERPRISE Boys Casual Shirt Shorts (levender pink white, Pack of 1)",CHITRAKUT ENTERPRISE,,,,,,
,,,,,,,"CHITRAKUT ENTERPRISE Boys Casual Shirt Shorts (Multicolor, Pack of 1)",CHITRAKUT ENTERPRISE,,,,,,
,,,,,,,"CHITRAKUT ENTERPRISE Boys Casual Shirt Shorts (levender pink black, Pack of 1)",CHITRAKUT ENTERPRISE,,,,,,
,,,,,,,"CHITRAKUT ENTERPRISE Boys Casual Shirt Shorts (levender pink black, Pack of 1)",CHITRAKUT ENTERPRISE,,,,,,
,,,,,,,"CHITRAKUT ENTERPRISE Boys Casual Shirt Shorts (blue light pink white, Pack of 1)",CHITRAKUT ENTERPRISE,,,,,,
,,,,,,,"CHITRAKUT ENTERPRISE Boys Casual Shirt Pant (Multicolor, Pack of 2)",CHITRAKUT ENTERPRISE,,,,,,
,,,,,,,"CHITRAKUT ENTERPRISE Boys Casual Shirt Shorts (levender pink beige, Pack of 1)",CHITRAKUT ENTERPRISE,,,,,,
,,,,,,,"CHITRAKUT ENTERPRISE Boys Casual Shirt Pant (Multicolor flower white, Pack of 1)",CHITRAKUT ENTERPRISE,,,,,,
,,,,,,,"CHITRAKUT ENTERPRISE Boys Casual Shirt Pant (multicolor flamingo beige, Pack of 2)",CHITRAKUT ENTERPRISE,,,,,,
2024,c992882a6e3a4a45,KishwahCreation,No,silver,2020-01-31,2026-06-10,"KishwahCreation Boys & Girls Self Design Cotton Blend Regular T Shirt (Multicolor, Pack of 3)",KishwahCreation,Possibly a Brand,KishwahCreation,+919274222786,+919274222786,Qaswaassort@gmail.com,Qaswaassort@gmail.com
,,,,,,,"KishwahCreation Boys & Girls Casual Shirt Shorts (MULTICOLOR CAR, Pack of 1)",KishwahCreation,,,,,,
,,,,,,,"KishwahCreation Girls Casual Top Pant (White, Pack of 1)",KishwahCreation,,,,,,
,,,,,,,KishwahCreation Boys Solid Casual Maroon Shirt,KishwahCreation,,,,,,
,,,,,,,KishwahCreation Boys Solid Casual Grey Shirt,KishwahCreation,,,,,,
,,,,,,,"KishwahCreation Girls Casual Shirt Pant (BLUE, Pack of 1)",KishwahCreation,,,,,,
,,,,,,,"KishwahCreation Boys Self Design Cotton Blend Regular T Shirt (Blue, Pack of 1)",KishwahCreation,,,,,,
,,,,,,,"KishwahCreation Girls Casual Shirt Pant (PINK, Pack of 1)",KishwahCreation,,,,,,
,,,,,,,"KishwahCreation Girls Casual Shirt Pant (PINK, Pack of 1)",KishwahCreation,,,,,,
,,,,,,,KishwahCreation Boys Printed Casual Cream Shirt,KishwahCreation,,,,,,
,,,,,,,"KishwahCreation Boys Self Design Cotton Blend Regular T Shirt (Brown, Pack of 1)",KishwahCreation,,,,,,
,,,,,,,"KishwahCreation Girls Casual Top Pant (White, Pack of 1)",KishwahCreation,,,,,,
,,,,,,,"KishwahCreation Boys & Girls Striped Cotton Blend Regular T Shirt (Brown, Pack of 1)",KishwahCreation,,,,,,
,,,,,,,"KishwahCreation Boys Self Design Cotton Blend Regular T Shirt (Green, Pack of 1)",KishwahCreation,,,,,,
,,,,,,,"KishwahCreation Girls Casual Top Pant (White, Pack of 1)",KishwahCreation,,,,,,
,,,,,,,"KishwahCreation Girls Casual Shirt Pant (BLUE, Pack of 1)",KishwahCreation,,,,,,
,,,,,,,KishwahCreation Boys Solid Casual Black Shirt,KishwahCreation,,,,,,
,,,,,,,KishwahCreation Boys Solid Casual Maroon Shirt,KishwahCreation,,,,,,
,,,,,,,KishwahCreation Boys Solid Casual Maroon Shirt,KishwahCreation,,,,,,
,,,,,,,KishwahCreation Boys Printed Casual Grey Shirt,KishwahCreation,,,,,,
2025,ad0da10a2f3f4221,KidsMagic,No,silver,2026-04-16,2026-04-18,Cotton Blue Printed Men Polo Neck Multicolor T-Shirt,Cotton Blue,Possibly a Seller,,+918910350537,+918910350537,shaurya@cottonclubpltd.com,shaurya@cottonclubpltd.com
,,,,,,,"kids magic Girls Printed Cotton Blend Regular T Shirt (Purple, Pack of 1)",kids magic,,,,,,
,,,,,,,"kids magic Boys Printed Cotton Blend Regular T Shirt (Blue, Pack of 1)",kids magic,,,,,,
,,,,,,,"kids magic Girls Printed Cotton Blend Regular T Shirt (Blue, Pack of 1)",kids magic,,,,,,
,,,,,,,Cotton Blue Printed Men Polo Neck Navy Blue T-Shirt,Cotton Blue,,,,,,
,,,,,,,Cotton Blue Printed Men Polo Neck Green T-Shirt,Cotton Blue,,,,,,
,,,,,,,Cotton Blue Printed Men Polo Neck Pink T-Shirt,Cotton Blue,,,,,,
,,,,,,,Cotton Blue Printed Men Mandarin Collar Light Blue T-Shirt,Cotton Blue,,,,,,
,,,,,,,Cotton Blue Printed Men Polo Neck Green T-Shirt,Cotton Blue,,,,,,
,,,,,,,"kids magic Baby Girls Printed Cotton Blend Regular T Shirt (Blue, Pack of 1)",kids magic,,,,,,
,,,,,,,"kids magic Baby Boys Printed Cotton Blend Regular T Shirt (Dark Blue, Pack of 1)",kids magic,,,,,,
,,,,,,,kids magic Baby Boys Party(Festive) T-shirt T-shirt (Red),kids magic,,,,,,
,,,,,,,Cotton Blue Solid Men Polo Neck Orange T-Shirt,Cotton Blue,,,,,,
,,,,,,,Cotton Blue Printed Men Round Neck Light Green T-Shirt,Cotton Blue,,,,,,
,,,,,,,"kids magic Baby Girls Printed Cotton Blend Regular T Shirt (Pink, Pack of 1)",kids magic,,,,,,
,,,,,,,Cotton Blue Printed Men Polo Neck Beige T-Shirt,Cotton Blue,,,,,,
,,,,,,,"kids magic Short For Baby Boys Casual Printed Pure Cotton (Red, Pack of 1)",kids magic,,,,,,
,,,,,,,"kids magic Short For Baby Girls Casual Printed Pure Cotton (Grey, Pack of 1)",kids magic,,,,,,
,,,,,,,"kids magic Girls Printed Cotton Blend Regular T Shirt (Beige, Pack of 1)",kids magic,,,,,,
,,,,,,,kids magic Baby Boys Party(Festive) T-shirt T-shirt (Yellow),kids magic,,,,,,
2026,c145abe1e089424a,Haldarlifestyleme,No,silver,2022-08-01,2022-08-02,"Hlifestyle Dungaree For Baby Boys & Baby Girls Casual Printed Pure Cotton (Light Green, Pack of 1)",Hlifestyle,Possibly a Brand,Hlifestyle,+917003095774,+917003095774,bhbiswajithaldar7@gmail.com,bhbiswajithaldar7@gmail.com
,,,,,,,Hlifestyle Checkered Baby Boys Waistcoat,Hlifestyle,,,,,,
,,,,,,,"Hlifestyle Dungaree For Baby Boys & Baby Girls Casual Printed Pure Cotton (Multicolor, Pack of 1)",Hlifestyle,,,,,,
,,,,,,,"Hlifestyle Dungaree For Baby Boys & Baby Girls Casual Printed Pure Cotton (Multicolor, Pack of 1)",Hlifestyle,,,,,,
,,,,,,,"Hlifestyle Dungaree For Baby Boys & Baby Girls Casual Printed Cotton Blend (Multicolor, Pack of 1)",Hlifestyle,,,,,,
,,,,,,,Hlifestyle Solid Baby Boys Waistcoat,Hlifestyle,,,,,,
,,,,,,,Hlifestyle Solid Baby Boys Waistcoat,Hlifestyle,,,,,,
,,,,,,,"Hlifestyle Dungaree For Baby Boys Casual Printed Pure Cotton (Yellow, Pack of 1)",Hlifestyle,,,,,,
,,,,,,,"Hlifestyle Dungaree For Baby Boys & Baby Girls Casual Printed Cotton Blend (Green, Pack of 1)",Hlifestyle,,,,,,
,,,,,,,"Hlifestyle Panty For Baby Girls (Multicolor, Pack of 6)",Hlifestyle,,,,,,
,,,,,,,Hlifestyle Solid Baby Boys Waistcoat,Hlifestyle,,,,,,
,,,,,,,"TANIAGARMENTS Dungaree For Baby Boys Party Printed Cotton Blend (Black, Pack of 1)",TANIAGARMENTS,,,,,,
,,,,,,,"Hlifestyel Panty For Baby Girls (Multicolor, Pack of 6)",Hlifestyel,,,,,,
,,,,,,,"Hlifestyle Dungaree For Baby Boys & Baby Girls Casual Printed Pure Cotton (Light Green, Pack of 1)",Hlifestyle,,,,,,
,,,,,,,"Hlifestyle Dungaree For Baby Boys & Baby Girls Casual Printed Pure Cotton (Pink, Pack of 1)",Hlifestyle,,,,,,
,,,,,,,"Hlifestyle Dungaree For Baby Boys & Baby Girls Casual Printed Pure Cotton (Light Green, Pack of 1)",Hlifestyle,,,,,,
,,,,,,,"Hlifestyle Dungaree For Baby Boys & Baby Girls Casual Printed Pure Cotton (Beige, Pack of 1)",Hlifestyle,,,,,,
,,,,,,,"Hlifestyle Panty For Baby Girls (Multicolor, Pack of 6)",Hlifestyle,,,,,,
,,,,,,,"Hlifestyle Dungaree For Baby Boys & Baby Girls Casual Printed Pure Cotton (Light Green, Pack of 1)",Hlifestyle,,,,,,
,,,,,,,"Hlifestyle Dungaree For Baby Boys & Baby Girls Casual Printed Pure Cotton (Beige, Pack of 1)",Hlifestyle,,,,,,
2027,9450b6a35bf14435,Sanjudevipatel,No,silver,2025-12-15,2025-12-17,Mayank Boys Festive & Party Kurta and Pyjama Set (Pink Pack of 1),Mayank,Possibly a Brand,Mayank,+919820354152,+919820354152,sanjudevipatel1001@gmail.com,sanjudevipatel1001@gmail.com
,,,,,,,Mayank Boys Festive & Party Kurta and Pyjama Set (Maroon Pack of 1),Mayank,,,,,,
,,,,,,,Mayank Boys Festive & Party Kurta and Pyjama Set (Pink Pack of 1),Mayank,,,,,,
,,,,,,,"Mayank Boys Casual Ethnic Jacket, Kurta and Legging Set (Multicolor Pack of 1)",Mayank,,,,,,
,,,,,,,Mayank Boys Festive & Party Dhoti & Kurta Set (Black Pack of 1),Mayank,,,,,,
,,,,,,,Mayank Boys Festive & Party Kurta and Pyjama Set (Yellow Pack of 1),Mayank,,,,,,
,,,,,,,"Mayank Boys Party(Festive) Shirt Shorts (Purple, Pack of 1)",Mayank,,,,,,
,,,,,,,Mayank Boys Festive & Party Kurta and Pyjama Set (Green Pack of 2),Mayank,,,,,,
,,,,,,,Mayank Baby Boys Casual Sherwani and Churidar Set (Green Pack of 1),Mayank,,,,,,
,,,,,,,Mayank Boys Festive & Party Kurta and Pyjama Set (Green Pack of 1),Mayank,,,,,,
,,,,,,,"Mayank Baby Boys Casual Ethnic Jacket, Kurta and Legging Set (Beige Pack of 1)",Mayank,,,,,,
,,,,,,,Mayank Boys Casual Kurta and Pyjama Set (Blue Pack of 1),Mayank,,,,,,
,,,,,,,Mayank Boys Festive & Party Kurta and Pyjama Set (Green Pack of 1),Mayank,,,,,,
,,,,,,,Mayank Boys Festive & Party Kurta and Pyjama Set (Purple Pack of 1),Mayank,,,,,,
,,,,,,,Mayank Boys Festive & Party Kurta and Pyjama Set (Purple Pack of 2),Mayank,,,,,,
,,,,,,,Mayank Boys Casual Kurta and Pyjama Set (Dark Blue Pack of 1),Mayank,,,,,,
,,,,,,,Mayank Boys Festive & Party Kurta and Pyjama Set (Blue Pack of 2),Mayank,,,,,,
,,,,,,,Mayank Boys Festive & Party Kurta and Pyjama Set (Dark Blue Pack of 2),Mayank,,,,,,
,,,,,,,Mayank Boys Casual Kurta and Pyjama Set (Red Pack of 1),Mayank,,,,,,
,,,,,,,Mayank Boys Festive & Party Kurta and Pyjama Set (Yellow Pack of 1),Mayank,,,,,,
2028,91d20aa7deb54f2a,IKONKOLKATA,No,silver,2026-06-02,2026-06-07,IKONKOLKATA Girls Casual Top Trouser (Brown),IKONKOLKATA,Possibly a Brand,IKON KOLKATA,+918697387487,+918697387487,ikonkolkata271@gmail.com,ikonkolkata271@gmail.com
,,,,,,,"IKONKOLKATA Baby Girls Party(Festive) Top Pant (WHITE, Pack of 1)",IKONKOLKATA,,,,,,
,,,,,,,"IKON KOLKATA Girls Maxi/Full Length Party Dress (Blue, 3/4 Sleeve)",IKON KOLKATA,,,,,,
,,,,,,,"IKONKOLKATA Baby Girls Party(Festive) Top Pant (Blue, Pack of 1)",IKONKOLKATA,,,,,,
,,,,,,,"IKON KOLKATA Girls Maxi/Full Length Party Dress (Blue, 3/4 Sleeve)",IKON KOLKATA,,,,,,
,,,,,,,"IKONKOLKATA Girls Party(Festive) Top Pant (black, Pack of 1)",IKONKOLKATA,,,,,,
,,,,,,,"IKONKOLKATA Girls Party(Festive) Shirt Pant (Green, Pack of 1)",IKONKOLKATA,,,,,,
,,,,,,,"IKON KOLKATA Girls Maxi/Full Length Party Dress (Blue, 3/4 Sleeve)",IKON KOLKATA,,,,,,
,,,,,,,"IKON KOLKATA Girls Maxi/Full Length Party Dress (Yellow, 3/4 Sleeve)",IKON KOLKATA,,,,,,
,,,,,,,"IKON KOLKATA Baby Girls Midi/Knee Length Party Dress (Blue, Short Sleeve)",IKON KOLKATA,,,,,,
,,,,,,,"IKON KOLKATA Girls Midi/Knee Length Party Dress (Blue, Short Sleeve)",IKON KOLKATA,,,,,,
,,,,,,,"IKON KOLKATA Baby Girls Midi/Knee Length Party Dress (Blue, Sleeveless)",IKON KOLKATA,,,,,,
,,,,,,,"IKON KOLKATA Girls Maxi/Full Length Party Dress (Black, 3/4 Sleeve)",IKON KOLKATA,,,,,,
,,,,,,,"IKON KOLKATA Girls Maxi/Full Length Party Dress (Purple, 3/4 Sleeve)",IKON KOLKATA,,,,,,
,,,,,,,"IKON KOLKATA Girls Maxi/Full Length Party Dress (Pink, 3/4 Sleeve)",IKON KOLKATA,,,,,,
,,,,,,,"IKON KOLKATA Girls Maxi/Full Length Party Dress (Pink, 3/4 Sleeve)",IKON KOLKATA,,,,,,
,,,,,,,"IKON KOLKATA Girls Maxi/Full Length Party Dress (Black, 3/4 Sleeve)",IKON KOLKATA,,,,,,
,,,,,,,"IKON KOLKATA Girls Maxi/Full Length Party Dress (Pink, 3/4 Sleeve)",IKON KOLKATA,,,,,,
,,,,,,,"IKONKOLKATA Girls Party(Festive) Kurta Pant (PINK, Pack of 1)",IKONKOLKATA,,,,,,
,,,,,,,"IKON KOLKATA Girls Maxi/Full Length Party Dress (Pink, 3/4 Sleeve)",IKON KOLKATA,,,,,,
2029,d05d90efacef4b0c,NITYADARSHANCREATION,No,bronze,2026-01-15,2026-01-17,NITYA DARSHANCREATION Solid Women V Neck Brown T-Shirt,NITYA DARSHANCREATION,Possibly a Seller,,+918780867692,+918780867692,nityadarshan1221@gmail.com,nityadarshan1221@gmail.com
,,,,,,,NITYA DARSHANCREATION Solid Women V Neck Brown T-Shirt,NITYA DARSHANCREATION,,,,,,
,,,,,,,NITYA DARSHANCREATION Solid Women V Neck Pink T-Shirt,NITYA DARSHANCREATION,,,,,,
,,,,,,,NITYA DARSHANCREATION Self Design Women Round Neck Pink T-Shirt,NITYA DARSHANCREATION,,,,,,
,,,,,,,NITYA DARSHAN CREATION Casual Solid Women Grey Top,NITYA DARSHAN CREATION,,,,,,
,,,,,,,NITYA DARSHANCREATION Solid Women V Neck Maroon T-Shirt,NITYA DARSHANCREATION,,,,,,
,,,,,,,NITYA DARSHANCREATION Solid Women V Neck Brown T-Shirt,NITYA DARSHANCREATION,,,,,,
,,,,,,,NITYA DARSHANCREATION Solid Women V Neck Purple T-Shirt,NITYA DARSHANCREATION,,,,,,
,,,,,,,NITYA DARSHAN CREATION Casual Solid Women Grey Top,NITYA DARSHAN CREATION,,,,,,
,,,,,,,NITYA DHARSHAN CREATION Sporty Women Round Neck Navy Blue T-Shirt,NITYA DHARSHAN CREATION,,,,,,
,,,,,,,NITYA DARSHAN CREATION Casual Solid Women Light Blue Top,NITYA DARSHAN CREATION,,,,,,
,,,,,,,"NITYA DARSHAN CREATION Casual Solid Women Black, Blue Top",NITYA DARSHAN CREATION,,,,,,
,,,,,,,NITYA DARSHANCREATION Solid Women V Neck Purple T-Shirt,NITYA DARSHANCREATION,,,,,,
,,,,,,,NITYA DARSHANCREATION Self Design Women Round Neck Grey T-Shirt,NITYA DARSHANCREATION,,,,,,
,,,,,,,"NITYA DARSHAN CREATION Casual Solid Women Black, Blue Top",NITYA DARSHAN CREATION,,,,,,
,,,,,,,NITYA DARSHANCREATION Self Design Women Round Neck Purple T-Shirt,NITYA DARSHANCREATION,,,,,,
,,,,,,,"NITYA DARSHAN CREATION Casual Solid Women White, Blue Top",NITYA DARSHAN CREATION,,,,,,
,,,,,,,NITYA DARSHANCREATION Self Design Women Round Neck Purple T-Shirt,NITYA DARSHANCREATION,,,,,,
,,,,,,,NITYA DARSHANCREATION Self Design Women Round Neck Purple T-Shirt,NITYA DARSHANCREATION,,,,,,
,,,,,,,NITYA DARSHAN CREATION Casual Solid Women Purple Top,NITYA DARSHAN CREATION,,,,,,
2030,277bb631e1ad4414,BePositiveClothing,No,gold,2023-12-29,2024-01-03,BE POSITIVE Printed Men Polo Neck Purple T-Shirt,BE POSITIVE,Possibly a Brand,BE POSITIVE,+919952721240,+917738153160,bepositive.ecom@gmail.com,bepositive.ecom@gmail.com
,,,,,,,BE POSITIVE Printed Men Polo Neck Light Blue T-Shirt,BE POSITIVE,,,,,,
,,,,,,,BE POSITIVE Striped Men Polo Neck Light Blue T-Shirt,BE POSITIVE,,,,,,
,,,,,,,BE POSITIVE Striped Men Crew Neck Green T-Shirt,BE POSITIVE,,,,,,
,,,,,,,BE POSITIVE Printed Men Polo Neck Beige T-Shirt,BE POSITIVE,,,,,,
,,,,,,,BE POSITIVE Solid Men Polo Neck Grey T-Shirt,BE POSITIVE,,,,,,
,,,,,,,BE POSITIVE Printed Men Polo Neck Dark Green T-Shirt,BE POSITIVE,,,,,,
,,,,,,,BE POSITIVE Striped Men Polo Neck Dark Blue T-Shirt,BE POSITIVE,,,,,,
,,,,,,,BE POSITIVE Self Design Men Round Neck Red T-Shirt,BE POSITIVE,,,,,,
,,,,,,,BE POSITIVE Printed Men Polo Neck Dark Green T-Shirt,BE POSITIVE,,,,,,
,,,,,,,BE POSITIVE Printed Men Polo Neck White T-Shirt,BE POSITIVE,,,,,,
,,,,,,,BE POSITIVE Striped Men Polo Neck Beige T-Shirt,BE POSITIVE,,,,,,
,,,,,,,BE POSITIVE Printed Men Polo Neck Blue T-Shirt,BE POSITIVE,,,,,,
,,,,,,,BE POSITIVE Printed Men Polo Neck Black T-Shirt,BE POSITIVE,,,,,,
,,,,,,,BE POSITIVE Striped Men Polo Neck Light Blue T-Shirt,BE POSITIVE,,,,,,
,,,,,,,BE POSITIVE Printed Men Polo Neck Purple T-Shirt,BE POSITIVE,,,,,,
,,,,,,,BE POSITIVE Printed Men Polo Neck Dark Blue T-Shirt,BE POSITIVE,,,,,,
,,,,,,,BE POSITIVE Solid Men Round Neck Light Blue T-Shirt,BE POSITIVE,,,,,,
,,,,,,,BE POSITIVE Self Design Men Polo Neck Grey T-Shirt,BE POSITIVE,,,,,,
,,,,,,,BE POSITIVE Colorblock Men Polo Neck Dark Green T-Shirt,BE POSITIVE,,,,,,
2031,b1840530fb5a4bea,T1traders,No,silver,2026-05-24,2026-06-22,"NEVER GIVE UP Typography, Printed Men Round Neck Red T-Shirt",NEVER GIVE UP,Possibly a Brand,ASF,+917994728238,+917994728238,22suhailt@gmail.com,22suhailt@gmail.com
,,,,,,,"ASF Graphic Print Men Round Neck Green, White T-Shirt",ASF,,,,,,
,,,,,,,ASF Typography Men Round Neck Light Blue T-Shirt,ASF,,,,,,
,,,,,,,"NEVER GIVE UP Typography, Printed Couple Round Neck Dark Blue T-Shirt",NEVER GIVE UP,,,,,,
,,,,,,,ASF Graphic Print Men Round Neck Grey T-Shirt,ASF,,,,,,
,,,,,,,Never Give Up print Typography Men Round Neck Grey T-Shirt,Never Give Up print,,,,,,
,,,,,,,"ASF Tie & Dye, Graphic Print Men Round Neck Purple T-Shirt",ASF,,,,,,
,,,,,,,"ASF Tie & Dye, Graphic Print Men Round Neck Green, White T-Shirt",ASF,,,,,,
,,,,,,,ASF Typography Men Round Neck Multicolor T-Shirt,ASF,,,,,,
,,,,,,,ASF Typography Men Round Neck Light Blue T-Shirt,ASF,,,,,,
,,,,,,,"ASF Tie & Dye, Graphic Print Men Round Neck Grey, White T-Shirt",ASF,,,,,,
,,,,,,,"ASF Tie & Dye, Graphic Print Men Round Neck Purple, White T-Shirt",ASF,,,,,,
,,,,,,,ASF Typography Men Round Neck Multicolor T-Shirt,ASF,,,,,,
,,,,,,,"ASF Tie & Dye, Graphic Print Men Round Neck Green, White T-Shirt",ASF,,,,,,
,,,,,,,ASF Typography Men Round Neck Light Blue T-Shirt,ASF,,,,,,
,,,,,,,ASF Printed Men Round Neck Blue T-Shirt,ASF,,,,,,
,,,,,,,"ASF Tie & Dye, Graphic Print Men Round Neck Purple T-Shirt",ASF,,,,,,
,,,,,,,Never Give Up print Typography Men Round Neck Grey T-Shirt,Never Give Up print,,,,,,
,,,,,,,"NEVER GIVE UP Typography, Printed Men Round Neck Red T-Shirt",NEVER GIVE UP,,,,,,
,,,,,,,ASF Typography Men Round Neck Multicolor T-Shirt,ASF,,,,,,
2032,383e27371e454c27,NIKKYBOY,Yes,silver,2018-05-28,2018-07-03,,,,,,,,
2033,8851584dc3644602,JAYCHAMUNDAFASHION01,No,silver,2026-05-29,2026-05-30,IjyaEnterprise Printed Men Round Neck White T-Shirt,IjyaEnterprise,Possibly a Seller,,+919316579110,+919316579110,jaychamundafashion87@gmail.com,jaychamundafashion87@gmail.com
,,,,,,,JAYCHAMUNDA Printed Men Round Neck Black T-Shirt,JAYCHAMUNDA,,,,,,
,,,,,,,"Whatsoever Typography, Printed Men Round Neck White T-Shirt",Whatsoever,,,,,,
,,,,,,,JAYCHAMUNDA Printed Men Round Neck Black T-Shirt,JAYCHAMUNDA,,,,,,
,,,,,,,IjyaEnterprise Printed Men Round Neck Black T-Shirt,IjyaEnterprise,,,,,,
,,,,,,,JAYCHAMUNDA Printed Men Round Neck White T-Shirt,JAYCHAMUNDA,,,,,,
,,,,,,,Raax Solid Men Round Neck Black T-Shirt,Raax,,,,,,
,,,,,,,YUAGA TEX Printed Men Round Neck White T-Shirt,YUAGA TEX,,,,,,
,,,,,,,YUAGA TEX Printed Men Round Neck Black T-Shirt,YUAGA TEX,,,,,,
,,,,,,,DIVISMO Printed Men Round Neck Black T-Shirt,DIVISMO,,,,,,
,,,,,,,tshirt Printed Men Round Neck Reversible Black T-Shirt,tshirt,,,,,,
,,,,,,,DIVISMO Printed Men Round Neck Black T-Shirt,DIVISMO,,,,,,
,,,,,,,Aman Textile Printed Men Round Neck Black T-Shirt,Aman Textile,,,,,,
,,,,,,,DIVISMO Printed Men Round Neck Black T-Shirt,DIVISMO,,,,,,
,,,,,,,JAYCHAMUNDA Printed Men Round Neck Black T-Shirt,JAYCHAMUNDA,,,,,,
,,,,,,,JAYCHAMUNDA Printed Men Round Neck Black T-Shirt,JAYCHAMUNDA,,,,,,
,,,,,,,JAYCHAMUNDA Printed Men Round Neck White T-Shirt,JAYCHAMUNDA,,,,,,
,,,,,,,YUAGA TEX Printed Men Round Neck Black T-Shirt,YUAGA TEX,,,,,,
,,,,,,,DIVISMO Printed Men Round Neck Black T-Shirt,DIVISMO,,,,,,
,,,,,,,NIYANSH FAB Graphic Print Men Round Neck Black T-Shirt,NIYANSH FAB,,,,,,
2034,86fa7e68486a4031,URBANWEAVED,No,silver,2026-06-24,2026-06-27,TrendVastra Printed Men Black T-Shirt,TrendVastra,Possibly a Brand,TrendVastra,+918334915584,+918334915584,urbanweave2026@gmail.com,urbanweave2026@gmail.com
,,,,,,,TrendVastra Printed Men Black T-Shirt,TrendVastra,,,,,,
,,,,,,,TrendVastra Printed Men Black T-Shirt,TrendVastra,,,,,,
,,,,,,,"TrendVastra Boys Casual T-shirt Shorts (Multicolor, Pack of 1)",TrendVastra,,,,,,
,,,,,,,TrendVastra Graphic Print Men Round Neck Black T-Shirt,TrendVastra,,,,,,
,,,,,,,TrendVastra Graphic Print Men Round Neck Black T-Shirt,TrendVastra,,,,,,
,,,,,,,"TrendVastra Boys Casual T-shirt Shorts (Multicolor, Pack of 1)",TrendVastra,,,,,,
,,,,,,,TrendVastra Graphic Print Men Round Neck White T-Shirt,TrendVastra,,,,,,
,,,,,,,TrendVastra Solid Men Round Neck Yellow T-Shirt,TrendVastra,,,,,,
,,,,,,,TrendVastra Graphic Print Men Round Neck Black T-Shirt,TrendVastra,,,,,,
,,,,,,,"TrendVastra Baby Boys Casual T-shirt Shorts (White&Green, Pack of 1)",TrendVastra,,,,,,
,,,,,,,TrendVastra Solid Men Round Neck Yellow T-Shirt,TrendVastra,,,,,,
,,,,,,,"TrendVastra Boys Casual T-shirt Shorts (Multicolor, Pack of 1)",TrendVastra,,,,,,
,,,,,,,"TrendVastra Boys Casual T-shirt Shorts (Multicolor, Pack of 1)",TrendVastra,,,,,,
,,,,,,,"TrendVastra Boys Casual T-shirt Shorts (Multicolor, Pack of 1)",TrendVastra,,,,,,
,,,,,,,TrendVastra Printed Men Round Neck Black T-Shirt,TrendVastra,,,,,,
,,,,,,,TrendVastra Graphic Print Men Round Neck Black T-Shirt,TrendVastra,,,,,,
,,,,,,,TrendVastra Graphic Print Men Round Neck Yellow T-Shirt,TrendVastra,,,,,,
,,,,,,,TrendVastra Graphic Print Men Round Neck Black T-Shirt,TrendVastra,,,,,,
,,,,,,,TrendVastra Graphic Print Men Round Neck Black T-Shirt,TrendVastra,,,,,,
2035,610a3cd248a14b0b,STYLESAAZ,No,silver,2026-05-11,2026-05-13,STYLESAAZ Loose Fit Boys Black Jeans,STYLESAAZ,Possibly a Brand,STYLESAAZ,+918383035704,+918383035704,financeabuzar@gmail.com,financeabuzar@gmail.com
,,,,,,,STYLESAAZ Women Embroidered Straight Kurta (Black),STYLESAAZ,,,,,,
,,,,,,,STYLESAAZ Loose Fit Boys Black Jeans,STYLESAAZ,,,,,,
,,,,,,,STYLESAAZ Wide Leg Girls Dark Grey Jeans,STYLESAAZ,,,,,,
,,,,,,,STYLESAAZ Shirt Regular Shorts Co-ords Set,STYLESAAZ,,,,,,
,,,,,,,STYLESAAZ Shirt Regular Shorts Co-ords Set,STYLESAAZ,,,,,,
,,,,,,,STYLESAAZ Shirt Regular Shorts Co-ords Set,STYLESAAZ,,,,,,
,,,,,,,STYLESAAZ Baggy Fit Boys & Girls Black Jeans,STYLESAAZ,,,,,,
,,,,,,,STYLESAAZ Baggy Fit Boys & Girls Black Jeans,STYLESAAZ,,,,,,
,,,,,,,STYLESAAZ Baggy Fit Boys & Girls Black Jeans,STYLESAAZ,,,,,,
,,,,,,,STYLESAAZ Wide Leg Boys & Girls Black Jeans,STYLESAAZ,,,,,,
,,,,,,,STYLESAAZ Wide Leg Boys Black Jeans,STYLESAAZ,,,,,,
,,,,,,,"STYLESAAZ Women Striped Casual Blue, White Shirt",STYLESAAZ,,,,,,
,,,,,,,STYLESAAZ Straight Fit Boys Black Jeans,STYLESAAZ,,,,,,
,,,,,,,STYLESAAZ Women Embroidered Straight Kurta (Black),STYLESAAZ,,,,,,
,,,,,,,STYLESAAZ Loose Fit Boys Black Jeans,STYLESAAZ,,,,,,
,,,,,,,"STYLESAAZ Microfiber 200 GSM Bath, Beach, Face, Hair, Hand, Sport Towel Set (Pack of 3)",STYLESAAZ,,,,,,
,,,,,,,STYLESAAZ Wide Leg Girls Dark Grey Jeans,STYLESAAZ,,,,,,
,,,,,,,"STYLESAAZ Graphic Print Men Round Neck Black, Blue T-Shirt",STYLESAAZ,,,,,,
,,,,,,,STYLESAAZ Wide Leg Boys Black Jeans,STYLESAAZ,,,,,,
2036,7ec873a0de324d28,GSVENTERPRISES123,No,silver,2024-05-27,2024-06-25,GSVENTERPRISES Solid Men Hooded Neck Grey T-Shirt,GSVENTERPRISES,Possibly a Brand,GSVENTERPRISES,+917048980253,+917048980253,annu3660@gmail.com,annu3660@gmail.com
,,,,,,,GSVENTERPRISES Solid Men Hooded Neck Grey T-Shirt,GSVENTERPRISES,,,,,,
,,,,,,,GSVENTERPRISES Solid Men Hooded Neck Pink T-Shirt,GSVENTERPRISES,,,,,,
,,,,,,,GSVENTERPRISES Casual Self Design Women White Top,GSVENTERPRISES,,,,,,
,,,,,,,GSVENTERPRISES Solid Men Round Neck Black T-Shirt,GSVENTERPRISES,,,,,,
,,,,,,,GSVENTERPRISES Women Shrug,GSVENTERPRISES,,,,,,
,,,,,,,GSVENTERPRISES Full Sleeve Solid Women Jacket,GSVENTERPRISES,,,,,,
,,,,,,,GSVENTERPRISES Full Sleeve Solid Women Jacket,GSVENTERPRISES,,,,,,
,,,,,,,LIIAV Full Sleeve Solid Women Jacket,LIIAV,,,,,,
,,,,,,,"GSVENTERPRISES Women Abstract, Printed White Top & Pyjama Set",GSVENTERPRISES,,,,,,
,,,,,,,GSVENTERPRISES Full Sleeve Solid Women Jacket,GSVENTERPRISES,,,,,,
,,,,,,,GSVENTERPRISES Solid Men Hooded Neck Orange T-Shirt,GSVENTERPRISES,,,,,,
,,,,,,,GSVENTERPRISES Solid Men Hooded Neck Orange T-Shirt,GSVENTERPRISES,,,,,,
,,,,,,,GSVENTERPRISES Solid Men Hooded Neck Red T-Shirt,GSVENTERPRISES,,,,,,
,,,,,,,GSVENTERPRISES Solid Men Round Neck White T-Shirt,GSVENTERPRISES,,,,,,
,,,,,,,GSVENTERPRISES Full Sleeve Mesh Women Jacket,GSVENTERPRISES,,,,,,
,,,,,,,GSVENTERPRISES Solid Men Hooded Neck Orange T-Shirt,GSVENTERPRISES,,,,,,
,,,,,,,GSVENTERPRISES Solid Men Hooded Neck Black T-Shirt,GSVENTERPRISES,,,,,,
,,,,,,,GSVENTERPRISES Solid Men Hooded Neck Orange T-Shirt,GSVENTERPRISES,,,,,,
,,,,,,,GSVENTERPPISES Casual Self Design Women White Top,GSVENTERPPISES,,,,,,
2037,bcc2659250ba4469,LOOKSWALA,No,silver,2018-06-07,2019-06-29,lookswala Printed Men Polo Neck Blue T-Shirt,lookswala,Possibly a Brand,lookswala,+918905011502,+918428185216,Prashantagarwal234@gmail.com,Prashantagarwal234@gmail.com
,,,,,,,lookswala Printed Men Polo Neck Blue T-Shirt,lookswala,,,,,,
,,,,,,,lookswala Printed Men Polo Neck Blue T-Shirt,lookswala,,,,,,
,,,,,,,lookswala Printed Men Polo Neck Multicolor T-Shirt,lookswala,,,,,,
,,,,,,,lookswala Printed Men Polo Neck Multicolor T-Shirt,lookswala,,,,,,
,,,,,,,lookswala Printed Men Polo Neck Multicolor T-Shirt,lookswala,,,,,,
,,,,,,,lookswala Printed Men Polo Neck Multicolor T-Shirt,lookswala,,,,,,
,,,,,,,lookswala Printed Men Polo Neck Multicolor T-Shirt,lookswala,,,,,,
,,,,,,,lookswala Printed Men Polo Neck Black T-Shirt,lookswala,,,,,,
,,,,,,,"lookswala Printed Men Polo Neck Black, Blue T-Shirt",lookswala,,,,,,
,,,,,,,lookswala Self Design Men Polo Neck Black T-Shirt,lookswala,,,,,,
,,,,,,,"lookswala Abstract, Printed Men Polo Neck Multicolor T-Shirt",lookswala,,,,,,
,,,,,,,"lookswala Graphic Print Men Polo Neck Black, Pink T-Shirt",lookswala,,,,,,
,,,,,,,lookswala Printed Men Polo Neck Blue T-Shirt,lookswala,,,,,,
,,,,,,,lookswala Printed Men Polo Neck Blue T-Shirt,lookswala,,,,,,
,,,,,,,lookswala Printed Men Polo Neck Blue T-Shirt,lookswala,,,,,,
,,,,,,,lookswala Self Design Men Polo Neck Black T-Shirt,lookswala,,,,,,
,,,,,,,lookswala Printed Men Polo Neck Blue T-Shirt,lookswala,,,,,,
,,,,,,,lookswala Printed Men Polo Neck Multicolor T-Shirt,lookswala,,,,,,
,,,,,,,lookswala Self Design Men Polo Neck Blue T-Shirt,lookswala,,,,,,
2038,83570844ebbb46de,Wearvibestudio,No,silver,2026-04-08,2026-04-11,"T-SHIRT Boys & Girls Typography Pure Cotton Regular T Shirt (Red, Black, Pack of 1)",T-SHIRT,Possibly a Seller,,+919594969457,+919594969457,wearvibestudio@gmail.com,wearvibestudio@gmail.com
,,,,,,,"Wearvibe Studio Boys & Girls Printed Pure Cotton Regular T Shirt (White, Pack of 3)",Wearvibe Studio,,,,,,
,,,,,,,"Wearvibe Studio Boys & Girls Printed Pure Cotton Regular T Shirt (White, Pack of 3)",Wearvibe Studio,,,,,,
,,,,,,,"Wearvibe Studio Boys & Girls Typography Pure Cotton Regular T Shirt (Red, Pack of 1)",Wearvibe Studio,,,,,,
,,,,,,,Wearvibestudio Graphic Print Men Round Neck Black T-Shirt,Wearvibestudio,,,,,,
,,,,,,,Wearvibestudio Printed Men Round Neck White T-Shirt,Wearvibestudio,,,,,,
,,,,,,,"Wearvibe Studio Boys & Girls Typography Pure Cotton Regular T Shirt (Red, Pack of 1)",Wearvibe Studio,,,,,,
,,,,,,,"Wearvibe Studio Boys Printed Pure Cotton Regular T Shirt (Black, Pack of 1)",Wearvibe Studio,,,,,,
,,,,,,,"Wearvibe Studio Boys Printed Pure Cotton Regular T Shirt (Black, Pack of 1)",Wearvibe Studio,,,,,,
,,,,,,,"Wearvibe Studio Boys Printed Pure Cotton Regular T Shirt (Black, Pack of 1)",Wearvibe Studio,,,,,,
,,,,,,,"Wearvibestudio Graphic Print, Printed, Typography Men Round Neck Black T-Shirt",Wearvibestudio,,,,,,
,,,,,,,"Wearvibestudio Graphic Print, Printed, Typography Men Round Neck Black T-Shirt",Wearvibestudio,,,,,,
,,,,,,,Wearvibestudio Printed Men Round Neck White T-Shirt,Wearvibestudio,,,,,,
,,,,,,,"Wearvibe Studio Boys & Girls Typography Pure Cotton Regular T Shirt (Red, Pack of 1)",Wearvibe Studio,,,,,,
,,,,,,,"Wearvibestudio Typography, Printed Men Round Neck White T-Shirt",Wearvibestudio,,,,,,
,,,,,,,"Wearvibe Studio Boys & Girls Graphic Print Pure Cotton Regular T Shirt (White, Pack of 1)",Wearvibe Studio,,,,,,
,,,,,,,"Wearvibe Studio Boys & Girls Typography Pure Cotton Regular T Shirt (Black, Pack of 1)",Wearvibe Studio,,,,,,
,,,,,,,"Wearvibe Studio Boys & Girls Typography Pure Cotton Regular T Shirt (White, Pack of 1)",Wearvibe Studio,,,,,,
,,,,,,,Wearvibestudio Typography Men Round Neck White T-Shirt,Wearvibestudio,,,,,,
,,,,,,,Wearvibestudio Typography Men Round Neck White T-Shirt,Wearvibestudio,,,,,,
2039,313f6147462e4be4,Nexcy,No,bronze,2023-01-02,2023-11-23,"Nexcy Printed Women Round Neck Green, Maroon T-Shirt",Nexcy,Possibly a Brand,Nexcy,+919305858093,+919305858093,bharatuni03@gmail.com,bharatuni03@gmail.com
,,,,,,,"Nexcy Printed Women Round Neck Green, Beige T-Shirt",Nexcy,,,,,,
,,,,,,,"Nexcy Printed Women Green, White T-Shirt (Pack of 2)",Nexcy,,,,,,
,,,,,,,"Nexcy Printed Women Maroon, Green T-Shirt (Pack of 2)",Nexcy,,,,,,
,,,,,,,"Nexcy Printed Women Black, Green T-Shirt (Pack of 2)",Nexcy,,,,,,
,,,,,,,"Nexcy Printed Women White, Green T-Shirt (Pack of 2)",Nexcy,,,,,,
,,,,,,,"Nexcy Printed Women Green, White T-Shirt (Pack of 2)",Nexcy,,,,,,
,,,,,,,"Nexcy Printed Women Green, Maroon T-Shirt (Pack of 2)",Nexcy,,,,,,
,,,,,,,"Nexcy Printed Women Purple, Green T-Shirt (Pack of 2)",Nexcy,,,,,,
,,,,,,,"Nexcy Printed Women Green, Black T-Shirt (Pack of 2)",Nexcy,,,,,,
,,,,,,,"Nexcy Printed Women Green, Maroon T-Shirt (Pack of 2)",Nexcy,,,,,,
,,,,,,,"Nexcy Printed Women Green, Maroon T-Shirt (Pack of 2)",Nexcy,,,,,,
,,,,,,,"Nexcy Printed Women Green, Beige T-Shirt (Pack of 2)",Nexcy,,,,,,
,,,,,,,"Nexcy Printed Women Green, Maroon T-Shirt (Pack of 2)",Nexcy,,,,,,
,,,,,,,"Nexcy Printed Women White, Green T-Shirt (Pack of 2)",Nexcy,,,,,,
,,,,,,,"Nexcy Printed Women Purple, Green T-Shirt (Pack of 2)",Nexcy,,,,,,
,,,,,,,"Nexcy Printed Women Dark Blue, Green T-Shirt (Pack of 2)",Nexcy,,,,,,
,,,,,,,"Nexcy Printed Women Green, Maroon T-Shirt (Pack of 2)",Nexcy,,,,,,
,,,,,,,"Nexcy Printed Women Purple, Green T-Shirt (Pack of 2)",Nexcy,,,,,,
,,,,,,,"Nexcy Printed Women Maroon, Green T-Shirt (Pack of 2)",Nexcy,,,,,,
2040,a274203839694744,FunkyFashionz,No,silver,2026-03-06,2026-05-15,Funky fashion Printed Men Round Neck Blue T-Shirt,Funky fashion,Possibly a Brand,Funky fashion,+918925622619,+918925622619,funkyfashion085@gmail.com,funkyfashion085@gmail.com
,,,,,,,Funky fashion Printed Men Round Neck Light Blue T-Shirt,Funky fashion,,,,,,
,,,,,,,Funky fashion Printed Men Round Neck Navy Blue T-Shirt,Funky fashion,,,,,,
,,,,,,,Funky fashion Printed Men Round Neck Red T-Shirt,Funky fashion,,,,,,
,,,,,,,Funky fashion Printed Men Round Neck Beige T-Shirt,Funky fashion,,,,,,
,,,,,,,Funky fashion Printed Men Round Neck Yellow T-Shirt,Funky fashion,,,,,,
,,,,,,,Funky fashion Solid Men Polo Neck Beige T-Shirt,Funky fashion,,,,,,
,,,,,,,Funky fashion Solid Men Polo Neck Maroon T-Shirt,Funky fashion,,,,,,
,,,,,,,Funky fashion Printed Men Polo Neck Maroon T-Shirt,Funky fashion,,,,,,
,,,,,,,Funky fashion Printed Men Round Neck Green T-Shirt,Funky fashion,,,,,,
,,,,,,,Funky fashion Printed Men Polo Neck Multicolor T-Shirt,Funky fashion,,,,,,
,,,,,,,Funky fashion Graphic Print Men Round Neck Beige T-Shirt,Funky fashion,,,,,,
,,,,,,,Funky fashion Printed Men Round Neck Green T-Shirt,Funky fashion,,,,,,
,,,,,,,Funky fashion Printed Men Round Neck Purple T-Shirt,Funky fashion,,,,,,
,,,,,,,Funky fashion Printed Men Round Neck Light Blue T-Shirt,Funky fashion,,,,,,
,,,,,,,Funky fashion Solid Men Round Neck Yellow T-Shirt,Funky fashion,,,,,,
,,,,,,,Funky fashion Printed Men Polo Neck Green T-Shirt,Funky fashion,,,,,,
,,,,,,,Funky fashion Printed Men Polo Neck Light Blue T-Shirt,Funky fashion,,,,,,
,,,,,,,Funky fashion Solid Men Round Neck Grey T-Shirt,Funky fashion,,,,,,
,,,,,,,Funky fashion Typography Men Round Neck Grey T-Shirt,Funky fashion,,,,,,
2041,ef39f0f624544232,Kushiflyer,Yes,bronze,2020-01-02,2020-02-07,,,,,,,,
2042,b1b36789ae164443,Vastraaandco,Yes,bronze,2026-03-02,2026-03-07,,,,,,,,
2043,9dd55a7c3237458e,Vrtcollection,Yes,gold,2023-09-12,2023-09-14,,,,,,,,
2044,2415ccc66784423d,Xenonnclothing,No,bronze,2025-04-19,2025-04-23,Xenon Clothing Men Vest,Xenon Clothing,Possibly a Brand,Xenon Clothing,+918650587843,+918650587843,avinashyadav972020@gmail.com,avinashyadav972020@gmail.com
,,,,,,,Xenon Clothing Men Vest,Xenon Clothing,,,,,,
,,,,,,,Xenon Clothing Men Vest,Xenon Clothing,,,,,,
,,,,,,,Xenon Clothing Graphic Print Women Round Neck Beige T-Shirt,Xenon Clothing,,,,,,
,,,,,,,Xenon Clothing Graphic Print Women Round Neck Beige T-Shirt,Xenon Clothing,,,,,,
,,,,,,,Xenon Clothing Graphic Print Women Round Neck Beige T-Shirt,Xenon Clothing,,,,,,
,,,,,,,Xenon Clothing Men Vest,Xenon Clothing,,,,,,
,,,,,,,Xenon Clothing Men Vest,Xenon Clothing,,,,,,
,,,,,,,Xenon Clothing Men Vest,Xenon Clothing,,,,,,
,,,,,,,Xenon Clothing Graphic Print Women Round Neck Beige T-Shirt,Xenon Clothing,,,,,,
,,,,,,,Xenon Clothing Full Sleeve Solid Men & Women Sweatshirt,Xenon Clothing,,,,,,
,,,,,,,Xenon Clothing Men Vest,Xenon Clothing,,,,,,
,,,,,,,Xenon Clothing Printed Men Round Neck Yellow T-Shirt,Xenon Clothing,,,,,,
,,,,,,,Xenon Clothing Full Sleeve Solid Men & Women Sweatshirt,Xenon Clothing,,,,,,
,,,,,,,goyal saree palace Full Sleeve Graphic Print Men Sweatshirt,goyal saree palace,,,,,,
,,,,,,,Xenon Clothing Graphic Print Men Round Neck White T-Shirt,Xenon Clothing,,,,,,
,,,,,,,Xenon Clothing Full Sleeve Solid Men & Women Sweatshirt,Xenon Clothing,,,,,,
,,,,,,,Xenon Clothing Men Vest,Xenon Clothing,,,,,,
,,,,,,,Xenon Clothing Full Sleeve Solid Men Sweatshirt,Xenon Clothing,,,,,,
,,,,,,,Xenon Clothing Typography Men Round Neck White T-Shirt,Xenon Clothing,,,,,,
2045,7def586187414759,RocketIndia,Yes,silver,2023-06-06,2023-06-07,,,,,,,,
2046,9bc939bd62494416,AdiyogiTraders01,No,silver,2026-06-09,2026-06-10,BubbleTwistt Graphic Print Men Round Neck Black T-Shirt,BubbleTwistt,Possibly a Brand,Hsv Roach,+919896779890,+919896779890,adiyogitraders2@gmail.com,adiyogitraders2@gmail.com
,,,,,,,Kumarigam Graphic Print Men Round Neck Black T-Shirt,Kumarigam,,,,,,
,,,,,,,Hsv Roach Graphic Print Men Round Neck Black T-Shirt,Hsv Roach,,,,,,
,,,,,,,Hsv Roach Graphic Print Men Round Neck Black T-Shirt,Hsv Roach,,,,,,
,,,,,,,Hsv Roach Graphic Print Men Round Neck Black T-Shirt,Hsv Roach,,,,,,
,,,,,,,Drybe Fashion Printed Men Round Neck Black T-Shirt,Drybe Fashion,,,,,,
,,,,,,,Greyscale Solid Men Round Neck White T-Shirt,Greyscale,,,,,,
,,,,,,,Hsv Roach Graphic Print Men Round Neck Black T-Shirt,Hsv Roach,,,,,,
,,,,,,,TeeGalary Graphic Print Men Round Neck Black T-Shirt,TeeGalary,,,,,,
,,,,,,,Hsv Roach Graphic Print Men Round Neck Black T-Shirt,Hsv Roach,,,,,,
,,,,,,,Hsv Roach Graphic Print Men Round Neck Black T-Shirt,Hsv Roach,,,,,,
,,,,,,,Hsv Roach Graphic Print Men Round Neck Black T-Shirt,Hsv Roach,,,,,,
,,,,,,,Hsv Roach Graphic Print Men Round Neck Black T-Shirt,Hsv Roach,,,,,,
,,,,,,,Hsv Roach Graphic Print Men Round Neck Black T-Shirt,Hsv Roach,,,,,,
,,,,,,,Kumarigam Graphic Print Men Round Neck Black T-Shirt,Kumarigam,,,,,,
,,,,,,,Hsv Roach Graphic Print Men Round Neck Black T-Shirt,Hsv Roach,,,,,,
,,,,,,,Hsv Roach Graphic Print Men Round Neck Black T-Shirt,Hsv Roach,,,,,,
,,,,,,,Hsv Roach Graphic Print Men Round Neck Black T-Shirt,Hsv Roach,,,,,,
,,,,,,,Hsv Roach Graphic Print Men Round Neck Black T-Shirt,Hsv Roach,,,,,,
,,,,,,,Hsv Roach Graphic Print Men Round Neck Black T-Shirt,Hsv Roach,,,,,,
2047,2ec19e5211cd4667,balajigoods,No,bronze,2025-08-21,2025-08-24,Pwexz Solid Women Round Neck Brown T-Shirt,Pwexz,Possibly a Brand,Pwexz,+919839974013,+919839974013,anjalisahu18972@gmail.com,anjalisahu18972@gmail.com
,,,,,,,Pwexz Self Design Women Round Neck White T-Shirt,Pwexz,,,,,,
,,,,,,,Pwexz Solid Women Round Neck White T-Shirt,Pwexz,,,,,,
,,,,,,,Pwexz Solid Women Round Neck White T-Shirt,Pwexz,,,,,,
,,,,,,,Pwexz Printed Women Round Neck White T-Shirt,Pwexz,,,,,,
,,,,,,,Pwexz Self Design Women Round Neck White T-Shirt,Pwexz,,,,,,
,,,,,,,Pwexz Self Design Women Round Neck White T-Shirt,Pwexz,,,,,,
,,,,,,,Pwexz Self Design Women Round Neck Purple T-Shirt,Pwexz,,,,,,
,,,,,,,Pwexz Solid Women Round Neck Blue T-Shirt,Pwexz,,,,,,
,,,,,,,Pwexz Full Sleeve Solid Women Sweatshirt,Pwexz,,,,,,
,,,,,,,Pwexz Solid Women Round Neck Black T-Shirt,Pwexz,,,,,,
,,,,,,,Pwexz Printed Women Round Neck Grey T-Shirt,Pwexz,,,,,,
,,,,,,,Pwexz Printed Women Round Neck Maroon T-Shirt,Pwexz,,,,,,
,,,,,,,Pwexz Solid Women Round Neck Blue T-Shirt,Pwexz,,,,,,
,,,,,,,Pwexz Self Design Women Round Neck Purple T-Shirt,Pwexz,,,,,,
,,,,,,,Pwexz Solid Women Round Neck White T-Shirt,Pwexz,,,,,,
,,,,,,,Pwexz Full Sleeve Solid Women Sweatshirt,Pwexz,,,,,,
,,,,,,,Pwexz Printed Women Round Neck Yellow T-Shirt,Pwexz,,,,,,
,,,,,,,Pwexz Self Design Women Round Neck Maroon T-Shirt,Pwexz,,,,,,
,,,,,,,HouseOfCommon Self Design Women Round Neck White T-Shirt,HouseOfCommon,,,,,,
2048,eouerr2dxej4u4ty,Bewakoof,Yes,gold,2013-10-23,2014-06-12,,,,,,,,
2049,5e5b4d563b5a457a,DLOOKDESIGNER,Yes,bronze,2021-09-06,2021-09-21,,,,,,,,
2050,72b9609ecb024a34,SPIRITUALCONNECTION,Yes,gold,2025-01-03,2025-01-07,,,,,,,,
2051,bff190d023364727,AVEJO,Yes,bronze,2022-01-16,2022-02-20,,,,,,,,
2052,fc308700f62547e4,SwipeDOverseas,Yes,silver,2023-02-16,2023-03-15,,,,,,,,
2053,f597b401f4eb45c4,AKHILAK,No,silver,2026-06-24,2026-06-26,"AKHIL AK Graphic Print, Typography Men Round Neck Purple T-Shirt",AKHIL AK,Possibly a Brand,AKHIL AK,+918800324152,+918800324152,k97260787@gmail.com,k97260787@gmail.com
,,,,,,,AKHIL AK Graphic Print Men Round Neck Beige T-Shirt,AKHIL AK,,,,,,
,,,,,,,"AKHIL AK Typography, Printed Men Round Neck Green T-Shirt",AKHIL AK,,,,,,
,,,,,,,AKHIL AK Graphic Print Men Round Neck Beige T-Shirt,AKHIL AK,,,,,,
,,,,,,,"AKHIL AK Graphic Print, Typography Men Round Neck Purple T-Shirt",AKHIL AK,,,,,,
,,,,,,,AKHIL AK Graphic Print Men Round Neck Multicolor T-Shirt,AKHIL AK,,,,,,
,,,,,,,AKHIL AK Typography Men Round Neck Red T-Shirt,AKHIL AK,,,,,,
,,,,,,,"AKHIL AK Graphic Print, Typography Men Round Neck Orange T-Shirt",AKHIL AK,,,,,,
,,,,,,,AKHIL AK Graphic Print Men Round Neck Yellow T-Shirt,AKHIL AK,,,,,,
,,,,,,,"AKHIL AK Graphic Print, Typography Men Round Neck Orange T-Shirt",AKHIL AK,,,,,,
,,,,,,,AKHIL AK Graphic Print Men Round Neck Yellow T-Shirt,AKHIL AK,,,,,,
,,,,,,,AKHIL AK Typography Men Round Neck Red T-Shirt,AKHIL AK,,,,,,
,,,,,,,"AKHIL AK Graphic Print, Printed Men Round Neck Black T-Shirt",AKHIL AK,,,,,,
,,,,,,,"AKHIL AK Typography, Printed Men Round Neck Green T-Shirt",AKHIL AK,,,,,,
,,,,,,,AKHIL AK Graphic Print Men Round Neck Yellow T-Shirt,AKHIL AK,,,,,,
,,,,,,,AKHIL AK Typography Men Round Neck White T-Shirt,AKHIL AK,,,,,,
,,,,,,,AKHIL AK Graphic Print Men Round Neck Green T-Shirt,AKHIL AK,,,,,,
,,,,,,,AKHIL AK Graphic Print Men Round Neck Brown T-Shirt,AKHIL AK,,,,,,
,,,,,,,"AKHIL AK Graphic Print, Printed Men Round Neck Black T-Shirt",AKHIL AK,,,,,,
,,,,,,,"AKHIL AK Graphic Print, Typography Men Round Neck Red T-Shirt",AKHIL AK,,,,,,
2054,e1467ef32ee24027,Twenty2Creation,Yes,gold,2022-03-24,2022-07-08,,,,,,,,
2055,cab5b03f906f4841,ZEEEFASHION,No,silver,2026-06-22,2026-06-23,"XEE Embroidered Kurta, Palazzo & Dupatta Set",XEE,Possibly a Seller,,+917405448633,+917405448633,inforenixenterprise@gmail.com,inforenixenterprise@gmail.com
,,,,,,,"xee fashion Embroidered Kurta, Palazzo & Dupatta Set",xee fashion,,,,,,
,,,,,,,"XEE Embroidered Kurta, Palazzo & Dupatta Set",XEE,,,,,,
,,,,,,,"XEE Embroidered Kurta, Palazzo & Dupatta Set",XEE,,,,,,
,,,,,,,"XEE Embroidered Kurta, Palazzo & Dupatta Set",XEE,,,,,,
,,,,,,,"XEE Embroidered Kurta, Palazzo & Dupatta Set",XEE,,,,,,
,,,,,,,ZEEE FASHION Embroidered Bollywood Satin Saree (Magenta),ZEEE FASHION,,,,,,
,,,,,,,ZEEE FASHION Embroidered Bollywood Satin Saree (Green),ZEEE FASHION,,,,,,
,,,,,,,"XEE Embroidered Kurta, Palazzo & Dupatta Set",XEE,,,,,,
,,,,,,,"xee fashion Embroidered Kurta, Palazzo & Dupatta Set",xee fashion,,,,,,
,,,,,,,"XEE Embroidered Kurta, Palazzo & Dupatta Set",XEE,,,,,,
,,,,,,,"xee fashion Embroidered Kurta, Trouser/Pant & Dupatta Set",xee fashion,,,,,,
,,,,,,,"XEE Embroidered Kurta, Trouser/Pant & Dupatta Set",XEE,,,,,,
,,,,,,,"XEE Embroidered Kurta, Palazzo & Dupatta Set",XEE,,,,,,
,,,,,,,"xee fashion Embroidered Kurta, Palazzo & Dupatta Set",xee fashion,,,,,,
,,,,,,,"XEE Embroidered Kurta, Palazzo & Dupatta Set",XEE,,,,,,
,,,,,,,"xee fashion Embroidered Kurta, Trouser/Pant & Dupatta Set",xee fashion,,,,,,
,,,,,,,"XEE Embroidered Kurta, Palazzo & Dupatta Set",XEE,,,,,,
,,,,,,,"xee fashion Embroidered Kurta, Patiala & Dupatta Set",xee fashion,,,,,,
,,,,,,,"xee fashion Embroidered Kurta, Palazzo & Dupatta Set",xee fashion,,,,,,
2056,a0c8885121ac4375,SAHYOGCREATION,No,silver,2016-03-18,2018-08-07,Palsana Shirt Hot Pants Co-ords Set with Jacket,Palsana,Possibly a Brand,Palsana,+919714669143,+919714669143,yogeshpalsana@gmail.com,yogeshpalsana@gmail.com
,,,,,,,Palsana Women Two Piece Dress Red Ankle Length Dress,Palsana,,,,,,
,,,,,,,Palsana Shirt Hot Pants Co-ords Set with Jacket,Palsana,,,,,,
,,,,,,,Palsana Shirt Hot Pants Co-ords Set with Jacket,Palsana,,,,,,
,,,,,,,Palsana Chanderi Printed Salwar Suit Material (Unstitched),Palsana,,,,,,
,,,,,,,Palsana Shirt Hot Pants Co-ords Set with Jacket,Palsana,,,,,,
,,,,,,,Palsana Shirt Hot Pants Co-ords Set with Jacket,Palsana,,,,,,
,,,,,,,Palsana Cotton Silk Embellished Suit Fabric,Palsana,,,,,,
,,,,,,,PALSANA Women Leheriya Kurta (White),PALSANA,,,,,,
,,,,,,,PALSANA Casual Women White Top,PALSANA,,,,,,
,,,,,,,PALSANA Women Leheriya Kurta (Beige),PALSANA,,,,,,
,,,,,,,Palsana Women Two Piece Dress Red Ankle Length Dress,Palsana,,,,,,
,,,,,,,"Palsana Embroidered Kurta, Trouser/Pant & Dupatta Set",Palsana,,,,,,
,,,,,,,Palsana Women Kurta Pant Set,Palsana,,,,,,
,,,,,,,"Palsana Embroidered Kurta, Trouser/Pant & Dupatta Set",Palsana,,,,,,
,,,,,,,Palsana Shirt Hot Pants Co-ords Set with Jacket,Palsana,,,,,,
,,,,,,,Palsana Georgette Embroidered Multi-purpose Fabric,Palsana,,,,,,
,,,,,,,"Palsana Mask Regular (XL, Pack of 8)",Palsana,,,,,,
,,,,,,,Palsana Cotton Silk Embroidered Suit Fabric,Palsana,,,,,,
,,,,,,,PALSANA Women Striped Kurta (Brown),PALSANA,,,,,,
2057,bf326786d96e4067,LOKITAWORLD,Yes,silver,2025-02-24,2025-03-05,,,,,,,,
2058,3d1eea8843bd48d5,HKBDFAB,No,silver,2018-05-25,2019-02-16,"HKBD Fab Embroidered Kurta, Salwar & Dupatta Set",HKBD Fab,Possibly a Brand,HKBD Fab,+917069304150,+917069304150,jrdenterprise7@gmail.com,jrdenterprise7@gmail.com
,,,,,,,"HKBD Fab Embroidered Kurta, Salwar & Dupatta Set",HKBD Fab,,,,,,
,,,,,,,"HKBD Fab Embroidered Kurta, Trouser/Pant & Dupatta Set",HKBD Fab,,,,,,
,,,,,,,"HKBD Fab Embroidered Kurta, Salwar & Dupatta Set",HKBD Fab,,,,,,
,,,,,,,"HKBD Fab Embroidered Kurta, Salwar & Dupatta Set",HKBD Fab,,,,,,
,,,,,,,"HKBD Fab Embroidered Kurta, Trouser/Pant & Dupatta Set",HKBD Fab,,,,,,
,,,,,,,"HKBD Fab Embroidered Kurta, Trouser/Pant & Dupatta Set",HKBD Fab,,,,,,
,,,,,,,"HKBD Fab Embroidered Kurta, Salwar & Dupatta Set",HKBD Fab,,,,,,
,,,,,,,"HKBD Fab Embroidered Kurta, Salwar & Dupatta Set",HKBD Fab,,,,,,
,,,,,,,"HKBD Fab Embroidered Kurta, Salwar & Dupatta Set",HKBD Fab,,,,,,
,,,,,,,"HKBD Fab Embroidered Kurta, Salwar & Dupatta Set",HKBD Fab,,,,,,
,,,,,,,"HKBD Fab Embroidered Kurta, Trouser/Pant & Dupatta Set",HKBD Fab,,,,,,
,,,,,,,"HKBD Fab Embroidered Kurta, Salwar & Dupatta Set",HKBD Fab,,,,,,
,,,,,,,"HKBD Fab Embroidered Kurta, Trouser/Pant & Dupatta Set",HKBD Fab,,,,,,
,,,,,,,"HKBD Fab Embroidered Kurta, Salwar & Dupatta Set",HKBD Fab,,,,,,
,,,,,,,"HKBD Fab Embroidered Kurta, Salwar & Dupatta Set",HKBD Fab,,,,,,
,,,,,,,"HKBD Fab Embroidered Kurta, Salwar & Dupatta Set",HKBD Fab,,,,,,
,,,,,,,"HKBD Fab Embroidered Kurta, Salwar & Dupatta Set",HKBD Fab,,,,,,
,,,,,,,"HKBD Fab Embroidered Kurta, Salwar & Dupatta Set",HKBD Fab,,,,,,
,,,,,,,"HKBD Fab Embroidered Kurta, Salwar & Dupatta Set",HKBD Fab,,,,,,
2059,55a633d68d724acf,TheKrishanaGarments,No,bronze,2025-10-29,2025-11-04,krishana fashion Printed Women Round Neck White T-Shirt,krishana fashion,Possibly a Seller,,+918968316479,+918968316479,rikkusin5354@gmail.com,rikkusin5354@gmail.com
2060,66f85a04435b4f42,NCSHOP,No,silver,2026-06-05,2026-06-07,,,Possibly a Seller,,+916262515170,+916262515170,nityacreation00@gmail.com,nityacreation00@gmail.com
2061,b72cb9b748314767,LaxoriaCollection,No,silver,2025-06-18,2025-06-19,"laxoria collection Embroidered Kurta, Sharara & Dupatta Set",laxoria collection,Possibly a Brand,laxoria collection,+919913786080,+919913786080,laxoriascent@gmail.com,laxoriascent@gmail.com
,,,,,,,"laxoria collection Embroidered Kurta, Sharara & Dupatta Set",laxoria collection,,,,,,
,,,,,,,"laxoria collection Embroidered Kurta, Sharara & Dupatta Set",laxoria collection,,,,,,
,,,,,,,"laxoria collection Embroidered Kurta, Sharara & Dupatta Set",laxoria collection,,,,,,
,,,,,,,"laxoria collection Embroidered Kurta, Salwar & Dupatta Set",laxoria collection,,,,,,
,,,,,,,"laxoria collection Embroidered Kurta, Palazzo & Dupatta Set",laxoria collection,,,,,,
,,,,,,,"laxoria collection Embroidered Kurta, Sharara & Dupatta Set",laxoria collection,,,,,,
,,,,,,,"laxoria collection Embroidered Kurta, Sharara & Dupatta Set",laxoria collection,,,,,,
,,,,,,,"laxoria collection Embroidered Kurta, Sharara & Dupatta Set",laxoria collection,,,,,,
,,,,,,,"laxoria collection Embroidered Kurta, Sharara & Dupatta Set",laxoria collection,,,,,,
,,,,,,,"laxoria collection Embroidered Kurta, Sharara & Dupatta Set",laxoria collection,,,,,,
,,,,,,,"laxoria collection Embroidered Anarkali Kurta, Bottom & Dupatta Set",laxoria collection,,,,,,
,,,,,,,"laxoria collection Embroidered Kurta, Dhoti Pant & Dupatta Set",laxoria collection,,,,,,
,,,,,,,"Laxoria Scent Embellished, Embroidered Kurta, Sharara & Dupatta Set",Laxoria Scent,,,,,,
,,,,,,,"laxoria collection Embroidered Kurta, Dhoti Pant & Dupatta Set",laxoria collection,,,,,,
,,,,,,,"laxoria collection Embroidered Kurta, Sharara & Dupatta Set",laxoria collection,,,,,,
,,,,,,,"laxoria collection Embroidered Anarkali Kurta, Bottom & Dupatta Set",laxoria collection,,,,,,
,,,,,,,"laxoria collection Embroidered Kurta, Trouser/Pant & Dupatta Set",laxoria collection,,,,,,
,,,,,,,"laxoria collection Embroidered Kurta, Sharara & Dupatta Set",laxoria collection,,,,,,
,,,,,,,"laxoria collection Embroidered Kurta, Trouser/Pant & Dupatta Set",laxoria collection,,,,,,
2062,09b67498f2f04524,Dhankienterprise,No,gold,2026-03-07,2026-03-12,dhankienterprise Women Printed Straight Kurta (Pink),dhankienterprise,Possibly a Brand,dhankienterprise,+919898514033,+919898514033,dhanki.ent@gmail.com,dhanki.ent@gmail.com
,,,,,,,dhankienterprise Women Kurta Pant Set,dhankienterprise,,,,,,
,,,,,,,dhankienterprise Women Kurta Palazzo Set,dhankienterprise,,,,,,
,,,,,,,dhankienterprise Women Geometric Print Straight Kurta (Purple),dhankienterprise,,,,,,
,,,,,,,"dhankienterprise Embroidered Kurta, Trouser/Pant & Dupatta Set",dhankienterprise,,,,,,
,,,,,,,"dhankienterprise Embroidered Kurta, Trouser/Pant & Dupatta Set",dhankienterprise,,,,,,
,,,,,,,"dhankienterprise Embroidered Kurta, Trouser/Pant & Dupatta Set",dhankienterprise,,,,,,
,,,,,,,"dhankienterprise Embroidered Kurta, Trouser/Pant & Dupatta Set",dhankienterprise,,,,,,
,,,,,,,"dhankienterprise Floral Print Kurta, Palazzo & Dupatta Set",dhankienterprise,,,,,,
,,,,,,,"dhankienterprise Printed Kurta, Trouser/Pant & Dupatta Set",dhankienterprise,,,,,,
,,,,,,,"dhankienterprise Embroidered Kurta, Trouser/Pant & Dupatta Set",dhankienterprise,,,,,,
,,,,,,,"dhankienterprise Floral Print Kurta, Trouser/Pant & Dupatta Set",dhankienterprise,,,,,,
,,,,,,,"dhankienterprise Embroidered Kurta, Trouser/Pant & Dupatta Set",dhankienterprise,,,,,,
,,,,,,,"dhankienterprise Casual Embroidered Women White, Blue Top",dhankienterprise,,,,,,
,,,,,,,"dhankienterprise Embroidered Kurta, Trouser/Pant & Dupatta Set",dhankienterprise,,,,,,
,,,,,,,dhankienterprise Casual Printed Women Green Top,dhankienterprise,,,,,,
,,,,,,,"dhankienterprise Embroidered Kurta, Trouser/Pant & Dupatta Set",dhankienterprise,,,,,,
,,,,,,,"dhankienterprise Embroidered Kurta, Trouser/Pant & Dupatta Set",dhankienterprise,,,,,,
,,,,,,,"dhankienterprise Embroidered Kurta, Trouser/Pant & Dupatta Set",dhankienterprise,,,,,,
,,,,,,,dhankienterprise Casual Embroidered Women Black Top,dhankienterprise,,,,,,
2063,39280717440c4d20,ShivanshEnterprisesstore,No,silver,2025-08-06,2025-08-07,,,Possibly a Seller,,+919149134472,+919149134472,shivansh.enterprises1904@gmail.com,shivansh.enterprises1904@gmail.com
2064,6bdbe80ccad144c3,HARKHANIFASHION,No,silver,2026-04-15,2026-04-18,ak fashion mall Women Kurta Pant Dupatta Set,ak fashion mall,Possibly a Brand,HARKHANI FASHION,+919601391769,+919601391769,kotadiyageeta050@gmail.com,kotadiyageeta050@gmail.com
,,,,,,,"HARKHANI FASHION Embroidered Kurta, Trouser/Pant & Dupatta Set",HARKHANI FASHION,,,,,,
,,,,,,,"HARKHANI FASHION Embroidered Kurta, Trouser/Pant & Dupatta Set",HARKHANI FASHION,,,,,,
,,,,,,,"HARKHANI FISHION Embellished Anarkali Kurta, Bottom & Dupatta Set",HARKHANI FISHION,,,,,,
,,,,,,,HARKHANI FASHION Men Brief,HARKHANI FASHION,,,,,,
,,,,,,,"HARKHANI FASHION Embroidered Kurta, Trouser/Pant & Dupatta Set",HARKHANI FASHION,,,,,,
,,,,,,,"HARKHANI FASHION Embroidered Kurta, Trouser/Pant & Dupatta Set",HARKHANI FASHION,,,,,,
,,,,,,,"HARKHANI FASHION Embroidered Kurta, Trouser/Pant & Dupatta Set",HARKHANI FASHION,,,,,,
,,,,,,,HARKHANI FASHION Men Brief,HARKHANI FASHION,,,,,,
,,,,,,,"HARKHANI FASHION Embroidered Kurta, Trouser/Pant & Dupatta Set",HARKHANI FASHION,,,,,,
,,,,,,,"HARKHANI FASHION Embroidered Kurta, Trouser/Pant & Dupatta Set",HARKHANI FASHION,,,,,,
,,,,,,,"HARKHANI FASHION Embroidered Kurta, Trouser/Pant & Dupatta Set",HARKHANI FASHION,,,,,,
,,,,,,,"HARKHANI FASHION Embroidered Kurta, Trouser/Pant & Dupatta Set",HARKHANI FASHION,,,,,,
,,,,,,,"HARKHANI FASHION Embroidered Kurta, Trouser/Pant & Dupatta Set",HARKHANI FASHION,,,,,,
,,,,,,,HARKHANI FASHION Men Brief,HARKHANI FASHION,,,,,,
,,,,,,,HARKHANI FASHION Men Brief,HARKHANI FASHION,,,,,,
,,,,,,,"HARKHANI FASHION Embroidered Kurta, Trouser/Pant & Dupatta Set",HARKHANI FASHION,,,,,,
,,,,,,,"HARKHANI FISHION Solid Kurta, Trouser/Pant & Dupatta Set",HARKHANI FISHION,,,,,,
,,,,,,,"HARKHANI FISHION Solid Kurta, Trouser/Pant & Dupatta Set",HARKHANI FISHION,,,,,,
,,,,,,,"HARKHANI FASHION Embroidered Kurta, Trouser/Pant & Dupatta Set",HARKHANI FASHION,,,,,,
2065,59710ed22237440e,Vaidehi Fashion,Yes,gold,2015-06-29,2015-07-08,,,,,,,,
2066,df41af8dbfdb450e,LAKSHCREATION888,No,silver,2026-06-04,2026-06-07,"Laksh Creation Embroidered Kurta, Palazzo & Dupatta Set",Laksh Creation,Possibly a Brand,Laksh Creation,+919099303663,+919099303663,lakshcretion7@gmail.com,lakshcretion7@gmail.com
,,,,,,,"Laksh Creation Embroidered Kurta, Palazzo & Dupatta Set",Laksh Creation,,,,,,
,,,,,,,LAKSHCREATION Casual Embroidered Women Multicolor Top,LAKSHCREATION,,,,,,
,,,,,,,"Laksh Creation Embroidered Kurta, Palazzo & Dupatta Set",Laksh Creation,,,,,,
,,,,,,,"Laksh Creation Embroidered Kurta, Palazzo & Dupatta Set",Laksh Creation,,,,,,
,,,,,,,LAKSHCREATION Casual Embroidered Women Maroon Top,LAKSHCREATION,,,,,,
,,,,,,,"Laksh Creation Embroidered Kurta, Palazzo & Dupatta Set",Laksh Creation,,,,,,
,,,,,,,"Laksh Creation Embroidered Kurta, Palazzo & Dupatta Set",Laksh Creation,,,,,,
,,,,,,,"Laksh Creation Embroidered Kurta, Palazzo & Dupatta Set",Laksh Creation,,,,,,
,,,,,,,"Laksh Creation Embroidered Kurta, Palazzo & Dupatta Set",Laksh Creation,,,,,,
,,,,,,,"Laksh Creation Embroidered Kurta, Palazzo & Dupatta Set",Laksh Creation,,,,,,
,,,,,,,"Laksh Creation Embroidered Kurta, Palazzo & Dupatta Set",Laksh Creation,,,,,,
,,,,,,,LAKSHCREATION Casual Embroidered Women Maroon Top,LAKSHCREATION,,,,,,
,,,,,,,"Laksh Creation Embroidered Kurta, Palazzo & Dupatta Set",Laksh Creation,,,,,,
,,,,,,,"Laksh Creation Embroidered Kurta, Palazzo & Dupatta Set",Laksh Creation,,,,,,
,,,,,,,"Laksh Creation Embroidered Kurta, Palazzo & Dupatta Set",Laksh Creation,,,,,,
,,,,,,,"Laksh Creation Embroidered Kurta, Palazzo & Dupatta Set",Laksh Creation,,,,,,
,,,,,,,"Laksh Creation Embroidered Kurta, Palazzo & Dupatta Set",Laksh Creation,,,,,,
,,,,,,,"Laksh Creation Embroidered Kurta, Palazzo & Dupatta Set",Laksh Creation,,,,,,
,,,,,,,"Laksh Creation Embroidered Kurta, Palazzo & Dupatta Set",Laksh Creation,,,,,,
2067,3d0dc89361664226,NISHORAMA,Yes,bronze,2024-01-17,2024-01-18,,,,,,,,
2068,4dc79594c3954412,KLAWIA,No,silver,2024-03-07,2024-03-18,KLAWIA Women Ethnic Top Dupatta Set,KLAWIA,Possibly a Brand,KLAWIA,+919727203131,+919727203131,klawia0001@gmail.com,klawia0001@gmail.com
,,,,,,,KLAWIA Women Kurta Dupatta Set,KLAWIA,,,,,,
,,,,,,,KLAWIA Women Kurta Dupatta Set,KLAWIA,,,,,,
,,,,,,,KLAWIA Women Ethnic Top Dupatta Set,KLAWIA,,,,,,
,,,,,,,KLAWIA Women Kurta Dupatta Set,KLAWIA,,,,,,
,,,,,,,KLAWIA Women Kurta Dupatta Set,KLAWIA,,,,,,
,,,,,,,KLAWIA Women Kurta Dupatta Set,KLAWIA,,,,,,
,,,,,,,KLAWIA Women Ethnic Top Dupatta Set,KLAWIA,,,,,,
,,,,,,,KLAWIA Women Ethnic Top Dupatta Set,KLAWIA,,,,,,
,,,,,,,KLAWIA Women Ethnic Top Dupatta Set,KLAWIA,,,,,,
,,,,,,,KLAWIA Women Ethnic Top Dupatta Set,KLAWIA,,,,,,
,,,,,,,KLAWIA Women Kurta Dupatta Set,KLAWIA,,,,,,
,,,,,,,KLAWIA Women Ethnic Top Dupatta Set,KLAWIA,,,,,,
,,,,,,,KLAWIA Women Kurta Dupatta Set,KLAWIA,,,,,,
,,,,,,,KLAWIA Women Kurta Dupatta Set,KLAWIA,,,,,,
,,,,,,,KLAWIA Women Ethnic Top Dupatta Set,KLAWIA,,,,,,
,,,,,,,KLAWIA Women Ethnic Top Dupatta Set,KLAWIA,,,,,,
,,,,,,,KLAWIA Women Kurta Dupatta Set,KLAWIA,,,,,,
,,,,,,,KLAWIA Women Ethnic Top Dupatta Set,KLAWIA,,,,,,
,,,,,,,"KLAWIA Embroidered Kurta, Sharara & Dupatta Set",KLAWIA,,,,,,
2069,33637012242647000,,No,,,False,,,Possibly a Seller,,,,,
2070,5abb40ad46ac4c1d,NESTOQO,No,silver,2026-06-23,2026-06-27,"NESTOQO Embroidered Kurta, Churidar & Dupatta Set",NESTOQO,Possibly a Seller,,+919510008408,+919510008408,smithirapara165@gmail.com,smithirapara165@gmail.com
2071,3aaa06f167c04203,KHODALTRENDZZ,No,bronze,2025-08-19,2025-08-21,"KHODAL TRENDZZ Solid Kurta, Palazzo & Dupatta Set",KHODAL TRENDZZ,Possibly a Brand,KHODAL TRENDZZ,+919913610361,+919913610361,kpfab88@gmail.com,kpfab88@gmail.com
,,,,,,,"KHODAL TRENDZZ Solid Kurta, Palazzo & Dupatta Set",KHODAL TRENDZZ,,,,,,
,,,,,,,"KHODAL TRENDZZ Solid Kurta, Palazzo & Dupatta Set",KHODAL TRENDZZ,,,,,,
,,,,,,,"KHODAL TRENDZ Embroidered Kurta, Trouser/Pant & Dupatta Set",KHODAL TRENDZ,,,,,,
,,,,,,,"KHODAL TRENDZZ Solid Kurta, Palazzo & Dupatta Set",KHODAL TRENDZZ,,,,,,
,,,,,,,"KHODAL TRENDZZ Solid Kurta, Palazzo & Dupatta Set",KHODAL TRENDZZ,,,,,,
,,,,,,,"KHODAL TRENDZZ Embroidered Kurta, Trouser/Pant & Dupatta Set",KHODAL TRENDZZ,,,,,,
,,,,,,,"KHODAL TRENDZ Embroidered Kurta, Trouser/Pant & Dupatta Set",KHODAL TRENDZ,,,,,,
,,,,,,,"KHODAL TRENDZZ Solid Kurta, Palazzo & Dupatta Set",KHODAL TRENDZZ,,,,,,
,,,,,,,"KHODAL TRENDZZ Solid Kurta, Palazzo & Dupatta Set",KHODAL TRENDZZ,,,,,,
,,,,,,,"KHODAL TRENDZZ Solid Kurta, Palazzo & Dupatta Set",KHODAL TRENDZZ,,,,,,
,,,,,,,"KHODAL TRENDZZ Embroidered Kurta, Trouser/Pant & Dupatta Set",KHODAL TRENDZZ,,,,,,
,,,,,,,"KHODAL TRENDZ Embroidered Kurta, Trouser/Pant & Dupatta Set",KHODAL TRENDZ,,,,,,
,,,,,,,"KHODAL TRENDZZ Solid Kurta, Palazzo & Dupatta Set",KHODAL TRENDZZ,,,,,,
,,,,,,,"KHODAL TRENDZZ Embroidered Kurta, Trouser/Pant & Dupatta Set",KHODAL TRENDZZ,,,,,,
,,,,,,,"KHODAL TRENDZZ Solid Kurta, Palazzo & Dupatta Set",KHODAL TRENDZZ,,,,,,
,,,,,,,"KHODAL TRENDZZ Embroidered Kurta, Trouser/Pant & Dupatta Set",KHODAL TRENDZZ,,,,,,
,,,,,,,"KHODAL TRENDZZ Embroidered Kurta, Trouser/Pant & Dupatta Set",KHODAL TRENDZZ,,,,,,
,,,,,,,"KHODAL TRENDZZ Embroidered Kurta, Trouser/Pant & Dupatta Set",KHODAL TRENDZZ,,,,,,
,,,,,,,"KHODAL TRENDZ Embroidered Kurta, Trouser/Pant & Dupatta Set",KHODAL TRENDZ,,,,,,
2072,8e05695231fc4a40,HAREKRISHNAFAB,No,silver,2026-05-17,2026-05-18,"HARE KRISHNA FAB Embroidered Kurta, Trouser/Pant & Dupatta Set",HARE KRISHNA FAB,Possibly a Brand,HARE KRISHNA FAB,+919974553843,+919974553843,sanjaykgor@gmail.com,sanjaykgor@gmail.com
,,,,,,,"HARE KRISHNA FAB Embroidered Kurta, Trouser/Pant & Dupatta Set",HARE KRISHNA FAB,,,,,,
,,,,,,,"HARE KRISHNA FAB Embroidered Kurta, Trouser/Pant & Dupatta Set",HARE KRISHNA FAB,,,,,,
,,,,,,,"HARE KRISHNA FAB Embroidered, Woven Kurta, Trouser/Pant & Dupatta Set",HARE KRISHNA FAB,,,,,,
,,,,,,,"HARE KRISHNA FAB Embroidered, Floral Print Kurta, Trouser/Pant & Dupatta Set",HARE KRISHNA FAB,,,,,,
,,,,,,,"HARE KRISHNA FAB Embroidered, Printed Kurta, Trouser/Pant & Dupatta Set",HARE KRISHNA FAB,,,,,,
,,,,,,,"HARE KRISHNA FAB Embroidered Kurta, Trouser/Pant & Dupatta Set",HARE KRISHNA FAB,,,,,,
,,,,,,,"HARE KRISHNA FAB Embroidered, Woven Kurta, Trouser/Pant & Dupatta Set",HARE KRISHNA FAB,,,,,,
,,,,,,,"HARE KRISHNA FAB Embroidered Kurta, Trouser/Pant & Dupatta Set",HARE KRISHNA FAB,,,,,,
,,,,,,,"HARE KRISHNA FAB Embroidered Kurta, Trouser/Pant & Dupatta Set",HARE KRISHNA FAB,,,,,,
,,,,,,,"HARE KRISHNA FAB Embroidered, Printed Kurta, Trouser/Pant & Dupatta Set",HARE KRISHNA FAB,,,,,,
,,,,,,,"HARE KRISHNA FAB Embroidered Kurta, Trouser/Pant & Dupatta Set",HARE KRISHNA FAB,,,,,,
,,,,,,,"HARE KRISHNA FAB Embroidered Kurta, Trouser/Pant & Dupatta Set",HARE KRISHNA FAB,,,,,,
,,,,,,,"HARE KRISHNA FAB Embroidered Kurta, Trouser/Pant & Dupatta Set",HARE KRISHNA FAB,,,,,,
,,,,,,,"HARE KRISHNA FAB Embroidered Kurta, Trouser/Pant & Dupatta Set",HARE KRISHNA FAB,,,,,,
,,,,,,,"HARE KRISHNA FAB Embroidered, Woven Kurta, Trouser/Pant & Dupatta Set",HARE KRISHNA FAB,,,,,,
,,,,,,,"HARE KRISHNA FAB Embroidered, Printed Kurta, Trouser/Pant & Dupatta Set",HARE KRISHNA FAB,,,,,,
,,,,,,,"HARE KRISHNA FAB Embroidered Kurta, Trouser/Pant & Dupatta Set",HARE KRISHNA FAB,,,,,,
,,,,,,,"HARE KRISHNA FAB Embroidered Kurta, Trouser/Pant & Dupatta Set",HARE KRISHNA FAB,,,,,,
,,,,,,,"HARE KRISHNA FAB Embroidered Kurta, Trouser/Pant & Dupatta Set",HARE KRISHNA FAB,,,,,,
2073,e7042700f09c4da7,SHSSTORE01,Yes,gold,2024-02-03,2024-02-06,,,,,,,,
2074,ce7ce84abafd4a60,AS83Creation,No,bronze,2025-05-30,2025-05-31,Arangetram Women Kurta Pyjama Dupatta Set,Arangetram,Possibly a Seller,,+918955742169,+918955742169,AARCHISHARMA83@GMAIL.COM,AARCHISHARMA83@GMAIL.COM
,,,,,,,Heba Women Kurta Pant Dupatta Set,Heba,,,,,,
,,,,,,,Arangetram Women Kurta Pyjama Dupatta Set,Arangetram,,,,,,
,,,,,,,Arangetram Women Kurta Pyjama Dupatta Set,Arangetram,,,,,,
,,,,,,,"JHARI Embroidered Anarkali Kurta, Bottom & Dupatta Set",JHARI,,,,,,
,,,,,,,"JHARI Embroidered Anarkali Kurta, Bottom & Dupatta Set",JHARI,,,,,,
,,,,,,,Arangetram Women Kurta Pyjama Dupatta Set,Arangetram,,,,,,
,,,,,,,"JHARI Embroidered Anarkali Kurta, Bottom & Dupatta Set",JHARI,,,,,,
,,,,,,,SND Women Floral Print Straight Kurta (White),SND,,,,,,
,,,,,,,"JHARI Embroidered Anarkali Kurta, Bottom & Dupatta Set",JHARI,,,,,,
,,,,,,,"Aarya Fashion Embroidered Anarkali Kurta, Bottom & Dupatta Set",Aarya Fashion,,,,,,
,,,,,,,"Aarya Fashion Embroidered Anarkali Kurta, Bottom & Dupatta Set",Aarya Fashion,,,,,,
,,,,,,,JN LOFTY Women Kurti Pant Dupatta Set,JN LOFTY,,,,,,
,,,,,,,"JHARI Embroidered Anarkali Kurta, Bottom & Dupatta Set",JHARI,,,,,,
,,,,,,,JN LOFTY Women Kurti Pant Dupatta Set,JN LOFTY,,,,,,
,,,,,,,Claura Tunic Palazzos Co-ords Set,Claura,,,,,,
,,,,,,,KALRAV JAYPORE Women Kurta Pant Set,KALRAV JAYPORE,,,,,,
,,,,,,,"JHARI Embroidered Anarkali Kurta, Bottom & Dupatta Set",JHARI,,,,,,
,,,,,,,Heba Women Kurta Pant Dupatta Set,Heba,,,,,,
,,,,,,,"JHARI Embroidered Anarkali Kurta, Bottom & Dupatta Set",JHARI,,,,,,
2075,d10f433367f04246,MANKICREATONS,No,silver,2026-06-22,2026-06-23,"KALKI COLLECTION Embroidered Anarkali Kurta, Bottom & Dupatta Set",KALKI COLLECTION,Possibly a Brand,Mahira Fashion,+919809909800,+919809909800,Mankicreation2025@gmail.com,Mankicreation2025@gmail.com
,,,,,,,"KALKI COLLECTION Embroidered Anarkali Kurta, Bottom & Dupatta Set",KALKI COLLECTION,,,,,,
,,,,,,,"Mahira Fashion Embroidered Kurta, Trouser/Pant & Dupatta Set",Mahira Fashion,,,,,,
,,,,,,,"Mahira Fashion Embroidered Anarkali Kurta, Bottom & Dupatta Set",Mahira Fashion,,,,,,
,,,,,,,"Mahira Fashion Embroidered Kurta, Trouser/Pant & Dupatta Set",Mahira Fashion,,,,,,
,,,,,,,"Mahira Fashion Embroidered Kurta, Trouser/Pant & Dupatta Set",Mahira Fashion,,,,,,
,,,,,,,"Mahira Fashion Embroidered Anarkali Kurta, Bottom & Dupatta Set",Mahira Fashion,,,,,,
,,,,,,,"Mahira Fashion Embroidered Kurta, Trouser/Pant & Dupatta Set",Mahira Fashion,,,,,,
,,,,,,,"Mahira Fashion Embroidered Kurta, Trouser/Pant & Dupatta Set",Mahira Fashion,,,,,,
,,,,,,,"Mahira Fashion Embroidered Anarkali Kurta, Bottom & Dupatta Set",Mahira Fashion,,,,,,
,,,,,,,"Mahira Fashion Embroidered Kurta, Palazzo & Dupatta Set",Mahira Fashion,,,,,,
,,,,,,,"Mahira Fashion Embroidered Anarkali Kurta, Bottom & Dupatta Set",Mahira Fashion,,,,,,
,,,,,,,"Mahira Fashion Embroidered Kurta, Palazzo & Dupatta Set",Mahira Fashion,,,,,,
,,,,,,,"KALKI COLLECTION Embroidered Kurta, Palazzo & Dupatta Set",KALKI COLLECTION,,,,,,
,,,,,,,"Mahira Fashion Embroidered Kurta, Palazzo & Dupatta Set",Mahira Fashion,,,,,,
,,,,,,,"KALKI COLLECTION Printed Anarkali Kurta, Bottom & Dupatta Set",KALKI COLLECTION,,,,,,
,,,,,,,"Mahira Fashion Embroidered Kurta, Sharara & Dupatta Set",Mahira Fashion,,,,,,
,,,,,,,"KALKI COLLECTION Printed Anarkali Kurta, Bottom & Dupatta Set",KALKI COLLECTION,,,,,,
,,,,,,,"Mahira Fashion Embroidered Kurta, Palazzo & Dupatta Set",Mahira Fashion,,,,,,
,,,,,,,"mahira collection Embroidered Kurta, Palazzo & Dupatta Set",mahira collection,,,,,,
2076,1a8ad46f45ba4915,ShivuFashion01,No,bronze,2024-10-03,2024-10-04,"ShivuFashion Embroidered Kurta, Trouser/Pant & Dupatta Set",ShivuFashion,Possibly a Brand,ShivuFashion,+919601986350,+919601986350,shivufashion2005@gmail.com,shivufashion2005@gmail.com
,,,,,,,"ShivuFashion Printed Kurta, Patiala & Dupatta Set",ShivuFashion,,,,,,
,,,,,,,"ShivuFashion Embroidered Kurta, Trouser/Pant & Dupatta Set",ShivuFashion,,,,,,
,,,,,,,"ShivuFashion Embroidered Kurta, Trouser/Pant & Dupatta Set",ShivuFashion,,,,,,
,,,,,,,"ShivuFashion Embroidered Kurta, Trouser/Pant & Dupatta Set",ShivuFashion,,,,,,
,,,,,,,"ShivuFashion Embroidered Kurta, Trouser/Pant & Dupatta Set",ShivuFashion,,,,,,
,,,,,,,"ShivuFashion Embroidered Kurta, Trouser/Pant & Dupatta Set",ShivuFashion,,,,,,
,,,,,,,"ShivuFashion Printed Kurta, Patiala & Dupatta Set",ShivuFashion,,,,,,
,,,,,,,"ShivuFashion Embroidered Kurta, Trouser/Pant & Dupatta Set",ShivuFashion,,,,,,
,,,,,,,"ShivuFashion Embroidered Kurta, Trouser/Pant & Dupatta Set",ShivuFashion,,,,,,
,,,,,,,"ShivuFashion Embroidered Kurta, Trouser/Pant & Dupatta Set",ShivuFashion,,,,,,
,,,,,,,"ShivuFashion Embroidered Kurta, Trouser/Pant & Dupatta Set",ShivuFashion,,,,,,
,,,,,,,"ShivuFashion Embroidered Kurta, Trouser/Pant & Dupatta Set",ShivuFashion,,,,,,
,,,,,,,"ShivuFashion Embroidered Kurta, Trouser/Pant & Dupatta Set",ShivuFashion,,,,,,
,,,,,,,"ShivuFashion Embroidered Kurta, Trouser/Pant & Dupatta Set",ShivuFashion,,,,,,
,,,,,,,"ShivuFashion Embroidered Kurta, Trouser/Pant & Dupatta Set",ShivuFashion,,,,,,
,,,,,,,"ShivuFashion Embroidered Kurta, Trouser/Pant & Dupatta Set",ShivuFashion,,,,,,
,,,,,,,"ShivuFashion Embroidered Kurta, Trouser/Pant & Dupatta Set",ShivuFashion,,,,,,
,,,,,,,"ShivuFashion Printed Kurta, Patiala & Dupatta Set",ShivuFashion,,,,,,
,,,,,,,"ShivuFashion Embroidered Kurta, Trouser/Pant & Dupatta Set",ShivuFashion,,,,,,
2077,6adb5a3681d1408f,MKTEXARC,No,gold,2024-07-05,2024-07-07,MK TEXARC Women Kurti Dupatta Set,MK TEXARC,Possibly a Brand,MK TEXARC,+919825877574,+919825877574,mktexarc@gmail.com,mktexarc@gmail.com
,,,,,,,"MK TEXARC Floral Print Kurta, Trouser/Pant & Dupatta Set",MK TEXARC,,,,,,
,,,,,,,"MK TEXARC Floral Print Kurta, Trouser/Pant & Dupatta Set",MK TEXARC,,,,,,
,,,,,,,"MK TEXARC Printed Kurta, Trouser/Pant & Dupatta Set",MK TEXARC,,,,,,
,,,,,,,"Mk Texarc Elegant Chanderi Cotton Kurta Set with Floral Printed Dupatta Floral Print Kurta, Salwar & Dupatta Set",Mk Texarc,,,,,,
,,,,,,,"Mk Texarc Elegant Chanderi Cotton Kurta Set with Floral Printed Dupatta Printed Kurta, Salwar & Dupatta Set",Mk Texarc,,,,,,
,,,,,,,"Mk Texarc Elegant Chanderi Cotton Kurta Set with Floral Printed Dupatta Printed Kurta, Salwar & Dupatta Set",Mk Texarc,,,,,,
,,,,,,,MK TEXARC Women Kurta and Dupatta Set,MK TEXARC,,,,,,
,,,,,,,MK TEXARC Women Kurta and Salwar Set,MK TEXARC,,,,,,
,,,,,,,MK TEXARC Women Ethnic Dress Black Dress,MK TEXARC,,,,,,
,,,,,,,MK TEXARC Women Ethnic Dress Black Dress,MK TEXARC,,,,,,
,,,,,,,MK TEXARC Women Ethnic Dress Black Dress,MK TEXARC,,,,,,
,,,,,,,MK TEXARC Women Gown and Dupatta Set,MK TEXARC,,,,,,
,,,,,,,MK TEXARC Women Maxi Pink Dress,MK TEXARC,,,,,,
,,,,,,,MK TEXARC Women Printed Kurta (Pink),MK TEXARC,,,,,,
,,,,,,,MK TEXARC Women Printed Kurta (Purple),MK TEXARC,,,,,,
,,,,,,,MK TEXARC Women Ethnic Dress Blue Dress,MK TEXARC,,,,,,
,,,,,,,"Mk Texarc Elegant Chanderi Cotton Kurta Set with Floral Printed Dupatta Printed Kurta, Salwar & Dupatta Set",Mk Texarc,,,,,,
,,,,,,,"Mk Texarc Elegant Chanderi Cotton Kurta Set with Floral Printed Dupatta Printed Kurta, Salwar & Dupatta Set",Mk Texarc,,,,,,
,,,,,,,"Mk Texarc Elegant Chanderi Cotton Kurta Set with Floral Printed Dupatta Printed Kurta, Salwar & Dupatta Set",Mk Texarc,,,,,,
2078,c08a436f298f472f,NandaniTrendz,No,silver,2020-08-28,2025-05-09,"NANDANITRENDS Printed Anarkali Kurta, Bottom & Dupatta Set",NANDANITRENDS,Possibly a Brand,NANDANITRENDS,+919033903967,+919033903967,mobilesfuel@gmail.com,mobilesfuel@gmail.com
,,,,,,,"NANDANITRENDS Printed Anarkali Kurta, Bottom & Dupatta Set",NANDANITRENDS,,,,,,
,,,,,,,"NANDANITRENDS Printed Anarkali Kurta, Bottom & Dupatta Set",NANDANITRENDS,,,,,,
,,,,,,,"NANDANITRENDS Printed Anarkali Kurta, Bottom & Dupatta Set",NANDANITRENDS,,,,,,
,,,,,,,"NANDANITRENDS Printed Anarkali Kurta, Bottom & Dupatta Set",NANDANITRENDS,,,,,,
,,,,,,,"NANDANITRENDS Printed Anarkali Kurta, Bottom & Dupatta Set",NANDANITRENDS,,,,,,
,,,,,,,"NANDANITRENDS Printed Anarkali Kurta, Bottom & Dupatta Set",NANDANITRENDS,,,,,,
,,,,,,,"NANDANITRENDS Printed Anarkali Kurta, Bottom & Dupatta Set",NANDANITRENDS,,,,,,
,,,,,,,"NANDANITRENDS Printed Anarkali Kurta, Bottom & Dupatta Set",NANDANITRENDS,,,,,,
,,,,,,,"NANDANITRENDS Printed Anarkali Kurta, Bottom & Dupatta Set",NANDANITRENDS,,,,,,
,,,,,,,"NANDANITRENDS Printed Anarkali Kurta, Bottom & Dupatta Set",NANDANITRENDS,,,,,,
,,,,,,,"NANDANITRENDS Printed Anarkali Kurta, Bottom & Dupatta Set",NANDANITRENDS,,,,,,
,,,,,,,"NANDANITRENDS Printed Anarkali Kurta, Bottom & Dupatta Set",NANDANITRENDS,,,,,,
,,,,,,,"NANDANITRENDS Printed Anarkali Kurta, Bottom & Dupatta Set",NANDANITRENDS,,,,,,
,,,,,,,"NANDANITRENDS Embroidered Kurta, Palazzo & Dupatta Set",NANDANITRENDS,,,,,,
,,,,,,,"NANDANITRENDS Printed Anarkali Kurta, Bottom & Dupatta Set",NANDANITRENDS,,,,,,
,,,,,,,"NANDANITRENDS Printed Anarkali Kurta, Bottom & Dupatta Set",NANDANITRENDS,,,,,,
,,,,,,,"NANDANITRENDS Printed Anarkali Kurta, Bottom & Dupatta Set",NANDANITRENDS,,,,,,
,,,,,,,"NANDANITRENDS Floral Print Anarkali Kurta, Bottom & Dupatta Set",NANDANITRENDS,,,,,,
,,,,,,,"NANDANITRENDS Printed Anarkali Kurta, Bottom & Dupatta Set",NANDANITRENDS,,,,,,
2079,2f2ee0175e2f401d,SHREERADHEENTERPRISE07,No,silver,2026-06-03,2026-06-07,shree radhe enterprise Women Drop Waist Maroon Below Knee Dress,shree radhe enterprise,Possibly a Brand,shree radhe enterprise,+916356574139,+916356574139,lalitbhairathod85@gmail.com,lalitbhairathod85@gmail.com
,,,,,,,shree radhe enterprise Tshirt Hot Pants Co-ords Set,shree radhe enterprise,,,,,,
,,,,,,,shree radhe enterprise Tunic Pant Co-ords Set,shree radhe enterprise,,,,,,
,,,,,,,shree radhe enterprise Tunic Pant Co-ords Set with Jacket,shree radhe enterprise,,,,,,
,,,,,,,shree radhe enterprise Tunic Pant Co-ords Set,shree radhe enterprise,,,,,,
,,,,,,,"shree radhe enterprise Embroidered Anarkali Kurta, Bottom & Dupatta Set",shree radhe enterprise,,,,,,
,,,,,,,shree radhe enterprise Tshirt Hot Pants Co-ords Set,shree radhe enterprise,,,,,,
,,,,,,,"shree radhe enterprise Embroidered Anarkali Kurta, Bottom & Dupatta Set",shree radhe enterprise,,,,,,
,,,,,,,shree radhe enterprise Tunic Pant Co-ords Set with Jacket,shree radhe enterprise,,,,,,
,,,,,,,shree radhe enterprise Tshirt Hot Pants Co-ords Set,shree radhe enterprise,,,,,,
,,,,,,,shree radhe enterprise Tunic Pant Co-ords Set,shree radhe enterprise,,,,,,
,,,,,,,shree radhe enterprise Tunic Hot Pants Co-ords Set with Jacket,shree radhe enterprise,,,,,,
,,,,,,,shree radhe enterprise Tunic Pant Co-ords Set,shree radhe enterprise,,,,,,
,,,,,,,"shree radhe enterprise Embroidered Anarkali Kurta, Bottom & Dupatta Set",shree radhe enterprise,,,,,,
,,,,,,,"shree radhe enterprise Embroidered Anarkali Kurta, Bottom & Dupatta Set",shree radhe enterprise,,,,,,
,,,,,,,shree radhe enterprise Tunic Pant Co-ords Set with Jacket,shree radhe enterprise,,,,,,
,,,,,,,shree radhe enterprise Tunic Pant Co-ords Set with Jacket,shree radhe enterprise,,,,,,
,,,,,,,"shree radhe enterprise Embroidered Anarkali Kurta, Bottom & Dupatta Set",shree radhe enterprise,,,,,,
,,,,,,,"shree radhe enterprise Embroidered Anarkali Kurta, Bottom & Dupatta Set",shree radhe enterprise,,,,,,
,,,,,,,"shree radhe enterprise Embroidered Anarkali Kurta, Bottom & Dupatta Set",shree radhe enterprise,,,,,,
2080,15a03119f857432b,TRANDTIDE,Yes,bronze,2024-06-16,2024-06-18,,,,,,,,
2081,d6da07026aec4bee,Moonlightapparel,No,silver,2026-05-18,2026-05-26,"Kaansya Embroidered Kurta, Legging & Dupatta Set",Kaansya,Possibly a Brand,Kaansya,+917715839400,+917715839400,moonlightapparel26@gmail.com,moonlightapparel26@gmail.com
,,,,,,,"Kaansya Embroidered Anarkali Kurta, Bottom & Dupatta Set",Kaansya,,,,,,
,,,,,,,"Kaansya Embroidered Anarkali Kurta, Bottom & Dupatta Set",Kaansya,,,,,,
,,,,,,,Kanasya Women Self Design Anarkali Kurta (Purple),Kanasya,,,,,,
,,,,,,,"Kaansya Embroidered Anarkali Kurta, Bottom & Dupatta Set",Kaansya,,,,,,
,,,,,,,"Kaansya Embroidered Kurta, Trouser/Pant & Dupatta Set",Kaansya,,,,,,
,,,,,,,"Kaansya Embroidered Kurta, Trouser/Pant & Dupatta Set",Kaansya,,,,,,
,,,,,,,Kanasya Women Woven Design Anarkali Kurta (Light Green),Kanasya,,,,,,
,,,,,,,"Kaansya Embroidered Kurta, Legging & Dupatta Set",Kaansya,,,,,,
,,,,,,,"Kaansya Embroidered Anarkali Kurta, Bottom & Dupatta Set",Kaansya,,,,,,
,,,,,,,Kanasya Women Self Design Anarkali Kurta (Maroon),Kanasya,,,,,,
,,,,,,,"Kaansya Embroidered Anarkali Kurta, Bottom & Dupatta Set",Kaansya,,,,,,
,,,,,,,"Kaansya Embroidered Anarkali Kurta, Bottom & Dupatta Set",Kaansya,,,,,,
,,,,,,,"Kaansya Embroidered Anarkali Kurta, Bottom & Dupatta Set",Kaansya,,,,,,
,,,,,,,"Kaansya Embroidered Anarkali Kurta, Bottom & Dupatta Set",Kaansya,,,,,,
,,,,,,,Kanasya Women Solid Anarkali Kurta (Black),Kanasya,,,,,,
,,,,,,,"Kaansya Embroidered Anarkali Kurta, Bottom & Dupatta Set",Kaansya,,,,,,
,,,,,,,"Kaansya Embroidered Kurta, Legging & Dupatta Set",Kaansya,,,,,,
,,,,,,,"Kaansya Embroidered Kurta, Legging & Dupatta Set",Kaansya,,,,,,
,,,,,,,"Kaansya Embroidered Anarkali Kurta, Bottom & Dupatta Set",Kaansya,,,,,,
2082,389774e2f99347c1,HanumantEnterprise05,No,silver,2026-04-27,2026-05-06,,,Possibly a Seller,,+918160022946,+918160022946,Devrajgalani004@gmail.com,Devrajgalani004@gmail.com
2083,d676563905874bb5,Emavic,No,silver,2022-11-11,2022-11-11,Emavic Men Vest,Emavic,Possibly a Brand,Emavic,+918447009729,+918447009729,enterprisestiwadi2003@gmail.com,enterprisestiwadi2003@gmail.com
,,,,,,,Emavic Men Vest,Emavic,,,,,,
,,,,,,,Emavic Men Vest,Emavic,,,,,,
,,,,,,,Emavic Men Vest,Emavic,,,,,,
,,,,,,,Emavic Men Vest,Emavic,,,,,,
,,,,,,,Emavic Self Design Men Round Neck Grey T-Shirt,Emavic,,,,,,
,,,,,,,Emavic Self Design Men Round Neck Green T-Shirt,Emavic,,,,,,
,,,,,,,Emavic Women's Non-Padded Wirefree Maternity/Nursing/Breastfeeding/Mother Bra Women Maternity/Nursing Non Padded Bra (Multicolor),Emavic,,,,,,
,,,,,,,Emavic Men Vest,Emavic,,,,,,
,,,,,,,Emavic Women Lightly Padded B Cup Bra Pack Of 3 Women T-Shirt Lightly Padded Bra (Multicolor),Emavic,,,,,,
,,,,,,,Emavic Lingerie Set,Emavic,,,,,,
,,,,,,,Emavic Lingerie Set,Emavic,,,,,,
,,,,,,,"Emavic Women Non Padded C Cup Half Covrage Bra Pack Of 3 Women Minimizer Non Padded Bra (Pink, Green, Blue)",Emavic,,,,,,
,,,,,,,Emavic Women Lightly Padded B Cup Bra Pack Of 3 Women T-Shirt Lightly Padded Bra (Multicolor),Emavic,,,,,,
,,,,,,,"Emavic Women's Lightly Padded Full Coverage Wirefree T-Shirt Bra Combo Pack of 3 Women Full Coverage Non Padded Bra (Grey, Maroon, Light Green)",Emavic,,,,,,
,,,,,,,Emavic Men Vest,Emavic,,,,,,
,,,,,,,Emavic Lingerie Set,Emavic,,,,,,
,,,,,,,Emavic Women comfortable non-padded wire-free nursing bras perfect for new mothers Women Maternity/Nursing Non Padded Bra (Multicolor),Emavic,,,,,,
,,,,,,,"Emavic Women Non Padded C Cup Half Covrage Bra Pack Of 3 Women Minimizer Non Padded Bra (Pink, Beige, Blue)",Emavic,,,,,,
,,,,,,,Emavic Lingerie Set,Emavic,,,,,,
2084,a4ffb62ba27c48e4,LEONIXpvt,No,gold,2024-12-16,2024-12-29,"Fenimit Creation Bluetooth Wireless Earphones, 2025 In Earbuds, 48H Playtime Buds-1 Bluetooth (Blue, True Wireless)",Fenimit Creation,Possibly a Brand,LEONIX,+918320230029,+918320230029,fenimitcreation31@gmail.com,fenimitcreation31@gmail.com
,,,,,,,"Fenimit Creation Bluetooth Wireless Earphones, 2025 In Earbuds, 48H Playtime Buds Bluetooth (Cream, True Wireless)",Fenimit Creation,,,,,,
,,,,,,,"Fenimit Creation GOPODSG2 Bluetooth (White, True Wireless)",Fenimit Creation,,,,,,
,,,,,,,"Fenimit Creation GOPODSG2 Bluetooth (Blue, True Wireless)",Fenimit Creation,,,,,,
,,,,,,,leonix Women Hipster Pink Panty,leonix,,,,,,
,,,,,,,"LEONIX SPORTS BRA Women Everyday Lightly Padded Bra (Grey, Yellow)",LEONIX,,,,,,
,,,,,,,"LEONIX SPORTS BRA Women Everyday Lightly Padded Bra (Yellow, White)",LEONIX,,,,,,
,,,,,,,"LEONIX SPORTS BRA Women Everyday Lightly Padded Bra (Green, Black)",LEONIX,,,,,,
,,,,,,,LEONIX Women Cami Bra Lightly Padded Bra (Multicolor),LEONIX,,,,,,
,,,,,,,"LEONIX Women Cami Bra Lightly Padded Bra (Black, White, Yellow)",LEONIX,,,,,,
,,,,,,,LEONIX Women Bikini Multicolor Panty (Pack of 3),LEONIX,,,,,,
,,,,,,,LEONIX Women Bikini Multicolor Panty (Pack of 1),LEONIX,,,,,,
,,,,,,,leonix Women Hipster Multicolor Panty,leonix,,,,,,
,,,,,,,"leonix Women Hipster Black, Beige Panty",leonix,,,,,,
,,,,,,,LEONIX Women Sports Non Padded Bra (Multicolor),LEONIX,,,,,,
,,,,,,,"LEONIX 646_women bra 3 combo Women Bralette Lightly Padded Bra (Beige, Pink, Green)",LEONIX,,,,,,
,,,,,,,LEONIX Women Hipster Multicolor Panty (Pack of 4),LEONIX,,,,,,
,,,,,,,LEONIX Women Hipster Multicolor Panty (Pack of 4),LEONIX,,,,,,
,,,,,,,LEONIX Women Hipster Multicolor Panty (Pack of 3),LEONIX,,,,,,
,,,,,,,LEONIX Women Hipster Multicolor Panty (Pack of 4),LEONIX,,,,,,
2085,4f60f9de4ebe435d,RSBeauty,No,silver,2025-06-21,2025-06-24,"Kamini Women Bandeau/Tube Lightly Padded Bra (Black, White)",Kamini,Possibly a Brand,Kamini,+919220321287,+919220321287,rsmart9899@gmail.com,rsmart9899@gmail.com
,,,,,,,"Kamini Bandeau Bra::Tube Bra Women Bandeau/Tube Lightly Padded Bra (Black, White)",Kamini,,,,,,
,,,,,,,"Kamini Bandeau Bra::Tube Bra Women Bandeau/Tube Lightly Padded Bra (Black, White)",Kamini,,,,,,
,,,,,,,"Kamini Women Bandeau/Tube Lightly Padded Bra (Black, White)",Kamini,,,,,,
,,,,,,,"Kamini bralette bra::short bra::lace bra::everyday bra Women Full Coverage Lightly Padded Bra (Black, White, Maroon)",Kamini,,,,,,
,,,,,,,"Kamini Tube Bra Women Bandeau/Tube Lightly Padded Bra (Black, White)",Kamini,,,,,,
,,,,,,,Kamini Bandeau Bra::Tube Bra Women Bandeau/Tube Lightly Padded Bra (White),Kamini,,,,,,
,,,,,,,Kamini Bandeau Bra::Tube Bra Women Bandeau/Tube Lightly Padded Bra (Black),Kamini,,,,,,
,,,,,,,"Kamini Tube Bra Women Bandeau/Tube Lightly Padded Bra (Black, White)",Kamini,,,,,,
,,,,,,,NAGARVEL CREATION Women Everyday Lightly Padded Bra (Multicolor),NAGARVEL CREATION,,,,,,
,,,,,,,"Kamini bralette bra::short bra::lace bra::everyday bra Women Full Coverage Lightly Padded Bra (Black, White, Maroon)",Kamini,,,,,,
,,,,,,,"Kamini bralette bra::short bra::lace bra::everyday bra Women Full Coverage Lightly Padded Bra (Black, White, Maroon, Beige)",Kamini,,,,,,
,,,,,,,Kamini Bandeau Bra::Tube Bra Women Bandeau/Tube Lightly Padded Bra (White),Kamini,,,,,,
,,,,,,,"Kamini Bralettle Women Bralette Lightly Padded Bra (Blue, Maroon)",Kamini,,,,,,
,,,,,,,"Kamini bralette bra::short bra::lace bra::everyday bra Women Full Coverage Lightly Padded Bra (Black, White, Maroon, Beige)",Kamini,,,,,,
,,,,,,,"Kamini Sports Bra Women Everyday Lightly Padded Bra (Black, White, Green)",Kamini,,,,,,
,,,,,,,"Kamini Bandeau Bra::Tube Bra Women Bandeau/Tube Lightly Padded Bra (Black, White)",Kamini,,,,,,
,,,,,,,"Kamini Bralettle Women Bralette Lightly Padded Bra (Blue, Maroon)",Kamini,,,,,,
,,,,,,,"Kamini Women Bandeau/Tube Lightly Padded Bra (Black, White)",Kamini,,,,,,
,,,,,,,"Kamini Bralette Women Full Coverage Lightly Padded Bra (Black, Beige, Maroon)",Kamini,,,,,,
2086,a91944a3d67e4a14,SHIFATRADINGCOMPANYY,No,silver,2026-06-11,2026-06-15,"Anas Ansari SPORT BRA 2 PACK Women Bralette Lightly Padded Bra (Black, White)",Anas Ansari,Possibly a Seller,,+918273626071,+918273626071,fareedahmad36355@gmail.com,fareedahmad36355@gmail.com
,,,,,,,"SHIFA TRADING Women Floral Print, Printed Straight Kurta (Brown, White)",SHIFA TRADING,,,,,,
,,,,,,,"SHIFA TRADING Women Printed, Floral Print Straight Kurta (Multicolor)",SHIFA TRADING,,,,,,
,,,,,,,FAREED AHMAD PINK BRA Women Everyday Lightly Padded Bra (Pink),FAREED AHMAD,,,,,,
,,,,,,,"SHIFA TRADING Women Printed, Floral Print, Embroidered Straight Kurta (Maroon)",SHIFA TRADING,,,,,,
,,,,,,,"FAREED AHMAD WHITE RED BRA COMBO Women Bralette Lightly Padded Bra (Red, White)",FAREED AHMAD,,,,,,
,,,,,,,FAREED AHMAD YELLOW BRA Women Full Coverage Non Padded Bra (Multicolor),FAREED AHMAD,,,,,,
,,,,,,,FAREED AHMAD Women Sports Non Padded Bra (Multicolor),FAREED AHMAD,,,,,,
,,,,,,,"FAREED AHMAD PINK LIGHT BLUE BRA Women Bralette Non Padded Bra (Pink, Light Blue)",FAREED AHMAD,,,,,,
,,,,,,,"SHIFA TRADING Women Floral Print, Printed Straight Kurta (Brown, White)",SHIFA TRADING,,,,,,
,,,,,,,"FAREED AHMAD RED BLACK COMBO BRA Women Bralette Lightly Padded Bra (Red, Black)",FAREED AHMAD,,,,,,
,,,,,,,"SHIFA TRADING Women Printed, Floral Print Straight Kurta (Multicolor)",SHIFA TRADING,,,,,,
,,,,,,,"FAREED AHMAD THREE BRA COMBO Women Everyday Non Padded Bra (Yellow, Black, Pink)",FAREED AHMAD,,,,,,
,,,,,,,SHIFA TRADING Women Printed Pathani Kurta (Multicolor),SHIFA TRADING,,,,,,
,,,,,,,FAREED AHMAD THREE PACK SPORT BRA Women Sports Non Padded Bra (Multicolor),FAREED AHMAD,,,,,,
,,,,,,,FAREED AHMAD BLACK BRA Women Full Coverage Non Padded Bra (Black),FAREED AHMAD,,,,,,
,,,,,,,FAREED AHMAD BRA PANTY Women Sports Lightly Padded Bra (Black),FAREED AHMAD,,,,,,
,,,,,,,"SHIFA TRADING Women Printed, Floral Print Straight Kurta (Multicolor)",SHIFA TRADING,,,,,,
,,,,,,,"SHIFA TRADING Women Printed, Floral Print Straight Kurta (Multicolor)",SHIFA TRADING,,,,,,
2087,6d7e046c9a12421d,JMDHosiery,Yes,silver,2022-07-01,2022-07-23,,,,,,,,
2088,41a18c84ea994970,Shatvikenterprise,Yes,bronze,2023-07-21,2023-10-06,,,,,,,,
2089,17820611a29c4c06,ROSYPLUS,No,bronze,2026-01-31,2026-02-03,ROSYPLUS RosyPlus Comfort Stretch Bra Pack Women Sports Non Padded Bra (Multicolor),ROSYPLUS,Possibly a Brand,ROSYPLUS,+919654719273,+919654719273,md.rahil114490@gmail.com,md.rahil114490@gmail.com
,,,,,,,ROSYPLUS ROSYPLUS Everyday Comfort Luxe Collection Women Sports Non Padded Bra (Grey),ROSYPLUS,,,,,,
,,,,,,,ROSYPLUS ROSYPLUS Active Core Comfort Sports Bra (Pack of 3) Women Sports Non Padded Bra (Multicolor),ROSYPLUS,,,,,,
,,,,,,,ROSYPLUS Everyday Comfort Sports Bra Women Sports Non Padded Bra (Multicolor),ROSYPLUS,,,,,,
,,,,,,,"ROSYPLUS Women's Non-Padded Sports Bra Pack of 3 Women Push-up Non Padded Bra (Dark Blue, Grey, Brown)",ROSYPLUS,,,,,,
,,,,,,,"ROSYPLUS ROSYPLUS Aura Comfort Non-Padded Sports Bra (Pack of 3) Women Sports Non Padded Bra (Brown, Dark Blue, Grey)",ROSYPLUS,,,,,,
,,,,,,,ROSYPLUS ROSYPLUS Classic Comfort Series Women Sports Non Padded Bra (Multicolor),ROSYPLUS,,,,,,
,,,,,,,ROSYPLUS ROSYPLUS KARINA Active-Daily Collection Women Sports Non Padded Bra (Multicolor),ROSYPLUS,,,,,,
,,,,,,,ROSYPLUS Sports Bra Women Push-up Non Padded Bra (Light Blue),ROSYPLUS,,,,,,
,,,,,,,ROSYPLUS Everyday Comfort Sports Bralette (Pack of 3) Women Push-up Non Padded Bra (Gold),ROSYPLUS,,,,,,
,,,,,,,"ROSYPLUS ROSYPLUS Comfort Pro Sports Bra Women Sports Non Padded Bra (Dark Blue, Grey, Brown)",ROSYPLUS,,,,,,
,,,,,,,"ROSYPLUS Sports Bra Pack of 3 Women Sports Non Padded Bra (Blue, Pink, Beige)",ROSYPLUS,,,,,,
,,,,,,,"ROSYPLUS ROSYPLUS Classic Comfort Series Women Sports Non Padded Bra (Black, Brown, Grey)",ROSYPLUS,,,,,,
,,,,,,,ROSYPLUS Everyday Comfort Sports Bralette (Pack of 3) Women Push-up Non Padded Bra (Gold),ROSYPLUS,,,,,,
,,,,,,,"ROSYPLUS Sports Bra Pack of 3 Women Sports Non Padded Bra (Multicolor, Pink, Light Blue)",ROSYPLUS,,,,,,
,,,,,,,ROSYPLUS ROSYPLUS Karishma Cotton Sports Bra (Pack of 3) Women Sports Non Padded Bra (Multicolor),ROSYPLUS,,,,,,
,,,,,,,"ROSYPLUS ROSYPLUS Essential Motion Series Women Sports Non Padded Bra (Dark Blue, Grey, Brown)",ROSYPLUS,,,,,,
,,,,,,,ROSYPLUS ROSYPLUS KARINA Active-Daily Collection Women Sports Non Padded Bra (Multicolor),ROSYPLUS,,,,,,
,,,,,,,ROSYPLUS ROSYPLUS Everyday Comfort Sports Bra Women Sports Non Padded Bra (Multicolor),ROSYPLUS,,,,,,
,,,,,,,ROSYPLUS ROSYPLUS KARINA Active-Daily Collection Women Sports Non Padded Bra (Multicolor),ROSYPLUS,,,,,,
2090,cbd05c1072c84fa5,ComfortladyPvtLtd,Yes,silver,2023-07-26,2023-07-27,,,,,,,,
2091,5c09f6dbedd5401b,Rudhraenterprise,No,bronze,2023-10-26,2023-10-27,,,Possibly a Seller,,+919318314143,+919318314143,rudhraenterprise8800@gmail.com,rudhraenterprise8800@gmail.com
2092,4d7e4b70b183499e,LUFIYA,No,silver,2024-01-27,2024-01-29,"lufiya pack of 3 Women Sports Non Padded Bra (Pink, Green, Blue)",lufiya,Possibly a Brand,lufiya,+919555868735,+919555868735,lufiyaenterprises@gmail.com,lufiyaenterprises@gmail.com
,,,,,,,lufiya Lingerie Set,lufiya,,,,,,
,,,,,,,"lufiya pack of 3 Women Sports Non Padded Bra (Green, Blue, Pink)",lufiya,,,,,,
,,,,,,,lufiya Lingerie Set,lufiya,,,,,,
,,,,,,,"lufiya pack of 3 Women Sports Non Padded Bra (Green, Blue, Pink)",lufiya,,,,,,
,,,,,,,lufiya Lingerie Set,lufiya,,,,,,
,,,,,,,lufiya Lingerie Set,lufiya,,,,,,
,,,,,,,"lufiya pack of 3 Women Sports Non Padded Bra (Green, Blue, Pink)",lufiya,,,,,,
,,,,,,,lufiya Lingerie Set,lufiya,,,,,,
,,,,,,,"lufiya pack of 3 Women Sports Non Padded Bra (Green, Blue, Pink)",lufiya,,,,,,
,,,,,,,"lufiya pack of 3 Women Sports Non Padded Bra (Pink, Blue, Green)",lufiya,,,,,,
,,,,,,,"lufiya pack of 3 Women Sports Non Padded Bra (Green, Blue, Pink)",lufiya,,,,,,
,,,,,,,"lufiya Women Sports Non Padded Bra (Green, Blue, Pink)",lufiya,,,,,,
,,,,,,,"lufiya pack of 3 Women Sports Non Padded Bra (Green, Blue, Pink)",lufiya,,,,,,
,,,,,,,"lufiya Women Sports Non Padded Bra (Dark Blue, Dark Green, Pink)",lufiya,,,,,,
,,,,,,,lufiya Women Sports Non Padded Bra (Multicolor),lufiya,,,,,,
,,,,,,,lufiya Lingerie Set,lufiya,,,,,,
,,,,,,,"lufiya pack of 3 Women Sports Non Padded Bra (Pink, Green, Blue)",lufiya,,,,,,
,,,,,,,"lufiya Women Sports Non Padded Bra (Green, Blue, Pink)",lufiya,,,,,,
,,,,,,,"lufiya Women Sports Non Padded Bra (Pink, Blue, Green)",lufiya,,,,,,
2093,17dc56c416f14c48,ASHMIRAS,Yes,silver,2022-09-28,2022-10-10,,,,,,,,
2094,4cbec24d4e4541ac,SHREEBRAHMANICO,No,gold,2022-01-02,2022-01-17,TUSHREE BOUTIQUE Self Design Bollywood Georgette Saree (Purple),TUSHREE BOUTIQUE,Possibly a Seller,,+919510503479,+919510503479,Shreebrahmani.fashion97@gmail.com,Shreebrahmani.fashion97@gmail.com
,,,,,,,TUSHREE BOUTIQUE Printed Bollywood Georgette Saree (Multicolor),TUSHREE BOUTIQUE,,,,,,
,,,,,,,TUSHREE FASHION Men Checkered Casual Cream Shirt,TUSHREE FASHION,,,,,,
,,,,,,,TUSHREE BOUTIQUE Self Design Bollywood Georgette Saree (Pink),TUSHREE BOUTIQUE,,,,,,
,,,,,,,TUSHREE BOUTIQUE Floral Print Bollywood Chiffon Saree (Pink),TUSHREE BOUTIQUE,,,,,,
,,,,,,,TUSHREE BOUTIQUE Self Design Bollywood Georgette Saree (Blue),TUSHREE BOUTIQUE,,,,,,
,,,,,,,Zagmagat Womens Self Adhesive Bra Silicon Women Stick-on Lightly Padded Bra (Black),Zagmagat,,,,,,
,,,,,,,TUSHREE BOUTIQUE Self Design Bollywood Georgette Saree (Green),TUSHREE BOUTIQUE,,,,,,
,,,,,,,TUSHREE FASHION Men Checkered Casual Multicolor Shirt,TUSHREE FASHION,,,,,,
,,,,,,,TUSHREE BOUTIQUE Self Design Bollywood Art Silk Saree (Blue),TUSHREE BOUTIQUE,,,,,,
,,,,,,,TUSHREE BOUTIQUE Self Design Bollywood Georgette Saree (Blue),TUSHREE BOUTIQUE,,,,,,
,,,,,,,Shree Brahmani Corporation Bra & Panty Set (38),Shree Brahmani Corporation,,,,,,
,,,,,,,"TUSHREE BOUTIQUE Men Striped Casual Yellow, White Shirt",TUSHREE BOUTIQUE,,,,,,
,,,,,,,"eDUST Women Stick-on Lightly Padded Bra (Black, Beige)",eDUST,,,,,,
,,,,,,,TUSHREE BOUTIQUE Floral Print Bollywood Georgette Saree (Red),TUSHREE BOUTIQUE,,,,,,
,,,,,,,"TUSHREE FASHION Men Checkered Casual Cream, Multicolor Shirt",TUSHREE FASHION,,,,,,
,,,,,,,"TUSHREE FASHION Men Checkered Casual Cream, Multicolor Shirt",TUSHREE FASHION,,,,,,
,,,,,,,Shree Brahmani Corporation Women's Cotton Lycra Free Size Non Padded Pull On Sport Bra Women Sports Non Padded Bra (Multicolor),Shree Brahmani Corporation,,,,,,
,,,,,,,Shree Brahmani Corporation Women's Cotton Blend Full Comfortable Havy Padded Chami Bra For Everyday Wear Women Everyday Lightly Padded Bra (Black),Shree Brahmani Corporation,,,,,,
,,,,,,,TUSHREE BOUTIQUE Men Striped Casual White Shirt,TUSHREE BOUTIQUE,,,,,,
2095,1797e4643c6f42b2,SelfcareApparelsPvtLtd,Yes,silver,2014-11-05,2014-11-20,,,,,,,,
2096,e798ba43b7944872,MD1ENTERPRISES,No,silver,2020-09-26,2026-02-03,MD Enterprises Cotton Blend Embroidered Salwar Suit Material,MD Enterprises,Possibly a Brand,Mdenterprises,+917004232491,+917004232491,Danishk564@gmail.com,Danishk564@gmail.com
,,,,,,,Mdenterprises FD-MICRO-01 Wet and Dry Cotton Cleaning Cloth (3 Units),Mdenterprises,,,,,,
,,,,,,,"Mdenterprises Anjali bra Women Full Coverage Non Padded Bra (Beige, White, Black)",Mdenterprises,,,,,,
,,,,,,,Mdenterprises PB Women Full Coverage Non Padded Bra (Pink),Mdenterprises,,,,,,
,,,,,,,"MD Enterprises ULTRAPODS MD Bluetooth (Pink, White, Black, Blue, True Wireless)",MD Enterprises,,,,,,
,,,,,,,"MD Enterprises USB Type C Cable 1 m BCN-44W-TC01 (Compatible with All USB Type-C Smartphones, White, USB Type A To USB Type C)",MD Enterprises,,,,,,
,,,,,,,"Mdenterprises Women Hipster Black, Blue, Maroon Panty",Mdenterprises,,,,,,
,,,,,,,Mdenterprises Women Full Coverage Non Padded Bra (Green),Mdenterprises,,,,,,
,,,,,,,"Mdenterprises Women Hipster Black, Blue, Maroon Panty",Mdenterprises,,,,,,
,,,,,,,"Mdenterprises Women Hipster Black, Blue, Brown Panty",Mdenterprises,,,,,,
,,,,,,,Mdenterprises Anjali bra Women Full Coverage Heavily Padded Bra (Beige),Mdenterprises,,,,,,
,,,,,,,"Mdenterprises Women Hipster Black, Blue, Maroon Panty",Mdenterprises,,,,,,
,,,,,,,Mdenterprises GB Women Full Coverage Non Padded Bra (Green),Mdenterprises,,,,,,
,,,,,,,Mdenterprises GB Women Full Coverage Non Padded Bra (Green),Mdenterprises,,,,,,
,,,,,,,Mdenterprises GB Women Full Coverage Non Padded Bra (Green),Mdenterprises,,,,,,
,,,,,,,"MD Enterprises ULTRAPODS MD Bluetooth (Black, Blue, Pink, True Wireless)",MD Enterprises,,,,,,
,,,,,,,Mdenterprises PB Women Full Coverage Non Padded Bra (Pink),Mdenterprises,,,,,,
,,,,,,,Mdenterprises PB Women Full Coverage Non Padded Bra (Pink),Mdenterprises,,,,,,
,,,,,,,Mdenterprises Women Hipster Brown Panty,Mdenterprises,,,,,,
,,,,,,,"Mdenterprises Women Hipster Black, Blue, Maroon Panty",Mdenterprises,,,,,,
2097,3e164b714f5a4c17,LUNA2025,No,silver,2023-11-19,2025-06-27,,,Possibly a Seller,,+918122059579,+918122059579,mufeedabanu202311@gmail.com,mufeedabanu202311@gmail.com
2098,0572bc34a6f843e2,VIPIndustry,No,bronze,2023-11-07,2023-11-08,Lady Soft Women Full Coverage Non Padded Bra (Multicolor),Lady Soft,Possibly a Seller,,+919354493046,+919354493046,vipindustries35@gmail.com,vipindustries35@gmail.com
,,,,,,,Lady Soft Women Bra ||Model Bra || NonPadded Bra Regular Bra || Full Coverage Bra Women Full Coverage Non Padded Bra (Multicolor),Lady Soft,,,,,,
,,,,,,,ADYSOFT Women Bra Set of Black&Skin Color Women T-Shirt Non Padded Bra (Multicolor),ADYSOFT,,,,,,
,,,,,,,Lady Soft 888 Sports Bra Women Sports Non Padded Bra (Black),Lady Soft,,,,,,
,,,,,,,ADYSOFTAD Lingerie Set,ADYSOFTAD,,,,,,
,,,,,,,ADYSOFT Lady Soft Women&Bra ||Non Padded Bra Women||Cotton Bra||Full Coverage|| Women Full Coverage Non Padded Bra (Multicolor),ADYSOFT,,,,,,
,,,,,,,ADYSOFT Full Netted Bra Women T-Shirt Non Padded Bra (Multicolor),ADYSOFT,,,,,,
,,,,,,,ADYSOFT Gym Time Women Sports Non Padded Bra (Pink),ADYSOFT,,,,,,
,,,,,,,ADYSOFT Shonaya Sports Bra Women Sports Non Padded Bra (Multicolor),ADYSOFT,,,,,,
,,,,,,,ADYSOFTAD Lingerie Set,ADYSOFTAD,,,,,,
,,,,,,,Lady Soft Women& Girls|Non Padded Sports Bra|hosiery Bra| Full Coverage|| Women Everyday Non Padded Bra (Multicolor),Lady Soft,,,,,,
,,,,,,,ADYSOFT Women Bra ||Model Bra || NonPadded Bra Regular Bra || Full Coverage Bra Women Everyday Non Padded Bra (Brown),ADYSOFT,,,,,,
,,,,,,,ADYSOFT Gym Time Women Sports Non Padded Bra (Red),ADYSOFT,,,,,,
,,,,,,,ADYSOFT Women Bra ||Model Bra || NonPadded Bra Regular Bra || Full Coverage Bra Women Everyday Non Padded Bra (Brown),ADYSOFT,,,,,,
,,,,,,,ADYSOFTAD Lingerie Set,ADYSOFTAD,,,,,,
,,,,,,,ADYSOFT Women Sports Non Padded Bra (Multicolor),ADYSOFT,,,,,,
,,,,,,,ADYSOFT Gym Time Women Sports Non Padded Bra (Red),ADYSOFT,,,,,,
,,,,,,,ADYSOFTAD Lingerie Set,ADYSOFTAD,,,,,,
,,,,,,,ADYSOFT Lajjo-combo-3-Piece Women Everyday Non Padded Bra (Multicolor),ADYSOFT,,,,,,
,,,,,,,ADYSOFT Lingerie Set,ADYSOFT,,,,,,
2099,be38c66d9a4e4577,Vicotry,Yes,gold,2023-10-28,2024-01-22,,,,,,,,
2100,0ae1a2837a3e4b30,JKMCOLLECTION7,No,silver,2025-09-13,2025-10-07,JKM Collection Bra & Panty Set (28),JKM Collection,Possibly a Brand,JKM COLLECTION,+918851953454,+918851953454,jkmcollectionecom@gmail.com,jkmcollectionecom@gmail.com
,,,,,,,"JKM COLLECTION Lingerie set for women. Women Full Coverage Non Padded Bra (Green, Black)",JKM COLLECTION,,,,,,
,,,,,,,JKM COLLECTION Lingerie Set,JKM COLLECTION,,,,,,
,,,,,,,JKM Women Hipster Multicolor Panty,JKM,,,,,,
,,,,,,,JKM COLLECTION Lingerie Set,JKM COLLECTION,,,,,,
,,,,,,,JKM COLLECTION Lingerie Set,JKM COLLECTION,,,,,,
,,,,,,,JKM COLLECTION Lingerie Set,JKM COLLECTION,,,,,,
,,,,,,,JKM COLLECTION Lingerie Set,JKM COLLECTION,,,,,,
,,,,,,,JKM COLLECTION Lingerie Set,JKM COLLECTION,,,,,,
,,,,,,,JKM COLLECTION Plus size Bra set for women. Women Full Coverage Non Padded Bra (Red),JKM COLLECTION,,,,,,
,,,,,,,"JKM COLLECTION Dailywear T-Shirt bra set for women. Women Full Coverage Lightly Padded Bra (Blue, Green)",JKM COLLECTION,,,,,,
,,,,,,,JKM COLLECTION Lingerie Set,JKM COLLECTION,,,,,,
,,,,,,,JKM COLLECTION Lingerie Set,JKM COLLECTION,,,,,,
,,,,,,,"JKM COLLECTION Women Breathable Bra set for women and Girls. Women Everyday Non Padded Bra (Pink, Blue, Green)",JKM COLLECTION,,,,,,
,,,,,,,JKM COLLECTION Lingerie Set,JKM COLLECTION,,,,,,
,,,,,,,JKM COLLECTION Blue padded bra Women Full Coverage Lightly Padded Bra (Light Blue),JKM COLLECTION,,,,,,
,,,,,,,JKM COLLECTION Lingerie Set,JKM COLLECTION,,,,,,
,,,,,,,"JKM COLLECTION Multicolor Padded Bra set for women and Girls. Women Everyday Heavily Padded Bra (Pink, Maroon, Black)",JKM COLLECTION,,,,,,
,,,,,,,JKM COLLECTION Blue padded bra Women Full Coverage Lightly Padded Bra (Light Blue),JKM COLLECTION,,,,,,
,,,,,,,JKM COLLECTION Everyday Hook Bra for women. Women Full Coverage Non Padded Bra (Maroon),JKM COLLECTION,,,,,,
2101,da9b7d1e66af4a2f,INNERWEARBYHADAL,No,gold,2025-12-17,2025-12-24,"ALVI CARE PREMIUM Women T-Shirt Non Padded Bra (Black, Maroon)",ALVI CARE,Possibly a Brand,INNERWEAR BY HADAL,+919560356698,+919560356698,Raenterprises0079@gmail.com,Raenterprises0079@gmail.com
,,,,,,,ALVI CARE sunny Women Full Coverage Non Padded Bra (Multicolor),ALVI CARE,,,,,,
,,,,,,,"INNERWEAR BY HADAL Women Everyday Non Padded Bra (Blue, Green, Pink)",INNERWEAR BY HADAL,,,,,,
,,,,,,,"INNERWEAR BY HADAL Womens Padded Bra 2 Pcs Combo Wirefree Bra Women Full Coverage Lightly Padded Bra (Pink, Dark Green)",INNERWEAR BY HADAL,,,,,,
,,,,,,,"INNERWEAR BY HADAL Women Full Coverage Non Padded Bra (Beige, Black, White)",INNERWEAR BY HADAL,,,,,,
,,,,,,,"Eiva Front Open Bra combo Women T-Shirt Non Padded Bra (Maroon, Pink, Black)",Eiva,,,,,,
,,,,,,,DV FAB Women Plunge Non Padded Bra (Multicolor),DV FAB,,,,,,
,,,,,,,INNERWEAR BY HADAL Cotton Bra Combo 3 Pcs For Women Women Full Coverage Non Padded Bra (Multicolor),INNERWEAR BY HADAL,,,,,,
,,,,,,,"INNERWEAR BY HADAL Womens Padded Bra 2 Pcs Combo Wirefree Bra Women Full Coverage Lightly Padded Bra (Pink, Dark Green)",INNERWEAR BY HADAL,,,,,,
,,,,,,,INNERWEAR BY HADAL Cotton Bra for Women Full Coverage Non Padded Non Wired Daily Wear White Bra Women Everyday Non Padded Bra (White),INNERWEAR BY HADAL,,,,,,
,,,,,,,INNERWEAR BY HADAL Womens_Cotton_bra_combo Women Full Coverage Non Padded Bra (Black),INNERWEAR BY HADAL,,,,,,
,,,,,,,INNERWEAR BY HADAL Women non padded white cotton 3 pcs bra Women Full Coverage Non Padded Bra (Multicolor),INNERWEAR BY HADAL,,,,,,
,,,,,,,"INNERWEAR BY HADAL women front open bra multicolo bra combo pack of 2 cotton bra Women Full Coverage Non Padded Bra (Red, Maroon)",INNERWEAR BY HADAL,,,,,,
,,,,,,,INNERWEAR BY HADAL Cotton Bra for Women Full Coverage Non Padded Non Wired Daily Wear White Bra Women Everyday Non Padded Bra (White),INNERWEAR BY HADAL,,,,,,
,,,,,,,INNERWEAR BY HADAL Comfortable round stitch bra Combo set for women center elastic cotton bra Women Everyday Non Padded Bra (White),INNERWEAR BY HADAL,,,,,,
,,,,,,,INNERWEAR BY HADAL Comfortable round stitch bra Combo set for women center elastic cotton bra Women Everyday Non Padded Bra (White),INNERWEAR BY HADAL,,,,,,
,,,,,,,INNERWEAR BY HADAL Comfortable round stitch bra Combo set for women center elastic cotton bra Women Everyday Non Padded Bra (White),INNERWEAR BY HADAL,,,,,,
,,,,,,,Hadal Comfortable round stitch bra Combo set for women center elastic cotton bra Women Full Coverage Non Padded Bra (White),Hadal,,,,,,
,,,,,,,Hadal Comfortable round stitch bra Combo set for women center elastic cotton bra Women Full Coverage Non Padded Bra (White),Hadal,,,,,,
,,,,,,,ALVI CARE PREMIUM Women Full Coverage Non Padded Bra (Multicolor),ALVI CARE,,,,,,
2102,beb866c7041f47ae,LadyLyka,No,bronze,2015-09-29,2015-10-19,Lady Lyka Women T-Shirt Lightly Padded Bra (Purple),Lady Lyka,Possibly a Brand,Lady Lyka,+919958710253,+919811524711,ladylyka.online@gmail.com,ladylyka.online@gmail.com
,,,,,,,Lady Lyka Women T-Shirt Lightly Padded Bra (Purple),Lady Lyka,,,,,,
,,,,,,,Lady Lyka Women T-Shirt Lightly Padded Bra (Beige),Lady Lyka,,,,,,
,,,,,,,Lady Lyka Women T-Shirt Lightly Padded Bra (Black),Lady Lyka,,,,,,
,,,,,,,Lady Lyka Women T-Shirt Lightly Padded Bra (Black),Lady Lyka,,,,,,
,,,,,,,Lady Lyka Women T-Shirt Lightly Padded Bra (Blue),Lady Lyka,,,,,,
,,,,,,,Lady Lyka Women T-Shirt Lightly Padded Bra (White),Lady Lyka,,,,,,
,,,,,,,Lady Lyka Women Sports Non Padded Bra (Pink),Lady Lyka,,,,,,
,,,,,,,Lady Lyka Women Sports Non Padded Bra (White),Lady Lyka,,,,,,
,,,,,,,Lady Lyka Women Sports Non Padded Bra (White),Lady Lyka,,,,,,
,,,,,,,Lady Lyka Women T-Shirt Non Padded Bra (Brown),Lady Lyka,,,,,,
,,,,,,,Lady Lyka Women Sports Non Padded Bra (Blue),Lady Lyka,,,,,,
,,,,,,,Lady Lyka Women Sports Non Padded Bra (Blue),Lady Lyka,,,,,,
,,,,,,,Lady Lyka Women Sports Non Padded Bra (Blue),Lady Lyka,,,,,,
,,,,,,,Lady Lyka Women T-Shirt Non Padded Bra (Beige),Lady Lyka,,,,,,
,,,,,,,Lady Lyka Women T-Shirt Lightly Padded Bra (Blue),Lady Lyka,,,,,,
,,,,,,,Lady Lyka Women Sports Non Padded Bra (Grey),Lady Lyka,,,,,,
,,,,,,,Lady Lyka Women Everyday Non Padded Bra (Pink),Lady Lyka,,,,,,
,,,,,,,Lady Lyka Women Sports Non Padded Bra (Pink),Lady Lyka,,,,,,
,,,,,,,Lady Lyka Women T-Shirt Non Padded Bra (Pink),Lady Lyka,,,,,,
2103,59cxtfjachx0ppt5,BelleLingeries,Yes,bronze,2014-03-04,2014-03-24,,,,,,,,
2104,e12d8a2f80884c83,skycrystal,No,silver,2023-04-29,2023-09-27,Skycrystal Lingerie Set,Skycrystal,Possibly a Brand,Skycrystal,+917836835230,+917836835230,santulkumar04@gmail.com,santulkumar04@gmail.com
,,,,,,,Skycrystal Lingerie Set,Skycrystal,,,,,,
,,,,,,,Skycrystal Lingerie Set,Skycrystal,,,,,,
,,,,,,,Skycrystal Lingerie Set,Skycrystal,,,,,,
,,,,,,,Skycrystal Lingerie Set,Skycrystal,,,,,,
,,,,,,,Skycrystal Lingerie Set,Skycrystal,,,,,,
,,,,,,,Skycrystal Lingerie Set,Skycrystal,,,,,,
,,,,,,,Skycrystal Lingerie Set,Skycrystal,,,,,,
,,,,,,,Skycrystal Lingerie Set,Skycrystal,,,,,,
,,,,,,,Skycrystal Lingerie Set,Skycrystal,,,,,,
,,,,,,,Skycrystal Lingerie Set,Skycrystal,,,,,,
,,,,,,,Skycrystal Lingerie Set,Skycrystal,,,,,,
,,,,,,,Skycrystal Lingerie Set,Skycrystal,,,,,,
,,,,,,,Skycrystal Women’s Printed Non-Padded Cotton Bra | Soft Everyday Wear Bra for Women & Girls Women Full Coverage Non Padded Bra (Green),Skycrystal,,,,,,
,,,,,,,Skycrystal Lingerie Set,Skycrystal,,,,,,
,,,,,,,Skycrystal Lingerie Set,Skycrystal,,,,,,
,,,,,,,Skycrystal Lingerie Set,Skycrystal,,,,,,
,,,,,,,Skycrystal Lingerie Set,Skycrystal,,,,,,
,,,,,,,Skycrystal Lingerie Set,Skycrystal,,,,,,
,,,,,,,Skycrystal Lingerie Set,Skycrystal,,,,,,
2105,bfa62ec031b44060,LilyInnerwear,Yes,silver,2020-08-17,2020-08-24,,,,,,,,
2106,2ed57c4b6533495b,BELLABEAUTYLINGRIE,Yes,silver,2022-01-22,2022-01-26,,,,,,,,
2107,fdd114c92da64621,KRISHNAVIINTERNATIONAL,No,bronze,2024-12-18,2024-12-19,CLOVY Women Shapewear,CLOVY,Possibly a Brand,CLOVY,+919879093882,+918980667467,internationalkrishnavi01@gmail.com,internationalkrishnavi01@gmail.com
,,,,,,,CLOVY Women Hipster Multicolor Panty,CLOVY,,,,,,
,,,,,,,CLOVY Women Shapewear,CLOVY,,,,,,
,,,,,,,"CLOVY Women Hipster Orange, Beige, Brown Panty",CLOVY,,,,,,
,,,,,,,CLOVY Women Shapewear,CLOVY,,,,,,
,,,,,,,"CLOVY Women Hipster Orange, Beige, Brown Panty",CLOVY,,,,,,
,,,,,,,"CLOVY Women Hipster Orange, Beige, Brown Panty",CLOVY,,,,,,
,,,,,,,"CLOVY CLOVY Soft Stretch Women Bralette Lightly Padded Bra (Black, Green, Yellow)",CLOVY,,,,,,
,,,,,,,"CLOVY Women Hipster Orange, Beige, Brown Panty",CLOVY,,,,,,
,,,,,,,"CLOVY Women Hipster Black, Beige, Pink Panty",CLOVY,,,,,,
,,,,,,,CLOVY Women Shapewear,CLOVY,,,,,,
,,,,,,,"CLOVY CLOVY Soft Stretch Women Bralette Lightly Padded Bra (Yellow, Brown, Grey)",CLOVY,,,,,,
,,,,,,,CLOVY Women Shapewear,CLOVY,,,,,,
,,,,,,,CLOVY Women Hipster Multicolor Panty,CLOVY,,,,,,
,,,,,,,"CLOVY CLOVY Soft Stretch Women Bralette Lightly Padded Bra (Green, White, Black)",CLOVY,,,,,,
,,,,,,,"CLOVY CLOVY Soft Stretch Women Bralette Lightly Padded Bra (Black, Green, Yellow)",CLOVY,,,,,,
,,,,,,,CLOVY Women Shapewear,CLOVY,,,,,,
,,,,,,,CLOVY Women Hipster Multicolor Panty,CLOVY,,,,,,
,,,,,,,CLOVY Women Shapewear,CLOVY,,,,,,
,,,,,,,CLOVY Women Shapewear,CLOVY,,,,,,
2108,24218819f8064c5c,RUFOINTERNATIONAL,No,bronze,2024-10-01,2024-10-02,RUFO Solid Boys & Girls Raincoat,RUFO,Possibly a Brand,THE COTTON,+919868389836,+919868389836,Rufointernational846@gmail.com,Rufointernational846@gmail.com
,,,,,,,RUFO Solid Baby Boys & Baby Girls Raincoat,RUFO,,,,,,
,,,,,,,RUFO Solid Baby Boys & Baby Girls Raincoat,RUFO,,,,,,
,,,,,,,RUFO Solid Boys & Girls Raincoat,RUFO,,,,,,
,,,,,,,THE COTTON Solid Men & Women Raincoat,THE COTTON,,,,,,
,,,,,,,THE COTTON Solid Boys & Girls Raincoat,THE COTTON,,,,,,
,,,,,,,THE COTTON Solid Boys & Girls Raincoat,THE COTTON,,,,,,
,,,,,,,THE COTTON Solid Boys & Girls Raincoat,THE COTTON,,,,,,
,,,,,,,THE COTTON Solid Boys & Girls Raincoat,THE COTTON,,,,,,
,,,,,,,THE COTTON Solid Boys Raincoat,THE COTTON,,,,,,
,,,,,,,THE COTTON Solid Boys & Girls Raincoat,THE COTTON,,,,,,
,,,,,,,RAINFUNN Solid Boys & Girls Raincoat,RAINFUNN,,,,,,
,,,,,,,THE COTTON Solid Boys & Girls Raincoat,THE COTTON,,,,,,
,,,,,,,RUFO Solid Boys & Girls Raincoat,RUFO,,,,,,
,,,,,,,RUFO Solid Boys & Girls Raincoat,RUFO,,,,,,
,,,,,,,THE COTTON Solid Boys & Girls Raincoat,THE COTTON,,,,,,
,,,,,,,THE COTTON Solid Men & Women Raincoat,THE COTTON,,,,,,
,,,,,,,THE COTTON Solid Boys & Girls Raincoat,THE COTTON,,,,,,
,,,,,,,THE COTTON Solid Boys & Girls Raincoat,THE COTTON,,,,,,
,,,,,,,THE COTTON Solid Boys & Girls Raincoat,THE COTTON,,,,,,
2109,bc817f0ef3c64f3f,SUCOSTRETAILERS,No,bronze,2024-10-03,2024-10-04,Bareflex Bra & Panty Set (34A),Bareflex,Possibly a Brand,Bareflex,+919099832888,+919099832888,maheshsukhadiya2888@gmail.com,maheshsukhadiya2888@gmail.com
,,,,,,,Bareflex Bra & Panty Set (38A),Bareflex,,,,,,
,,,,,,,Bareflex Bra & Panty Set (36),Bareflex,,,,,,
,,,,,,,Bareflex Women Sports Non Padded Bra (Multicolor),Bareflex,,,,,,
,,,,,,,Bareflex Women Sports Non Padded Bra (Multicolor),Bareflex,,,,,,
,,,,,,,Bareflex Women Sports Non Padded Bra (Multicolor),Bareflex,,,,,,
,,,,,,,Bareflex Women Sports Non Padded Bra (Multicolor),Bareflex,,,,,,
,,,,,,,Bareflex Women Sports Non Padded Bra (Multicolor),Bareflex,,,,,,
,,,,,,,Bareflex Women Sports Non Padded Bra (Multicolor),Bareflex,,,,,,
,,,,,,,Bareflex Women Sports Non Padded Bra (Multicolor),Bareflex,,,,,,
,,,,,,,Bareflex Women Sports Non Padded Bra (Multicolor),Bareflex,,,,,,
,,,,,,,Bareflex Women Sports Non Padded Bra (Multicolor),Bareflex,,,,,,
,,,,,,,Bareflex Women Sports Non Padded Bra (Multicolor),Bareflex,,,,,,
,,,,,,,Bareflex Women Sports Non Padded Bra (Multicolor),Bareflex,,,,,,
,,,,,,,Bareflex Women Sports Non Padded Bra (Multicolor),Bareflex,,,,,,
,,,,,,,Bareflex Women Sports Non Padded Bra (Red),Bareflex,,,,,,
,,,,,,,Bareflex Women Sports Non Padded Bra (Multicolor),Bareflex,,,,,,
,,,,,,,Bareflex Women Sports Non Padded Bra (Multicolor),Bareflex,,,,,,
,,,,,,,Bareflex Women Sports Non Padded Bra (Multicolor),Bareflex,,,,,,
,,,,,,,Bareflex Women Sports Non Padded Bra (Multicolor),Bareflex,,,,,,
2110,c07ab30b36b14dd7,ShyamSonsFLAIR,Yes,silver,2021-05-18,2021-06-03,,,,,,,,
2111,44da30d55a274076,DSTTRADERS,No,silver,2026-03-19,2026-05-20,dsttraders BRY-BRA-001 Women Full Coverage Non Padded Bra (Maroon),dsttraders,Possibly a Seller,,+919205031915,+919205031915,jidevil805@gmail.com,jidevil805@gmail.com
,,,,,,,dsttraders TSP-996-RR Women Full Coverage Non Padded Bra (Light Green),dsttraders,,,,,,
,,,,,,,dsttraders ROSE BRA FOR WOMEN Women Full Coverage Non Padded Bra (Pink),dsttraders,,,,,,
,,,,,,,dsttraders ROSE BRA FOR WOMEN Women Full Coverage Non Padded Bra (Pink),dsttraders,,,,,,
,,,,,,,"dsttraders Women Full Coverage Non Padded Bra (Beige, Pink)",dsttraders,,,,,,
,,,,,,,dsttraders ROSE BRA FOR WOMEN Women Full Coverage Non Padded Bra (Pink),dsttraders,,,,,,
,,,,,,,"shree kailash enterprise by NA Vegetable Fruit Nut Onion Chopper,Hand Meat Grinder,Mixer Food Processor Slicer Vegetable & Fruit Chopper (1 DORI CHOPPER)",shree kailash enterprise,,,,,,
,,,,,,,dsttraders BRY-BRA FOR WOMEN Women Everyday Non Padded Bra (Beige),dsttraders,,,,,,
,,,,,,,dsttraders VDS MUD BRA FOR WOMEN Women Full Coverage Non Padded Bra (Pink),dsttraders,,,,,,
,,,,,,,KHODAL ENTERPRISE by kitchenware Push Chopper 650 ML Vegetable & Fruit Chopper (1 Vegetable Chopper),KHODAL ENTERPRISE,,,,,,
,,,,,,,VIHANKIDUNIYA by Vihan Enterprises Chop Pro 650 ML Vegetable & Fruit Chopper (Chopper),VIHANKIDUNIYA,,,,,,
,,,,,,,fnk by fnk Chopper 650ML&450ML Capacity Pack of 2 (Buy 1 Get 1 Free Offer) Vegetable & Fruit Chopper (2 CHOPER),fnk,,,,,,
,,,,,,,radhe creation Portable Travel Mini Jewelry Box Leather Jewellery Ring Organizer JEWELERY Vanity Box (Pink),radhe creation,,,,,,
,,,,,,,Trilok Dry Fruit Cutter and Slicer dryfruit Choppers for Kitchen Dry Fruit Slicer Grater & Slicer (1 slicer full. with Dry fruit 2 seter.),Trilok,,,,,,
,,,,,,,"HADIYAL by CVS Enterprise 13 in 1 Multipurpose Chopper, Fruits & Vegetable Cutters, Grater Peeler Chipser Vegetable & Fruit Grater & Slicer (1 chopper with blades)",HADIYAL,,,,,,
,,,,,,,"Zicon by KITCHENWARE Efficient Adjustable Vegetable Slicer , Slicer Cutter Machine , Potato Slicer Vegetable & Fruit Slicer (1 pc Chopper)",Zicon,,,,,,
,,,,,,,UNETRI 14 IN 1 Multipurpose Vegetable Chopper & Fruit Cutter | Manual Slicer Dicer Vegetable Chopper (1 Chopper),UNETRI,,,,,,
,,,,,,,"dsttraders Women Full Coverage Non Padded Bra (Maroon, Beige)",dsttraders,,,,,,
,,,,,,,dsttraders MUD BRA FOR WOMEN Women Full Coverage Non Padded Bra (Beige),dsttraders,,,,,,
,,,,,,,dsttraders Women's Comfort Fit Bra & Panty Set Women Everyday Non Padded Bra (Black),dsttraders,,,,,,
2112,4815d7019e5c4c08,M V HOSIERY,Yes,silver,2020-05-18,2024-07-31,,,,,,,,
2113,31bda91f1a8e4d94,Nykd,Yes,bronze,2021-08-10,2021-08-31,,,,,,,,
2114,f6b676865de74bcc,EVARKART,No,silver,2021-08-06,2021-08-14,"Evarkart Women Sports Bra Combo of Black & White Wirefree Padded Gym Yoga Bra Women Everyday Lightly Padded Bra (Green, Beige)",Evarkart,Possibly a Brand,Evarkart,+918758631430,+918460919487,evarkart2@gmail.com,evarkart2@gmail.com
,,,,,,,"Evarkart Women Sports Bra Combo of Black & White Wirefree Padded Gym Yoga Bra Women Everyday Lightly Padded Bra (Beige, Grey)",Evarkart,,,,,,
,,,,,,,"Evarkart Women Sports Bra Combo of Black White Grey Women Everyday Lightly Padded Bra (Black, White, Grey)",Evarkart,,,,,,
,,,,,,,"Evarkart Women Sports Bra Combo of Black White Grey Women Everyday Lightly Padded Bra (Pink, Beige, White)",Evarkart,,,,,,
,,,,,,,Evarkart Women's Cotton Sports Bra Non Padded Stretch Crop Bra Multicolor Women Everyday Lightly Padded Bra (Multicolor),Evarkart,,,,,,
,,,,,,,Evarkart Women Black Sports Bra Non Padded Wirefree Yoga Bra for Gym & Daily Wear Women Everyday Lightly Padded Bra (Pink),Evarkart,,,,,,
,,,,,,,"Evarkart Women Sports Bra Combo of Black White Grey Women Everyday Lightly Padded Bra (Black, White, Grey)",Evarkart,,,,,,
,,,,,,,"Evarkart Women Sports Bra Combo of Black White Grey Women Everyday Lightly Padded Bra (Black, White, Grey)",Evarkart,,,,,,
,,,,,,,Evarkart Women Lace Non-Padded Wire-Free Full Coverage Bralette Bra Adjustable Straps Women Everyday Lightly Padded Bra (Multicolor),Evarkart,,,,,,
,,,,,,,"Evarkart Women Sports Bra Combo of Black & White Wirefree Padded Gym Yoga Bra Women Everyday Lightly Padded Bra (Beige, Green)",Evarkart,,,,,,
,,,,,,,Evarkart Women's Cotton Blend Non Padded Sports Bra Combo Pack of 3 Multicolor Women Maternity/Nursing Lightly Padded Bra (Multicolor),Evarkart,,,,,,
,,,,,,,Evarkart Women Lace Non-Padded Wire-Free Full Coverage Bralette Bra Adjustable Straps Women Everyday Lightly Padded Bra (Multicolor),Evarkart,,,,,,
,,,,,,,Evarkart Women Black Sports Bra Non Padded Wirefree Yoga Bra for Gym & Daily Wear Women Everyday Lightly Padded Bra (Beige),Evarkart,,,,,,
,,,,,,,Evarkart Women Sports Bra Non Padded Wirefree Full Coverage Gym Yoga Bra Peach Women Maternity/Nursing Lightly Padded Bra (Pink),Evarkart,,,,,,
,,,,,,,Evarkart Women Lace Non-Padded Wire-Free Full Coverage Bralette Bra Adjustable Straps Women Everyday Lightly Padded Bra (Multicolor),Evarkart,,,,,,
,,,,,,,Evarkart Women Sports Bra Non Padded Wirefree Full Coverage Gym Yoga Bra White Women Maternity/Nursing Lightly Padded Bra (White),Evarkart,,,,,,
,,,,,,,"Evarkart Women Ribbed Sports Bra Front Button Stretch Crop Bra Women Maternity/Nursing Lightly Padded Bra (Black, Blue)",Evarkart,,,,,,
,,,,,,,"Evarkart Women Ribbed Sports Bra Front Button Stretch Crop Bra Women Maternity/Nursing Lightly Padded Bra (Black, Red)",Evarkart,,,,,,
,,,,,,,Evarkart Women Black Sports Bra Non Padded Wirefree Yoga Bra for Gym & Daily Wear Women Everyday Lightly Padded Bra (White),Evarkart,,,,,,
,,,,,,,"Evarkart Women Sports Bra Combo of Black & White Wirefree Padded Gym Yoga Bra Women Everyday Lightly Padded Bra (Black, White)",Evarkart,,,,,,
2115,7ae3542957a94997,SaanviTrader,No,bronze,2020-03-22,2020-06-20,Zpariwears MONA FULL COVER BRA Women Full Coverage Lightly Padded Bra (Light Green),Zpariwears,Possibly a Brand,Zpariwears,+917827174832,+917827174832,ajaykumar123286@gmail.com,ajaykumar123286@gmail.com
,,,,,,,Zpariwears MONA FULL COVER BRA Women Full Coverage Lightly Padded Bra (Light Green),Zpariwears,,,,,,
,,,,,,,Zpariwears MONA FULL COVER BRA Women Full Coverage Lightly Padded Bra (Light Green),Zpariwears,,,,,,
,,,,,,,Zpariwears New Pink and stylish Women Full Coverage Non Padded Bra (Pink),Zpariwears,,,,,,
,,,,,,,Zpariwears SIYAJINK Women Everyday Non Padded Bra (Orange),Zpariwears,,,,,,
,,,,,,,Zpariwears Women Full Coverage Non Padded Bra (Pink),Zpariwears,,,,,,
,,,,,,,Zpari wears Lingerie Set,Zpari wears,,,,,,
,,,,,,,Zpariwears SIYAJINK Women Everyday Non Padded Bra (Orange),Zpariwears,,,,,,
,,,,,,,"Zpariwears NEW MODEL BRA Women Everyday Non Padded Bra (Pink, Black)",Zpariwears,,,,,,
,,,,,,,"Zpariwears SHIMARAN Bra & Panty Set Solid Red, Maroon, Orange Women Everyday Non Padded Bra (Maroon)",Zpariwears,,,,,,
,,,,,,,Zpariwears New Pink and stylish Women Full Coverage Non Padded Bra (Pink),Zpariwears,,,,,,
,,,,,,,"Zpariwears Women Full Coverage Non Padded Bra (Green, Orange, Pink)",Zpariwears,,,,,,
,,,,,,,"Zpariwears Women Full Coverage Lightly Padded Bra (Orange, Green, Pink)",Zpariwears,,,,,,
,,,,,,,"Zpari Women Sports Lightly Padded Bra (Grey, Pink)",Zpari,,,,,,
,,,,,,,Zpari wears Lingerie Set,Zpari wears,,,,,,
,,,,,,,"Zpariwears NEW MODEL BRA Women Everyday Non Padded Bra (Pink, Black)",Zpariwears,,,,,,
,,,,,,,"Zpariwears Women Full Coverage Lightly Padded Bra (Orange, Green, Pink)",Zpariwears,,,,,,
,,,,,,,"Zpariwears NEW MODEL BRA Women Everyday Non Padded Bra (Pink, Black)",Zpariwears,,,,,,
,,,,,,,Zpari wears Lingerie Set,Zpari wears,,,,,,
,,,,,,,"Zpariwears Women Full Coverage Non Padded Bra (Blue, Black)",Zpariwears,,,,,,
2116,e9671402a7344c6a,LEYAARAGLOBAL,No,silver,2026-05-20,2026-05-21,Jesmera Curves Silicone Peel and Stick Bra Petals Silicone Peel and Stick Bra Petals (Beige Pack of 1),Jesmera Curves,Possibly a Brand,Jesmera Curves,+917096130966,+917096130966,leyaaraglobal@gmail.com,leyaaraglobal@gmail.com
,,,,,,,Jesmera Curves Invisible Push Up Stick On Bra for Women Strapless Backless Reusable Bra Women Stick-on Heavily Padded Bra (Black),Jesmera Curves,,,,,,
,,,,,,,Jesmera Curves Fashion Double Sided Clothing Tape for Women & Men Disposable Lingerie Fashion Tape,Jesmera Curves,,,,,,
,,,,,,,Jesmera Curves Invisible Body & Dress Tape for Clothes Disposable Lingerie Fashion Tape,Jesmera Curves,,,,,,
,,,,,,,Jesmera Curves Breast Lift Tape with Reusable Nipple Covers Cotton Push Up Bra Petals (Beige Pack of 1),Jesmera Curves,,,,,,
,,,,,,,Jesmera Curves Soft Silicone Adhesive Breast Petals Silicone Peel and Stick Bra Petals (Beige Pack of 1),Jesmera Curves,,,,,,
,,,,,,,Jesmera Curves Waterproof Breast Petals for Backless Dresses Silicone Peel and Stick Bra Petals (Beige Pack of 1),Jesmera Curves,,,,,,
,,,,,,,Jesmera Curves Reusable Push Up Stick On Bra Cups for Party Wear Women Stick-on Heavily Padded Bra (Beige),Jesmera Curves,,,,,,
,,,,,,,Jesmera Curves Women Stick-on Heavily Padded Bra (Beige),Jesmera Curves,,,,,,
,,,,,,,Jesmera Curves Women invisible stick-on Nude Bra Women Stick-on Heavily Padded Bra (Beige),Jesmera Curves,,,,,,
,,,,,,,Jesmera Curves Boob Tape with Nipple Covers Cotton Push Up Bra Petals (Beige Pack of 1),Jesmera Curves,,,,,,
,,,,,,,Jesmera Curves Invisible Silicone Nipple Covers for Women Silicone Peel and Stick Bra Petals (Beige Pack of 1),Jesmera Curves,,,,,,
,,,,,,,Jesmera Curves Push Up Bra for Women Women Stick-on Heavily Padded Bra (Black),Jesmera Curves,,,,,,
,,,,,,,Jesmera Curves Invisible Nipple Pasties Silicone Peel and Stick Bra Petals (Beige Pack of 1),Jesmera Curves,,,,,,
,,,,,,,Jesmera Curves Invisible Boob Tape and Nipple Cover Combo Set for Women Cotton Push Up Bra Petals (Beige Pack of 1),Jesmera Curves,,,,,,
,,,,,,,Jesmera Curves Premium Reusable Nipple Covers for Women Silicone Peel and Stick Bra Petals (Beige Pack of 1),Jesmera Curves,,,,,,
,,,,,,,Jesmera Curves Backless Adhesive Bra for Women Women Stick-on Heavily Padded Bra (Black),Jesmera Curves,,,,,,
,,,,,,,Jesmera Curves Invisible Double Sided Clothing Tape Disposable Lingerie Fashion Tape,Jesmera Curves,,,,,,
,,,,,,,Jesmera Curves Invisible Stick On Push Up Bra for Women Women Stick-on Heavily Padded Bra (Beige),Jesmera Curves,,,,,,
,,,,,,,Jesmera Curves Reusable Silicone Sticky Bra for Deep Neck Dress Women Stick-on Lightly Padded Bra (Black),Jesmera Curves,,,,,,
2117,d55c401da5a546e1,LALITAEMPORIUM,No,bronze,2023-08-01,2023-08-02,CLOTHOPIA Women Sports Non Padded Bra (Multicolor),CLOTHOPIA,Possibly a Brand,CLOTHOPIA,+919898098479,+919898098479,lalitashukla581@gmail.com,lalitashukla581@gmail.com
,,,,,,,CLOTHOPIA Women Sports Non Padded Bra (Multicolor),CLOTHOPIA,,,,,,
,,,,,,,CLOTHOPIA Women Sports Non Padded Bra (Multicolor),CLOTHOPIA,,,,,,
,,,,,,,CLOTHOPIA Women Sports Non Padded Bra (Multicolor),CLOTHOPIA,,,,,,
,,,,,,,CLOTHOPIA Women Sports Non Padded Bra (Multicolor),CLOTHOPIA,,,,,,
,,,,,,,CLOTHOPIA Women Sports Non Padded Bra (Multicolor),CLOTHOPIA,,,,,,
,,,,,,,Clothopia Women Sports Non Padded Bra (Multicolor),Clothopia,,,,,,
,,,,,,,Clothopia Women Sports Non Padded Bra (Multicolor),Clothopia,,,,,,
,,,,,,,CLOTHOPIA Women Sports Non Padded Bra (Multicolor),CLOTHOPIA,,,,,,
,,,,,,,CLOTHOPIA Women Sports Non Padded Bra (Multicolor),CLOTHOPIA,,,,,,
,,,,,,,CLOTHOPIA Women Smooth Flex Comfort Motion Air Bra Women Bralette Non Padded Bra (Multicolor),CLOTHOPIA,,,,,,
,,,,,,,CLOTHOPIA Women Breathable Motion Stretch Air Bra Women Bralette Non Padded Bra (Multicolor),CLOTHOPIA,,,,,,
,,,,,,,CLOTHOPIA Women Breathable Flex Stretch Comfort Air Bra Women Bralette Non Padded Bra (Multicolor),CLOTHOPIA,,,,,,
,,,,,,,CLOTHOPIA Women Smooth Stretch Fit Air Bra Women Bralette Non Padded Bra (Multicolor),CLOTHOPIA,,,,,,
,,,,,,,CLOTHOPIA Women Breathable Stretch Motion Support Air Bra Women Bralette Non Padded Bra (Multicolor),CLOTHOPIA,,,,,,
,,,,,,,CLOTHOPIA Women Smooth Stretch Fit Air Bra Women Bralette Non Padded Bra (Multicolor),CLOTHOPIA,,,,,,
,,,,,,,CLOTHOPIA Women Daily Motion Stretch Support Air Bra Women Bralette Non Padded Bra (Multicolor),CLOTHOPIA,,,,,,
,,,,,,,CLOTHOPIA Women Easy Stretch Motion Air Bra Women Bralette Non Padded Bra (Multicolor),CLOTHOPIA,,,,,,
,,,,,,,CLOTHOPIA Women Smooth Stretch Fit Air Bra Women Bralette Non Padded Bra (Multicolor),CLOTHOPIA,,,,,,
,,,,,,,CLOTHOPIA Women Flex Motion Everyday Fit Air Bra Women Bralette Non Padded Bra (Multicolor),CLOTHOPIA,,,,,,
2118,c4c8ab708fdc40df,pandaventerprise7,No,bronze,2025-10-15,2025-10-15,Softbloom Women Sports Lightly Padded Bra (Multicolor),Softbloom,Possibly a Brand,Softbloom,+918155951382,+918155951382,pandavdaksh353@gmail.com,pandavdaksh353@gmail.com
,,,,,,,Softbloom WomenAdjustableStrapRibbedSeamlessNonPaddedBralette Women Sports Lightly Padded Bra (Multicolor),Softbloom,,,,,,
,,,,,,,Softbloom Soft Feel Breathable Fabric Everyday Comfort Support Fit Bra Women Sports Lightly Padded Bra (Multicolor),Softbloom,,,,,,
,,,,,,,Softbloom Invisible Finish Seamless Look Smooth Comfortable Wear Fit Bra Women Sports Lightly Padded Bra (Multicolor),Softbloom,,,,,,
,,,,,,,Softbloom Gentle Support System Everyday Comfort Soft Fabric Wear Fit Bra Women Sports Lightly Padded Bra (Multicolor),Softbloom,,,,,,
,,,,,,,Softbloom FULL COVERAGE SPORTS BRA for women Women Sports Non Padded Bra (Multicolor),Softbloom,,,,,,
,,,,,,,Softbloom COTTON NON-PADDED BRA FOR WOMEN Women Sports Non Padded Bra (Multicolor),Softbloom,,,,,,
,,,,,,,Softbloom High Efficiency Smart Technology System Unit Women Cami Bra Lightly Padded Bra (Multicolor),Softbloom,,,,,,
,,,,,,,Softbloom Soft Fabric Natural Support Breathable Comfortable Fit Bra Women Sports Lightly Padded Bra (Multicolor),Softbloom,,,,,,
,,,,,,,Softboolm FULL COVERAGE SPORTS BRA for women Women Sports Non Padded Bra (Multicolor),Softboolm,,,,,,
,,,,,,,Softbloom FULL COVERAGE SPORTS BRA for women Women Sports Non Padded Bra (Multicolor),Softbloom,,,,,,
,,,,,,,Softbloom FULL COVERAGE SPORTS BRA for women Women Sports Non Padded Bra (Multicolor),Softbloom,,,,,,
,,,,,,,Softbloom FULL COVERAGE SPORTS BRA for women Women Sports Non Padded Bra (Multicolor),Softbloom,,,,,,
,,,,,,,Softbloom FULL COVERAGE SPORTS BRA for women Women Sports Non Padded Bra (Multicolor),Softbloom,,,,,,
,,,,,,,Softbloom FULL COVERAGE SPORTS BRA for women Women Sports Non Padded Bra (Multicolor),Softbloom,,,,,,
,,,,,,,Softbloom FULL COVERAGE SPORTS BRA for women Women Sports Non Padded Bra (Multicolor),Softbloom,,,,,,
,,,,,,,Softbloom FULL COVERAGE SPORTS BRA for women Women Sports Non Padded Bra (Multicolor),Softbloom,,,,,,
,,,,,,,Softboolm FULL COVERAGE SPORTS BRA for women Women Sports Non Padded Bra (Multicolor),Softboolm,,,,,,
,,,,,,,"Softboolm FULL COVERAGE SPORTS BRA for women Women Sports Non Padded Bra (Beige, Blue)",Softboolm,,,,,,
,,,,,,,Softbloom FULL COVERAGE SPORTS BRA for women Women Sports Non Padded Bra (Multicolor),Softbloom,,,,,,
2119,e79db9faa72945aa,comfyra,No,silver,2026-06-04,2026-06-05,"DEERMI FASHION Women Hipster Beige, Grey Panty",DEERMI FASHION,Possibly a Brand,SETOCOZ,+916353456029,+916353456029,comfyra2006@gmail.com,comfyra2006@gmail.com
,,,,,,,"DEERMI FASHION Women Hipster Pink, Beige, Grey Panty",DEERMI FASHION,,,,,,
,,,,,,,"DEERMI FASHION Women Hipster Beige, Grey Panty",DEERMI FASHION,,,,,,
,,,,,,,"DEERMI FASHION Women Hipster Pink, Beige Panty",DEERMI FASHION,,,,,,
,,,,,,,VarniEcom Women Shapewear,VarniEcom,,,,,,
,,,,,,,"SETOCOZ 646 women bra for sport Women Everyday Lightly Padded Bra (Green, Brown)",SETOCOZ,,,,,,
,,,,,,,"SETOCOZ 646 sports bra for women Women Everyday Lightly Padded Bra (Grey, White)",SETOCOZ,,,,,,
,,,,,,,"SETOCOZ 646 sports bra for women Women Everyday Lightly Padded Bra (White, Yellow)",SETOCOZ,,,,,,
,,,,,,,"SETOCOZ 646 sports bra for women Women Everyday Lightly Padded Bra (Brown, Green)",SETOCOZ,,,,,,
,,,,,,,"SETOCOZ 646 sports bra for women Women Everyday Lightly Padded Bra (Black, Grey)",SETOCOZ,,,,,,
,,,,,,,"SETOCOZ 646 sports bra for women Women Everyday Lightly Padded Bra (Grey, Yellow)",SETOCOZ,,,,,,
,,,,,,,"SETOCOZ 646 sports bra for women Women Everyday Lightly Padded Bra (Brown, Black)",SETOCOZ,,,,,,
,,,,,,,"SETOCOZ 646 sports bra for women Women Everyday Lightly Padded Bra (Green, Yellow)",SETOCOZ,,,,,,
,,,,,,,"SETOCOZ Women Maternity/Nursing Lightly Padded Bra (Black, Brown)",SETOCOZ,,,,,,
,,,,,,,SETOCOZ Women Everyday Lightly Padded Bra (Black),SETOCOZ,,,,,,
,,,,,,,"SETOCOZ Women Maternity/Nursing Lightly Padded Bra (Black, Purple)",SETOCOZ,,,,,,
,,,,,,,"SETOCOZ sport 646 BRA COMBO WOMEN SET Women Bralette Lightly Padded Bra (Grey, Brown, White)",SETOCOZ,,,,,,
,,,,,,,"SETOCOZ 646 sports bra for women Women Everyday Lightly Padded Bra (Grey, Yellow)",SETOCOZ,,,,,,
,,,,,,,"SETOCOZ 646 sports bra for women Women Everyday Lightly Padded Bra (Brown, Black)",SETOCOZ,,,,,,
,,,,,,,"SETOCOZ 646 sports bra for women Women Everyday Lightly Padded Bra (Grey, Yellow, Brown)",SETOCOZ,,,,,,
2120,a1a6d1e421094c3b,Layeba,No,silver,2019-05-08,2019-05-15,Layeba Lingerie Set,Layeba,Possibly a Brand,Layeba,+919958032786,+919958032786,layebalingerie@gmail.com,layebalingerie@gmail.com
,,,,,,,Layeba Women Full Coverage Non Padded Bra (Maroon),Layeba,,,,,,
,,,,,,,Layeba Lingerie Set,Layeba,,,,,,
,,,,,,,Layeba Lingerie Set,Layeba,,,,,,
,,,,,,,Layeba Lingerie Set,Layeba,,,,,,
,,,,,,,Layeba Lingerie Set,Layeba,,,,,,
,,,,,,,Layeba Lingerie Set,Layeba,,,,,,
,,,,,,,Layeba Lingerie Set,Layeba,,,,,,
,,,,,,,Layeba Women Full Coverage Non Padded Bra (Multicolor),Layeba,,,,,,
,,,,,,,Layeba Women Full Coverage Non Padded Bra (Maroon),Layeba,,,,,,
,,,,,,,Layeba Roshani Women Everyday Non Padded Bra (Multicolor),Layeba,,,,,,
,,,,,,,Layeba Women Full Coverage Non Padded Bra (Maroon),Layeba,,,,,,
,,,,,,,Layeba Women Full Coverage Non Padded Bra (Multicolor),Layeba,,,,,,
,,,,,,,Layeba Lingerie Set,Layeba,,,,,,
,,,,,,,Layeba Lingerie Set,Layeba,,,,,,
,,,,,,,Layeba Women Full Coverage Non Padded Bra (Maroon),Layeba,,,,,,
,,,,,,,Layeba Lingerie Set,Layeba,,,,,,
,,,,,,,Layeba Lingerie Set,Layeba,,,,,,
,,,,,,,Layeba Lingerie Set,Layeba,,,,,,
,,,,,,,Layeba Lingerie Set,Layeba,,,,,,
2121,9d45c77df9b94264,Kritex,No,bronze,2023-12-18,2023-12-25,Kritex Men Grey Track Pants,Kritex,Possibly a Brand,Kritexxx,+919377777813,+918222894700,krishnatex700@gmail.com,krishnatex700@gmail.com
,,,,,,,Kritex Men Grey Track Pants,Kritex,,,,,,
,,,,,,,Kritex Men Grey Track Pants,Kritex,,,,,,
,,,,,,,Kritex Men Grey Track Pants,Kritex,,,,,,
,,,,,,,Kritex Men Grey Track Pants,Kritex,,,,,,
,,,,,,,Kritex Men Grey Track Pants,Kritex,,,,,,
,,,,,,,Kritexxx Men Grey Track Pants,Kritexxx,,,,,,
,,,,,,,Kritexxx Men Grey Track Pants,Kritexxx,,,,,,
,,,,,,,Kritexxx Men Grey Track Pants,Kritexxx,,,,,,
,,,,,,,Kritexxx Men Grey Track Pants,Kritexxx,,,,,,
,,,,,,,Kritexxx Men Grey Track Pants,Kritexxx,,,,,,
,,,,,,,Kritexxx Men Grey Track Pants,Kritexxx,,,,,,
,,,,,,,Kritexxx Men Grey Track Pants,Kritexxx,,,,,,
,,,,,,,Kritexxx Men Grey Track Pants,Kritexxx,,,,,,
,,,,,,,Kritexxx Men Grey Track Pants,Kritexxx,,,,,,
,,,,,,,Kritexxx Men Grey Track Pants,Kritexxx,,,,,,
,,,,,,,Kritexxx Men Grey Track Pants,Kritexxx,,,,,,
,,,,,,,Kritexxx Men Grey Track Pants,Kritexxx,,,,,,
,,,,,,,Kritexxx Men Grey Track Pants,Kritexxx,,,,,,
,,,,,,,Kritexxx Men Grey Track Pants,Kritexxx,,,,,,
2122,801a34ef98ce4507,VVNENTERPRISES,No,bronze,2022-02-14,2022-03-21,Ayvina Solid Men Hooded Neck Multicolor T-Shirt,Ayvina,Possibly a Brand,Ayvina,+918512010931,+918512010931,info.vvnent@gmail.com,info.vvnent@gmail.com
,,,,,,,"Ayvina Cotton Lycra capri for women,capri for ladies,capri for girls Women Black Capri",Ayvina,,,,,,
,,,,,,,Ayvina Solid Women Zip Neck Maroon T-Shirt,Ayvina,,,,,,
,,,,,,,Ayvina Full Sleeve Solid Women Sweatshirt,Ayvina,,,,,,
,,,,,,,Ayvina Full Sleeve Solid Women Sweatshirt,Ayvina,,,,,,
,,,,,,,"Ayvina Casual Solid Women Pink, Red, Dark Green Top",Ayvina,,,,,,
,,,,,,,Ayvina Solid Men Zip Neck Green T-Shirt,Ayvina,,,,,,
,,,,,,,Ayvina Solid Men Hooded Neck Multicolor T-Shirt,Ayvina,,,,,,
,,,,,,,Ayvina Solid Women Multicolor Track Pants,Ayvina,,,,,,
,,,,,,,Ayvina Solid Women Zip Neck Green T-Shirt,Ayvina,,,,,,
,,,,,,,Ayvina Solid Women Zip Neck Black T-Shirt,Ayvina,,,,,,
,,,,,,,Ayvina Full Sleeve Solid Women Sweatshirt,Ayvina,,,,,,
,,,,,,,"Ayvina Boys Solid Pure Cotton Regular T Shirt (Multicolor, Pack of 2)",Ayvina,,,,,,
,,,,,,,Ayvina Full Sleeve Solid Women Sweatshirt,Ayvina,,,,,,
,,,,,,,Ayvina Full Sleeve Self Design Women Sweatshirt,Ayvina,,,,,,
,,,,,,,"Ayvina Boys Printed Cotton Blend T Shirt (Multicolor, Pack of 1)",Ayvina,,,,,,
,,,,,,,"Ayvina Boys Solid Pure Cotton Regular T Shirt (Multicolor, Pack of 2)",Ayvina,,,,,,
,,,,,,,"Ayvina Solid Men Zip Neck Black, Grey T-Shirt",Ayvina,,,,,,
,,,,,,,"Ayvina Boys Solid Pure Cotton Regular T Shirt (Yellow, Pack of 1)",Ayvina,,,,,,
,,,,,,,Ayvina Striped Men Multicolor Track Pants,Ayvina,,,,,,
2123,3e3b5d3c7c7d42b5,POSHAX,Yes,gold,2019-07-12,2019-07-19,,,,,,,,
2124,a58dedde3dad4a14,HEAVENBYUBED,No,bronze,2025-07-03,2025-07-27,HEAVEN Solid Men Black Track Pants,HEAVEN,Possibly a Brand,HEAVEN,+919024606182,+919024606182,h02901537@gmail.com,h02901537@gmail.com
,,,,,,,HEAVEN Solid Men Grey Track Pants,HEAVEN,,,,,,
,,,,,,,HEAVEN Solid Men Black Track Pants,HEAVEN,,,,,,
,,,,,,,HEAVEN Solid Men Grey Track Pants,HEAVEN,,,,,,
,,,,,,,HEAVEN Solid Men Black Track Pants,HEAVEN,,,,,,
,,,,,,,HEAVEN Solid Men Black Track Pants,HEAVEN,,,,,,
,,,,,,,HEAVEN Solid Men Black Track Pants,HEAVEN,,,,,,
,,,,,,,HEAVEN Solid Men Black Track Pants,HEAVEN,,,,,,
,,,,,,,HEAVEN Solid Men Grey Track Pants,HEAVEN,,,,,,
,,,,,,,HEAVEN Solid Men Grey Track Pants,HEAVEN,,,,,,
,,,,,,,HEAVEN Solid Men Black Track Pants,HEAVEN,,,,,,
,,,,,,,HEAVEN Solid Men Grey Track Pants,HEAVEN,,,,,,
,,,,,,,HEAVEN Solid Men Black Track Pants,HEAVEN,,,,,,
,,,,,,,HEAVEN Solid Men Grey Track Pants,HEAVEN,,,,,,
,,,,,,,HEAVEN Solid Men Black Track Pants,HEAVEN,,,,,,
,,,,,,,HEAVEN Solid Men Grey Track Pants,HEAVEN,,,,,,
,,,,,,,HEAVEN Solid Men Black Track Pants,HEAVEN,,,,,,
,,,,,,,HEAVEN Solid Men Grey Track Pants,HEAVEN,,,,,,
,,,,,,,HEAVEN Solid Men Grey Track Pants,HEAVEN,,,,,,
2125,66d3588a698b4697,Lomoofy,No,bronze,2021-02-06,2021-03-12,LOMOOFY Printed Women Round Neck Pink T-Shirt,LOMOOFY,Possibly a Brand,LOOMOOFY INDUSTRIES,+919875980195,+919875980195,lomoofyindustries@gmail.com,lomoofyindustries@gmail.com
,,,,,,,LOOMOOFY INDUSTRIES Solid Women Round Neck Red T-Shirt,LOOMOOFY INDUSTRIES,,,,,,
,,,,,,,LOOMOOFY INDUSTRIES Solid Women Round Neck Reversible Pink T-Shirt,LOOMOOFY INDUSTRIES,,,,,,
,,,,,,,LOOMOOFY INDUSTRIES Solid Women Round Neck Reversible Dark Blue T-Shirt,LOOMOOFY INDUSTRIES,,,,,,
,,,,,,,LOOMOOFY INDUSTRIES Solid Women Round Neck White T-Shirt,LOOMOOFY INDUSTRIES,,,,,,
,,,,,,,LOMOOFY Typography Women Round Neck Red T-Shirt,LOMOOFY,,,,,,
,,,,,,,LOOMOOFY INDUSTRIES Solid Women Round Neck Pink T-Shirt,LOOMOOFY INDUSTRIES,,,,,,
,,,,,,,LOOMOOFY INDUSTRIES Solid Women Round Neck Yellow T-Shirt,LOOMOOFY INDUSTRIES,,,,,,
,,,,,,,LOOMOOFY INDUSTRIES Solid Women Round Neck Pink T-Shirt,LOOMOOFY INDUSTRIES,,,,,,
,,,,,,,LOOMOOFY INDUSTRIES Solid Women Round Neck Reversible Dark Blue T-Shirt,LOOMOOFY INDUSTRIES,,,,,,
,,,,,,,LOOMOOFY INDUSTRIES Solid Women Round Neck Red T-Shirt,LOOMOOFY INDUSTRIES,,,,,,
,,,,,,,LOOMOOFY INDUSTRIES Solid Women Round Neck Reversible Dark Blue T-Shirt,LOOMOOFY INDUSTRIES,,,,,,
,,,,,,,LOOMOOFY INDUSTRIES Solid Women Round Neck Orange T-Shirt,LOOMOOFY INDUSTRIES,,,,,,
,,,,,,,LOOMOOFY INDUSTRIES Solid Women Round Neck Grey T-Shirt,LOOMOOFY INDUSTRIES,,,,,,
,,,,,,,LOOMOOFY INDUSTRIES Solid Women Round Neck Orange T-Shirt,LOOMOOFY INDUSTRIES,,,,,,
,,,,,,,LOOMOOFY INDUSTRIES Solid Women Round Neck Dark Blue T-Shirt,LOOMOOFY INDUSTRIES,,,,,,
,,,,,,,LOOMOOFY INDUSTRIES Solid Women Round Neck Reversible Yellow T-Shirt,LOOMOOFY INDUSTRIES,,,,,,
,,,,,,,EraandEdge Solid Women Round Neck Black T-Shirt,EraandEdge,,,,,,
,,,,,,,LOOMOOFY INDUSTRIES Solid Women Round Neck Reversible Dark Blue T-Shirt,LOOMOOFY INDUSTRIES,,,,,,
,,,,,,,LOOMOOFY INDUSTRIES Solid Women Round Neck Reversible White T-Shirt,LOOMOOFY INDUSTRIES,,,,,,
2126,f558aa74e5be4661,COTTONPROAPPARELS,No,silver,2026-04-16,2026-05-02,"ONEOUT Boys Graphic Print Pure Cotton T Shirt (Black, Pack of 1)",ONEOUT,Possibly a Seller,,+919843111222,+919843111222,cottonproapparels@gmail.com,cottonproapparels@gmail.com
,,,,,,,"ONEOUT Boys Graphic Print Pure Cotton T Shirt (Light Blue, Pack of 1)",ONEOUT,,,,,,
,,,,,,,"ONEOUT Boys Graphic Print Pure Cotton T Shirt (White, Pack of 3)",ONEOUT,,,,,,
,,,,,,,"ONEOUT Boys Graphic Print Pure Cotton T Shirt (Yellow, Pack of 3)",ONEOUT,,,,,,
,,,,,,,"ONEOUT Boys Graphic Print Pure Cotton T Shirt (Light Blue, Pack of 1)",ONEOUT,,,,,,
,,,,,,,"ONEOUT Boys Graphic Print Pure Cotton T Shirt (Red, Pack of 3)",ONEOUT,,,,,,
,,,,,,,"ONEOUT Boys Graphic Print Pure Cotton T Shirt (Beige, Pack of 3)",ONEOUT,,,,,,
,,,,,,,"ONEOUT Boys Graphic Print Pure Cotton T Shirt (Beige, Pack of 1)",ONEOUT,,,,,,
,,,,,,,"Oneout Boys Graphic Print Pure Cotton Regular T Shirt (Light Blue, Pack of 3)",Oneout,,,,,,
,,,,,,,"Oneout Boys Graphic Print Pure Cotton Regular T Shirt (Red, Pack of 3)",Oneout,,,,,,
,,,,,,,"Oneout Boys Graphic Print Pure Cotton Regular T Shirt (Light Blue, Pack of 3)",Oneout,,,,,,
,,,,,,,"Oneout Boys Printed Pure Cotton Regular T Shirt (Yellow, Pack of 2)",Oneout,,,,,,
,,,,,,,"Oneout Boys Graphic Print Pure Cotton Regular T Shirt (Multicolor, Pack of 3)",Oneout,,,,,,
,,,,,,,"Oneout Boys Printed Pure Cotton Regular T Shirt (Blue, Pack of 1)",Oneout,,,,,,
,,,,,,,"Oneout Boys Printed Pure Cotton Regular T Shirt (Beige, Pack of 1)",Oneout,,,,,,
,,,,,,,"Oneout Short For Boys Casual Graphic Print Cotton Blend (Green, Pack of 1)",Oneout,,,,,,
,,,,,,,Oneout Printed Men Round Neck Navy Blue T-Shirt,Oneout,,,,,,
,,,,,,,"Oneout Boys Graphic Print Pure Cotton Regular T Shirt (Dark Green, Pack of 2)",Oneout,,,,,,
,,,,,,,"Oneout Boys Printed Pure Cotton Regular T Shirt (Multicolor, Pack of 2)",Oneout,,,,,,
,,,,,,,Oneout Full Sleeve Solid Boys & Girls Sweatshirt,Oneout,,,,,,
2127,6c155d83bc4343c9,KavyaEnterprisesNEW,No,silver,2025-08-18,2025-08-26,Realglimpse Casual Printed Women Black Top,Realglimpse,Possibly a Brand,Realglimpse,+918383066043,+918285932475,kavya.interprises.delhi@gmail.com,kavya.interprises.delhi@gmail.com
,,,,,,,Realglimpse Solid Women Grey Track Pants,Realglimpse,,,,,,
,,,,,,,Realglimpse Striped Women Round Neck White T-Shirt,Realglimpse,,,,,,
,,,,,,,Realglimpse Casual Self Design Women Black Top,Realglimpse,,,,,,
,,,,,,,Realglimpse Printed Women Hooded Neck Gold T-Shirt,Realglimpse,,,,,,
,,,,,,,Realglimpse Solid Women Black Track Pants,Realglimpse,,,,,,
,,,,,,,Realglimpse Casual Self Design Women Black Top,Realglimpse,,,,,,
,,,,,,,Realglimpse Casual Self Design Women Pink Top,Realglimpse,,,,,,
,,,,,,,Realglimpse Casual Self Design Women Pink Top,Realglimpse,,,,,,
,,,,,,,Realglimpse Casual Self Design Women Grey Top,Realglimpse,,,,,,
,,,,,,,Realglimpse Striped Women Round Neck Blue T-Shirt,Realglimpse,,,,,,
,,,,,,,Realglimpse Striped Women Round Neck White T-Shirt,Realglimpse,,,,,,
,,,,,,,Realglimpse Striped Women Round Neck Blue T-Shirt,Realglimpse,,,,,,
,,,,,,,Realglimpse Casual Self Design Women Pink Top,Realglimpse,,,,,,
,,,,,,,Kavya Enterprises Solid Women Pink T-Shirt,Kavya Enterprises,,,,,,
,,,,,,,Kavya Enterprises Printed Women Grey Track Pants,Kavya Enterprises,,,,,,
,,,,,,,Kavya Enterprises Solid Women Maroon T-Shirt,Kavya Enterprises,,,,,,
,,,,,,,Kavya Enterprises Casual Solid Women Black Top,Kavya Enterprises,,,,,,
,,,,,,,Kavya Enterprises Striped Women Blue T-Shirt,Kavya Enterprises,,,,,,
,,,,,,,Kavya Enterprises Printed Women Black Track Pants,Kavya Enterprises,,,,,,
2128,3d3079f64ae54344,FusionMarttt,No,silver,2023-07-23,2023-07-25,PYTHON Flared Men Black Trousers,PYTHON,Possibly a Brand,FUSION MART,+917530852573,+919794371578,ahmad5660393@gmail.com,ahmad5660393@gmail.com
,,,,,,,"yourker Solid Men Olive, Grey Track Pants",yourker,,,,,,
,,,,,,,"PYTHON Flared Men Black, Grey Trousers",PYTHON,,,,,,
,,,,,,,FUSION MART Solid Men Multicolor Track Pants,FUSION MART,,,,,,
,,,,,,,FUSION MART Men Multicolor Track Pants,FUSION MART,,,,,,
,,,,,,,"FUSION MART Solid Men Grey, Dark Blue Track Pants",FUSION MART,,,,,,
,,,,,,,FUSION MART Solid Men Multicolor Track Pants,FUSION MART,,,,,,
,,,,,,,yourker Solid Men Olive Track Pants,yourker,,,,,,
,,,,,,,FUSION MART Solid Men Multicolor Track Pants,FUSION MART,,,,,,
,,,,,,,Micus Men Multicolor Track Pants,Micus,,,,,,
,,,,,,,FUSION MART Solid Men Multicolor Track Pants,FUSION MART,,,,,,
,,,,,,,FUSION MART Solid Men Grey Track Pants,FUSION MART,,,,,,
,,,,,,,"FUSION MART Men Black, Green Track Pants",FUSION MART,,,,,,
,,,,,,,FUSION MART Solid Men Multicolor Track Pants,FUSION MART,,,,,,
,,,,,,,FUSION MART Men Multicolor Track Pants,FUSION MART,,,,,,
,,,,,,,FUSION MART Solid Men Multicolor Track Pants,FUSION MART,,,,,,
,,,,,,,FUSION MART Solid Men Multicolor Track Pants,FUSION MART,,,,,,
,,,,,,,"yourker Men Olive, Grey Track Pants",yourker,,,,,,
,,,,,,,FUSION MART Solid Men Multicolor Track Pants,FUSION MART,,,,,,
,,,,,,,FUSION MART Solid Men Multicolor Track Pants,FUSION MART,,,,,,
2129,a86dc02a736344b5,NahdiEnterprises,No,silver,2026-06-08,2026-06-10,NAHDI ENTERPRISE Striped Men Yellow Track Pants,NAHDI ENTERPRISE,Possibly a Brand,NAHDI ENTERPRISE,+919810163947,+919810163947,madihasiddiqui059@gmail.com,madihasiddiqui059@gmail.com
,,,,,,,NAHDI ENTERPRISE Men Solid Straight Kurta (Multicolor),NAHDI ENTERPRISE,,,,,,
,,,,,,,NAHDI ENTERPRISE Solid Men Blue Track Pants,NAHDI ENTERPRISE,,,,,,
,,,,,,,NAHDI ENTERPRISE Solid Men Black Track Pants,NAHDI ENTERPRISE,,,,,,
,,,,,,,NAHDI ENTERPRISE Solid Men Black Track Pants,NAHDI ENTERPRISE,,,,,,
,,,,,,,NAHDI ENTERPRISE Solid Men Blue Track Pants,NAHDI ENTERPRISE,,,,,,
,,,,,,,NAHDI ENTERPRISE Striped Men Grey Track Pants,NAHDI ENTERPRISE,,,,,,
,,,,,,,NAHDI ENTERPRISE Striped Men Yellow Track Pants,NAHDI ENTERPRISE,,,,,,
,,,,,,,NAHDI ENTERPRISE Men Kurta Pyjama Set,NAHDI ENTERPRISE,,,,,,
,,,,,,,NAHDI ENTERPRISE Solid Men Black Track Pants,NAHDI ENTERPRISE,,,,,,
,,,,,,,NAHDI ENTERPRISE Regular Fit Men Black Trousers,NAHDI ENTERPRISE,,,,,,
,,,,,,,NAHDI ENTERPRISE Solid Men White Track Pants,NAHDI ENTERPRISE,,,,,,
,,,,,,,NAHDI ENTERPRISE Striped Men Light Green Track Pants,NAHDI ENTERPRISE,,,,,,
,,,,,,,NAHDI ENTERPRISE Solid Men White Track Pants,NAHDI ENTERPRISE,,,,,,
,,,,,,,NAHDI ENTERPRISE Striped Men Grey Track Pants,NAHDI ENTERPRISE,,,,,,
,,,,,,,NAHDI ENTERPRISE Striped Men Light Green Track Pants,NAHDI ENTERPRISE,,,,,,
,,,,,,,NAHDI ENTERPRISE Solid Men White Track Pants,NAHDI ENTERPRISE,,,,,,
,,,,,,,NAHDI ENTERPRISE Solid Men White Track Pants,NAHDI ENTERPRISE,,,,,,
,,,,,,,NAHDI ENTERPRISE Men Kurta Pyjama Set,NAHDI ENTERPRISE,,,,,,
,,,,,,,NAHDI ENTERPRISE Striped Men Grey Track Pants,NAHDI ENTERPRISE,,,,,,
2130,ffe9f72101374453,SPcreationadda,No,bronze,2026-01-19,2026-01-23,Sp Creation Solid Men Black Track Pants,Sp Creation,Possibly a Seller,,+918722583340,+918722583340,ppbs368@gmail.com,ppbs368@gmail.com
,,,,,,,COUTRIX Solid Men Green Track Pants,COUTRIX,,,,,,
,,,,,,,COURTIX Solid Men Black Track Pants,COURTIX,,,,,,
,,,,,,,COUTRIX Solid Men Beige Track Pants,COUTRIX,,,,,,
,,,,,,,Sp Creation Solid Men Black Track Pants,Sp Creation,,,,,,
,,,,,,,Sp Creation Solid Men Blue Track Pants,Sp Creation,,,,,,
,,,,,,,Sp Creation Solid Men Black Track Pants,Sp Creation,,,,,,
,,,,,,,"Sp Creation Solid Men Black, Blue Track Pants",Sp Creation,,,,,,
,,,,,,,"Sp Creation Solid Men Black, Blue Track Pants",Sp Creation,,,,,,
,,,,,,,Sp Creation Solid Men Black Track Pants,Sp Creation,,,,,,
,,,,,,,"COURTIX Solid Men Black, Grey Track Pants",COURTIX,,,,,,
,,,,,,,COUTRIX Solid Men Beige Track Pants,COUTRIX,,,,,,
,,,,,,,COUTRIX Solid Men Beige Track Pants,COUTRIX,,,,,,
,,,,,,,Sp Creation Solid Men & Women Grey Track Pants,Sp Creation,,,,,,
,,,,,,,Sp Creation Solid Men Green Track Pants,Sp Creation,,,,,,
,,,,,,,COUTRIX Solid Men Green Track Pants,COUTRIX,,,,,,
,,,,,,,"COURTIX Solid Men Black, Brown, Grey Track Pants",COURTIX,,,,,,
,,,,,,,COURTIX Solid Men Black Track Pants,COURTIX,,,,,,
,,,,,,,COUTRIX Solid Men Black Track Pants,COUTRIX,,,,,,
,,,,,,,"COURTIX Solid Men Black, Blue Track Pants",COURTIX,,,,,,
2131,14f43b9bc0d94671,Glyvin,Yes,silver,2026-03-30,2026-04-02,,,,,,,,
2132,0d8772857bfa4a85,SeasideEShop,No,silver,2023-07-25,2023-08-18,TIGERSNAKE Solid Men Multicolor Track Pants,TIGERSNAKE,Possibly a Seller,,+919718085447,+919718085447,rk0162391@gmail.com,rk0162391@gmail.com
,,,,,,,TIGERSNAKE Solid Men Multicolor Track Pants,TIGERSNAKE,,,,,,
,,,,,,,NAIMA ENTERPRISES Printed Men Multicolor Track Pants,NAIMA ENTERPRISES,,,,,,
,,,,,,,kavya Fashion store Printed Men Multicolor Track Pants,kavya Fashion store,,,,,,
,,,,,,,"BTMZ Solid Men Black, Grey Track Pants",BTMZ,,,,,,
,,,,,,,"BTMZ Solid Men Grey, Black Track Pants",BTMZ,,,,,,
,,,,,,,bulldozerbaba Solid Men Multicolor Track Pants,bulldozerbaba,,,,,,
,,,,,,,BTMZ Solid Men Blue Track Pants,BTMZ,,,,,,
,,,,,,,"AASHI FASHIONS Solid Men Black, Blue Track Pants",AASHI FASHIONS,,,,,,
,,,,,,,AASHI FASHIONS Solid Men Black Track Pants,AASHI FASHIONS,,,,,,
,,,,,,,"BTMZ Solid Men & Women Black, Blue Track Pants",BTMZ,,,,,,
,,,,,,,"NAIMA ENTERPRISES Self Design Men Blue, Grey Track Pants",NAIMA ENTERPRISES,,,,,,
,,,,,,,AASHI FASHIONS Solid Men Black Track Pants,AASHI FASHIONS,,,,,,
,,,,,,,"SARK FASHIONS Solid Men & Women Grey, Black Track Pants",SARK FASHIONS,,,,,,
,,,,,,,kavya Fashion store Printed Men Multicolor Track Pants,kavya Fashion store,,,,,,
,,,,,,,"NAIMA ENTERPRISES Self Design Men Black, Grey Track Pants",NAIMA ENTERPRISES,,,,,,
,,,,,,,"AASHI FASHIONS Solid Men Olive, Grey Track Pants",AASHI FASHIONS,,,,,,
,,,,,,,"AASHI FASHIONS Solid Men Olive, Grey Track Pants",AASHI FASHIONS,,,,,,
,,,,,,,bulldozerbaba Solid Men Multicolor Track Pants,bulldozerbaba,,,,,,
,,,,,,,AASHI FASHIONS Solid Men Black Track Pants,AASHI FASHIONS,,,,,,
2133,feb5ac44be42437e,GraspEnterprises,Yes,silver,2024-09-02,2024-09-04,,,,,,,,
2134,dda778826e7344b8,AnishqCollection,No,bronze,2021-09-19,2021-09-19,"Pihufy Typography, Graphic Print Women Round Neck Maroon T-Shirt",Pihufy,Possibly a Seller,,+918700422719,+918700422719,anishqcollection660@gmail.com,anishqcollection660@gmail.com
,,,,,,,"Pihufy Typography, Graphic Print Women Round Neck Maroon T-Shirt",Pihufy,,,,,,
,,,,,,,"Everfab Printed Women Round Neck Black, White T-Shirt",Everfab,,,,,,
,,,,,,,Everfab Casual Printed Women Black Top,Everfab,,,,,,
,,,,,,,Everfab Casual Printed Women Black Top,Everfab,,,,,,
,,,,,,,"Everfab Printed Women Round Neck Black, White T-Shirt",Everfab,,,,,,
,,,,,,,"Pihufy Typography, Graphic Print Women Round Neck Maroon T-Shirt",Pihufy,,,,,,
,,,,,,,"Everfab Printed Women Round Neck Black, White T-Shirt",Everfab,,,,,,
,,,,,,,Everfab Casual Printed Women Pink Top,Everfab,,,,,,
,,,,,,,Everfab Casual Printed Women White Top,Everfab,,,,,,
,,,,,,,Everfab Printed Women Round Neck White T-Shirt,Everfab,,,,,,
,,,,,,,Pihufy Typography Women Round Neck Yellow T-Shirt,Pihufy,,,,,,
,,,,,,,"Pihufy Typography, Graphic Print Women Round Neck Black T-Shirt",Pihufy,,,,,,
,,,,,,,Pihufy Typography Women V Neck Black T-Shirt,Pihufy,,,,,,
,,,,,,,"Everfab Printed Women Round Neck Black, Pink T-Shirt",Everfab,,,,,,
,,,,,,,Pihufy Typography Women Round Neck Red T-Shirt,Pihufy,,,,,,
,,,,,,,Everfab Casual Printed Women Yellow Top,Everfab,,,,,,
,,,,,,,Everfab Typography Women Round Neck Pink T-Shirt,Everfab,,,,,,
,,,,,,,Pihufy Typography Women Round Neck Black T-Shirt,Pihufy,,,,,,
,,,,,,,Everfab Graphic Print Women V Neck Black T-Shirt,Everfab,,,,,,
2135,33398c2fc83c4463,Njappreal,No,silver,2025-12-16,2025-12-31,"Nj Trendy Boys Printed Cotton Blend Regular T Shirt (White, Pack of 1)",Nj Trendy,Possibly a Brand,Nj Trendy,+919625300301,+917081213348,njenterprises1303@gmail.com,njenterprises1303@gmail.com
,,,,,,,"Nj Trendy Boys & Girls Printed Cotton Blend Regular T Shirt (White, Pack of 1)",Nj Trendy,,,,,,
,,,,,,,"Nj Trendy Boys & Girls Printed Cotton Blend Regular T Shirt (White, Pack of 1)",Nj Trendy,,,,,,
,,,,,,,"Nj Trendy Boys & Girls Printed Cotton Blend Regular T Shirt (White, Pack of 1)",Nj Trendy,,,,,,
,,,,,,,"Nj Trendy Boys & Girls Printed Cotton Blend Regular T Shirt (White, Pack of 1)",Nj Trendy,,,,,,
,,,,,,,"Nj Trendy Boys & Girls Printed Cotton Blend Regular T Shirt (White, Pack of 1)",Nj Trendy,,,,,,
,,,,,,,"Nj Trendy Boys & Girls Printed Cotton Blend Regular T Shirt (White, Pack of 1)",Nj Trendy,,,,,,
,,,,,,,"Nj Trendy Boys & Girls Printed Cotton Blend Regular T Shirt (White, Pack of 1)",Nj Trendy,,,,,,
,,,,,,,"Nj Trendy Boys & Girls Printed Cotton Blend Regular T Shirt (White, Pack of 1)",Nj Trendy,,,,,,
,,,,,,,"Nj Trendy Boys & Girls Printed Cotton Blend Regular T Shirt (White, Pack of 1)",Nj Trendy,,,,,,
,,,,,,,"Nj Trendy Boys & Girls Printed Cotton Blend Regular T Shirt (White, Pack of 1)",Nj Trendy,,,,,,
,,,,,,,"Nj Trendy Boys & Girls Printed Cotton Blend Regular T Shirt (White, Pack of 1)",Nj Trendy,,,,,,
,,,,,,,"Nj Trendy Boys & Girls Printed Cotton Blend Regular T Shirt (White, Pack of 1)",Nj Trendy,,,,,,
,,,,,,,"Nj Trendy Boys & Girls Printed Cotton Blend Regular T Shirt (White, Pack of 1)",Nj Trendy,,,,,,
,,,,,,,"Nj Trendy Boys & Girls Printed Cotton Blend Regular T Shirt (White, Pack of 1)",Nj Trendy,,,,,,
,,,,,,,"Nj Trendy Baby Boys & Baby Girls Printed Cotton Blend Regular T Shirt (White, Pack of 1)",Nj Trendy,,,,,,
,,,,,,,"Nj Trendy Boys & Girls Printed Cotton Blend Regular T Shirt (White, Pack of 1)",Nj Trendy,,,,,,
,,,,,,,"Nj Trendy Baby Boys & Baby Girls Printed Cotton Blend Regular T Shirt (White, Pack of 1)",Nj Trendy,,,,,,
,,,,,,,"Nj Trendy Boys & Girls Printed Cotton Blend Regular T Shirt (White, Pack of 1)",Nj Trendy,,,,,,
,,,,,,,"Nj Trendy Boys & Girls Printed Cotton Blend Regular T Shirt (White, Pack of 1)",Nj Trendy,,,,,,
2136,4fd91cfd901749dd,Laali clothings,No,silver,2020-09-15,2020-09-29,LET'Z Men Dark Blue Track Pants,LET'Z,Possibly a Brand,LET'Z,+918903547433,+918903547433,letztreaders@gmail.com,letztreaders@gmail.com
,,,,,,,LET'Z Men Dark Blue Regular Shorts,LET'Z,,,,,,
,,,,,,,LET'Z Girls Casual T-shirt Pyjama (Multicolor),LET'Z,,,,,,
,,,,,,,LET'Z Men Red Regular Shorts,LET'Z,,,,,,
,,,,,,,LET'Z Men Grey Regular Shorts,LET'Z,,,,,,
,,,,,,,LET'Z Men Dark Blue Regular Shorts,LET'Z,,,,,,
,,,,,,,LET'Z Girls Casual T-shirt Pyjama (Multicolor),LET'Z,,,,,,
,,,,,,,LET'Z Girls Casual T-shirt Pyjama (Multicolor),LET'Z,,,,,,
,,,,,,,LET'Z Men Black Track Pants,LET'Z,,,,,,
,,,,,,,LET'Z Boys Casual T-shirt Pyjama (Multicolor),LET'Z,,,,,,
,,,,,,,LET'Z Boys Casual T-shirt Pyjama (Multicolor),LET'Z,,,,,,
,,,,,,,LET'Z Boys Casual T-shirt Pant (Multicolor),LET'Z,,,,,,
,,,,,,,LET'Z Boys Casual T-shirt Pyjama (Multicolor),LET'Z,,,,,,
,,,,,,,LET'Z Boys Casual T-shirt Pant (Multicolor),LET'Z,,,,,,
,,,,,,,LET'Z Boys Casual T-shirt Pant (Multicolor),LET'Z,,,,,,
,,,,,,,LET'Z Boys Casual T-shirt Track Pants (Multicolor),LET'Z,,,,,,
,,,,,,,LET'Z Girls Casual T-shirt Pyjama (Multicolor),LET'Z,,,,,,
,,,,,,,LET'Z Girls Casual T-shirt Pyjama (Multicolor),LET'Z,,,,,,
,,,,,,,"LET'Z Girls Floral Print Pure Cotton Regular T Shirt (Multicolor, Pack of 2)",LET'Z,,,,,,
,,,,,,,"LET'Z Baby Girls Floral Print Pure Cotton Regular T Shirt (Multicolor, Pack of 2)",LET'Z,,,,,,
2137,f852b9c89ceb46c1,SoloGift,No,silver,2024-10-29,2024-11-06,Solo Gift Shiva cartoon - 05 Ceramic Coffee Mug (300 ml),Solo Gift,Possibly a Brand,Solo Gift,+919529155307,+919529155307,sologift199@gmail.com,sologift199@gmail.com
,,,,,,,Solo Gift solo leveling mug 013 Ceramic Coffee Mug (300 ml),Solo Gift,,,,,,
,,,,,,,Solo Gift harry potter - 01 Ceramic Coffee Mug (300 ml),Solo Gift,,,,,,
,,,,,,,Solo Gift Demon slayer 09 Ceramic Coffee Mug (300 ml),Solo Gift,,,,,,
,,,,,,,Solo Gift Shiva cartoon - 04 Ceramic Coffee Mug (300 ml),Solo Gift,,,,,,
,,,,,,,"Solo Gift Baby Boys & Baby Girls Printed Polyester Regular T Shirt (White, Pack of 1)",Solo Gift,,,,,,
,,,,,,,Solo Gift harry potter - 06 Ceramic Coffee Mug (300 ml),Solo Gift,,,,,,
,,,,,,,Solo Gift One piece mug - 03 Ceramic Coffee Mug (300 ml),Solo Gift,,,,,,
,,,,,,,Solo Gift harry potter - 028 Ceramic Coffee Mug (300 ml),Solo Gift,,,,,,
,,,,,,,Solo Gift Doraemon mug 079 Ceramic Coffee Mug (300 ml),Solo Gift,,,,,,
,,,,,,,Solo Gift Masha and the bear - 17 Ceramic Coffee Mug (300 ml),Solo Gift,,,,,,
,,,,,,,Solo Gift solo leveling mug 02 Ceramic Coffee Mug (300 ml),Solo Gift,,,,,,
,,,,,,,"Solo Gift Cotton Cushions & Pillows Cover (30 cm*30 cm, White)",Solo Gift,,,,,,
,,,,,,,"Solo Gift Baby Boys & Baby Girls Printed Polyester Regular T Shirt (White, Pack of 1)",Solo Gift,,,,,,
,,,,,,,"Solo Gift Cotton Cushions & Pillows Cover (30 cm*30 cm, White)",Solo Gift,,,,,,
,,,,,,,"Solo Gift Alluminium pack 1 white Naruto bottle 600 ml_20 600 ml Aluminium Bottle (Pack of 1, White)",Solo Gift,,,,,,
,,,,,,,Solo Gift Ne zha mug 02 Ceramic Coffee Mug (300 ml),Solo Gift,,,,,,
,,,,,,,"Solo Gift Baby Boys & Baby Girls Cartoon/Superhero Polyester Regular T Shirt (White, Pack of 1)",Solo Gift,,,,,,
,,,,,,,Solo Gift Printed Men Round Neck White T-Shirt,Solo Gift,,,,,,
,,,,,,,"Solo Gift Baby Boys & Baby Girls Graphic Print Polyester Regular T Shirt (White, Pack of 1)",Solo Gift,,,,,,
2138,b739ef67b08f4514,MOKSHCO,No,silver,2026-05-25,2026-05-27,"MOKSHCO Boys Military Camouflage Cotton Blend Regular T Shirt (Multicolor, Pack of 1)",MOKSHCO,Possibly a Brand,MOKSHCO,+919328072630,+919328072630,moksh.co2411@gmail.com,moksh.co2411@gmail.com
,,,,,,,"MOKSHCO Boys Printed Cotton Blend Regular T Shirt (Multicolor, Pack of 1)",MOKSHCO,,,,,,
,,,,,,,"MOKSHCO Boys Military Camouflage Cotton Blend Regular T Shirt (Multicolor, Pack of 1)",MOKSHCO,,,,,,
,,,,,,,"MOKSHCO Boys Printed Cotton Blend Regular T Shirt (Multicolor, Pack of 1)",MOKSHCO,,,,,,
,,,,,,,"MOKSHCO Boys Military Camouflage Cotton Blend Regular T Shirt (Multicolor, Pack of 1)",MOKSHCO,,,,,,
,,,,,,,"MOKSHCO Boys Military Camouflage Cotton Blend Regular T Shirt (Multicolor, Pack of 1)",MOKSHCO,,,,,,
,,,,,,,"MOKSHCO Boys Military Camouflage Cotton Blend Regular T Shirt (Multicolor, Pack of 1)",MOKSHCO,,,,,,
,,,,,,,"MOKSHCO Boys Printed Cotton Blend Regular T Shirt (Multicolor, Pack of 1)",MOKSHCO,,,,,,
,,,,,,,"MOKSHCO Boys Military Camouflage Cotton Blend Regular T Shirt (Multicolor, Pack of 1)",MOKSHCO,,,,,,
,,,,,,,"MOKSHCO Boys Military Camouflage Cotton Blend Regular T Shirt (Black, Pack of 1)",MOKSHCO,,,,,,
,,,,,,,"MOKSHCO Boys Military Camouflage Cotton Blend Regular T Shirt (Multicolor, Pack of 1)",MOKSHCO,,,,,,
,,,,,,,"MOKSHCO Boys Military Camouflage Cotton Blend Regular T Shirt (Multicolor, Pack of 1)",MOKSHCO,,,,,,
,,,,,,,"MOKSHCO Boys Printed Cotton Blend Regular T Shirt (Multicolor, Pack of 1)",MOKSHCO,,,,,,
,,,,,,,"MOKSHCO Boys Military Camouflage Cotton Blend Regular T Shirt (Multicolor, Pack of 1)",MOKSHCO,,,,,,
,,,,,,,"MOKSHCO Boys Military Camouflage Cotton Blend Regular T Shirt (Multicolor, Pack of 1)",MOKSHCO,,,,,,
,,,,,,,"MOKSHCO Boys Military Camouflage Cotton Blend Regular T Shirt (Multicolor, Pack of 1)",MOKSHCO,,,,,,
,,,,,,,"MOKSHCO Boys Military Camouflage Cotton Blend Regular T Shirt (Multicolor, Pack of 1)",MOKSHCO,,,,,,
,,,,,,,"MOKSHCO Boys Military Camouflage Cotton Blend Regular T Shirt (Multicolor, Pack of 1)",MOKSHCO,,,,,,
,,,,,,,"MOKSHCO Boys Printed Cotton Blend Regular T Shirt (Multicolor, Pack of 1)",MOKSHCO,,,,,,
,,,,,,,"MOKSHCO Boys Printed Cotton Blend Regular T Shirt (Multicolor, Pack of 1)",MOKSHCO,,,,,,
2139,70b747ab5077447d,RandRR,No,silver,2026-04-29,2026-06-04,"R SQUARE Boys Typography Polycotton Regular T Shirt (Multicolor, Pack of 1)",R SQUARE,Possibly a Brand,R SQUARE,+919278979365,+919278979365,rizwanhashim925@gmail.com,rizwanhashim925@gmail.com
,,,,,,,"R SQUARE Boys Typography Polycotton Regular T Shirt (Multicolor, Pack of 1)",R SQUARE,,,,,,
,,,,,,,"R SQUARE Boys Printed Polycotton Regular T Shirt (Multicolor, Pack of 1)",R SQUARE,,,,,,
,,,,,,,"R SQUARE Boys Typography Polycotton Regular T Shirt (Multicolor, Pack of 1)",R SQUARE,,,,,,
,,,,,,,R- SQUARE Printed Men Round Neck White T-Shirt,R- SQUARE,,,,,,
,,,,,,,"R SQUARE Boys Typography Polycotton Regular T Shirt (Multicolor, Pack of 1)",R SQUARE,,,,,,
,,,,,,,"R SQUARE Boys Typography Polycotton Regular T Shirt (Multicolor, Pack of 1)",R SQUARE,,,,,,
,,,,,,,"R SQUARE Boys Printed Polycotton Regular T Shirt (Multicolor, Pack of 1)",R SQUARE,,,,,,
,,,,,,,"R SQUARE Boys Printed Polycotton Regular T Shirt (Multicolor, Pack of 1)",R SQUARE,,,,,,
,,,,,,,"R SQUARE Boys Typography Polycotton Regular T Shirt (Multicolor, Pack of 1)",R SQUARE,,,,,,
,,,,,,,"R SQUARE Boys Printed Polycotton Regular T Shirt (Multicolor, Pack of 1)",R SQUARE,,,,,,
,,,,,,,"R SQUARE Boys Printed Polycotton Regular T Shirt (Multicolor, Pack of 1)",R SQUARE,,,,,,
,,,,,,,"R SQUARE Boys Printed Polycotton Regular T Shirt (Multicolor, Pack of 1)",R SQUARE,,,,,,
,,,,,,,"R SQUARE Boys Printed Polycotton Regular T Shirt (Multicolor, Pack of 1)",R SQUARE,,,,,,
,,,,,,,"R SQUARE Boys Printed Polycotton Regular T Shirt (Multicolor, Pack of 1)",R SQUARE,,,,,,
,,,,,,,"R SQUARE Boys Typography Polycotton Regular T Shirt (Multicolor, Pack of 1)",R SQUARE,,,,,,
,,,,,,,"R SQUARE Boys Typography Polycotton Regular T Shirt (Multicolor, Pack of 1)",R SQUARE,,,,,,
,,,,,,,"R SQUARE Boys Typography Polycotton Regular T Shirt (Multicolor, Pack of 1)",R SQUARE,,,,,,
,,,,,,,R- SQUARE Printed Men Round Neck White T-Shirt,R- SQUARE,,,,,,
,,,,,,,R- SQUARE Printed Men Round Neck White T-Shirt,R- SQUARE,,,,,,
2140,cd92d881dc9c4c12,RONNIESTYLE,No,bronze,2021-01-13,2021-01-15,RONNIESTYLE Graphic Print Women Round Neck White T-Shirt,RONNIESTYLE,Possibly a Brand,RONNIESTYLE,+919971736255,+919971736255,rktradingcorporation@hotmail.com,rktradingcorporation@hotmail.com
,,,,,,,RONNIESTYLE Graphic Print Women Round Neck White T-Shirt,RONNIESTYLE,,,,,,
,,,,,,,RONNIESTYLE Typography Women Round Neck White T-Shirt,RONNIESTYLE,,,,,,
,,,,,,,RONNIESTYLE Graphic Print Women Round Neck Maroon T-Shirt,RONNIESTYLE,,,,,,
,,,,,,,RONNIESTYLE Graphic Print Women Round Neck Black T-Shirt,RONNIESTYLE,,,,,,
,,,,,,,RONNIESTYLE Graphic Print Women Round Neck Purple T-Shirt,RONNIESTYLE,,,,,,
,,,,,,,RONNIESTYLE Graphic Print Women Round Neck Maroon T-Shirt,RONNIESTYLE,,,,,,
,,,,,,,RONNIESTYLE Typography Women Round Neck Yellow T-Shirt,RONNIESTYLE,,,,,,
,,,,,,,RONNIESTYLE Graphic Print Women Round Neck White T-Shirt,RONNIESTYLE,,,,,,
,,,,,,,"RONNIESTYLE Graphic Print, Typography Women Round Neck Maroon T-Shirt",RONNIESTYLE,,,,,,
,,,,,,,RONNIESTYLE Graphic Print Women Round Neck White T-Shirt,RONNIESTYLE,,,,,,
,,,,,,,RONNIESTYLE Printed Women Round Neck Maroon T-Shirt,RONNIESTYLE,,,,,,
,,,,,,,RONNIESTYLE Graphic Print Women Round Neck Maroon T-Shirt,RONNIESTYLE,,,,,,
,,,,,,,RONNIESTYLE Printed Women Round Neck Yellow T-Shirt,RONNIESTYLE,,,,,,
,,,,,,,RONNIESTYLE Typography Women Round Neck Black T-Shirt,RONNIESTYLE,,,,,,
,,,,,,,RONNIESTYLE Graphic Print Women Round Neck Purple T-Shirt,RONNIESTYLE,,,,,,
,,,,,,,RONNIESTYLE Printed Women Round Neck White T-Shirt,RONNIESTYLE,,,,,,
,,,,,,,RONNIESTYLE Printed Women Round Neck White T-Shirt,RONNIESTYLE,,,,,,
,,,,,,,RONNIESTYLE Graphic Print Women Round Neck White T-Shirt,RONNIESTYLE,,,,,,
,,,,,,,RONNIESTYLE Graphic Print Women Round Neck Yellow T-Shirt,RONNIESTYLE,,,,,,
2141,4fbf318ccd7444f8,MSAPTEX,Yes,gold,2025-08-27,2026-02-16,,,,,,,,
2142,a8e6327ce7df4a91,LatestTshirt,Yes,silver,2021-01-22,2021-01-30,,,,,,,,
2143,23d0d3aea4b74961,SHREEMANGALAMINDUSTRIES,No,silver,2023-05-23,2023-05-26,"P&D Boys Typography, Graphic Print Cotton Blend Regular T Shirt (Red, Pack of 1)",P&D,Possibly a Brand,P&D,+919204606363,+919204606363,shreemangalamofficial@gmail.com,shreemangalamofficial@gmail.com
,,,,,,,"P&D Boys Typography, Graphic Print Cotton Blend Regular T Shirt (Red, Pack of 1)",P&D,,,,,,
,,,,,,,"P&D Boys Typography, Graphic Print Cotton Blend Regular T Shirt (Beige, Pack of 1)",P&D,,,,,,
,,,,,,,"P&D Boys Typography, Graphic Print Cotton Blend Regular T Shirt (Brown, Pack of 1)",P&D,,,,,,
,,,,,,,"P&D Boys Typography, Graphic Print Cotton Blend Regular T Shirt (Black, Pack of 1)",P&D,,,,,,
,,,,,,,"P&D Boys Typography Cotton Blend Regular T Shirt (White, Pack of 1)",P&D,,,,,,
,,,,,,,"P&D Boys Typography Cotton Blend Regular T Shirt (Brown, Pack of 1)",P&D,,,,,,
,,,,,,,"P&D Girls Typography, Graphic Print Cotton Blend Regular T Shirt (Red, Pack of 1)",P&D,,,,,,
,,,,,,,"P&D Boys Printed Cotton Blend Regular T Shirt (Beige, Pack of 1)",P&D,,,,,,
,,,,,,,"P&D Girls Typography, Graphic Print Cotton Blend Regular T Shirt (Beige, Pack of 1)",P&D,,,,,,
,,,,,,,"P&D Boys Typography, Printed, Graphic Print Cotton Blend Regular T Shirt (Beige, Pack of 1)",P&D,,,,,,
,,,,,,,"P&D Boys Typography, Graphic Print Cotton Blend Regular T Shirt (Grey, Pack of 1)",P&D,,,,,,
,,,,,,,"P&D Girls Typography, Cartoon, Graphic Print Cotton Blend Regular T Shirt (Grey, Pack of 1)",P&D,,,,,,
,,,,,,,"P&D Girls Typography, Solid, Graphic Print Cotton Blend Regular T Shirt (Black, Pack of 1)",P&D,,,,,,
,,,,,,,"P&D Boys Typography, Graphic Print Cotton Blend Regular T Shirt (Beige, Pack of 1)",P&D,,,,,,
,,,,,,,"P&D Boys & Girls Typography, Graphic Print Cotton Blend Regular T Shirt (White, Pack of 1)",P&D,,,,,,
,,,,,,,"P&D Boys Typography, Graphic Print Cotton Blend Regular T Shirt (Grey, Pack of 1)",P&D,,,,,,
,,,,,,,"P&D Boys Typography, Graphic Print Cotton Blend Regular T Shirt (Grey, Pack of 1)",P&D,,,,,,
,,,,,,,PD Typography Men Round Neck White T-Shirt,PD,,,,,,
,,,,,,,"P&D Boys & Girls Typography, Graphic Print Cotton Blend Regular T Shirt (White, Pack of 1)",P&D,,,,,,
2144,c1b6e83dbf714e5c,FASHIONTERNDY,No,bronze,2024-09-05,2024-09-05,FASHIONTRENDY Printed Men Round Neck Black T-Shirt,FASHIONTRENDY,Possibly a Brand,FASHIONTRENDY,+917305517509,+917305517509,trendyfashioncollection101@gmail.com,trendyfashioncollection101@gmail.com
,,,,,,,FASHIONTRENDY Printed Men Round Neck Black T-Shirt,FASHIONTRENDY,,,,,,
,,,,,,,FASHIONTRENDY Printed Men Round Neck Black T-Shirt,FASHIONTRENDY,,,,,,
,,,,,,,FASHIONTRENDY Printed Men Round Neck Black T-Shirt,FASHIONTRENDY,,,,,,
,,,,,,,FASHIONTRENDY Full Sleeve Printed Men Reversible Sweatshirt,FASHIONTRENDY,,,,,,
,,,,,,,"FASHIONTRENDY Girls Fleece Loop Knit Top (Black, Pack of 1)",FASHIONTRENDY,,,,,,
,,,,,,,FASHIONTRENDY Printed Men Round Neck Black T-Shirt,FASHIONTRENDY,,,,,,
,,,,,,,FASHIONTRENDY Full Sleeve Printed Men Reversible Sweatshirt,FASHIONTRENDY,,,,,,
,,,,,,,FASHIONTRENDY Printed Men Round Neck Black T-Shirt,FASHIONTRENDY,,,,,,
,,,,,,,FASHIONTRENDY Full Sleeve Printed Men Reversible Sweatshirt,FASHIONTRENDY,,,,,,
,,,,,,,FASHIONTRENDY Printed Men Round Neck Black T-Shirt,FASHIONTRENDY,,,,,,
,,,,,,,FASHIONTRENDY Printed Men Round Neck Black T-Shirt,FASHIONTRENDY,,,,,,
,,,,,,,FASHIONTRENDY Full Sleeve Printed Men Reversible Sweatshirt,FASHIONTRENDY,,,,,,
,,,,,,,FASHIONTRENDY Printed Men Round Neck Black T-Shirt,FASHIONTRENDY,,,,,,
,,,,,,,FASHIONTRENDY Full Sleeve Printed Men Reversible Sweatshirt,FASHIONTRENDY,,,,,,
,,,,,,,FASHIONTRENDY Printed Men Round Neck Black T-Shirt,FASHIONTRENDY,,,,,,
,,,,,,,FASHIONTRENDY Printed Men Round Neck Black T-Shirt,FASHIONTRENDY,,,,,,
,,,,,,,FASHIONTRENDY Printed Men Round Neck Black T-Shirt,FASHIONTRENDY,,,,,,
,,,,,,,FASHIONTRENDY Printed Men Round Neck Black T-Shirt,FASHIONTRENDY,,,,,,
,,,,,,,FASHIONTRENDY Printed Men Round Neck Black T-Shirt,FASHIONTRENDY,,,,,,
2145,1ab5bbce72e9407c,parthsinglacollection,No,silver,2026-06-23,2026-06-25,parth Straight Fit Boys Grey Jeans,parth,Possibly a Brand,parth,+918178450834,+918178450834,parthcollectionsindia@gmail.com,parthcollectionsindia@gmail.com
,,,,,,,"parth Boys & Girls Typography, Graphic Print Cotton Blend Regular T Shirt (Yellow, Pack of 1)",parth,,,,,,
,,,,,,,parth Girls Festive & Party Kurta and Pyjama Set (Pink Pack of 1),parth,,,,,,
,,,,,,,parth Girls Festive & Party Kurta and Palazzo Set (Multicolor Pack of 1),parth,,,,,,
,,,,,,,parth Slim Boys Dark Blue Jeans,parth,,,,,,
,,,,,,,parth Slim Boys Dark Blue Jeans,parth,,,,,,
,,,,,,,"parth Baby Boys Casual Shirt Shorts (sky blue, Pack of 2)",parth,,,,,,
,,,,,,,"parth Girls Above Knee Dress (Multicolor, Full Sleeve)",parth,,,,,,
,,,,,,,parth Slim Boys Dark Blue Jeans,parth,,,,,,
,,,,,,,"parth Girls Above Knee Casual Dress (Multicolor, Full Sleeve)",parth,,,,,,
,,,,,,,"parth Girls Above Knee Dress (Multicolor, Full Sleeve)",parth,,,,,,
,,,,,,,ZAKARAS STYLES TREND Boys Solid Casual Light Green Shirt,ZAKARAS  STYLES TREND,,,,,,
,,,,,,,"parth Baby Girls Party(Festive) Top Pant (Pink, Pack of 1)",parth,,,,,,
,,,,,,,"parth Boys Casual Shirt Shorts (Black, Pack of 1)",parth,,,,,,
,,,,,,,GalaxyXZ Baby Girls Casual Kurta and Churidar Set (White Pack of 1),GalaxyXZ,,,,,,
,,,,,,,parth Girls Festive & Party Kurta and Palazzo Set (Blue Pack of 1),parth,,,,,,
,,,,,,,"parth Girls Party(Festive) Tunic Pyjama (Blue, Pack of 1)",parth,,,,,,
,,,,,,,parth Straight Fit Boys Black Jeans,parth,,,,,,
,,,,,,,parth Regular Boys Blue Jeans,parth,,,,,,
,,,,,,,"parth Boys Casual T-shirt Shorts (Multicolor, Pack of 2)",parth,,,,,,
2146,938648d32c6341e5,Kuki,Yes,silver,2014-11-29,2014-12-08,,,,,,,,
2147,6583153ec7824ec2,covernfashion,No,silver,2022-09-24,2022-09-24,Maxall BTS Kpop School/College Bag with Lunch & Pencil Pouch Backpack (3pcs Set) 22 L Backpack (Black),Maxall,Possibly a Brand,Maxall,+919810780602,+919810780602,maxstoremaxin@gmail.com,maxstoremaxin@gmail.com
,,,,,,,Maxall Taylor Swift School/College Bag with Lunch & Pencil Pouch Backpack (3pcs Set) 22 L Backpack (Black),Maxall,,,,,,
,,,,,,,"Maxall Boys & Girls Printed Cotton Blend Regular T Shirt (Black, Pack of 1)",Maxall,,,,,,
,,,,,,,"Maxall Boys & Girls Printed Cotton Blend Regular T Shirt (White, Pack of 1)",Maxall,,,,,,
,,,,,,,Maxall Girls Casual Top Shorts (Black),Maxall,,,,,,
,,,,,,,"Maxall Boys & Girls Printed Cotton Blend Regular T Shirt (Black, Pack of 1)",Maxall,,,,,,
,,,,,,,"Maxall Boys & Girls Printed Cotton Blend Regular T Shirt (Multicolor, Pack of 1)",Maxall,,,,,,
,,,,,,,"Maxall Boys & Girls Printed Cotton Blend Regular T Shirt (Black, Pack of 1)",Maxall,,,,,,
,,,,,,,"Maxall Boys & Girls Printed Cotton Blend Regular T Shirt (White, Pack of 1)",Maxall,,,,,,
,,,,,,,"Maxall Boys & Girls Printed Cotton Blend Regular T Shirt (White, Pack of 1)",Maxall,,,,,,
,,,,,,,"Maxall Boys & Girls Printed Cotton Blend Regular T Shirt (Black, Pack of 1)",Maxall,,,,,,
,,,,,,,"Maxall Boys & Girls Printed Cotton Blend Regular T Shirt (Black, Pack of 1)",Maxall,,,,,,
,,,,,,,"Maxall Boys & Girls Printed Cotton Blend Regular T Shirt (Black, Pack of 1)",Maxall,,,,,,
,,,,,,,"Maxall Boys & Girls Printed Cotton Blend Regular T Shirt (Black, Pack of 1)",Maxall,,,,,,
,,,,,,,"Maxall Boys & Girls Printed Cotton Blend Regular T Shirt (Black, Pack of 1)",Maxall,,,,,,
,,,,,,,"Maxall Boys & Girls Printed Cotton Blend Regular T Shirt (Black, Pack of 1)",Maxall,,,,,,
,,,,,,,"Maxall Boys & Girls Printed Cotton Blend Regular T Shirt (Black, Pack of 1)",Maxall,,,,,,
,,,,,,,"Maxall Boys & Girls Printed Cotton Blend Regular T Shirt (Black, Pack of 1)",Maxall,,,,,,
,,,,,,,"Maxall Boys & Girls Printed Cotton Blend Regular T Shirt (Black, Pack of 1)",Maxall,,,,,,
,,,,,,,"Maxall Boys & Girls Printed Cotton Blend Regular T Shirt (Black, Pack of 1)",Maxall,,,,,,
2148,9512b66131c54e48,RenaissanceRTW,No,silver,2026-03-06,2026-03-14,Renaissance Polycotton 120 GSM Bath Towel,Renaissance,Possibly a Seller,,+918870439378,+918870439378,ecom@renaissancertw.com,ecom@renaissancertw.com
,,,,,,,Blue River inc Full Sleeve Printed Girls Sweatshirt,Blue River inc,,,,,,
,,,,,,,Blue River inc Full Sleeve Printed Girls Sweatshirt,Blue River inc,,,,,,
,,,,,,,Blue River inc Full Sleeve Printed Girls Sweatshirt,Blue River inc,,,,,,
,,,,,,,Blue River inc Full Sleeve Printed Girls Sweatshirt,Blue River inc,,,,,,
,,,,,,,Blue River inc Full Sleeve Printed Girls Sweatshirt,Blue River inc,,,,,,
,,,,,,,Renaissance Printed Men Round Neck Black T-Shirt,Renaissance,,,,,,
,,,,,,,Blue River inc Full Sleeve Printed Girls Sweatshirt,Blue River inc,,,,,,
,,,,,,,Blue River inc Full Sleeve Printed Girls Sweatshirt,Blue River inc,,,,,,
,,,,,,,Blue River inc Full Sleeve Printed Girls Sweatshirt,Blue River inc,,,,,,
,,,,,,,Blue River inc Full Sleeve Printed Girls Sweatshirt,Blue River inc,,,,,,
,,,,,,,Renaissance Printed Men Round Neck Black T-Shirt,Renaissance,,,,,,
,,,,,,,Blue River inc Full Sleeve Printed Girls Sweatshirt,Blue River inc,,,,,,
,,,,,,,Blue River inc Full Sleeve Printed Girls Sweatshirt,Blue River inc,,,,,,
,,,,,,,Blue River inc Full Sleeve Printed Girls Sweatshirt,Blue River inc,,,,,,
,,,,,,,Renaissance Printed Men Round Neck Black T-Shirt,Renaissance,,,,,,
2149,6b14585a90364a72,SATRENDYFASHION,No,silver,2026-07-02,2026-07-07,,,Possibly a Seller,,+918882646010,+918882646010,Amarmathur077@gmail.com,Amarmathur077@gmail.com
2150,09be4827ce0d48ba,SheModa,No,silver,2026-06-17,2026-06-19,She Moda Women Printed Anarkali Kurta (Dark Blue),She Moda,Possibly a Brand,She Moda,+919929827724,+919929827724,swamililashahfashion@gmail.com,swamililashahfashion@gmail.com
,,,,,,,She Moda Women Printed Anarkali Kurta (Multicolor),She Moda,,,,,,
,,,,,,,She Moda Women Printed Anarkali Kurta (Multicolor),She Moda,,,,,,
,,,,,,,She Moda Women Kurta Pant Attached Dupatta Set,She Moda,,,,,,
,,,,,,,She Moda Women Kurta Pant Set,She Moda,,,,,,
,,,,,,,She Moda Women Printed Anarkali Kurta (Blue),She Moda,,,,,,
,,,,,,,She Moda Women Printed Anarkali Kurta (Multicolor),She Moda,,,,,,
,,,,,,,She Moda Women Printed Anarkali Kurta (Black),She Moda,,,,,,
,,,,,,,She Moda Women Kurta Pant Set,She Moda,,,,,,
,,,,,,,She Moda Women Kurta Pant Attached Dupatta Set,She Moda,,,,,,
,,,,,,,She Moda Women Kurta Pant Set,She Moda,,,,,,
,,,,,,,She Moda Women Printed Anarkali Kurta (Black),She Moda,,,,,,
,,,,,,,She Moda Women Kurta Pant Attached Dupatta Set,She Moda,,,,,,
,,,,,,,"She Moda Printed Kurta, Trouser/Pant & Dupatta Set",She Moda,,,,,,
,,,,,,,"She Moda Printed Kurta, Trouser/Pant & Dupatta Set",She Moda,,,,,,
,,,,,,,She Moda Women Kurta Pant Attached Dupatta Set,She Moda,,,,,,
,,,,,,,She Moda Women Kurta Pant Attached Dupatta Set,She Moda,,,,,,
,,,,,,,She Moda Women Kurta Pant Attached Dupatta Set,She Moda,,,,,,
,,,,,,,She Moda Women Kurta Pant Attached Dupatta Set,She Moda,,,,,,
,,,,,,,"She Moda Printed Kurta, Trouser/Pant & Dupatta Set",She Moda,,,,,,
2151,988feab1ac284cc0,SHREEMANTFASHION,No,bronze,2024-10-02,2024-10-04,BSM Women Kurta Pant Dupatta Set,BSM,Possibly a Brand,BSM,+918595023325,+918595023325,SHREEMANTFASHION@GMAIL.COM,SHREEMANTFASHION@GMAIL.COM
,,,,,,,BSM Women Kurta Pant Dupatta Set,BSM,,,,,,
,,,,,,,BSM Women Kurta Pant Dupatta Set,BSM,,,,,,
,,,,,,,BSM Women Kurta Pant Dupatta Set,BSM,,,,,,
,,,,,,,BSM Women Kurta Pant Dupatta Set,BSM,,,,,,
,,,,,,,BSM Women Kurta Pant Dupatta Set,BSM,,,,,,
,,,,,,,BSM Women Kurta Pant Dupatta Set,BSM,,,,,,
,,,,,,,BSM Women Kurta Pant Dupatta Set,BSM,,,,,,
,,,,,,,BSM Women Kurta Pant Dupatta Set,BSM,,,,,,
,,,,,,,BSM Women Kurta Pant Dupatta Set,BSM,,,,,,
,,,,,,,BSM Women Kurta Pant Dupatta Set,BSM,,,,,,
,,,,,,,BSM Women Kurta Pant Dupatta Set,BSM,,,,,,
,,,,,,,PEHNAVAA Women Kurta Pant Dupatta Set,PEHNAVAA,,,,,,
,,,,,,,BSM Women Kurta Pant Dupatta Set,BSM,,,,,,
,,,,,,,BSM Women Kurta Pant Dupatta Set,BSM,,,,,,
,,,,,,,PEHNAVAA Women Kurta Pant Dupatta Set,PEHNAVAA,,,,,,
,,,,,,,BSM Women Kurta Pant Dupatta Set,BSM,,,,,,
,,,,,,,BSM Women Kurta Pant Dupatta Set,BSM,,,,,,
,,,,,,,BSM Women Kurta Pant Dupatta Set,BSM,,,,,,
,,,,,,,BSM Women Kurta Pant Dupatta Set,BSM,,,,,,
2152,62278194cb8f43c3,PARMAR ENTERPRISE,Yes,silver,2020-03-13,2020-06-25,,,,,,,,
2153,e56177f962764760,Atiqtextile,No,silver,2022-12-13,2023-01-07,Atiqtextile Women Kurta Set,Atiqtextile,Possibly a Seller,,+917417353488,+919897653488,atiqansari903@gmail.com,atiqansari903@gmail.com
,,,,,,,Atiqtextile Women Kurta Pant Set,Atiqtextile,,,,,,
,,,,,,,Atiqtextile Women Kurta Pant Set,Atiqtextile,,,,,,
,,,,,,,atiqtextiles Women Kurta Pant Set,atiqtextiles,,,,,,
,,,,,,,"Atiqtextile Casual Printed, Floral Print Women Red, Black Top",Atiqtextile,,,,,,
,,,,,,,atiqtextiles Women Kurta and Pant Set,atiqtextiles,,,,,,
,,,,,,,Atiqtextile Women Kurta Pant Set,Atiqtextile,,,,,,
,,,,,,,Leafhandlooms Women Kurta and Pant Set,Leafhandlooms,,,,,,
,,,,,,,Atiqtextile Women Kurta Pant Dupatta Set,Atiqtextile,,,,,,
,,,,,,,Atiqtextile Women Kurta Set,Atiqtextile,,,,,,
,,,,,,,"Atiqtextile Casual Printed, Floral Print Women Black, Pink Top",Atiqtextile,,,,,,
,,,,,,,"Atiqtexile Casual Floral Print Women Green, White Top",Atiqtexile,,,,,,
,,,,,,,Atiqtextile Women Kurta Pant Dupatta Set,Atiqtextile,,,,,,
,,,,,,,Atiqtextile Women Kurta Pant Set,Atiqtextile,,,,,,
,,,,,,,atiqtextiles Women Kurta and Pant Set,atiqtextiles,,,,,,
,,,,,,,atiqtextiles Women Kurta Pant Set,atiqtextiles,,,,,,
,,,,,,,Atiqtextile Women Kurta Pant Dupatta Set,Atiqtextile,,,,,,
,,,,,,,"Atiqtexile Casual Floral Print Women Green, White Top",Atiqtexile,,,,,,
,,,,,,,atiqtextiles Women Kurta and Pant Set,atiqtextiles,,,,,,
,,,,,,,Atiqtextile Women Kurta Pant Set,Atiqtextile,,,,,,
2154,dd13d8dfcc844631,YESHMINEFASHION,No,bronze,2025-12-11,2025-12-13,"YESHMIN Women Checkered, Solid Straight Kurta (Red)",YESHMIN,Possibly a Brand,YESHMIN,+919382383968,+919382383968,yesmine875@gmail.com,yesmine875@gmail.com
,,,,,,,YESHMIN Women Checkered Straight Kurta (Blue),YESHMIN,,,,,,
,,,,,,,YESHMIN Women Geometric Print Straight Kurta (Red),YESHMIN,,,,,,
,,,,,,,"YESHMIN Women Printed, Ikat, Geometric Print Straight Kurta (Pink)",YESHMIN,,,,,,
,,,,,,,"YESHMIN Women Geometric Print, Woven Design, Solid, Colorblock Straight Kurta (Green)",YESHMIN,,,,,,
,,,,,,,YESHMIN Women Geometric Print Straight Kurta (White),YESHMIN,,,,,,
,,,,,,,YESHMIN Women Printed Straight Kurta (Yellow),YESHMIN,,,,,,
,,,,,,,"YESHMIN Women Checkered, Solid Straight Kurta (Red)",YESHMIN,,,,,,
,,,,,,,YESHMIN Women Colorblock Straight Kurta (Red),YESHMIN,,,,,,
,,,,,,,YESHMIN Women Printed Straight Kurta (Yellow),YESHMIN,,,,,,
,,,,,,,YESHMIN Women Checkered Straight Kurta (Blue),YESHMIN,,,,,,
,,,,,,,"YESHMIN Women Printed, Geometric Print, Tribal, Embellished Straight Kurta (Yellow)",YESHMIN,,,,,,
,,,,,,,YESHMIN Women Checkered Straight Kurta (Blue),YESHMIN,,,,,,
,,,,,,,"YESHMIN Women Printed, Geometric Print, Ikat, Embroidered Straight Kurta (Pink)",YESHMIN,,,,,,
,,,,,,,"YESHMIN Women Checkered, Solid Straight Kurta (Pink)",YESHMIN,,,,,,
,,,,,,,"YESHMIN Women Solid, Geometric Print, Woven Design, Ikat, Colorblock Straight Kurta (White)",YESHMIN,,,,,,
,,,,,,,"YESHMIN Women Checkered, Solid Straight Kurta (Pink)",YESHMIN,,,,,,
,,,,,,,YESHMIN Women Patchwork Straight Kurta (Red),YESHMIN,,,,,,
,,,,,,,YESHMIN Women Geometric Print Straight Kurta (White),YESHMIN,,,,,,
,,,,,,,YESHMIN Women Checkered Straight Kurta (Blue),YESHMIN,,,,,,
2155,ac7d738bc9114b93,Maccoluxe,No,bronze,2026-02-27,2026-03-05,BGee Men Printed Casual Multicolor Shirt,BGee,Possibly a Seller,,+917043025541,+917043025541,bgeefabtexindiapvtltd@gmail.com,bgeefabtexindiapvtltd@gmail.com
,,,,,,,BGee Regular Fit Men Grey Trousers,BGee,,,,,,
,,,,,,,BGee Men Printed Casual Multicolor Shirt,BGee,,,,,,
,,,,,,,Maccoluxe Straight Fit Men Beige Trousers,Maccoluxe,,,,,,
,,,,,,,BGee Cotton Queen Flat 210 TC Striped 1 Bedsheet (Light Grey),BGee,,,,,,
,,,,,,,Maccoluxe Women Kurta Palazzo Set,Maccoluxe,,,,,,
,,,,,,,Maccoluxe Men Printed Beach Wear Multicolor Shirt,Maccoluxe,,,,,,
,,,,,,,"Maccoluxe Satin, Cotton Super King Flat 300 TC Striped 1 Bedsheet (Maroon)",Maccoluxe,,,,,,
,,,,,,,BGee Cotton Queen Flat 210 TC Striped 1 Bedsheet with 2 Pillow Covers (Dark Blue),BGee,,,,,,
,,,,,,,BGee Men Self Design Casual Purple Shirt,BGee,,,,,,
,,,,,,,BGee Men Self Design Casual Brown Shirt,BGee,,,,,,
,,,,,,,BGee Regular Fit Men Grey Trousers,BGee,,,,,,
,,,,,,,BGee Men Self Design Casual White Shirt,BGee,,,,,,
,,,,,,,BGee Men Self Design Casual Purple Shirt,BGee,,,,,,
,,,,,,,"Maccoluxe Satin, Cotton Queen Flat 300 TC Striped 1 Bedsheet (Dark Navy Blue)",Maccoluxe,,,,,,
,,,,,,,BGee Cotton King Flat 210 TC Striped 1 AC Bedsheet with 2 Pillow Covers (Maroon),BGee,,,,,,
,,,,,,,BGee Men Solid Casual Green Shirt,BGee,,,,,,
,,,,,,,Maccoluxe Women Kurta Palazzo Set,Maccoluxe,,,,,,
,,,,,,,Maccoluxe Women Kurta Palazzo Set,Maccoluxe,,,,,,
,,,,,,,Maccoluxe Women Kurta Palazzo Set,Maccoluxe,,,,,,
2156,410b502b31084b09,Decoraash,No,bronze,2024-01-19,2025-05-29,Decoraash Women Printed Straight Kurta (Multicolor),Decoraash,Possibly a Brand,Decoraash,+918080533669,+918080533669,ayushtalreja558@gmail.com,ayushtalreja558@gmail.com
,,,,,,,Decoraash Women Printed Straight Kurta (Multicolor),Decoraash,,,,,,
,,,,,,,Decoraash Women Printed Straight Kurta (Multicolor),Decoraash,,,,,,
,,,,,,,Decoraash Women Printed Straight Kurta (Multicolor),Decoraash,,,,,,
,,,,,,,Decoraash Women Printed Straight Kurta (Multicolor),Decoraash,,,,,,
,,,,,,,Decoraash Women Kurta Pant Dupatta Set,Decoraash,,,,,,
,,,,,,,Decoraash Women Printed Straight Kurta (Multicolor),Decoraash,,,,,,
,,,,,,,Decoraash Women Kurta Pant Dupatta Set,Decoraash,,,,,,
,,,,,,,Decoraash Women Kurta Pant Set,Decoraash,,,,,,
,,,,,,,Decoraash Women Printed Straight Kurta (Multicolor),Decoraash,,,,,,
,,,,,,,Decoraash Women Printed Straight Kurta (Multicolor),Decoraash,,,,,,
,,,,,,,Decoraash Women Printed Straight Kurta (Multicolor),Decoraash,,,,,,
,,,,,,,Decoraash Women Printed Straight Kurta (Multicolor),Decoraash,,,,,,
,,,,,,,Decoraash Women Printed Straight Kurta (Multicolor),Decoraash,,,,,,
,,,,,,,Decoraash Women Kurta Pant Set,Decoraash,,,,,,
,,,,,,,Decoraash Women Kurta Pant Set,Decoraash,,,,,,
,,,,,,,Decoraash Women Printed Straight Kurta (Multicolor),Decoraash,,,,,,
,,,,,,,Decoraash Women Printed Straight Kurta (Multicolor),Decoraash,,,,,,
,,,,,,,Decoraash Women Printed Straight Kurta (Multicolor),Decoraash,,,,,,
,,,,,,,Decoraash Women Printed Straight Kurta (Multicolor),Decoraash,,,,,,
2157,b0ccdbcc43e6445f,STYLETHEFACTORY,No,silver,2026-05-07,2026-06-07,The Style Factory Women Kurta Pant Dupatta Set,The Style Factory,Possibly a Brand,The Style Factory,+916376915910,+916376915910,factorythestyle3@gmail.com,factorythestyle3@gmail.com
,,,,,,,The Style Factory Women Kurta Pant Dupatta Set,The Style Factory,,,,,,
,,,,,,,The Style Factory Women Kurta Pant Dupatta Set,The Style Factory,,,,,,
,,,,,,,The Style Factory Women Kurta Pant Set,The Style Factory,,,,,,
,,,,,,,The Style Factory Formal Floral Print Women Blue Top,The Style Factory,,,,,,
,,,,,,,The Style Factory Women Kurti Pant Set,The Style Factory,,,,,,
,,,,,,,The Style Factory Women Kurta Pant Dupatta Set,The Style Factory,,,,,,
,,,,,,,The Style Factory Women Kurta Pant Set,The Style Factory,,,,,,
,,,,,,,The Style Factory Women Kurti Pant Set,The Style Factory,,,,,,
,,,,,,,The Style Factory Women Kurta Pant Set,The Style Factory,,,,,,
,,,,,,,The Style Factory Women Kurta Pant Set,The Style Factory,,,,,,
,,,,,,,The Style Factory Women Kurti Pant Set,The Style Factory,,,,,,
,,,,,,,The Style Factory Women Kurti Pant Set,The Style Factory,,,,,,
,,,,,,,The Style Factory Women Kurta Pant Set,The Style Factory,,,,,,
,,,,,,,The Style Factory Women Kurta Pant Dupatta Set,The Style Factory,,,,,,
,,,,,,,The Style Factory Formal Floral Print Women Pink Top,The Style Factory,,,,,,
,,,,,,,The Style Factory Women Kurti Pant Set,The Style Factory,,,,,,
,,,,,,,The Style Factory Women Kurta Pant Dupatta Set,The Style Factory,,,,,,
,,,,,,,The Style Factory Women Kurta Pant Dupatta Set,The Style Factory,,,,,,
,,,,,,,The Style Factory Women Kurta Pant Dupatta Set,The Style Factory,,,,,,
2158,7fa88ec016a5478b,DSCOLLECTIONJAIPUR,Yes,silver,2026-05-18,2026-05-20,,,,,,,,
2159,41d786053cea4140,ITHAZHYAZ,No,bronze,2025-01-21,2025-01-23,ITHAZHYAZ Floral Print Saree with Attached Blouse Cotton Linen Saree (Red),ITHAZHYAZ,Possibly a Brand,ITHAZHYAZ,+918248598794,+918248598794,ithazhyaenterprises@gmail.com,ithazhyaenterprises@gmail.com
,,,,,,,ITHAZHYAZ Floral Print Banarasi Pure Cotton Saree (Pink),ITHAZHYAZ,,,,,,
,,,,,,,ITHAZHYAZ Floral Print Saree with Attached Blouse Pure Cotton Saree (Pink),ITHAZHYAZ,,,,,,
,,,,,,,"ITHAZHYAZ Floral Print Banarasi Tissue, Cotton Silk Saree (Maroon)",ITHAZHYAZ,,,,,,
,,,,,,,ITHAZHYAZ Floral Print Banarasi Pure Silk Saree (Pink),ITHAZHYAZ,,,,,,
,,,,,,,ITHAZHYAZ Floral Print Banarasi Pure Silk Saree (Pink),ITHAZHYAZ,,,,,,
,,,,,,,ITHAZHYAZ Floral Print Saree with Attached Blouse Pure Cotton Saree (Blue),ITHAZHYAZ,,,,,,
,,,,,,,ITHAZHYAZ Floral Print Saree with Attached Blouse Pure Cotton Saree (Multicolor),ITHAZHYAZ,,,,,,
,,,,,,,ITHAZHYAZ Floral Print Banarasi Pure Silk Saree (Silver),ITHAZHYAZ,,,,,,
,,,,,,,ITHAZHYAZ Floral Print Banarasi Pure Silk Saree (Red),ITHAZHYAZ,,,,,,
,,,,,,,ITHAZHYAZ Floral Print Saree with Attached Blouse Pure Cotton Saree (Pink),ITHAZHYAZ,,,,,,
,,,,,,,ITHAZHYAZ Floral Print Banarasi Pure Silk Saree (Brown),ITHAZHYAZ,,,,,,
,,,,,,,ITHAZHYAZ Floral Print Banarasi Pure Cotton Saree (Yellow),ITHAZHYAZ,,,,,,
,,,,,,,ITHAZHYAZ Floral Print Banarasi Pure Cotton Saree (Maroon),ITHAZHYAZ,,,,,,
,,,,,,,ITHAZHYA ENTERPRISES Woven Handloom Silk Blend Saree (Blue),ITHAZHYA ENTERPRISES,,,,,,
,,,,,,,"ITHAZHYA ENTERPRISES Woven, Striped Handloom Silk Blend Saree (Dark Green)",ITHAZHYA ENTERPRISES,,,,,,
,,,,,,,ITHAZHYA ENTERPRISES Woven Banarasi Silk Blend Saree (Pink),ITHAZHYA ENTERPRISES,,,,,,
,,,,,,,ITHAZHYA ENTERPRISES Woven Handloom Silk Blend Saree (Multicolor),ITHAZHYA ENTERPRISES,,,,,,
,,,,,,,"ITHAZHYA ENTERPRISES Woven, Temple Border Handloom Silk Blend Saree (Green)",ITHAZHYA ENTERPRISES,,,,,,
,,,,,,,"ITHAZHYA ENTERPRISES Floral Print, Woven Handloom Silk Blend Saree (Maroon)",ITHAZHYA ENTERPRISES,,,,,,
2160,6cb047d801fa4a5a,YashBhaliya,No,bronze,2024-02-23,2024-02-25,"MANISHA Digital Print, Floral Print Bollywood Georgette Saree (Blue)",MANISHA,Possibly a Brand,MANISHA,+919081906450,+919081906450,bhaliyayash595@gmail.com,bhaliyayash595@gmail.com
,,,,,,,"MANISHA Digital Print, Floral Print Bollywood Georgette Saree (Red)",MANISHA,,,,,,
,,,,,,,MANISHA Embellished Bollywood Georgette Saree (Red),MANISHA,,,,,,
,,,,,,,MANISHA Embellished Bollywood Georgette Saree (Blue),MANISHA,,,,,,
,,,,,,,MANISHA Digital Print Bollywood Pure Silk Saree (Purple),MANISHA,,,,,,
,,,,,,,MANISHA Digital Print Bollywood Pure Silk Saree (Maroon),MANISHA,,,,,,
,,,,,,,"MANISHA Digital Print, Floral Print Bollywood Georgette Saree (Blue)",MANISHA,,,,,,
,,,,,,,MANISHA Digital Print Bollywood Pure Silk Saree (Pink),MANISHA,,,,,,
,,,,,,,MANISHA Floral Print Arani Pattu Art Silk Saree (Yellow),MANISHA,,,,,,
,,,,,,,MANISHA Solid/Plain Bollywood Jacquard Saree (Purple),MANISHA,,,,,,
,,,,,,,YG BHALIYA Animal Print Arani Pattu Art Silk Saree (Maroon),YG BHALIYA,,,,,,
,,,,,,,MANISHA Digital Print Bollywood Pure Silk Saree (Maroon),MANISHA,,,,,,
,,,,,,,YG BHALIYA Embellished Arani Pattu Art Silk Saree (Red),YG BHALIYA,,,,,,
,,,,,,,MANISHA Digital Print Bollywood Pure Silk Saree (Dark Green),MANISHA,,,,,,
,,,,,,,MANISHA Digital Print Bollywood Pure Silk Saree (Dark Blue),MANISHA,,,,,,
,,,,,,,YG BHALIYA Printed Arani Pattu Jacquard Saree (Green),YG BHALIYA,,,,,,
,,,,,,,"MANISHA Floral Print, Printed Bollywood Pure Silk Saree (Maroon)",MANISHA,,,,,,
,,,,,,,"MANISHA Embellished, Solid/Plain, Self Design Bollywood Georgette Saree (Dark Green)",MANISHA,,,,,,
,,,,,,,MANISHA Animal Print Arani Pattu Art Silk Saree (Maroon),MANISHA,,,,,,
,,,,,,,MANISHA Woven Bollywood Linen Saree (Purple),MANISHA,,,,,,
2161,34ba638aad134556,ABQAIMPEX,No,bronze,2021-12-14,2021-12-30,Abqa Women Kurta Pant Dupatta Set,Abqa,Possibly a Brand,ABQA IMPEX,+919690267861,+919690267861,abqaimpex@gmail.com,abqaimpex@gmail.com
,,,,,,,ABQA IMPEX Women Kurta Pant Attached Dupatta Set,ABQA IMPEX,,,,,,
,,,,,,,ABQA IMPEX Women Ethnic Top Dhoti Pant Set,ABQA IMPEX,,,,,,
,,,,,,,ABQA IMPEX Women Kurta Pant Set,ABQA IMPEX,,,,,,
,,,,,,,ABQA IMPEX Women Kurta Pant Set,ABQA IMPEX,,,,,,
,,,,,,,ABQA IMPEX Women Kurta Pant Set,ABQA IMPEX,,,,,,
,,,,,,,ABQA IMPEX Women Kurta Pant Attached Dupatta Set,ABQA IMPEX,,,,,,
,,,,,,,ABQA IMPEX Women Kurta Dhoti Pant Set,ABQA IMPEX,,,,,,
,,,,,,,Abqa Women Kurta Pant Dupatta Set,Abqa,,,,,,
,,,,,,,ABQA IMPEX Women Kurta Pant Attached Dupatta Set,ABQA IMPEX,,,,,,
,,,,,,,Abqa Women Kurta Pant Dupatta Set,Abqa,,,,,,
,,,,,,,ABQA IMPEX Women Kurta Pant Set,ABQA IMPEX,,,,,,
,,,,,,,ABQA IMPEX Women Kurta Palazzo Set,ABQA IMPEX,,,,,,
,,,,,,,ABQA IMPEX Women Kurta Palazzo Set,ABQA IMPEX,,,,,,
,,,,,,,ABQA IMPEX Women Kurta Pant Set,ABQA IMPEX,,,,,,
,,,,,,,Abqa Women Kurta Pant Dupatta Set,Abqa,,,,,,
,,,,,,,ABQA IMPEX Women Kurta Palazzo Set,ABQA IMPEX,,,,,,
,,,,,,,ABQA IMPEX Women Kurta Palazzo Set,ABQA IMPEX,,,,,,
,,,,,,,ABQA IMPEX Women Kurta Pant Attached Dupatta Set,ABQA IMPEX,,,,,,
,,,,,,,ABQA IMPEX Women Kurta Pant Attached Dupatta Set,ABQA IMPEX,,,,,,
2162,cead401941f444a1,SHREEJIPRINTS,Yes,silver,2017-12-05,2017-12-13,,,,,,,,
2163,ca1cc78c68c04b6c,Nir Fashion,No,bronze,2019-06-21,2019-07-03,Miara Anarkali Gown (Blue),Miara,Possibly a Brand,Miara,+919157993582,+919157993582,nirfashion123@gmail.com,nirfashion123@gmail.com
,,,,,,,HouseOfCommon Anarkali Gown (Black),HouseOfCommon,,,,,,
,,,,,,,Miara Anarkali Gown (Purple),Miara,,,,,,
,,,,,,,Miara Anarkali Gown (Purple),Miara,,,,,,
,,,,,,,Miara Anarkali Gown (Purple),Miara,,,,,,
,,,,,,,HouseOfCommon Anarkali Gown (Red),HouseOfCommon,,,,,,
,,,,,,,"Miara Applique Kurta, Trouser/Pant & Dupatta Set",Miara,,,,,,
,,,,,,,Miara Anarkali Gown (Black),Miara,,,,,,
,,,,,,,Miara Anarkali Gown (Purple),Miara,,,,,,
,,,,,,,Miara Anarkali Gown (Purple),Miara,,,,,,
,,,,,,,Miara Anarkali Gown (Red),Miara,,,,,,
,,,,,,,HouseOfCommon Anarkali Gown (Red),HouseOfCommon,,,,,,
,,,,,,,"Miara Applique Kurta, Trouser/Pant & Dupatta Set",Miara,,,,,,
,,,,,,,Miara Anarkali Gown (Purple),Miara,,,,,,
,,,,,,,Miara Anarkali Gown (Purple),Miara,,,,,,
,,,,,,,Miara Anarkali Gown (Purple),Miara,,,,,,
,,,,,,,Miara Anarkali Gown (Red),Miara,,,,,,
,,,,,,,Miara Anarkali Gown (Red),Miara,,,,,,
,,,,,,,Miara Anarkali Gown (Purple),Miara,,,,,,
,,,,,,,Miara Anarkali Gown (Purple),Miara,,,,,,
2164,aee279fcce184796,BABA KURTI,Yes,silver,2019-04-11,2019-05-25,,,,,,,,
2165,23d5796be3b947b6,KiAndPa,No,silver,2025-06-08,2025-06-18,KIPABOUTIQUE Casual Floral Print Women Red Top,KIPABOUTIQUE,Possibly a Brand,KIPABOUTIQUE,+917367012117,+917367012117,kipaboutiqe.com@gmail.com,kipaboutiqe.com@gmail.com
,,,,,,,KIPABOUTIQUE Women Kurta Pant Dupatta Set,KIPABOUTIQUE,,,,,,
,,,,,,,KIPABOUTIQUE Women Kurta Pant Dupatta Set,KIPABOUTIQUE,,,,,,
,,,,,,,KIPABOUTIQUE Women Kurta Pant Set,KIPABOUTIQUE,,,,,,
,,,,,,,KIPABOUTIQUE Women Kurta Pant Set,KIPABOUTIQUE,,,,,,
,,,,,,,KIPABOUTIQUE Women Kurta Pant Set,KIPABOUTIQUE,,,,,,
,,,,,,,KIPABOUTIQUE Women Kurta Pant Set,KIPABOUTIQUE,,,,,,
,,,,,,,"KIPABOUTIQUE Floral Print Kurta, Palazzo & Dupatta Set",KIPABOUTIQUE,,,,,,
,,,,,,,KIPABOUTIQUE Women Kurta Pant Dupatta Set,KIPABOUTIQUE,,,,,,
,,,,,,,KIPABOUTIQUE Women Kurti Dhoti Pant Set,KIPABOUTIQUE,,,,,,
,,,,,,,KIPABOUTRIQUE Women Kurti Palazzo Set,KIPABOUTRIQUE,,,,,,
,,,,,,,KIPABOUTIQUE Women Kurta Pant Set,KIPABOUTIQUE,,,,,,
,,,,,,,KIPABOUTIQUE Women Kurta Pant Set,KIPABOUTIQUE,,,,,,
,,,,,,,KIPABOUTIQUE Women Kurti Palazzo Set,KIPABOUTIQUE,,,,,,
,,,,,,,"KIPABOUTIQUE Floral Print Kurta, Trouser/Pant & Dupatta Set",KIPABOUTIQUE,,,,,,
,,,,,,,KIPABOUTIQUE Women Kurta Pant Set,KIPABOUTIQUE,,,,,,
,,,,,,,"KIPABOUTIQUE Solid Kurta, Salwar & Dupatta Set",KIPABOUTIQUE,,,,,,
,,,,,,,KIPABOUTIQUE Women Kurti Palazzo Set,KIPABOUTIQUE,,,,,,
,,,,,,,KIPABOUTIQUE Women Kurta Pant Set,KIPABOUTIQUE,,,,,,
,,,,,,,KIPABOUTIQUE Women Kurti Palazzo Dupatta Set,KIPABOUTIQUE,,,,,,
2166,e28ac832708c4e2f,Rangzaib,No,silver,2026-07-05,2026-07-05,cirenEG Women Kurta Pyjama Dupatta Set,cirenEG,Possibly a Seller,,+918700615365,+918700615365,hurainshahzad2915@gmail.com,hurainshahzad2915@gmail.com
,,,,,,,cirenEG Women Kurta Pyjama Dupatta Set,cirenEG,,,,,,
,,,,,,,cirenEG Women Kurta Pyjama Dupatta Set,cirenEG,,,,,,
,,,,,,,cirenEG Women Kurta Pyjama Dupatta Set,cirenEG,,,,,,
,,,,,,,cirenEG Women Kurta Pyjama Dupatta Set,cirenEG,,,,,,
,,,,,,,cirenEG Women Kurta Pyjama Dupatta Set,cirenEG,,,,,,
,,,,,,,cirenEG Women Kurta Pyjama Dupatta Set,cirenEG,,,,,,
2167,927bc1e2063248fa,KridhaImpex,Yes,silver,2022-05-12,2022-05-12,,,,,,,,
2168,50596e68558f4c62,RIDDHIFASHIONMANSUKH,Yes,silver,2026-03-31,2026-04-02,,,,,,,,
2169,1c9e5bf6d57c4ad3,Saptrika,No,silver,2022-04-29,2022-05-05,Saptrika Women Kurta Palazzo Set,Saptrika,Possibly a Brand,Saptrika,+917014667029,+917014763338,neelkanthtxtjpr@gmail.com,neelkanthtxtjpr@gmail.com
,,,,,,,Saptrika Women Kurta Palazzo Set,Saptrika,,,,,,
,,,,,,,Saptrika Women Kurta Palazzo Set,Saptrika,,,,,,
,,,,,,,Saptrika Women Kurta Palazzo Set,Saptrika,,,,,,
,,,,,,,Saptrika Women Kurta Palazzo Set,Saptrika,,,,,,
,,,,,,,Saptrika Women Kurta Palazzo Set,Saptrika,,,,,,
,,,,,,,Saptrika Women Kurta Pant Set,Saptrika,,,,,,
,,,,,,,Saptrika Women Kurta Pant Set,Saptrika,,,,,,
,,,,,,,Saptrika Women Kurta Pant Set,Saptrika,,,,,,
,,,,,,,Saptrika Women Kurti Pant Set,Saptrika,,,,,,
,,,,,,,Saptrika Women Kurti Pant Set,Saptrika,,,,,,
,,,,,,,Saptrika Women Kurti Pant Set,Saptrika,,,,,,
,,,,,,,Saptrika Women Kurti Pant Set,Saptrika,,,,,,
,,,,,,,Saptrika Women Kurti Pant Set,Saptrika,,,,,,
,,,,,,,Saptrika Women Kurti Pant Set,Saptrika,,,,,,
,,,,,,,Saptrika Women Kurti Pant Set,Saptrika,,,,,,
,,,,,,,Saptrika Women Kurti Pant Set,Saptrika,,,,,,
,,,,,,,Saptrika Women Fit and Flare Multicolor Midi/Calf Length Dress,Saptrika,,,,,,
,,,,,,,Saptrika Women Kurti Pant Set,Saptrika,,,,,,
,,,,,,,Saptrika Women Fit and Flare Red Midi/Calf Length Dress,Saptrika,,,,,,
2170,56fe361c04f548c1,ShyamCollection01,No,silver,2026-05-02,2026-05-05,Shyam Collection Women Kurta Pant Set,Shyam Collection,Possibly a Brand,tavira,+917409156460,+917409156460,garghariom123@gmail.com,garghariom123@gmail.com
,,,,,,,tavira Women Kurti Pyjama Dupatta Set,tavira,,,,,,
,,,,,,,tavira Women Kurti Pyjama Dupatta Set,tavira,,,,,,
,,,,,,,tavira Women Kurti Pyjama Dupatta Set,tavira,,,,,,
,,,,,,,tavira Women Floral Print Straight Kurta (Beige),tavira,,,,,,
,,,,,,,tavira Women Kurti Pyjama Dupatta Set,tavira,,,,,,
,,,,,,,tavira Women Kurti Pyjama Dupatta Set,tavira,,,,,,
,,,,,,,tavira Women Kurti Pyjama Dupatta Set,tavira,,,,,,
,,,,,,,tavira Women Kurti Pyjama Dupatta Set,tavira,,,,,,
,,,,,,,tavira Women Kurti Pyjama Dupatta Set,tavira,,,,,,
,,,,,,,tavira Women Floral Print Straight Kurta (Beige),tavira,,,,,,
,,,,,,,tavira Women Kurti Pyjama Dupatta Set,tavira,,,,,,
,,,,,,,tavira Women Kurti Pyjama Dupatta Set,tavira,,,,,,
,,,,,,,tavira Women Kurti Pyjama Dupatta Set,tavira,,,,,,
,,,,,,,tavira Women Kurti Pyjama Dupatta Set,tavira,,,,,,
,,,,,,,tavira Women Kurti Pyjama Dupatta Set,tavira,,,,,,
,,,,,,,tavira Women Kurti Pyjama Dupatta Set,tavira,,,,,,
,,,,,,,tavira Women Kurti Pyjama Dupatta Set,tavira,,,,,,
,,,,,,,tavira Women Kurti Pyjama Set,tavira,,,,,,
,,,,,,,tavira Women Floral Print Straight Kurta (Beige),tavira,,,,,,
2171,76d1de7f498d4bf3,SAVIFASHIONAPPREALS,Yes,silver,2022-02-04,2022-02-12,,,,,,,,
2172,c4644361771447fb,KVENTERPRISEKV,Yes,gold,2023-12-10,2024-04-12,,,,,,,,
2173,472e11fc1df54774,EARTHAPPAREL,No,silver,2026-01-06,2026-01-09,EARTHAPPARE Women Kurta Pant Dupatta Set,EARTHAPPARE,Possibly a Seller,,+919727996374,+919727996374,earthapparel11@gmail.com,earthapparel11@gmail.com
,,,,,,,EARTHAPPAREL Women Kurta Pant Dupatta Set,EARTHAPPAREL,,,,,,
,,,,,,,EARTHAPPARE Women Kurta Pant Dupatta Set,EARTHAPPARE,,,,,,
,,,,,,,EARTHAPPAREL Women Kurta Pant Dupatta Set,EARTHAPPAREL,,,,,,
,,,,,,,EARTHAPPAREL Women Kurta Pant Dupatta Set,EARTHAPPAREL,,,,,,
,,,,,,,EARTHAPPARE Women Kurta Pant Dupatta Set,EARTHAPPARE,,,,,,
,,,,,,,EARTHAPPAREL Women Kurta Pant Dupatta Set,EARTHAPPAREL,,,,,,
,,,,,,,EARTHAPPARE Women Kurta Pant Dupatta Set,EARTHAPPARE,,,,,,
,,,,,,,EARTHAPPARE Women Kurta Pant Dupatta Set,EARTHAPPARE,,,,,,
,,,,,,,EARTHAPPARE Women Kurta Pant Dupatta Set,EARTHAPPARE,,,,,,
,,,,,,,EARTHAPPARE Women Kurta Pant Dupatta Set,EARTHAPPARE,,,,,,
,,,,,,,EARTHAPPAREL Women Kurta Pant Dupatta Set,EARTHAPPAREL,,,,,,
,,,,,,,EARTHAPPARE Women Kurta Pant Dupatta Set,EARTHAPPARE,,,,,,
,,,,,,,EARTHAPPAREL Women Kurta Pant Dupatta Set,EARTHAPPAREL,,,,,,
,,,,,,,EARTHAPPAREL Women Kurta Pant Dupatta Set,EARTHAPPAREL,,,,,,
,,,,,,,EARTHAPPARE Women Kurta Pant Dupatta Set,EARTHAPPARE,,,,,,
,,,,,,,EARTHAPPARE Women Kurta Pant Dupatta Set,EARTHAPPARE,,,,,,
,,,,,,,EARTHAPPAREL Women Kurta Pant Dupatta Set,EARTHAPPAREL,,,,,,
,,,,,,,EARTHAPPARE Women Kurta Pant Dupatta Set,EARTHAPPARE,,,,,,
,,,,,,,EARTHAPPARE Women Kurta Pant Dupatta Set,EARTHAPPARE,,,,,,
2174,be83e420e0bf493d,DressCraft,No,bronze,2025-06-20,2025-06-24,DRESS CRAFT Women Kurta Pyjama Set,DRESS CRAFT,Possibly a Seller,,+918396088534,+918396088534,dresscraft2025@gmail.com,dresscraft2025@gmail.com
,,,,,,,DRESS CRAFT Women Kurta Pyjama Set,DRESS CRAFT,,,,,,
,,,,,,,DRES CRAFTSS Women Printed White Night Suit Set,DRES CRAFTSS,,,,,,
,,,,,,,DRESS CRAFT Women Printed Green Night Suit Set,DRESS CRAFT,,,,,,
,,,,,,,DRESS CRAFT Women Kurta Palazzo Set,DRESS CRAFT,,,,,,
,,,,,,,HouseOfCommon Women Kurta Pyjama Set,HouseOfCommon,,,,,,
,,,,,,,DRESS CRAFT Women Kurta Salwar Set,DRESS CRAFT,,,,,,
,,,,,,,DRESS CRAFT Women Kurta Pyjama Set,DRESS CRAFT,,,,,,
,,,,,,,DRESS CRAFT Women Kurta Pyjama Set,DRESS CRAFT,,,,,,
,,,,,,,HOC Women Printed White Night Suit Set,HOC,,,,,,
,,,,,,,DRES CRAFTS Women Kurta Pant Set,DRES CRAFTS,,,,,,
,,,,,,,DRESS CRAFT Women Kurta Pyjama Set,DRESS CRAFT,,,,,,
,,,,,,,HOC Women Printed Multicolor Night Suit Set,HOC,,,,,,
,,,,,,,DRESS CRAFT Women Kurta Pyjama Set,DRESS CRAFT,,,,,,
,,,,,,,DRES CRAFTS Women Kurta Pant Set,DRES CRAFTS,,,,,,
,,,,,,,DRES CRAFTS Women Kurta Pyjama Set,DRES CRAFTS,,,,,,
,,,,,,,DRES CRAFTSS Women Printed Pink Night Suit Set,DRES CRAFTSS,,,,,,
,,,,,,,DRES CRAFTSS Women Printed Multicolor Night Suit Set,DRES CRAFTSS,,,,,,
,,,,,,,DRESS CRAFT Women Kurta Pyjama Set,DRESS CRAFT,,,,,,
,,,,,,,DRES CRAFTSS Women Printed Multicolor Night Suit Set,DRES CRAFTSS,,,,,,
2175,dd7d50b93b7e4fd2,SanciaCollection,No,silver,2020-06-02,2020-07-20,SANCIA Women Ethnic Top Palazzo Ethnic Jacket Set,SANCIA,Possibly a Brand,SANCIA,+917043451788,+917043451788,sancia055@gmail.com,sancia055@gmail.com
,,,,,,,SANCIA Women Crop Top Palazzo Ethnic Jacket Set,SANCIA,,,,,,
,,,,,,,SANCIA Women Kurta Sharara Dupatta Set,SANCIA,,,,,,
,,,,,,,SANCIA Women Ethnic Top Palazzo Ethnic Jacket Set,SANCIA,,,,,,
,,,,,,,SANCIA Women Ethnic Top Palazzo Ethnic Jacket Set,SANCIA,,,,,,
,,,,,,,SANCIA Women Ethnic Top Palazzo Set,SANCIA,,,,,,
,,,,,,,SANCIA Women Crop Top Palazzo Ethnic Jacket Set,SANCIA,,,,,,
,,,,,,,SANCIA Women Ethnic Top Palazzo Ethnic Jacket Set,SANCIA,,,,,,
,,,,,,,SANCIA Women Kurta Sharara Set,SANCIA,,,,,,
,,,,,,,SANCIA Women Ethnic Top Palazzo Set,SANCIA,,,,,,
,,,,,,,SANCIA Women Kurta Sharara Set,SANCIA,,,,,,
,,,,,,,SANCIA Women Ethnic Top Palazzo Dupatta Set,SANCIA,,,,,,
,,,,,,,SANCIA Women Ethnic Top Palazzo Dupatta Set,SANCIA,,,,,,
,,,,,,,SANCIA Women Ethnic Top Palazzo Dupatta Set,SANCIA,,,,,,
,,,,,,,SANCIA Women Ethnic Top Palazzo Dupatta Set,SANCIA,,,,,,
,,,,,,,SANCIA Women Kurta Sharara Set,SANCIA,,,,,,
,,,,,,,SANCIA Women Kurta and Sharara Set,SANCIA,,,,,,
,,,,,,,SANCIA Women Ethnic Top Palazzo Dupatta Set,SANCIA,,,,,,
,,,,,,,SANCIA Women Kurta Sharara Set,SANCIA,,,,,,
,,,,,,,SANCIA Women Ethnic Top Palazzo Dupatta Set,SANCIA,,,,,,
2176,28efdac30cac49ee,Etihadgroup,No,silver,2025-05-16,2025-12-13,dilco Women Kurta Palazzo Attached Dupatta Set,dilco,Possibly a Brand,dilco,+919108845786,+919108845786,moinuddion@gmail.com,moinuddion@gmail.com
,,,,,,,dilco Women Kurta Palazzo Attached Dupatta Set,dilco,,,,,,
,,,,,,,dilco Women Kurta Palazzo Attached Dupatta Set,dilco,,,,,,
,,,,,,,dilco Women Kurta Palazzo Attached Dupatta Set,dilco,,,,,,
,,,,,,,dilco Women Kurta Palazzo Attached Dupatta Set,dilco,,,,,,
,,,,,,,dilco Women Kurta Palazzo Attached Dupatta Set,dilco,,,,,,
,,,,,,,dilco Women Kurta Palazzo Attached Dupatta Set,dilco,,,,,,
,,,,,,,dilco Women Kurta Palazzo Attached Dupatta Set,dilco,,,,,,
,,,,,,,dilco Women Kurta Palazzo Attached Dupatta Set,dilco,,,,,,
,,,,,,,dilco Women Kurta Palazzo Attached Dupatta Set,dilco,,,,,,
,,,,,,,dilco Women Kurta Palazzo Attached Dupatta Set,dilco,,,,,,
,,,,,,,dilco Women Kurta Palazzo Attached Dupatta Set,dilco,,,,,,
,,,,,,,dilco Women Kurta Palazzo Attached Dupatta Set,dilco,,,,,,
,,,,,,,dilco Women Kurta Palazzo Attached Dupatta Set,dilco,,,,,,
,,,,,,,dilco Women Kurta Palazzo Attached Dupatta Set,dilco,,,,,,
,,,,,,,dilco Women Kurta Palazzo Attached Dupatta Set,dilco,,,,,,
,,,,,,,dilco Women Kurta Palazzo Attached Dupatta Set,dilco,,,,,,
,,,,,,,dilco Women Kurta Palazzo Attached Dupatta Set,dilco,,,,,,
,,,,,,,dilco Women Kurta Palazzo Attached Dupatta Set,dilco,,,,,,
,,,,,,,dilco Women Kurta Palazzo Attached Dupatta Set,dilco,,,,,,
2177,0066dc985e434330,PARSHIKA,Yes,silver,2026-01-23,2026-01-26,,,,,,,,
2178,204357b20742443e,SUBH LAXMI,Yes,silver,2019-09-16,2019-10-02,,,,,,,,
2179,708e2241b06349e7,REENATTRENDS,No,bronze,2023-07-07,2023-07-22,"REENAT TRENDS Woven Paithani Cotton Silk Saree (Gold, Blue)",REENAT TRENDS,Possibly a Brand,REENAT TRENDS,+917865004242,+919730575840,onyxsuleman@gmail.com,onyxsuleman@gmail.com
,,,,,,,"REENAT TRENDS Woven Paithani Cotton Silk Saree (Brown, Cream)",REENAT TRENDS,,,,,,
,,,,,,,"REENAT TRENDS Woven Banarasi Cotton Silk Saree (Grey, Red)",REENAT TRENDS,,,,,,
,,,,,,,"REENAT TRENDS Woven Paithani Cotton Silk Saree (Grey, Pink)",REENAT TRENDS,,,,,,
,,,,,,,"REENAT TRENDS Woven Paithani Cotton Silk Saree (Blue, Light Green)",REENAT TRENDS,,,,,,
,,,,,,,"REENAT TRENDS Woven Paithani Cotton Silk Saree (Green, Red)",REENAT TRENDS,,,,,,
,,,,,,,"REENAT TRENDS Woven Paithani Cotton Silk Saree (Light Green, Blue)",REENAT TRENDS,,,,,,
,,,,,,,"REENAT TRENDS Woven Paithani Cotton Silk Saree (Black, Silver)",REENAT TRENDS,,,,,,
,,,,,,,"REENAT TRENDS Woven Paithani Cotton Silk Saree (Grey, Pink)",REENAT TRENDS,,,,,,
,,,,,,,"REENAT TRENDS Woven Banarasi Cotton Silk Saree (Pink, Dark Blue)",REENAT TRENDS,,,,,,
,,,,,,,"REENAT TRENDS Woven Paithani Cotton Silk Saree (Gold, Dark Blue)",REENAT TRENDS,,,,,,
,,,,,,,"REENAT TRENDS Woven Banarasi Cotton Silk Saree (Grey, Black)",REENAT TRENDS,,,,,,
,,,,,,,"REENAT TRENDS Woven Paithani Cotton Silk Saree (Black, Red)",REENAT TRENDS,,,,,,
,,,,,,,"REENAT TRENDS Woven Banarasi Cotton Silk Saree (Grey, Black)",REENAT TRENDS,,,,,,
,,,,,,,"REENAT TRENDS Woven Paithani Art Silk, Cotton Silk Saree (Maroon)",REENAT TRENDS,,,,,,
,,,,,,,REENAT TRENDS Woven Paithani Cotton Silk Saree (Maroon),REENAT TRENDS,,,,,,
,,,,,,,"REENAT TRENDS Woven Kanjivaram Cotton Silk Saree (Blue, Red)",REENAT TRENDS,,,,,,
,,,,,,,"REENAT TRENDS Woven Paithani Cotton Silk Saree (Black, Gold)",REENAT TRENDS,,,,,,
,,,,,,,"REENAT TRENDS Woven Kanjivaram Cotton Silk Saree (Black, Pink)",REENAT TRENDS,,,,,,
,,,,,,,REENAT TRENDS Woven Kanjivaram Cotton Silk Saree (Pink),REENAT TRENDS,,,,,,
2180,462c837fbde04b05,HemaSilkMills,No,silver,2015-10-10,2022-04-26,TIGERSNAKE Floral Print Bollywood Linen Saree with Unstitched Blouse (Magenta),TIGERSNAKE,Possibly a Brand,Hema Silk Mills,+919727186816,+919727186816,customercarebandhejhouse@gmail.com,customercarebandhejhouse@gmail.com
,,,,,,,Hema Silk Mills Floral Print Bollywood Linen Saree (Magenta),Hema Silk Mills,,,,,,
,,,,,,,Hema Silk Mills Printed Bandhani Cotton Silk Saree with Unstitched Blouse (Green),Hema Silk Mills,,,,,,
,,,,,,,Hema Silk Mills Floral Print Bollywood Linen Saree (Maroon),Hema Silk Mills,,,,,,
,,,,,,,Hema Silk Mills Printed Bandhani Cotton Silk Saree with Unstitched Blouse (Purple),Hema Silk Mills,,,,,,
,,,,,,,TIGERSNAKE Floral Print Bollywood Linen Saree with Unstitched Blouse (Maroon),TIGERSNAKE,,,,,,
,,,,,,,Hema Silk Mills Printed Bandhani Cotton Silk Saree with Unstitched Blouse (Pink),Hema Silk Mills,,,,,,
,,,,,,,"Hema Silk Mills Printed Bollywood Cotton Blend, Silk Blend Saree with Unstitched Blouse (Pink)",Hema Silk Mills,,,,,,
,,,,,,,"Hema Silk Mills Printed Bollywood Cotton Silk, Silk Blend Saree with Unstitched Blouse (Brown)",Hema Silk Mills,,,,,,
,,,,,,,TIGERSNAKE Floral Print Bollywood Linen Saree with Unstitched Blouse (Brown),TIGERSNAKE,,,,,,
,,,,,,,TIGERSNAKE Floral Print Bollywood Linen Saree with Unstitched Blouse (Blue),TIGERSNAKE,,,,,,
,,,,,,,"Hema Silk Mills Digital Print Handloom Silk Blend Saree (Red, Cream)",Hema Silk Mills,,,,,,
,,,,,,,"Hema Silk Mills Printed Bollywood Cotton Blend, Silk Blend Saree with Unstitched Blouse (Green)",Hema Silk Mills,,,,,,
,,,,,,,Hema Silk Mills Printed Bandhani Cotton Silk Saree with Unstitched Blouse (Yellow),Hema Silk Mills,,,,,,
,,,,,,,Hema Silk Mills Printed Bandhani Cotton Silk Saree with Unstitched Blouse (Blue),Hema Silk Mills,,,,,,
,,,,,,,Hema Silk Mills Printed Bandhani Cotton Silk Saree with Unstitched Blouse (Red),Hema Silk Mills,,,,,,
,,,,,,,Hema Silk Mills Printed Bandhani Cotton Silk Saree with Unstitched Blouse (Pink),Hema Silk Mills,,,,,,
,,,,,,,"Hema Silk Mills Printed Bollywood Cotton Silk, Silk Blend Saree with Unstitched Blouse (Blue)",Hema Silk Mills,,,,,,
,,,,,,,Hema Silk Mills Printed Bandhani Cotton Silk Saree with Unstitched Blouse (Blue),Hema Silk Mills,,,,,,
,,,,,,,Hema Silk Mills Printed Bandhani Cotton Silk Saree with Unstitched Blouse (Green),Hema Silk Mills,,,,,,
2181,c35b5368732243a3,NOBUZZ,No,gold,2026-01-02,2026-01-03,Trivenza Striped Bandhani Georgette Saree with Unstitched Blouse (Multicolor),Trivenza,Possibly a Seller,,+917359843958,+917359843958,ambaliyajaimish63@GMAIL.COM,ambaliyajaimish63@GMAIL.COM
,,,,,,,"Trivenza Floral Print, Printed, Graphic Print Daily Wear Georgette Saree with Unstitched Blouse (Yellow)",Trivenza,,,,,,
,,,,,,,"Trivenza Printed, Floral Print, Geometric Print Daily Wear Georgette Saree with Unstitched Blouse (Black)",Trivenza,,,,,,
,,,,,,,"Trivenza Printed, Embroidered Bandhani Georgette Saree with Unstitched Blouse (Pink)",Trivenza,,,,,,
,,,,,,,"Trivenza Striped, Printed Daily Wear Georgette Saree with Unstitched Blouse (Brown)",Trivenza,,,,,,
,,,,,,,"TRIVENZA Printed, Embroidered Bandhani Georgette Saree with Unstitched Blouse (Black)",TRIVENZA,,,,,,
,,,,,,,TRIVENZA Digital Print Bollywood Georgette Saree with Unstitched Blouse (Green),TRIVENZA,,,,,,
,,,,,,,Trivenza Self Design Bandhani Georgette Saree with Unstitched Blouse (Pink),Trivenza,,,,,,
,,,,,,,TRIVENZA Digital Print Bollywood Georgette Saree with Unstitched Blouse (Blue),TRIVENZA,,,,,,
,,,,,,,TRIVENZA Striped Bollywood Georgette Saree with Unstitched Blouse (Multicolor),TRIVENZA,,,,,,
,,,,,,,Trivenza Striped Daily Wear Georgette Saree with Unstitched Blouse (Green),Trivenza,,,,,,
,,,,,,,"Trivenza Striped, Digital Print, Embroidered Bollywood Georgette Saree with Unstitched Blouse (Multicolor)",Trivenza,,,,,,
,,,,,,,Trivenza Printed Bollywood Georgette Saree with Unstitched Blouse (Multicolor),Trivenza,,,,,,
,,,,,,,"TRIVENZA Embroidered, Embellished Bollywood Net Saree (Maroon)",TRIVENZA,,,,,,
,,,,,,,TRIVENZA Printed Daily Wear Georgette Saree (Pink),TRIVENZA,,,,,,
,,,,,,,"TRIVENZA Printed, Floral Print Daily Wear Georgette Saree (Black)",TRIVENZA,,,,,,
,,,,,,,"TRIVENZA Tie-Dye, Striped, Embellished Bollywood Georgette Saree (Red)",TRIVENZA,,,,,,
,,,,,,,TRIVENZA Striped Daily Wear Georgette Saree (Multicolor),TRIVENZA,,,,,,
,,,,,,,Trivenza Embroidered Bollywood Georgette Saree with Unstitched Blouse (Black),Trivenza,,,,,,
,,,,,,,Trivenza Printed Daily Wear Georgette Saree with Unstitched Blouse (Pink),Trivenza,,,,,,
2182,f1c7e012181a4b9b,MKWENTERPRISE,No,silver,2026-06-07,2026-06-09,SRILOK Printed Bollywood Cotton Blend Saree (White),SRILOK,Possibly a Seller,,+918128558779,+918128558779,maakuwarika@gmail.com,maakuwarika@gmail.com
,,,,,,,"GajGajra Woven Banarasi Cotton Silk, Jacquard Saree (Mustard, Gold)",GajGajra,,,,,,
,,,,,,,Minu Fashion Printed Daily Wear Pure Cotton Saree (Multicolor),Minu Fashion,,,,,,
,,,,,,,Mitu Enterprise Printed Bollywood Pure Silk Saree (Multicolor),Mitu Enterprise,,,,,,
,,,,,,,Ethnicsarees Printed Sambalpuri Pure Cotton Saree (Multicolor),Ethnicsarees,,,,,,
,,,,,,,BBSaree Printed Handloom Mulmul Saree (Multicolor),BBSaree,,,,,,
,,,,,,,SRINJAN FASHION Striped Daily Wear Handloom Khadi Saree (White),SRINJAN FASHION,,,,,,
,,,,,,,BADE SUHANE Geometric Print Daily Wear Crepe Saree (Multicolor),BADE SUHANE,,,,,,
,,,,,,,GajGajra Printed Arani Pattu Cotton Silk Saree (Multicolor),GajGajra,,,,,,
,,,,,,,"SUNDREESAREE Blocked Printed, Color Block, Floral Print, Printed Ikkat Pure Cotton Saree (Yellow)",SUNDREESAREE,,,,,,
,,,,,,,RAMNATHS Printed Daily Wear Pure Cotton Saree (Yellow),RAMNATHS,,,,,,
,,,,,,,"Sanganeri Hast Kala Printed, Floral Print, Blocked Printed Hand Batik Pure Cotton Saree (Yellow)",Sanganeri Hast Kala,,,,,,
,,,,,,,BADE SUHANE Printed Daily Wear Crepe Saree (Yellow),BADE SUHANE,,,,,,
,,,,,,,"Mishowglitter Woven Banarasi Jacquard, Pure Silk Saree (Multicolor)",Mishowglitter,,,,,,
,,,,,,,SUNDREESAREE Printed Handloom Pure Cotton Saree (Cream),SUNDREESAREE,,,,,,
,,,,,,,Zarrafashion Woven Kanjivaram Art Silk Saree (Multicolor),Zarrafashion,,,,,,
,,,,,,,RTKX Printed Bollywood Pure Cotton Saree (Yellow),RTKX,,,,,,
,,,,,,,HouseOfCommon Printed Bollywood Crepe Saree (Multicolor),HouseOfCommon,,,,,,
,,,,,,,RegalDrapes Floral Print Bollywood Satin Saree (Multicolor),RegalDrapes,,,,,,
,,,,,,,NIBEDITAS CREATION Self Design Handloom Pure Cotton Saree (Multicolor),NIBEDITAS CREATION,,,,,,
2183,be0f20a3a5784b32,Priyashifashion,No,bronze,2025-06-01,2025-06-09,"JIADIA Self Design, Woven Kanjivaram Jacquard Saree (Maroon)",JIADIA,Possibly a Seller,,+918917561743,+918917561743,shreelaxmi.enterprises50@gmail.com,shreelaxmi.enterprises50@gmail.com
,,,,,,,"JIADIA Self Design, Woven Kanjivaram Jacquard Saree (Blue)",JIADIA,,,,,,
,,,,,,,"LEOSAGI Woven, Embellished, Self Design Banarasi Jacquard, Art Silk Saree (Maroon)",LEOSAGI,,,,,,
,,,,,,,Shree Laxmi Fashion Paisley Banarasi Silk Blend Saree (Blue),Shree Laxmi Fashion,,,,,,
,,,,,,,Shree Laxmi Fashion Embellished Kanjivaram Pure Silk Saree (Multicolor),Shree Laxmi Fashion,,,,,,
,,,,,,,Shree Laxmi Fashion Woven Banarasi Pure Silk Saree (Pink),Shree Laxmi Fashion,,,,,,
,,,,,,,Akag Woven Kalamkari Pure Silk Saree (Light Green),Akag,,,,,,
,,,,,,,Omsaiarts Woven Kasavu Silk Blend Saree (Light Green),Omsaiarts,,,,,,
,,,,,,,"LEOSAGI Woven, Embellished, Self Design Kanjivaram Jacquard, Art Silk Saree (Maroon)",LEOSAGI,,,,,,
,,,,,,,Shree Laxmi Fashion Woven Kanjivaram Jacquard Saree (Purple),Shree Laxmi Fashion,,,,,,
,,,,,,,"FONSIMO Woven Banarasi Cotton Silk, Jacquard Saree (Dark Green)",FONSIMO,,,,,,
,,,,,,,Shree Laxmi Fashion Polka Print Banarasi Pure Silk Saree (Red),Shree Laxmi Fashion,,,,,,
,,,,,,,"JIADIA Self Design, Woven Kanjivaram Jacquard Saree (Black)",JIADIA,,,,,,
,,,,,,,"Shree Laxmi Fashion Self Design, Woven, Solid/Plain Kanjivaram Pure Silk Saree (Black)",Shree Laxmi Fashion,,,,,,
,,,,,,,Shree Laxmi Fashion Woven Banarasi Pure Silk Saree (Multicolor),Shree Laxmi Fashion,,,,,,
,,,,,,,Shree Laxmi Fashion Polka Print Banarasi Pure Silk Saree (Black),Shree Laxmi Fashion,,,,,,
,,,,,,,"GajGajra Woven Kanjivaram Silk Blend, Cotton Silk Saree (Maroon)",GajGajra,,,,,,
,,,,,,,"Shree Laxmi Fashion Woven, Floral Print Banarasi Pure Silk Saree (Magenta)",Shree Laxmi Fashion,,,,,,
,,,,,,,"LEOSAGI Woven, Embellished, Floral Print, Self Design Banarasi Jacquard, Art Silk Saree (Green)",LEOSAGI,,,,,,
,,,,,,,"JIADIA Self Design, Woven Kanjivaram Jacquard Saree (Green)",JIADIA,,,,,,
2184,c84392fe004744c4,HLDFASHION,No,silver,2026-04-26,2026-04-27,HLDFASHION Embellished Bollywood Crepe Saree (Yellow),HLDFASHION,Possibly a Brand,HLDFASHION,+919445582644,+919445582644,hldfashion11@gmail.com,hldfashion11@gmail.com
,,,,,,,HLDFASHION Embroidered Bollywood Crepe Saree (Green),HLDFASHION,,,,,,
,,,,,,,HLDFASHION Embroidered Bollywood Georgette Saree (Multicolor),HLDFASHION,,,,,,
,,,,,,,"HLDFASHION Woven, Floral Print Chanderi Chanderi, Georgette Saree (Yellow)",HLDFASHION,,,,,,
,,,,,,,HLDFASHION Embroidered Bollywood Crepe Saree (Pink),HLDFASHION,,,,,,
,,,,,,,HLDFASHION Embroidered Bollywood Crepe Saree (Red),HLDFASHION,,,,,,
,,,,,,,"HLDFASHION Embellished, Floral Print, Embroidered Bollywood Georgette Saree (Red)",HLDFASHION,,,,,,
,,,,,,,HLDFASHION Solid/Plain Bollywood Silk Blend Saree (Green),HLDFASHION,,,,,,
,,,,,,,HLDFASHION Embellished Bollywood Georgette Saree (Green),HLDFASHION,,,,,,
,,,,,,,HLDFASHION Embroidered Bollywood Georgette Saree (Green),HLDFASHION,,,,,,
,,,,,,,"HLDFASHION Tie-Dye, Embellished, Printed Bandhani Georgette Saree (Yellow, Red)",HLDFASHION,,,,,,
,,,,,,,HLDFASHION Embellished Bollywood Georgette Saree (Yellow),HLDFASHION,,,,,,
,,,,,,,HLDFASHION Embellished Bollywood Georgette Saree (Red),HLDFASHION,,,,,,
,,,,,,,HLDFASHION Solid/Plain Bollywood Silk Blend Saree (Orange),HLDFASHION,,,,,,
,,,,,,,HLDFASHION Embellished Bollywood Crepe Saree (Green),HLDFASHION,,,,,,
,,,,,,,"HLDFASHION Woven, Floral Print Chanderi Chanderi, Georgette Saree (Maroon)",HLDFASHION,,,,,,
,,,,,,,"HLDFASHION Woven Bandhani Georgette, Silk Blend Saree (Dark Blue)",HLDFASHION,,,,,,
,,,,,,,HLDFASHION Embellished Bollywood Crepe Saree (Orange),HLDFASHION,,,,,,
,,,,,,,HLDFASHION Printed Bandhani Cotton Silk Saree (Green),HLDFASHION,,,,,,
,,,,,,,HLDFASHION Embellished Bollywood Crepe Saree (Red),HLDFASHION,,,,,,
2185,a44a86fd8cef4dc8,NivanshEnterprise,No,bronze,2024-11-25,2024-11-29,niv Solid Semi Stitched Lehenga Choli (White),niv,Possibly a Brand,niv,+917600287881,+917600287881,gabanibhavesh30@gmail.com,gabanibhavesh30@gmail.com
,,,,,,,niv 01 Stainless Steel Coffee Spoon Set (Pack of 4),niv,,,,,,
,,,,,,,ASTIKAYA Mop Head and Rod (Multicolor),ASTIKAYA,,,,,,
,,,,,,,vishu RS 100000 Wooden Money Saving Box | Cash Saver Money Box. Coin Bank (Brown),vishu,,,,,,
,,,,,,,Mesmera twist mop with round head Microfibre Wet and Dry Broom (Multicolor),Mesmera,,,,,,
,,,,,,,niv Solid Semi Stitched Lehenga Choli (Pink),niv,,,,,,
,,,,,,,Brahmani Retailer TWISTED MOP Wet & Dry Mop (Multicolor),Brahmani Retailer,,,,,,
,,,,,,,niv Embellished Semi Stitched Lehenga Choli (Purple),niv,,,,,,
,,,,,,,niv Self Design Semi Stitched Lehenga Choli (Multicolor),niv,,,,,,
,,,,,,,niv Woven Banarasi Art Silk Saree (Red),niv,,,,,,
,,,,,,,widria Microfiber Twisting Mop Wet & Dry Mop (Multicolor),widria,,,,,,
,,,,,,,niv bag01 Hydration Pack,niv,,,,,,
,,,,,,,KAMALY Basin Plastic Push Down Strainer (10 cm Set of 10),KAMALY,,,,,,
,,,,,,,niv Self Design Semi Stitched Lehenga Choli (Pink),niv,,,,,,
,,,,,,,niv MOP1 Floor Wiper (Multicolor),niv,,,,,,
,,,,,,,niv Solid/Plain Baluchari Art Silk Saree (Gold),niv,,,,,,
,,,,,,,"niv ADVIKA1001 210 ml Glass Bottle (Pack of 1, Black)",niv,,,,,,
,,,,,,,"Advika Woven, Floral Print Banarasi Satin Saree (Magenta)",Advika,,,,,,
,,,,,,,"niv Woven, Paisley, Floral Print Banarasi Art Silk Saree (Yellow)",niv,,,,,,
,,,,,,,"niv Printed, Woven, Floral Print, Geometric Print, Embroidered Banarasi Satin Saree (Pink, Blue)",niv,,,,,,
2186,00744a4fab55454c,KRISHVAENTERPRISE01,No,bronze,2024-06-15,2024-06-15,SHAREEVALI Embellished Bollywood Pure Silk Saree with Unstitched Blouse (Blue),SHAREEVALI,Possibly a Seller,,+919173279699,+919173279699,JAYNADODA90@GMAIL.COM,JAYNADODA90@GMAIL.COM
,,,,,,,shreevali Solid/Plain Bollywood Chiffon Saree (Gold),shreevali,,,,,,
,,,,,,,SAREEVALI Embellished Bollywood Satin Saree (White),SAREEVALI,,,,,,
,,,,,,,SHAREE VALI Embellished Bollywood Satin Saree (Maroon),SHAREE VALI,,,,,,
,,,,,,,SAREEVALI Embellished Bollywood Satin Saree (Green),SAREEVALI,,,,,,
,,,,,,,Zodan Air Fryer Silicone Baking Air Fryer (1 L),Zodan,,,,,,
,,,,,,,SAREEVALI Embellished Bollywood Georgette Saree (Maroon),SAREEVALI,,,,,,
,,,,,,,SAREEVALI Embellished Bollywood Georgette Saree (Gold),SAREEVALI,,,,,,
,,,,,,,SAREEVALI Embroidered Bollywood Satin Saree (Purple),SAREEVALI,,,,,,
,,,,,,,shareevali Embellished Bollywood Satin Saree with Unstitched Blouse (Maroon),shareevali,,,,,,
,,,,,,,"shreevali Printed, Embroidered, Embellished Bollywood Pure Silk Saree (Maroon)",shreevali,,,,,,
,,,,,,,SHAREE VALI Embroidered Bollywood Satin Saree (Pink),SHAREE VALI,,,,,,
,,,,,,,shreevali Embellished Bollywood Satin Saree (Purple),shreevali,,,,,,
,,,,,,,"SAREEVALI Embroidered, Woven, Floral Print Bollywood Satin Saree (Purple)",SAREEVALI,,,,,,
,,,,,,,"SHAREE VALI Self Design, Embroidered, Woven Bollywood Pure Silk Saree (Silver)",SHAREE VALI,,,,,,
,,,,,,,SAREEVALI Embellished Bollywood Pure Silk Saree with Unstitched Blouse (Grey),SAREEVALI,,,,,,
,,,,,,,SAREEVALI Embellished Bollywood Georgette Saree (Pink),SAREEVALI,,,,,,
,,,,,,,SAREEVALI Embellished Bollywood Satin Saree (Brown),SAREEVALI,,,,,,
,,,,,,,shreevali Self Design Bollywood Satin Saree (Green),shreevali,,,,,,
,,,,,,,SAREEVALI Embellished Bollywood Georgette Saree (Blue),SAREEVALI,,,,,,
2187,6d1514aff7154e10,Jevlan,Yes,silver,2021-09-09,2021-09-13,,,,,,,,
2188,b2625083ad8d4849,BhargaviGali,No,silver,2025-10-31,2026-01-03,"Bhargavis Trendings Tie-Dye Bollywood Pure Cotton Saree (Pack of 2, Blue)",Bhargavis Trendings,Possibly a Seller,,+918919131721,+918919131721,bhargavistrendings@gmail.com,bhargavistrendings@gmail.com
,,,,,,,Bharhavis Trendings Woven Bollywood Crepe Saree (Multicolor),Bharhavis Trendings,,,,,,
,,,,,,,Mangalasutras Alloy Mangalsutra,Mangalasutras,,,,,,
,,,,,,,Bhargavis Trendings Blocked Printed Mangalagiri Pure Cotton Saree (Yellow),Bhargavis Trendings,,,,,,
,,,,,,,Bhargavis Trendings Floral Print Bollywood Viscose Rayon Saree (Grey),Bhargavis Trendings,,,,,,
,,,,,,,Bhargavis Trendings Art Silk Embroidered Blouse Material,Bhargavis Trendings,,,,,,
,,,,,,,Bhargavis Trendings Art Silk Embroidered Blouse Material,Bhargavis Trendings,,,,,,
,,,,,,,DOLA SILK Digital Print Kalamkari Tussar Silk Saree (Multicolor),DOLA SILK,,,,,,
,,,,,,,Bhargavis Trendings Digital Print Bollywood Tussar Silk Saree (Black),Bhargavis Trendings,,,,,,
,,,,,,,Mysore crape Self Design Mysore Crepe Saree (Pink),Mysore crape,,,,,,
,,,,,,,Kota Floral Print Handloom Cotton Jute Saree (Multicolor),Kota,,,,,,
,,,,,,,Bhargavis Trendings Digital Print Bollywood Tissue Saree (Multicolor),Bhargavis Trendings,,,,,,
,,,,,,,DOLA SILK Floral Print Kalamkari Tussar Silk Saree (Multicolor),DOLA SILK,,,,,,
,,,,,,,"Handloom silk museum Digital Print Daily Wear Silk Blend Saree (Green, Blue)",Handloom silk museum,,,,,,
,,,,,,,"Bhargavis Trendings Tie-Dye Bollywood Pure Cotton Saree (Pack of 2, Grey)",Bhargavis Trendings,,,,,,
,,,,,,,"Bhargavis Trendings Printed Bollywood Pure Cotton Saree (Pack of 2, Green)",Bhargavis Trendings,,,,,,
,,,,,,,"Hand Loom silks Blocked Printed Hand Batik Dupion Silk, Cotton Silk Saree (Blue)",Hand Loom silks,,,,,,
,,,,,,,Bhargavis Trendings Art Silk Embroidered Blouse Material,Bhargavis Trendings,,,,,,
,,,,,,,Bhargavis Trendings Art Silk Embroidered Blouse Material,Bhargavis Trendings,,,,,,
,,,,,,,Mysore crape Printed Mysore Crepe Saree (Multicolor),Mysore crape,,,,,,
2189,1f6e7c910b514c4b,MAHIRFATION,No,silver,2026-05-21,2026-05-22,"mahir fashion Printed Sharara Saree Chiffon, Brasso Saree (Green)",mahir  fashion,Possibly a Brand,MAHIRFATION,+918511971341,+918511971341,ravikherala920@gmail.com,ravikherala920@gmail.com
,,,,,,,MAHIRFATION Top Palazzos Co-ords Set,MAHIRFATION,,,,,,
,,,,,,,MAHIRFATION Top Palazzos Co-ords Set,MAHIRFATION,,,,,,
,,,,,,,MAHIRFATION Top Palazzos Co-ords Set,MAHIRFATION,,,,,,
,,,,,,,MAHIRFATION Top Palazzos Co-ords Set,MAHIRFATION,,,,,,
,,,,,,,MAHIRFATION Top Palazzos Co-ords Set,MAHIRFATION,,,,,,
,,,,,,,MAHIRFATION Flared/A-line Gown (Red),MAHIRFATION,,,,,,
,,,,,,,MAHIRFATION Top Palazzos Co-ords Set,MAHIRFATION,,,,,,
,,,,,,,MAHIRFATION Top Palazzos Co-ords Set,MAHIRFATION,,,,,,
,,,,,,,MAHIRFATION Flared/A-line Gown (Pink),MAHIRFATION,,,,,,
,,,,,,,MAHIRFATION Top Palazzos Co-ords Set,MAHIRFATION,,,,,,
,,,,,,,MAHIRFATION Top Palazzos Co-ords Set,MAHIRFATION,,,,,,
,,,,,,,MAHIRFATION Top Pant Co-ords Set,MAHIRFATION,,,,,,
,,,,,,,MAHIRFATION Top Palazzos Co-ords Set,MAHIRFATION,,,,,,
,,,,,,,MAHIRFATION Top Palazzos Co-ords Set,MAHIRFATION,,,,,,
,,,,,,,MAHIRFATION Top Palazzos Co-ords Set,MAHIRFATION,,,,,,
,,,,,,,MAHIRFATION Tunic Pant Co-ords Set,MAHIRFATION,,,,,,
,,,,,,,MAHIRFATION Top Palazzos Co-ords Set,MAHIRFATION,,,,,,
,,,,,,,MAHIRFATION Top Pant Co-ords Set,MAHIRFATION,,,,,,
,,,,,,,MAHIRFATION Top Palazzos Co-ords Set,MAHIRFATION,,,,,,
2190,2573e96b0498425c,VIRETIP,No,gold,2025-12-23,2025-12-24,VIRETIP Embellished Bollywood Satin Saree (Blue),VIRETIP,Possibly a Brand,VIRETIP,+919824520186,+919824520186,viretip@gmail.com,viretip@gmail.com
,,,,,,,"VIRETIP Floral Print, Printed, Self Design Banarasi Organza Saree (Orange)",VIRETIP,,,,,,
,,,,,,,VIRETIP Embroidered Bollywood Art Silk Saree (Yellow),VIRETIP,,,,,,
,,,,,,,VIRETIP Embroidered Bollywood Art Silk Saree (Pink),VIRETIP,,,,,,
,,,,,,,VIRETIP Solid/Plain Bollywood Satin Saree (Purple),VIRETIP,,,,,,
,,,,,,,"VIRETIP Embellished, Embroidered, Floral Print Bollywood Georgette Saree (Orange)",VIRETIP,,,,,,
,,,,,,,VIRETIP V-Neck Women Blouse,VIRETIP,,,,,,
,,,,,,,VIRETIP Embroidered Bollywood Satin Saree (Green),VIRETIP,,,,,,
,,,,,,,VIRETIP Embroidered Bollywood Satin Saree (Blue),VIRETIP,,,,,,
,,,,,,,VIRETIP Printed Daily Wear Crepe Saree (Multicolor),VIRETIP,,,,,,
,,,,,,,"VIRETIP Digital Print, Floral Print, Printed, Solid/Plain Bollywood Art Silk Saree (Black)",VIRETIP,,,,,,
,,,,,,,VIRETIP Printed Daily Wear Crepe Saree (Multicolor),VIRETIP,,,,,,
,,,,,,,VIRETIP Printed Daily Wear Crepe Saree (Multicolor),VIRETIP,,,,,,
,,,,,,,VIRETIP Printed Daily Wear Crepe Saree (Multicolor),VIRETIP,,,,,,
,,,,,,,VIRETIP Embroidered Bollywood Jimmy Jimmy Saree (Light Blue),VIRETIP,,,,,,
,,,,,,,"VIRETIP Embroidered, Self Design, Embellished Bollywood Art Silk Saree (Yellow)",VIRETIP,,,,,,
,,,,,,,VIRETIP Embroidered Bollywood Georgette Saree (Brown),VIRETIP,,,,,,
,,,,,,,VIRETIP Embellished Bollywood Art Silk Saree (Green),VIRETIP,,,,,,
,,,,,,,VIRETIP Embroidered Bollywood Georgette Saree (Purple),VIRETIP,,,,,,
,,,,,,,VIRETIP Embroidered Bollywood Satin Saree (Blue),VIRETIP,,,,,,
2191,b14393503ef14eda,CREATORS ART GALLERY,Yes,silver,2020-10-05,2020-12-10,,,,,,,,
2192,240a2b46c25d4a00,NiheevaFabTex,No,silver,2026-05-21,2026-05-30,Miss & Chief Kids Nightwear Baby Boys & Baby Girls Printed Cotton (White Pack of 1),Miss & Chief,Possibly a Brand,Divastri,+919723968915,+919723968915,myntr03@gmail.com,myntr03@gmail.com
,,,,,,,Miss & Chief Kids Nightwear Baby Boys & Baby Girls Printed Cotton (Green Pack of 1),Miss & Chief,,,,,,
,,,,,,,Divastri Paisley Kantha Jute Silk Saree (Multicolor),Divastri,,,,,,
,,,,,,,Divastri Self Design Kanjivaram Jimmy Jimmy Saree (Multicolor),Divastri,,,,,,
,,,,,,,"Divastri Woven, Floral Print, Self Design Banarasi Jimmy Jimmy Saree (Multicolor)",Divastri,,,,,,
,,,,,,,Miss & Chief Kids Nightwear Baby Boys & Baby Girls Printed Cotton (Green Pack of 1),Miss & Chief,,,,,,
,,,,,,,Divastri Self Design Chanderi Jute Silk Saree (Multicolor),Divastri,,,,,,
,,,,,,,Divastri Embellished Madurai Cotton Blend Saree (Multicolor),Divastri,,,,,,
,,,,,,,Divastri Woven Kanjivaram Pure Silk Saree (Light Green),Divastri,,,,,,
,,,,,,,Miss & Chief Kids Nightwear Baby Boys & Baby Girls Printed Cotton (White Pack of 1),Miss & Chief,,,,,,
,,,,,,,Divastri Woven Bhagalpuri Jacquard Saree (Multicolor),Divastri,,,,,,
,,,,,,,Divastri Paisley Narayanpet Jimmy Jimmy Saree (Multicolor),Divastri,,,,,,
,,,,,,,Divastri Floral Print Kanjivaram Jimmy Jimmy Saree (Multicolor),Divastri,,,,,,
,,,,,,,Divastri Floral Print Berhampuri Dupion Silk Saree (Multicolor),Divastri,,,,,,
,,,,,,,Divastri Ombre Patola Organza Saree (Multicolor),Divastri,,,,,,
,,,,,,,Divastri Applique Arani Pattu Chanderi Saree (Multicolor),Divastri,,,,,,
,,,,,,,Divastri Polka Print Chinnalapattu Raw Silk Saree (Multicolor),Divastri,,,,,,
,,,,,,,Divastri Self Design Banarasi Cotton Silk Saree (Pink),Divastri,,,,,,
,,,,,,,Divastri Woven Jamdani Dupion Silk Saree (Multicolor),Divastri,,,,,,
,,,,,,,Divastri Checkered Konrad Raw Silk Saree (Multicolor),Divastri,,,,,,
2193,670c6c04e7e0452f,JashviCreation,Yes,gold,2018-04-11,2018-04-18,,,,,,,,
2194,699df657836a42f8,THE10BY10LABEL,No,silver,2026-06-11,2026-06-15,THE 10/10 LABEL Floral Print Saree with Attached Blouse Art Silk Saree (Dark Blue),THE 10/10 LABEL,Possibly a Brand,THE 10/10 LABEL,+918777740850,+918777740850,rahulghosh30705@gmail.com,rahulghosh30705@gmail.com
,,,,,,,"THE 10/10LABEL Graphic Print Daily Wear Cotton Linen Saree (Magenta, Pink)",THE 10/10LABEL,,,,,,
,,,,,,,"THE 10/10 LABEL Woven Banarasi Art Silk Saree (Light Green, Pink)",THE 10/10 LABEL,,,,,,
,,,,,,,THE 10/10 LABEL Graphic Print Daily Wear Cotton Blend Saree (Multicolor),THE 10/10 LABEL,,,,,,
,,,,,,,"THE 10/10LABEL Graphic Print Saree with Attached Blouse Cotton Blend, Cotton Linen Saree (Red, Light Blue)",THE 10/10LABEL,,,,,,
,,,,,,,"THE 10/10 LABEL Printed Daily Wear Silk Blend, Art Silk Saree (Multicolor)",THE 10/10 LABEL,,,,,,
,,,,,,,THE 10/10 LABEL Woven Daily Wear Art Silk Saree (Pink),THE 10/10 LABEL,,,,,,
,,,,,,,"THE 10/10LABEL Printed Pre Draped Saree Cotton Blend, Cotton Linen Saree (Pink, Green)",THE 10/10LABEL,,,,,,
,,,,,,,THE 10/10 LABEL Floral Print Saree with Attached Blouse Art Silk Saree (Magenta),THE 10/10 LABEL,,,,,,
,,,,,,,"THE 10/10 LABEL Woven, Self Design, Floral Print Banarasi Silk Blend Saree (Magenta)",THE 10/10 LABEL,,,,,,
,,,,,,,"THE 10/10 LABEL Printed, Floral Print Daily Wear Art Silk, Silk Blend Saree (Light Green)",THE 10/10 LABEL,,,,,,
,,,,,,,THE 10/10 LABEL Geometric Print Daily Wear Art Silk Saree (Pink),THE 10/10 LABEL,,,,,,
,,,,,,,"THE 10/10 LABEL Woven, Self Design Banarasi Silk Blend Saree (Magenta)",THE 10/10 LABEL,,,,,,
,,,,,,,THE 10/10 LABEL Woven Banarasi Art Silk Saree (Multicolor),THE 10/10 LABEL,,,,,,
,,,,,,,"THE 10/10 LABEL Woven, Paisley Daily Wear Silk Blend, Art Silk Saree (Blue)",THE 10/10 LABEL,,,,,,
,,,,,,,THE 10/10 LABEL Printed Banarasi Art Silk Saree (Multicolor),THE 10/10 LABEL,,,,,,
,,,,,,,"THE 10/10LABEL Woven, Geometric Print, Floral Print, Temple Border Bandhani Silk Blend Saree (Red, Green)",THE 10/10LABEL,,,,,,
,,,,,,,"THE 10/10 LABEL Woven Banarasi Silk Blend Saree (Blue, Pink)",THE 10/10 LABEL,,,,,,
,,,,,,,"THE 10/10LABEL Woven, Geometric Print Daily Wear Art Silk Saree (Pink)",THE 10/10LABEL,,,,,,
,,,,,,,THE 10/10 LABEL Floral Print Saree with Attached Blouse Art Silk Saree (Pink),THE 10/10 LABEL,,,,,,
2195,9e0e952aab7146b3,LabelVASTRA,Yes,gold,2024-08-07,2024-08-07,,,,,,,,
2196,5afea1bae8474990,ShivayFashionClothStor,No,silver,2021-02-20,2021-04-22,Rajveer enterprise Solid/Plain Bollywood Tissue Saree (Cream),Rajveer enterprise,Possibly a Seller,,+919265532966,+919265532966,shivayfashion966@gmail.com,shivayfashion966@gmail.com
,,,,,,,SFCS Printed Bollywood Chanderi Saree (Pink),SFCS,,,,,,
,,,,,,,Loveitta Solid/Plain Ilkal Tissue Saree (Purple),Loveitta,,,,,,
,,,,,,,Rajveer enterprise Solid/Plain Bollywood Tissue Saree (Light Blue),Rajveer enterprise,,,,,,
,,,,,,,SFCS Printed Bollywood Chanderi Saree (Green),SFCS,,,,,,
,,,,,,,SFCS Solid/Plain Bollywood Tissue Saree (Cream),SFCS,,,,,,
,,,,,,,JAY BHAWANI TEX FAB Solid/Plain Banarasi Art Silk Saree (Black),JAY BHAWANI TEX FAB,,,,,,
,,,,,,,Loveitta Solid/Plain Ilkal Tissue Saree (Beige),Loveitta,,,,,,
,,,,,,,JAY BHAWANI TEX FAB Solid/Plain Banarasi Art Silk Saree (Black),JAY BHAWANI TEX FAB,,,,,,
,,,,,,,JAY BHAWANI TEX FAB Solid/Plain Banarasi Art Silk Saree (Black),JAY BHAWANI TEX FAB,,,,,,
,,,,,,,"SFCS Printed Bollywood Chanderi Saree (Red, Green)",SFCS,,,,,,
,,,,,,,"shukan fashion Solid/Plain, Woven Arani Pattu Cotton Silk Saree (Maroon)",shukan fashion,,,,,,
,,,,,,,JAY BHAWANI TEX FAB Solid/Plain Banarasi Art Silk Saree (Black),JAY BHAWANI TEX FAB,,,,,,
,,,,,,,JAY BHAWANI TEX FAB Solid/Plain Banarasi Art Silk Saree (Black),JAY BHAWANI TEX FAB,,,,,,
,,,,,,,SFCS Printed Bollywood Chanderi Saree (Purple),SFCS,,,,,,
,,,,,,,SFCS Printed Bollywood Chanderi Saree (Purple),SFCS,,,,,,
,,,,,,,"Rajveer enterprise Embroidered Bollywood Silk Blend, Lycra Blend Saree (Grey)",Rajveer enterprise,,,,,,
,,,,,,,"Rajveer enterprise Embroidered Bollywood Silk Blend, Lycra Blend Saree (Pink)",Rajveer enterprise,,,,,,
,,,,,,,"shukan fashion Woven, Embellished Bollywood Cotton Silk Saree (Dark Blue)",shukan fashion,,,,,,
,,,,,,,"SFCS Printed, Embroidered Bollywood Silk Blend, Lycra Blend Saree (Cream)",SFCS,,,,,,
2197,c964a8d7f5bf4f81,WeavetoWear,No,silver,2026-03-02,2026-03-13,Weavetowear Pure Cotton Embroidered Salwar and Dupatta Material,Weavetowear,Possibly a Brand,Weavetowear,+918144935366,+918144935366,himansupaddar@gmail.com,himansupaddar@gmail.com
,,,,,,,Weavetowear Pure Cotton Embroidered Salwar and Dupatta Material,Weavetowear,,,,,,
,,,,,,,Weavetowear Women Nightdress (Multicolor),Weavetowear,,,,,,
,,,,,,,"Weavetowear Printed Ikkat Pure Cotton Saree (Black, Multicolor, Red, White)",Weavetowear,,,,,,
,,,,,,,Weavetowear Striped Ikkat Pure Cotton Saree (White),Weavetowear,,,,,,
,,,,,,,Weavetowear Pure Cotton Solid Multi-purpose Fabric,Weavetowear,,,,,,
,,,,,,,"Weavetowear Cotton Super King, King Flat 220 TC Paisley 1 AC Bedsheet with 2 Pillow Covers (Multicolor, Blue)",Weavetowear,,,,,,
,,,,,,,Weavetowear Pure Cotton Solid Multi-purpose Fabric,Weavetowear,,,,,,
,,,,,,,Weavetowear Pure Cotton Solid Multi-purpose Fabric,Weavetowear,,,,,,
,,,,,,,"Weavetowear Cotton Double, King Flat 220 TC Printed 1 AC Bedsheet (Multicolor)",Weavetowear,,,,,,
,,,,,,,Weavetowear Checkered Ikkat Pure Cotton Saree (Multicolor),Weavetowear,,,,,,
,,,,,,,"Weavetowear Cotton King, Super King Flat 220 TC Checkered 1 Bedsheet with 2 Pillow Covers (Multicolor)",Weavetowear,,,,,,
,,,,,,,Weavetowear Pure Cotton Solid Multi-purpose Fabric,Weavetowear,,,,,,
,,,,,,,Weavetowear Pure Cotton Solid Multi-purpose Fabric,Weavetowear,,,,,,
,,,,,,,"Weavetowear Cotton Double, King, Queen Flat 220 TC Printed 1 AC Bedsheet (Multicolor)",Weavetowear,,,,,,
,,,,,,,"Weavetowear Striped Ikkat Pure Cotton Saree (Blue, Yellow, Black)",Weavetowear,,,,,,
,,,,,,,"Weavetowear Pure Cotton Checkered, Chevron/Zig Zag Kurta & Churidar Material",Weavetowear,,,,,,
,,,,,,,Weavetowear Pure Cotton Printed Multi-purpose Fabric,Weavetowear,,,,,,
,,,,,,,"Weavetowear Woven, Geometric Print, Striped Ikkat Pure Silk Saree (Beige, White, Cream)",Weavetowear,,,,,,
,,,,,,,"Weavetowear Cotton Double, King Flat 220 TC Printed 1 Bedsheet (Multicolor)",Weavetowear,,,,,,
2198,8b26ea082e5f4eaa,PraisoEnterprises,No,silver,2025-04-10,2025-04-22,Praiso Mart Women Embroidered Straight Kurta (Black),Praiso Mart,Possibly a Brand,Praiso Mart,+919566987450,+919566987450,praisomart@gmail.com,praisomart@gmail.com
,,,,,,,Praiso Mart Women Printed Anarkali Kurta (White),Praiso Mart,,,,,,
,,,,,,,"Praiso Mart Self Design, Woven Kanjivaram Art Silk Saree (Green)",Praiso Mart,,,,,,
,,,,,,,"Praiso Mart Women Printed, Embroidered Anarkali Kurta (Yellow, Blue)",Praiso Mart,,,,,,
,,,,,,,Praiso Mart Women Embroidered A-line Kurta (Dark Blue),Praiso Mart,,,,,,
,,,,,,,"Praiso Mart Women Printed, Animal Print Straight Kurta (Brown, Pink)",Praiso Mart,,,,,,
,,,,,,,Praiso Mart Women Printed Straight Kurta (Multicolor),Praiso Mart,,,,,,
,,,,,,,"Praiso Mart Women Printed Anarkali Kurta (Blue, Yellow)",Praiso Mart,,,,,,
,,,,,,,Praiso Mart Woven Banarasi Silk Blend Saree (Light Blue),Praiso Mart,,,,,,
,,,,,,,Praiso Mart Printed Handloom Silk Blend Saree (Light Green),Praiso Mart,,,,,,
,,,,,,,Praiso Mart Women Floral Print Straight Kurta (Pink),Praiso Mart,,,,,,
,,,,,,,Praiso Mart Floral Print Daily Wear Silk Blend Saree (Blue),Praiso Mart,,,,,,
,,,,,,,Praiso Mart Women Floral Print Straight Kurta (Maroon),Praiso Mart,,,,,,
,,,,,,,"Praiso Mart Women Printed, Animal Print Straight Kurta (Brown, Pink)",Praiso Mart,,,,,,
,,,,,,,Praiso Mart Women Printed Anarkali Kurta (Dark Blue),Praiso Mart,,,,,,
,,,,,,,Praiso Mart Women Printed Anarkali Kurta (Pink),Praiso Mart,,,,,,
,,,,,,,"Praiso Mart Women Printed Anarkali Kurta (Blue, Yellow)",Praiso Mart,,,,,,
,,,,,,,"Praiso Mart Women Printed, Embroidered Anarkali Kurta (Yellow, Blue)",Praiso Mart,,,,,,
,,,,,,,"Praiso Mart Women Printed, Embroidered Anarkali Kurta (Pink, White)",Praiso Mart,,,,,,
,,,,,,,Praiso Mart Woven Daily Wear Silk Blend Saree (Mustard),Praiso Mart,,,,,,
2199,94d86b07075e486c,SHELADIYATEXTILE,No,silver,2026-05-06,2026-05-07,"SHELADIYATEXTILE Temple Border Bandhani Silk Blend Saree with Unstitched Blouse (Multicolor, Yellow, Red)",SHELADIYATEXTILE,Possibly a Brand,SHELADIYATEXTILE,+917874810480,+917874810480,sheladiya.world286@gmail.com,sheladiya.world286@gmail.com
,,,,,,,"SHELADIYATEXTILE Woven, Embroidered Bollywood Silk Blend Saree with Unstitched Blouse (Red)",SHELADIYATEXTILE,,,,,,
,,,,,,,"SHELADIYATEXTILE Temple Border, Embroidered Bollywood Silk Blend Saree with Unstitched Blouse (Black, Dark Green)",SHELADIYATEXTILE,,,,,,
,,,,,,,"SHELADIYATEXTILE Embroidered, Solid Bollywood Silk Blend Saree with Unstitched Blouse (White, Yellow)",SHELADIYATEXTILE,,,,,,
,,,,,,,SHELADIYATEXTILE Solid Bollywood Silk Blend Saree with Unstitched Blouse (Maroon),SHELADIYATEXTILE,,,,,,
,,,,,,,"SHELADIYATEXTILE Embroidered, Solid Bollywood Silk Blend Saree with Unstitched Blouse (Pink, Multicolor)",SHELADIYATEXTILE,,,,,,
,,,,,,,"SHELADIYATEXTILE Embroidered, Floral Print Bollywood Silk Blend Saree with Unstitched Blouse (Pink)",SHELADIYATEXTILE,,,,,,
,,,,,,,SHELADIYATEXTILE Embroidered Bollywood Silk Blend Saree with Unstitched Blouse (Green),SHELADIYATEXTILE,,,,,,
,,,,,,,SHELADIYATEXTILE Floral Print Bollywood Silk Blend Saree with Unstitched Blouse (Green),SHELADIYATEXTILE,,,,,,
,,,,,,,"SHELADIYATEXTILE Embroidered Bollywood Silk Blend Saree with Unstitched Blouse (Mustard, Pink)",SHELADIYATEXTILE,,,,,,
,,,,,,,SHELADIYATEXTILE Embroidered Bollywood Silk Blend Saree with Unstitched Blouse (Pink),SHELADIYATEXTILE,,,,,,
,,,,,,,"SHELADIYATEXTILE Embroidered, Woven Bollywood Silk Blend Saree with Unstitched Blouse (Pink, Multicolor)",SHELADIYATEXTILE,,,,,,
,,,,,,,SHELADIYATEXTILE Printed Bollywood Silk Blend Saree with Unstitched Blouse (Maroon),SHELADIYATEXTILE,,,,,,
,,,,,,,"SHELADIYATEXTILE Printed Bollywood Silk Blend Saree with Unstitched Blouse (Green, Yellow, Multicolor)",SHELADIYATEXTILE,,,,,,
,,,,,,,"SHELADIYATEXTILE Floral Print, Digital Print, Printed Bollywood Silk Blend Saree with Unstitched Blouse (Beige, Purple)",SHELADIYATEXTILE,,,,,,
,,,,,,,"SHELADIYATEXTILE Printed Bollywood Silk Blend Saree with Unstitched Blouse (Black, Green, Multicolor)",SHELADIYATEXTILE,,,,,,
,,,,,,,SHELADIYATEXTILE Printed Bollywood Silk Blend Saree with Unstitched Blouse (Multicolor),SHELADIYATEXTILE,,,,,,
,,,,,,,"SHELADIYATEXTILE Printed, Floral Print Bollywood Silk Blend Saree with Unstitched Blouse (Light Blue, Multicolor)",SHELADIYATEXTILE,,,,,,
,,,,,,,"SHELADIYATEXTILE Printed Bollywood Silk Blend Saree with Unstitched Blouse (Green, Multicolor)",SHELADIYATEXTILE,,,,,,
,,,,,,,"SHELADIYATEXTILE Embroidered Bollywood Silk Blend Saree with Unstitched Blouse (Pink, Black)",SHELADIYATEXTILE,,,,,,
2200,453bf221b3294a67,HARE4KRISHNA,No,silver,2023-04-04,2023-04-05,"Hare Krishna Woven Paithani Cotton Silk, Pure Cotton Saree (Pink)",Hare Krishna,Possibly a Brand,Hare Krishna,+919909746777,+919909746777,narayanfashion.in@gmail.com,narayanfashion.in@gmail.com
,,,,,,,"Hare Krishna Woven Paithani Cotton Silk, Pure Cotton Saree (Blue)",Hare Krishna,,,,,,
,,,,,,,"Hare Krishna Woven Paithani Cotton Silk, Pure Cotton Saree (Light Green)",Hare Krishna,,,,,,
,,,,,,,"Hare Krishna Self Design Kanjivaram Pure Cotton, Jacquard Saree (Blue)",Hare Krishna,,,,,,
,,,,,,,"Hare Krishna Woven, Temple Border Narayanpet Cotton Silk Saree (Green)",Hare Krishna,,,,,,
,,,,,,,"Hare Krishna Woven, Temple Border, Ombre, Paisley Paithani Cotton Silk, Silk Blend Saree (Green)",Hare Krishna,,,,,,
,,,,,,,"Hare Krishna Woven Dharmavaram Cotton Silk, Pure Cotton Saree (Grey)",Hare Krishna,,,,,,
,,,,,,,"Hare Krishna Woven Mysore Cotton Silk, Pure Cotton Saree (Grey)",Hare Krishna,,,,,,
,,,,,,,"Hare Krishna Striped Bollywood Cotton Silk, Pure Cotton Saree (Light Green)",Hare Krishna,,,,,,
,,,,,,,"Hare Krishna Floral Print Kanjivaram Pure Cotton, Jacquard Saree (Orange)",Hare Krishna,,,,,,
,,,,,,,"Hare Krishna Self Design, Woven Kanjivaram Pure Cotton, Cotton Silk Saree (Blue)",Hare Krishna,,,,,,
,,,,,,,"Hare Krishna Self Design, Woven Kanjivaram Pure Cotton, Cotton Silk Saree (Blue)",Hare Krishna,,,,,,
,,,,,,,"Hare Krishna Striped Bollywood Cotton Silk, Pure Cotton Saree (Yellow)",Hare Krishna,,,,,,
,,,,,,,"Hare Krishna Striped Bollywood Cotton Silk, Pure Cotton Saree (Orange)",Hare Krishna,,,,,,
,,,,,,,"Hare Krishna Temple Border Kanjivaram Art Silk, Pure Silk Saree (Blue)",Hare Krishna,,,,,,
,,,,,,,"Hare Krishna Self Design Kanjivaram Pure Cotton, Jacquard Saree (Pink)",Hare Krishna,,,,,,
,,,,,,,"Hare krishna Self Design, Temple Border, Woven Kanjivaram Cotton Silk Saree with Unstitched Blouse (Orange)",Hare krishna,,,,,,
,,,,,,,"Hare Krishna Temple Border, Self Design Dharmavaram Cotton Silk, Art Silk Saree (Green)",Hare Krishna,,,,,,
,,,,,,,"Hare Krishna Temple Border, Woven, Embellished, Solid/Plain, Floral Print Assam Silk Cotton Silk, Art Silk Saree (Pink)",Hare Krishna,,,,,,
,,,,,,,"Hare krishna Printed Banarasi Pure Cotton, Jacquard Saree with Unstitched Blouse (Pink)",Hare krishna,,,,,,
2201,f7c5da4de7e64fa2,Rahiwilla,No,silver,2025-12-24,2026-01-08,"Rahiwilla Printed Bollywood Cotton Linen, Art Silk Saree (Multicolor)",Rahiwilla,Possibly a Brand,Rahiwilla,+919664838550,+919664838550,rahiwilla8550@gmail.com,rahiwilla8550@gmail.com
,,,,,,,"Rahiwilla Printed Bollywood Cotton Linen, Art Silk Saree (Multicolor)",Rahiwilla,,,,,,
,,,,,,,"Rahiwilla Printed Bollywood Cotton Linen, Art Silk Saree (Multicolor)",Rahiwilla,,,,,,
,,,,,,,"Rahiwilla Printed Bollywood Cotton Linen, Art Silk Saree (Multicolor)",Rahiwilla,,,,,,
,,,,,,,"Rahiwilla Printed Bollywood Cotton Linen, Art Silk Saree (White)",Rahiwilla,,,,,,
,,,,,,,Rahiwilla Floral Print Daily Wear Cotton Linen Saree (Multicolor),Rahiwilla,,,,,,
,,,,,,,Rahiwilla Printed Daily Wear Cotton Linen Saree (Multicolor),Rahiwilla,,,,,,
,,,,,,,Rahiwilla Printed Daily Wear Cotton Linen Saree (Multicolor),Rahiwilla,,,,,,
,,,,,,,Rahiwilla Floral Print Daily Wear Cotton Linen Saree (Multicolor),Rahiwilla,,,,,,
,,,,,,,Rahiwilla Floral Print Daily Wear Cotton Linen Saree (Multicolor),Rahiwilla,,,,,,
,,,,,,,Rahiwilla Floral Print Daily Wear Cotton Linen Saree (Light Green),Rahiwilla,,,,,,
,,,,,,,Rahiwilla Floral Print Daily Wear Cotton Linen Saree (Multicolor),Rahiwilla,,,,,,
,,,,,,,"Rahiwilla Floral Print, Printed Daily Wear Cotton Linen Saree (Light Green)",Rahiwilla,,,,,,
,,,,,,,Rahiwilla Floral Print Daily Wear Cotton Linen Saree (Purple),Rahiwilla,,,,,,
,,,,,,,Rahiwilla Floral Print Daily Wear Cotton Linen Saree (Purple),Rahiwilla,,,,,,
,,,,,,,Rahiwilla Floral Print Daily Wear Cotton Blend Saree (Light Green),Rahiwilla,,,,,,
,,,,,,,Rahiwilla Floral Print Daily Wear Cotton Blend Saree (Light Green),Rahiwilla,,,,,,
,,,,,,,"Rahiwilla Printed, Floral Print Daily Wear Cotton Linen Saree (Pink)",Rahiwilla,,,,,,
,,,,,,,Rahiwilla Printed Bollywood Cotton Linen Saree (Purple),Rahiwilla,,,,,,
,,,,,,,Rahiwilla Floral Print Daily Wear Cotton Linen Saree (Black),Rahiwilla,,,,,,
2202,429be5ff31ac48fa,AlkaaFashion,No,bronze,2025-11-07,2025-11-07,"ALKAA FASHION Floral Print, Printed Daily Wear Linen Saree (Multicolor)",ALKAA FASHION,Possibly a Brand,mivrious,+918460274521,+918460274521,alkafashion12@gmail.com,alkafashion12@gmail.com
,,,,,,,"ALKAA FASHION Printed, Floral Print Daily Wear Linen Saree (Multicolor)",ALKAA FASHION,,,,,,
,,,,,,,ALKAA FASHION Digital Print Bollywood Linen Saree (Multicolor),ALKAA FASHION,,,,,,
,,,,,,,"ALKAA FASHION Printed, Floral Print, Paisley Daily Wear Linen Saree (Multicolor)",ALKAA FASHION,,,,,,
,,,,,,,"ALKAA FASHION Printed, Floral Print, Paisley, Animal Print, Digital Print Bollywood Linen Saree (Multicolor)",ALKAA FASHION,,,,,,
,,,,,,,ALKAA FASHION Digital Print Bollywood Linen Saree (Multicolor),ALKAA FASHION,,,,,,
,,,,,,,"ALKAA FASHION Printed, Animal Print, Floral Print Daily Wear Linen Saree (Multicolor)",ALKAA FASHION,,,,,,
,,,,,,,mivrious Printed Kalamkari Linen Saree (Multicolor),mivrious,,,,,,
,,,,,,,"mivrious Printed, Floral Print, Geometric Print Daily Wear Linen Saree (Multicolor)",mivrious,,,,,,
,,,,,,,"mivrious Printed, Floral Print Daily Wear Linen Saree (Multicolor)",mivrious,,,,,,
,,,,,,,"mivrious Printed, Geometric Print, Paisley Daily Wear Linen Saree (Multicolor)",mivrious,,,,,,
,,,,,,,"mivrious Printed, Floral Print Daily Wear Linen Saree (Multicolor)",mivrious,,,,,,
,,,,,,,mivrious Floral Print Daily Wear Linen Saree (Multicolor),mivrious,,,,,,
,,,,,,,"mivrious Floral Print, Woven, Printed Daily Wear Linen Saree (Multicolor)",mivrious,,,,,,
,,,,,,,"mivrious Printed, Geometric Print, Paisley Daily Wear Linen Saree (Multicolor)",mivrious,,,,,,
,,,,,,,"mivrious Polka Print, Geometric Print, Printed Daily Wear Linen Saree (Multicolor)",mivrious,,,,,,
,,,,,,,"mivrious Printed, Floral Print Daily Wear Linen Saree (Multicolor)",mivrious,,,,,,
,,,,,,,"mivrious Printed, Geometric Print, Paisley Daily Wear Linen Saree (Multicolor)",mivrious,,,,,,
,,,,,,,"mivrious Printed, Floral Print Daily Wear Linen Saree (Multicolor)",mivrious,,,,,,
,,,,,,,"mivrious Printed, Floral Print Daily Wear Linen Saree (Multicolor)",mivrious,,,,,,
2203,d825774fb6aa4ef6,KASHVISAREES,Yes,gold,2015-09-04,2015-09-11,,,,,,,,
2204,858d943ee6bc4e1e,FIKFOLUO,No,gold,2025-04-10,2025-04-15,"Fikfoluo Embroidered, Embellished Bollywood Georgette Saree (Purple)",Fikfoluo,Possibly a Brand,Fikfoluo,+918866449497,+918866449497,fikfoluo9497@gmail.com,fikfoluo9497@gmail.com
,,,,,,,"Fikfoluo Embroidered, Embellished Bollywood Georgette Saree (Green)",Fikfoluo,,,,,,
,,,,,,,"Fikfoluo Embroidered, Embellished Bollywood Georgette Saree (Blue)",Fikfoluo,,,,,,
,,,,,,,Fikfoluo Embroidered Bollywood Georgette Saree (Purple),Fikfoluo,,,,,,
,,,,,,,Fikfoluo Embroidered Bollywood Georgette Saree (Blue),Fikfoluo,,,,,,
,,,,,,,Fikfoluo Cotton Silk Embroidered Blouse Material,Fikfoluo,,,,,,
,,,,,,,Fikfoluo Embroidered Bollywood Georgette Saree (Pink),Fikfoluo,,,,,,
,,,,,,,Fikfoluo U-Neck Women Blouse,Fikfoluo,,,,,,
,,,,,,,Fikfoluo Embroidered Bollywood Georgette Saree (Purple),Fikfoluo,,,,,,
,,,,,,,Fikfoluo U-Neck Women Blouse,Fikfoluo,,,,,,
,,,,,,,Fikfoluo Embellished Bollywood Georgette Saree (Blue),Fikfoluo,,,,,,
,,,,,,,Fikfoluo Embellished Bollywood Georgette Saree (Dark Blue),Fikfoluo,,,,,,
,,,,,,,Fikfoluo U-Neck Women Blouse,Fikfoluo,,,,,,
,,,,,,,Fikfoluo Cotton Silk Embroidered Blouse Material,Fikfoluo,,,,,,
,,,,,,,Fikfoluo Embroidered Bollywood Georgette Saree (Black),Fikfoluo,,,,,,
,,,,,,,Fikfoluo U-Neck Women Blouse,Fikfoluo,,,,,,
,,,,,,,"Fikfoluo Embellished, Floral Print Bollywood Georgette Saree (Green)",Fikfoluo,,,,,,
,,,,,,,Fikfoluo U-Neck Women Blouse,Fikfoluo,,,,,,
,,,,,,,Fikfoluo Embellished Bollywood Georgette Saree (Red),Fikfoluo,,,,,,
,,,,,,,Fikfoluo U-Neck Women Blouse,Fikfoluo,,,,,,
2205,89e51dbb6ff94497,Jayfashions,No,bronze,2015-04-09,2015-04-15,"Jay fashion Floral Print, Animal Print Banarasi Silk Blend Saree (Green)",Jay fashion,Possibly a Brand,Jay fashion,+917359272652,+917359272652,jayantlakhara3790@gmail.com,jayantlakhara3790@gmail.com
,,,,,,,Jay fashion Checkered Banarasi Cotton Blend Saree (Multicolor),Jay fashion,,,,,,
,,,,,,,"Jay fashion Self Design Banarasi Art Silk, Silk Blend Saree (Pink)",Jay fashion,,,,,,
,,,,,,,Jay fashion Floral Print Banarasi Silk Blend Saree (Purple),Jay fashion,,,,,,
,,,,,,,"Jay fashion Self Design Banarasi Art Silk, Silk Blend Saree (Multicolor)",Jay fashion,,,,,,
,,,,,,,Jay fashion Woven Kanjivaram Silk Blend Saree (Multicolor),Jay fashion,,,,,,
,,,,,,,"Jay fashion Self Design Banarasi Art Silk, Silk Blend Saree (Yellow)",Jay fashion,,,,,,
,,,,,,,"Jay fashion Self Design Banarasi Art Silk, Silk Blend Saree (Purple)",Jay fashion,,,,,,
,,,,,,,"Jay fashion Woven Banarasi Art Silk Saree with Unstitched Blouse (Green, Purple)",Jay fashion,,,,,,
,,,,,,,Jay fashion Floral Print Banarasi Silk Blend Saree (Multicolor),Jay fashion,,,,,,
,,,,,,,Jay fashion Woven Kanjivaram Silk Blend Saree (Pink),Jay fashion,,,,,,
,,,,,,,Jay fashion Woven Banarasi Art Silk Saree (Grey),Jay fashion,,,,,,
,,,,,,,Jay fashion Self Design Kanjivaram Art Silk Saree (Multicolor),Jay fashion,,,,,,
,,,,,,,Jay fashion Woven Banarasi Art Silk Saree with Unstitched Blouse (Pink),Jay fashion,,,,,,
,,,,,,,Jay fashion Self Design Banarasi Silk Blend Saree with Unstitched Blouse (Multicolor),Jay fashion,,,,,,
,,,,,,,Jay fashion Floral Print Kanjivaram Silk Blend Saree (Multicolor),Jay fashion,,,,,,
,,,,,,,jay fashion Floral Print Banarasi Silk Blend Saree with Unstitched Blouse (Multicolor),jay fashion,,,,,,
,,,,,,,jay fashion Floral Print Banarasi Silk Blend Saree with Unstitched Blouse (Multicolor),jay fashion,,,,,,
,,,,,,,JAY FASHION Floral Print Jamdani Cotton Silk Saree with Unstitched Blouse (Multicolor),JAY FASHION,,,,,,
,,,,,,,"jay Self Design Banarasi Jacquard, Art Silk Saree with Unstitched Blouse (Yellow)",jay,,,,,,
2206,0faf370f0dd4445b,CHETANALLINONE,No,bronze,2025-12-24,2025-12-25,CHETANALLINONE Printed Bollywood Crepe Saree with Unstitched Blouse (Black),CHETANALLINONE,Possibly a Brand,CHETANALLINONE,+919157694316,+919157694316,jariwalasahil07@gmail.com,jariwalasahil07@gmail.com
,,,,,,,CHETANALLINONE Printed Bollywood Crepe Saree with Unstitched Blouse (Black),CHETANALLINONE,,,,,,
,,,,,,,CHETANALLINONE Printed Bollywood Satin Saree with Unstitched Blouse (Black),CHETANALLINONE,,,,,,
,,,,,,,CHETANALLINONE Printed Bollywood Satin Saree with Unstitched Blouse (Green),CHETANALLINONE,,,,,,
,,,,,,,CHETANALLINONE Printed Bollywood Satin Saree with Unstitched Blouse (Blue),CHETANALLINONE,,,,,,
,,,,,,,CHETANALLINONE Printed Bollywood Satin Saree with Unstitched Blouse (Green),CHETANALLINONE,,,,,,
,,,,,,,CHETANALLINONE Printed Bollywood Satin Saree with Unstitched Blouse (Purple),CHETANALLINONE,,,,,,
,,,,,,,CHETANALLINONE Printed Bollywood Satin Saree with Unstitched Blouse (Maroon),CHETANALLINONE,,,,,,
,,,,,,,CHETANALLINONE Printed Bollywood Satin Saree with Unstitched Blouse (Black),CHETANALLINONE,,,,,,
,,,,,,,CHETANALLINONE Printed Bollywood Satin Saree with Unstitched Blouse (Blue),CHETANALLINONE,,,,,,
,,,,,,,CHETANALLINONE Printed Bollywood Satin Saree with Unstitched Blouse (Green),CHETANALLINONE,,,,,,
,,,,,,,CHETANALLINONE Printed Bollywood Satin Saree with Unstitched Blouse (Green),CHETANALLINONE,,,,,,
,,,,,,,CHETANALLINONE Dyed Bollywood Satin Saree with Unstitched Blouse (Green),CHETANALLINONE,,,,,,
,,,,,,,CHETANALLINONE Dyed Bollywood Satin Saree with Unstitched Blouse (Black),CHETANALLINONE,,,,,,
,,,,,,,CHETANALLINONE Dyed Bollywood Satin Saree with Unstitched Blouse (Green),CHETANALLINONE,,,,,,
,,,,,,,CHETANALLINONE Dyed Bollywood Satin Saree with Unstitched Blouse (Maroon),CHETANALLINONE,,,,,,
,,,,,,,CHETANALLINONE Dyed Bollywood Satin Saree with Unstitched Blouse (Black),CHETANALLINONE,,,,,,
,,,,,,,CHETANALLINONE Dyed Bollywood Satin Saree with Unstitched Blouse (Black),CHETANALLINONE,,,,,,
,,,,,,,CHETANALLINONE Dyed Bollywood Satin Saree with Unstitched Blouse (Blue),CHETANALLINONE,,,,,,
,,,,,,,CHETANALLINONE Printed Bandhani Georgette Saree with Unstitched Blouse (Green),CHETANALLINONE,,,,,,
2207,c66d5246f7964d44,GAJALINTERNATIONAL,Yes,gold,2022-04-20,2022-04-30,,,,,,,,
2208,77da0b9d2ca84937,SOOUNDARYA,No,silver,2025-06-16,2025-06-26,"pranshul apparels Embroidered Kurta, Trouser/Pant & Dupatta Set",pranshul apparels,Possibly a Brand,PRANSHUL APPARELS,+918154002400,+918154002400,sales.sooundarya@gmail.com,sales.sooundarya@gmail.com
,,,,,,,"pranshul apparels Printed Kurta, Palazzo & Dupatta Set",pranshul apparels,,,,,,
,,,,,,,"pranshul apparels Embroidered Kurta, Trouser/Pant & Dupatta Set",pranshul apparels,,,,,,
,,,,,,,"pranshul apparels Embroidered Kurta, Trouser/Pant & Dupatta Set",pranshul apparels,,,,,,
,,,,,,,"pranshul apparels Embroidered Kurta, Trouser/Pant & Dupatta Set",pranshul apparels,,,,,,
,,,,,,,"PRANSHUL APPARELS Kurta, Dhoti Pant & Dupatta Set",PRANSHUL APPARELS,,,,,,
,,,,,,,"PRANSHUL APPARELS Kurta, Dhoti Pant & Dupatta Set",PRANSHUL APPARELS,,,,,,
,,,,,,,"PRANSHUL APPARELS Kurta, Dhoti Pant & Dupatta Set",PRANSHUL APPARELS,,,,,,
,,,,,,,"PRANSHUL APPARELS Kurta, Dhoti Pant & Dupatta Set",PRANSHUL APPARELS,,,,,,
,,,,,,,"PRANSHUL APPARELS Kurta, Dhoti Pant & Dupatta Set",PRANSHUL APPARELS,,,,,,
,,,,,,,"PRANSHUL APPARELS Kurta, Dhoti Pant & Dupatta Set",PRANSHUL APPARELS,,,,,,
,,,,,,,"PRANSHUL APPARELS Kurta, Dhoti Pant & Dupatta Set",PRANSHUL APPARELS,,,,,,
,,,,,,,"PRANSHUL APPARELS Kurta, Dhoti Pant & Dupatta Set",PRANSHUL APPARELS,,,,,,
,,,,,,,"PRANSHUL APPARELS Kurta, Dhoti Pant & Dupatta Set",PRANSHUL APPARELS,,,,,,
,,,,,,,"PRANSHUL APPARELS Kurta, Dhoti Pant & Dupatta Set",PRANSHUL APPARELS,,,,,,
,,,,,,,"PRANSHUL APPARELS Kurta, Dhoti Pant & Dupatta Set",PRANSHUL APPARELS,,,,,,
,,,,,,,"PRANSHUL APPARELS Kurta, Dhoti Pant & Dupatta Set",PRANSHUL APPARELS,,,,,,
,,,,,,,"PRANSHUL APPARELS Kurta, Dhoti Pant & Dupatta Set",PRANSHUL APPARELS,,,,,,
,,,,,,,"PRANSHUL APPARELS Kurta, Dhoti Pant & Dupatta Set",PRANSHUL APPARELS,,,,,,
,,,,,,,"PRANSHUL APPARELS Kurta, Dhoti Pant & Dupatta Set",PRANSHUL APPARELS,,,,,,
2209,65726210b3f04a0f,LAVICREATION0,No,silver,2026-06-22,2026-06-24,"Lavicreation Embroidered Kurta, Trouser/Pant & Dupatta Set",Lavicreation,Possibly a Brand,Lavicreation,+919315550550,+919315550550,H.shiv007@gmail.com,H.shiv007@gmail.com
,,,,,,,"Lavicreation Embroidered Kurta, Trouser/Pant & Dupatta Set",Lavicreation,,,,,,
,,,,,,,"Lavicreation Embroidered Kurta, Trouser/Pant & Dupatta Set",Lavicreation,,,,,,
,,,,,,,"Lavicreation Embroidered Kurta, Trouser/Pant & Dupatta Set",Lavicreation,,,,,,
,,,,,,,"Lavicreation Embroidered Kurta, Trouser/Pant & Dupatta Set",Lavicreation,,,,,,
,,,,,,,"Lavicreation Floral Print Kurta, Trouser/Pant & Dupatta Set",Lavicreation,,,,,,
,,,,,,,"Lavicreation Embroidered Kurta, Trouser/Pant & Dupatta Set",Lavicreation,,,,,,
,,,,,,,"Lavicreation Embroidered Kurta, Trouser/Pant & Dupatta Set",Lavicreation,,,,,,
,,,,,,,"Lavicreation Embroidered Kurta, Trouser/Pant & Dupatta Set",Lavicreation,,,,,,
,,,,,,,"Lavicreation Embroidered Kurta, Trouser/Pant & Dupatta Set",Lavicreation,,,,,,
,,,,,,,"Lavicreation Embroidered Kurta, Trouser/Pant & Dupatta Set",Lavicreation,,,,,,
,,,,,,,"Lavicreation Embroidered Kurta, Trouser/Pant & Dupatta Set",Lavicreation,,,,,,
,,,,,,,"Lavicreation Embroidered Kurta, Trouser/Pant & Dupatta Set",Lavicreation,,,,,,
,,,,,,,"Lavicreation Embroidered Kurta, Trouser/Pant & Dupatta Set",Lavicreation,,,,,,
,,,,,,,"Lavicreation Embroidered Kurta, Trouser/Pant & Dupatta Set",Lavicreation,,,,,,
,,,,,,,"Lavicreation Embroidered Kurta, Trouser/Pant & Dupatta Set",Lavicreation,,,,,,
,,,,,,,"Lavicreation Embroidered Kurta, Trouser/Pant & Dupatta Set",Lavicreation,,,,,,
,,,,,,,"Lavicreation Embroidered Kurta, Trouser/Pant & Dupatta Set",Lavicreation,,,,,,
,,,,,,,"Lavicreation Embroidered Kurta, Trouser/Pant & Dupatta Set",Lavicreation,,,,,,
,,,,,,,"Lavicreation Embroidered Kurta, Trouser/Pant & Dupatta Set",Lavicreation,,,,,,
2210,8ba0a538fe954640,PeacockTrendz,No,silver,2026-05-28,2026-05-29,"peacockfab Embroidered Kurta, Trouser/Pant & Dupatta Set",peacockfab,Possibly a Brand,peacockfab,+919898868617,+919898868617,omsaitex05@gmail.com,omsaitex05@gmail.com
,,,,,,,"peacockfab Embroidered Kurta, Trouser/Pant & Dupatta Set",peacockfab,,,,,,
,,,,,,,"peacockfab Embroidered Kurta, Trouser/Pant & Dupatta Set",peacockfab,,,,,,
,,,,,,,"peacockfab Embroidered Kurta, Trouser/Pant & Dupatta Set",peacockfab,,,,,,
,,,,,,,"peacockfab Embroidered Kurta, Trouser/Pant & Dupatta Set",peacockfab,,,,,,
,,,,,,,"peacockfab Embroidered Kurta, Trouser/Pant & Dupatta Set",peacockfab,,,,,,
,,,,,,,"peacockfab Embroidered Kurta, Salwar & Dupatta Set",peacockfab,,,,,,
,,,,,,,"peacockfab Embroidered Kurta, Trouser/Pant & Dupatta Set",peacockfab,,,,,,
,,,,,,,"peacockfab Embroidered Kurta, Trouser/Pant & Dupatta Set",peacockfab,,,,,,
,,,,,,,"peacockfab Embroidered Kurta, Trouser/Pant & Dupatta Set",peacockfab,,,,,,
,,,,,,,"peacockfab Embroidered Kurta, Trouser/Pant & Dupatta Set",peacockfab,,,,,,
,,,,,,,"peacockfab Embroidered Kurta, Trouser/Pant & Dupatta Set",peacockfab,,,,,,
,,,,,,,"peacockfab Embroidered, Floral Print Kurta, Salwar & Dupatta Set",peacockfab,,,,,,
,,,,,,,"peacockfab Embroidered Kurta, Trouser/Pant & Dupatta Set",peacockfab,,,,,,
,,,,,,,"peacockfab Embroidered Kurta, Salwar & Dupatta Set",peacockfab,,,,,,
,,,,,,,"peacockfab Embroidered Kurta, Trouser/Pant & Dupatta Set",peacockfab,,,,,,
,,,,,,,"peacockfab Embroidered Kurta, Salwar & Dupatta Set",peacockfab,,,,,,
,,,,,,,"peacockfab Embroidered Kurta, Salwar & Dupatta Set",peacockfab,,,,,,
,,,,,,,"peacockfab Embroidered Kurta, Salwar & Dupatta Set",peacockfab,,,,,,
,,,,,,,"peacockfab Embroidered Kurta, Trouser/Pant & Dupatta Set",peacockfab,,,,,,
2211,7594369a72ab4e8d,JNSELLER,No,silver,2025-12-03,2025-12-05,"N J Creation Printed Kurta, Trouser/Pant & Dupatta Set",N J Creation,Possibly a Brand,N J Creation,+919167349903,+919167349903,neerajkaria443@gmail.com,neerajkaria443@gmail.com
,,,,,,,"N J Creation Printed Kurta, Trouser/Pant & Dupatta Set",N J Creation,,,,,,
,,,,,,,"N J Creation Printed Kurta, Trouser/Pant & Dupatta Set",N J Creation,,,,,,
,,,,,,,"N J Creation Printed Kurta, Trouser/Pant & Dupatta Set",N J Creation,,,,,,
,,,,,,,"N J Creation Printed Kurta, Trouser/Pant & Dupatta Set",N J Creation,,,,,,
,,,,,,,"N J Creation Printed Kurta, Trouser/Pant & Dupatta Set",N J Creation,,,,,,
,,,,,,,"N J Creation Printed Kurta, Trouser/Pant & Dupatta Set",N J Creation,,,,,,
,,,,,,,"N J Creation Floral Print Kurta, Trouser/Pant & Dupatta Set",N J Creation,,,,,,
,,,,,,,"N J Creation Printed Kurta, Trouser/Pant & Dupatta Set",N J Creation,,,,,,
,,,,,,,"N J Creation Printed Kurta, Trouser/Pant & Dupatta Set",N J Creation,,,,,,
,,,,,,,"N J Creation Floral Print Kurta, Trouser/Pant & Dupatta Set",N J Creation,,,,,,
,,,,,,,"N J Creation Printed Kurta, Trouser/Pant & Dupatta Set",N J Creation,,,,,,
,,,,,,,"N J Creation Printed Kurta, Trouser/Pant & Dupatta Set",N J Creation,,,,,,
,,,,,,,"N J Creation Printed Kurta, Trouser/Pant & Dupatta Set",N J Creation,,,,,,
,,,,,,,"N J Creation Printed Kurta, Trouser/Pant & Dupatta Set",N J Creation,,,,,,
,,,,,,,"N J Creation Printed Kurta, Trouser/Pant & Dupatta Set",N J Creation,,,,,,
,,,,,,,"N J Creation Printed Kurta, Trouser/Pant & Dupatta Set",N J Creation,,,,,,
,,,,,,,"N J Creation Printed Kurta, Trouser/Pant & Dupatta Set",N J Creation,,,,,,
,,,,,,,"N J Creation Printed Kurta, Trouser/Pant & Dupatta Set",N J Creation,,,,,,
,,,,,,,"N J Creation Printed Kurta, Trouser/Pant & Dupatta Set",N J Creation,,,,,,
2212,66349aa139574abc,manya07,No,bronze,2025-07-12,2025-07-17,Manya Anarkali Gown (Green),Manya,Possibly a Brand,Manya,+919978174987,+919978174987,manyabeautyherbalshampoo28@gmail.com,manyabeautyherbalshampoo28@gmail.com
,,,,,,,Manya Anarkali Gown (Green),Manya,,,,,,
,,,,,,,Manya Anarkali Gown (Green),Manya,,,,,,
,,,,,,,Manya Anarkali Gown (Green),Manya,,,,,,
,,,,,,,Manya Anarkali Gown (Green),Manya,,,,,,
,,,,,,,"Manya Embroidered Kurta, Trouser/Pant & Dupatta Set",Manya,,,,,,
,,,,,,,"Manya Embroidered Kurta, Trouser/Pant & Dupatta Set",Manya,,,,,,
,,,,,,,"Manya Embroidered Kurta, Trouser/Pant & Dupatta Set",Manya,,,,,,
,,,,,,,"Manya Embroidered Kurta, Trouser/Pant & Dupatta Set",Manya,,,,,,
,,,,,,,"Manya Embroidered Kurta, Trouser/Pant & Dupatta Set",Manya,,,,,,
,,,,,,,"Manya Embroidered Kurta, Trouser/Pant & Dupatta Set",Manya,,,,,,
,,,,,,,"Manya Embroidered Kurta, Trouser/Pant & Dupatta Set",Manya,,,,,,
,,,,,,,"Manya Embroidered Kurta, Trouser/Pant & Dupatta Set",Manya,,,,,,
,,,,,,,"Manya Embellished Kurta, Trouser/Pant & Dupatta Set",Manya,,,,,,
,,,,,,,"Manya Embroidered Kurta, Trouser/Pant & Dupatta Set",Manya,,,,,,
,,,,,,,"Manya Embroidered Kurta, Trouser/Pant & Dupatta Set",Manya,,,,,,
,,,,,,,"Manya Embroidered Kurta, Trouser/Pant & Dupatta Set",Manya,,,,,,
,,,,,,,"Manya Embroidered Kurta, Trouser/Pant & Dupatta Set",Manya,,,,,,
,,,,,,,"Manya Embroidered Kurta, Trouser/Pant & Dupatta Set",Manya,,,,,,
,,,,,,,"Manya Embroidered Kurta, Trouser/Pant & Dupatta Set",Manya,,,,,,
2213,c6918a9114fc4573,ARENTERPRISE26,No,silver,2026-03-08,2026-03-14,niryur Tshirt Palazzos Co-ords Set,niryur,Possibly a Brand,niryur,+919016591184,+919016591184,Aasthacreation18@gmail.com,Aasthacreation18@gmail.com
,,,,,,,niryur Top Pant Co-ords Set with Jacket,niryur,,,,,,
,,,,,,,niryur Tshirt Palazzos Co-ords Set,niryur,,,,,,
,,,,,,,niryur Top Pant Co-ords Set with Jacket,niryur,,,,,,
,,,,,,,niryur Tshirt Palazzos Co-ords Set,niryur,,,,,,
,,,,,,,niryur Top Pant Co-ords Set with Jacket,niryur,,,,,,
,,,,,,,niryur Top Palazzos Co-ords Set,niryur,,,,,,
,,,,,,,niryur Tshirt Palazzos Co-ords Set,niryur,,,,,,
,,,,,,,niryur Top Pant Co-ords Set with Jacket,niryur,,,,,,
,,,,,,,niryur Top Pant Co-ords Set with Jacket,niryur,,,,,,
,,,,,,,niryur Top Pant Co-ords Set with Jacket,niryur,,,,,,
,,,,,,,niryur Top Pant Co-ords Set with Jacket,niryur,,,,,,
,,,,,,,niryur Top Palazzos Co-ords Set with Jacket,niryur,,,,,,
,,,,,,,niryur Tunic Palazzos Co-ords Set,niryur,,,,,,
,,,,,,,niryur Tshirt Palazzos Co-ords Set,niryur,,,,,,
,,,,,,,niryur Tshirt Palazzos Co-ords Set with Jacket,niryur,,,,,,
,,,,,,,niryur Top Palazzos Co-ords Set,niryur,,,,,,
,,,,,,,niryur Tunic Palazzos Co-ords Set with Jacket,niryur,,,,,,
,,,,,,,niryur Tunic Pant Co-ords Set with Jacket,niryur,,,,,,
,,,,,,,"niryur Embroidered Anarkali Kurta, Bottom & Dupatta Set",niryur,,,,,,
2214,ed517655a6aa4612,ShreeYamunajifashion,No,silver,2025-04-14,2025-04-15,shree yamuna Cotton Slub Women Churidar,shree yamuna,Possibly a Seller,,+917016834667,+917016834667,Sandeepvaghasiya87@gmail.com,Sandeepvaghasiya87@gmail.com
,,,,,,,shree yamuna Cotton Slub Women Churidar,shree yamuna,,,,,,
,,,,,,,shree yamuna Cotton Slub Women Churidar,shree yamuna,,,,,,
,,,,,,,shree yamuna Cotton Slub Women Churidar,shree yamuna,,,,,,
,,,,,,,shree yamuna Cotton Slub Women Churidar,shree yamuna,,,,,,
,,,,,,,shree yamuna Cotton Slub Women Churidar,shree yamuna,,,,,,
,,,,,,,shree yamuna fashion Women Kurta Pant Dupatta Set,shree yamuna fashion,,,,,,
,,,,,,,shree yamuna fashion Women Kurta Pant Dupatta Set,shree yamuna fashion,,,,,,
,,,,,,,"Shree Yamuna Applique Kurta, Salwar & Dupatta Set",Shree Yamuna,,,,,,
,,,,,,,"Shree Yamuna Solid Kurta, Trouser/Pant & Dupatta Set",Shree Yamuna,,,,,,
,,,,,,,"Shree Yamuna Applique Kurta, Trouser/Pant & Dupatta Set",Shree Yamuna,,,,,,
,,,,,,,shree yamuna Women Kurta Sharara Dupatta Set,shree yamuna,,,,,,
,,,,,,,shree yamuna Shirt Pant Co-ords Set,shree yamuna,,,,,,
,,,,,,,Shree Yamuna Women Kurti and Salwar Set,Shree Yamuna,,,,,,
,,,,,,,shree yamuna fashion Women Kurta Pant Dupatta Set,shree yamuna fashion,,,,,,
,,,,,,,shree yamuna Tunic Palazzos Co-ords Set,shree yamuna,,,,,,
,,,,,,,"shree yamuna Embroidered Kurta, Trouser/Pant & Dupatta Set",shree yamuna,,,,,,
,,,,,,,"shree yamuna Embroidered Kurta, Salwar & Dupatta Set",shree yamuna,,,,,,
,,,,,,,"shree yamuna Embroidered, Floral Print Kurta, Salwar & Dupatta Set",shree yamuna,,,,,,
,,,,,,,Shree Yamuna Women Kurti and Salwar Set,Shree Yamuna,,,,,,
2215,bcb5591f65944468,BANSARICOLLECTIONS,No,silver,2026-06-07,2026-06-09,"Bansari Collection Floral Print Kurta, Trouser/Pant & Dupatta Set",Bansari Collection,Possibly a Brand,Bansari Collection,+918460192745,+918460192745,BANSARI.COLLECTIONS@GMAIL.COM,BANSARI.COLLECTIONS@GMAIL.COM
,,,,,,,"Bansari Collection Printed Kurta, Palazzo & Dupatta Set",Bansari Collection,,,,,,
,,,,,,,"Bansari Collection Embroidered Kurta, Palazzo & Dupatta Set",Bansari Collection,,,,,,
,,,,,,,Bansari Collection Women Kurta Palazzo Set,Bansari Collection,,,,,,
,,,,,,,"Bansari Collection Embroidered Kurta, Palazzo & Dupatta Set",Bansari Collection,,,,,,
,,,,,,,"Bansari Collection Printed Kurta, Palazzo & Dupatta Set",Bansari Collection,,,,,,
,,,,,,,"Bansari Collection Embroidered Kurta, Palazzo & Dupatta Set",Bansari Collection,,,,,,
,,,,,,,"Bansari Collection Floral Print Kurta, Trouser/Pant & Dupatta Set",Bansari Collection,,,,,,
,,,,,,,"Bansari Collection Embroidered Kurta, Trouser/Pant & Dupatta Set",Bansari Collection,,,,,,
,,,,,,,Bansari Collection Top Palazzos Co-ords Set,Bansari Collection,,,,,,
,,,,,,,"Bansari Collection Printed Kurta, Palazzo & Dupatta Set",Bansari Collection,,,,,,
,,,,,,,"Bansari Collection Printed Kurta, Palazzo & Dupatta Set",Bansari Collection,,,,,,
,,,,,,,Bansari Collection Top Palazzos Co-ords Set,Bansari Collection,,,,,,
,,,,,,,"Bansari Collection Embroidered Kurta, Palazzo & Dupatta Set",Bansari Collection,,,,,,
,,,,,,,"Bansari Collection Printed Kurta, Palazzo & Dupatta Set",Bansari Collection,,,,,,
,,,,,,,"Bansari Collection Printed Kurta, Palazzo & Dupatta Set",Bansari Collection,,,,,,
,,,,,,,"Bansari Collection Embroidered Kurta, Palazzo & Dupatta Set",Bansari Collection,,,,,,
,,,,,,,"Bansari Collection Geometric Print Kurta, Palazzo & Dupatta Set",Bansari Collection,,,,,,
,,,,,,,"Bansari Collection Printed Kurta, Palazzo & Dupatta Set",Bansari Collection,,,,,,
,,,,,,,Bansari Collection Women Kurta Pant Dupatta Set,Bansari Collection,,,,,,
2216,7ff229cfb6864377,Dhyanatex,Yes,bronze,2021-05-08,2021-08-28,,,,,,,,
2217,ce5b8ba167224c48,Afiyatrends,No,silver,2026-05-20,2026-06-26,"Afiya Trends Floral Print Kurta, Trouser/Pant & Dupatta Set",Afiya Trends,Possibly a Seller,,+917405564980,+917405564980,shaheenjavedshah@gmail.com,shaheenjavedshah@gmail.com
,,,,,,,"Afiya Trends Embroidered Anarkali Kurta, Bottom & Dupatta Set",Afiya Trends,,,,,,
,,,,,,,"Afiya Trends Embroidered Kurta, Trouser/Pant & Dupatta Set",Afiya Trends,,,,,,
,,,,,,,"Afiya Trends Embroidered Kurta, Trouser/Pant & Dupatta Set",Afiya Trends,,,,,,
,,,,,,,"Afiya Trends Embroidered Kurta, Trouser/Pant & Dupatta Set",Afiya Trends,,,,,,
,,,,,,,"Afiya Trends Printed Kurta, Trouser/Pant & Dupatta Set",Afiya Trends,,,,,,
,,,,,,,"Afiya Trends Embroidered Kurta, Trouser/Pant & Dupatta Set",Afiya Trends,,,,,,
,,,,,,,"Afiya Trends Animal Print Kurta, Trouser/Pant & Dupatta Set",Afiya Trends,,,,,,
,,,,,,,"Afiya Trends Printed Kurta, Trouser/Pant & Dupatta Set",Afiya Trends,,,,,,
,,,,,,,"Afiya Trends Printed Kurta, Trouser/Pant & Dupatta Set",Afiya Trends,,,,,,
,,,,,,,"Afiya Trends Embroidered Anarkali Kurta, Bottom & Dupatta Set",Afiya Trends,,,,,,
2218,b1ec484eda734b0f,KLOTDEN,No,silver,2026-06-05,2026-06-07,"Klotden Embroidered Kurta, Trouser/Pant & Dupatta Set",Klotden,Possibly a Brand,Klotden,+917990367601,+917990367601,info.klotdencorporation@gmail.com,info.klotdencorporation@gmail.com
,,,,,,,"Klotden Embroidered Kurta, Trouser/Pant & Dupatta Set",Klotden,,,,,,
,,,,,,,"Klotden Embroidered Kurta, Trouser/Pant & Dupatta Set",Klotden,,,,,,
,,,,,,,"Klotden Embroidered Kurta, Trouser/Pant & Dupatta Set",Klotden,,,,,,
,,,,,,,"Klotden Embroidered Kurta, Trouser/Pant & Dupatta Set",Klotden,,,,,,
,,,,,,,"Klotden Embroidered Kurta, Trouser/Pant & Dupatta Set",Klotden,,,,,,
,,,,,,,"Klotden Embroidered Kurta, Trouser/Pant & Dupatta Set",Klotden,,,,,,
,,,,,,,"Klotden Embroidered Kurta, Trouser/Pant & Dupatta Set",Klotden,,,,,,
,,,,,,,"Klotden Embroidered Kurta, Trouser/Pant & Dupatta Set",Klotden,,,,,,
,,,,,,,"Klotden Embroidered Kurta, Trouser/Pant & Dupatta Set",Klotden,,,,,,
,,,,,,,"Klotden Embroidered Kurta, Trouser/Pant & Dupatta Set",Klotden,,,,,,
,,,,,,,"Klotden Embroidered Kurta, Trouser/Pant & Dupatta Set",Klotden,,,,,,
,,,,,,,"Klotden Embroidered Kurta, Trouser/Pant & Dupatta Set",Klotden,,,,,,
,,,,,,,"Klotden Embroidered Kurta, Trouser/Pant & Dupatta Set",Klotden,,,,,,
,,,,,,,"Klotden Embroidered Kurta, Trouser/Pant & Dupatta Set",Klotden,,,,,,
,,,,,,,Klotden Casual Printed Women Blue Top,Klotden,,,,,,
,,,,,,,"Klotden Embroidered Kurta, Trouser/Pant & Dupatta Set",Klotden,,,,,,
,,,,,,,"Klotden Embroidered Kurta, Trouser/Pant & Dupatta Set",Klotden,,,,,,
,,,,,,,"Klotden Embroidered Kurta, Trouser/Pant & Dupatta Set",Klotden,,,,,,
,,,,,,,"Klotden Embellished Kurta, Trouser/Pant & Dupatta Set",Klotden,,,,,,
2219,179af14541d74e9e,HENIKENTERPRISE55,No,silver,2026-06-09,2026-06-10,"HINAAR LIFESTYLE Embroidered Kurta, Trouser/Pant & Dupatta Set",HINAAR LIFESTYLE,Possibly a Brand,HINAAR LIFESTYLE,+918320467452,+918320467452,Hinagogdani9@gmail.com,Hinagogdani9@gmail.com
,,,,,,,"HINAAR LIFESTYLE Embroidered Kurta, Churidar & Dupatta Set",HINAAR LIFESTYLE,,,,,,
,,,,,,,"HINAAR LIFESTYLE Printed Kurta, Churidar & Dupatta Set",HINAAR LIFESTYLE,,,,,,
,,,,,,,"HINAAR LIFESTYLE Embellished Anarkali Kurta, Bottom & Dupatta Set",HINAAR LIFESTYLE,,,,,,
,,,,,,,"HINAAR LIFESTYLE Embroidered Kurta, Trouser/Pant & Dupatta Set",HINAAR LIFESTYLE,,,,,,
,,,,,,,"HINAAR LIFESTYLE Printed Kurta, Trouser/Pant & Dupatta Set",HINAAR LIFESTYLE,,,,,,
,,,,,,,"HINAAR LIFESTYLE Printed Kurta, Palazzo & Dupatta Set",HINAAR LIFESTYLE,,,,,,
,,,,,,,"HINAAR LIFESTYLE Printed Kurta, Palazzo & Dupatta Set",HINAAR LIFESTYLE,,,,,,
,,,,,,,"HINAAR LIFESTYLE Printed Kurta, Palazzo & Dupatta Set",HINAAR LIFESTYLE,,,,,,
,,,,,,,"HINAAR LIFESTYLE Embroidered Kurta, Churidar & Dupatta Set",HINAAR LIFESTYLE,,,,,,
,,,,,,,"HINAAR LIFESTYLE Printed Anarkali Kurta, Bottom & Dupatta Set",HINAAR LIFESTYLE,,,,,,
,,,,,,,"HINAAR LIFESTYLE Printed Kurta, Palazzo & Dupatta Set",HINAAR LIFESTYLE,,,,,,
,,,,,,,"HINAAR LIFESTYLE Embroidered Kurta, Churidar & Dupatta Set",HINAAR LIFESTYLE,,,,,,
,,,,,,,"HINAAR LIFESTYLE Floral Print Kurta, Churidar & Dupatta Set",HINAAR LIFESTYLE,,,,,,
,,,,,,,"HINAAR LIFESTYLE Printed Kurta, Churidar & Dupatta Set",HINAAR LIFESTYLE,,,,,,
,,,,,,,"HINAAR LIFESTYLE Embroidered Kurta, Churidar & Dupatta Set",HINAAR LIFESTYLE,,,,,,
,,,,,,,"HINAAR LIFESTYLE Embroidered Kurta, Churidar & Dupatta Set",HINAAR LIFESTYLE,,,,,,
,,,,,,,"HINAAR LIFESTYLE Embroidered Kurta, Trouser/Pant & Dupatta Set",HINAAR LIFESTYLE,,,,,,
,,,,,,,"HINAAR LIFESTYLE Embroidered Kurta, Churidar & Dupatta Set",HINAAR LIFESTYLE,,,,,,
,,,,,,,"HINAAR LIFESTYLE Embroidered Kurta, Churidar & Dupatta Set",HINAAR LIFESTYLE,,,,,,
2220,c694f322201842b4,COMETOMARKET1,No,bronze,2023-03-29,2023-09-29,"RUDRAKSH CREATION Girls Midi/Knee Length Casual Dress (Yellow, Sleeveless)",RUDRAKSH CREATION,Possibly a Brand,RUDRAKSH CREATION,+918128880193,+918128880193,indersrajput212@gmail.com,indersrajput212@gmail.com
,,,,,,,"RUDRAKSH CREATION Girls Midi/Knee Length Casual Dress (Yellow, Sleeveless)",RUDRAKSH CREATION,,,,,,
,,,,,,,"RUDRAKSH CREATION Baby Girls Midi/Knee Length Casual Dress (Purple, Sleeveless)",RUDRAKSH CREATION,,,,,,
,,,,,,,"RUDRAKSH CREATION Girls Lehenga Choli Party Wear Embroidered Ghagra, Choli, Dupatta Set (Pink, Pack of 24)",RUDRAKSH CREATION,,,,,,
,,,,,,,rRudraksh Creation Anarkali Gown (Purple),rRudraksh Creation,,,,,,
,,,,,,,"RUDRAKSH CREATION Baby Girls Midi/Knee Length Casual Dress (Yellow, Sleeveless)",RUDRAKSH CREATION,,,,,,
,,,,,,,rRudraksh Creation Anarkali Gown (Purple),rRudraksh Creation,,,,,,
,,,,,,,"RUDRAKSH CREATION Girls Midi/Knee Length Casual Dress (Purple, Sleeveless)",RUDRAKSH CREATION,,,,,,
,,,,,,,rRudraksh Creation Anarkali Gown (Purple),rRudraksh Creation,,,,,,
,,,,,,,"RUDRAKSH CREATION Girls Midi/Knee Length Casual Dress (Yellow, Sleeveless)",RUDRAKSH CREATION,,,,,,
,,,,,,,rRudraksh Creation Anarkali Gown (Purple),rRudraksh Creation,,,,,,
,,,,,,,"RUDRAKSH CREATION Girls Midi/Knee Length Casual Dress (Yellow, Sleeveless)",RUDRAKSH CREATION,,,,,,
,,,,,,,"RUDRAKSH CREATION Baby Girls Midi/Knee Length Casual Dress (Purple, Sleeveless)",RUDRAKSH CREATION,,,,,,
,,,,,,,"RUDRAKSH CREATION Girls Midi/Knee Length Casual Dress (Purple, Sleeveless)",RUDRAKSH CREATION,,,,,,
,,,,,,,"RUDRAKSH CREATION Girls Midi/Knee Length Casual Dress (Yellow, Sleeveless)",RUDRAKSH CREATION,,,,,,
,,,,,,,"RUDRAKSH CREATION Embroidered Kurta, Trouser/Pant & Dupatta Set",RUDRAKSH CREATION,,,,,,
,,,,,,,"RUDRAKSH CREATION Girls Midi/Knee Length Casual Dress (Purple, Sleeveless)",RUDRAKSH CREATION,,,,,,
,,,,,,,"RUDRAKSH CREATION Solid Kurta, Patiala & Dupatta Set",RUDRAKSH CREATION,,,,,,
,,,,,,,"RUDRAKSH CREATION Embroidered Kurta, Sharara & Dupatta Set",RUDRAKSH CREATION,,,,,,
,,,,,,,"RUDRAKSH CREATION Embroidered Kurta, Sharara & Dupatta Set",RUDRAKSH CREATION,,,,,,
2221,93aa6b7406a645a7,CLOTHWISE,No,silver,2026-06-22,2026-06-22,"SheCulture Embroidered Kurta, Sharara & Dupatta Set",SheCulture,Possibly a Brand,SheCulture,+919428270176,+919428270176,clothwise253@gmail.com,clothwise253@gmail.com
,,,,,,,"SheCulture Embroidered Kurta, Trouser/Pant & Dupatta Set",SheCulture,,,,,,
,,,,,,,"SheCulture Embroidered Kurta, Palazzo & Dupatta Set",SheCulture,,,,,,
,,,,,,,"SheCulture Embroidered Kurta, Palazzo & Dupatta Set",SheCulture,,,,,,
,,,,,,,"SheCulture Embroidered Kurta, Palazzo & Dupatta Set",SheCulture,,,,,,
,,,,,,,"SheCulture Embroidered Kurta, Palazzo & Dupatta Set",SheCulture,,,,,,
,,,,,,,"SheCulture Embroidered Kurta, Trouser/Pant & Dupatta Set",SheCulture,,,,,,
,,,,,,,"SheCulture Embroidered Kurta, Trouser/Pant & Dupatta Set",SheCulture,,,,,,
,,,,,,,"SheCulture Embroidered Kurta, Sharara & Dupatta Set",SheCulture,,,,,,
,,,,,,,"SheCulture Embroidered Kurta, Trouser/Pant & Dupatta Set",SheCulture,,,,,,
,,,,,,,"SheCulture Embroidered Kurta, Trouser/Pant & Dupatta Set",SheCulture,,,,,,
,,,,,,,"SheCulture Embroidered Kurta, Churidar & Dupatta Set",SheCulture,,,,,,
,,,,,,,"SheCulture Embroidered Kurta, Palazzo & Dupatta Set",SheCulture,,,,,,
,,,,,,,"SheCulture Embroidered Kurta, Trouser/Pant & Dupatta Set",SheCulture,,,,,,
,,,,,,,"SheCulture Embroidered Kurta, Trouser/Pant & Dupatta Set",SheCulture,,,,,,
,,,,,,,"SheCulture Printed Kurta, Trouser/Pant & Dupatta Set",SheCulture,,,,,,
,,,,,,,"SheCulture Printed Anarkali Kurta, Bottom & Dupatta Set",SheCulture,,,,,,
,,,,,,,"SheCulture Embroidered Kurta, Trouser/Pant & Dupatta Set",SheCulture,,,,,,
,,,,,,,"SheCulture Embroidered Kurta, Trouser/Pant & Dupatta Set",SheCulture,,,,,,
,,,,,,,"SheCulture Embroidered Anarkali Kurta, Bottom & Dupatta Set",SheCulture,,,,,,
2222,2998109d14c54e99,AMBECLOTHING,No,silver,2026-03-17,2026-05-02,"ambeclothing Embroidered Kurta, Trouser/Pant & Dupatta Set",ambeclothing,Possibly a Brand,ambeclothing,+917990984295,+917990984295,PSENTERPRISE131@GMAIL.COM,PSENTERPRISE131@GMAIL.COM
,,,,,,,"ambeclothing Embroidered Kurta, Trouser/Pant & Dupatta Set",ambeclothing,,,,,,
,,,,,,,ambeclothing Tunic Palazzos Co-ords Set,ambeclothing,,,,,,
,,,,,,,ambeclothing Women Crop Top Palazzo Set,ambeclothing,,,,,,
,,,,,,,ambeclothing Tunic Palazzos Co-ords Set,ambeclothing,,,,,,
,,,,,,,ambeclothing Tunic Palazzos Co-ords Set,ambeclothing,,,,,,
,,,,,,,ambeclothing Tunic Palazzos Co-ords Set,ambeclothing,,,,,,
,,,,,,,"ambeclothing Embroidered Kurta, Trouser/Pant & Dupatta Set",ambeclothing,,,,,,
,,,,,,,ambeclothing Women Embroidered Straight Kurta (Black),ambeclothing,,,,,,
,,,,,,,ambeclothing Tunic Palazzos Co-ords Set,ambeclothing,,,,,,
,,,,,,,"ambeclothing Embroidered Kurta, Trouser/Pant & Dupatta Set",ambeclothing,,,,,,
,,,,,,,AADITASYA Women Kurta Pant Dupatta Set,AADITASYA,,,,,,
,,,,,,,"ambeclothing Embroidered Kurta, Trouser/Pant & Dupatta Set",ambeclothing,,,,,,
,,,,,,,RsamFashion Women Ethnic Top Palazzo Set,RsamFashion,,,,,,
,,,,,,,ambeclothing Women Crop Top Palazzo Set,ambeclothing,,,,,,
,,,,,,,"ambeclothing Embroidered Kurta, Trouser/Pant & Dupatta Set",ambeclothing,,,,,,
,,,,,,,ambeclothing Tunic Palazzos Co-ords Set,ambeclothing,,,,,,
,,,,,,,ambeclothing Tunic Palazzos Co-ords Set,ambeclothing,,,,,,
,,,,,,,ambeclothing Women Embroidered A-line Kurta (Black),ambeclothing,,,,,,
,,,,,,,ALBYTI Women Kurti Dhoti Pant Set,ALBYTI,,,,,,
2223,02d17f436dbf4488,WELLCRAFFT,No,silver,2022-05-29,2022-06-10,WELLCRAFT Women Kurti Pant Attached Dupatta Set,WELLCRAFT,Possibly a Brand,WELLCRAFT,+919426522137,+919426522137,joganidevarsh@gmail.com,joganidevarsh@gmail.com
,,,,,,,WELLCRAFT Women Kurti Pant Attached Dupatta Set,WELLCRAFT,,,,,,
,,,,,,,WELLCRAFT Women Kurti Pant Attached Dupatta Set,WELLCRAFT,,,,,,
,,,,,,,WELLCRAFT Women Kurti Pant Attached Dupatta Set,WELLCRAFT,,,,,,
,,,,,,,"WELLCARFT Embroidered Kurta, Trouser/Pant & Dupatta Set",WELLCARFT,,,,,,
,,,,,,,SoftTouch Women Kurti Pant Attached Dupatta Set,SoftTouch,,,,,,
,,,,,,,WELLCRAFT Women Kurti Pant Attached Dupatta Set,WELLCRAFT,,,,,,
,,,,,,,WELLCRAFT Women Kurti Pant Attached Dupatta Set,WELLCRAFT,,,,,,
,,,,,,,WELLCRAFT Women Kurti Pant Attached Dupatta Set,WELLCRAFT,,,,,,
,,,,,,,"WELLCARFT Embroidered Kurta, Trouser/Pant & Dupatta Set",WELLCARFT,,,,,,
,,,,,,,"WELLCARFT Embroidered Kurta, Trouser/Pant & Dupatta Set",WELLCARFT,,,,,,
,,,,,,,WELLCRAFT Women Kurti Pant Attached Dupatta Set,WELLCRAFT,,,,,,
,,,,,,,WELLCRAFT Women Kurti Pant Attached Dupatta Set,WELLCRAFT,,,,,,
,,,,,,,"WELLCARFT Embroidered Kurta, Trouser/Pant & Dupatta Set",WELLCARFT,,,,,,
,,,,,,,WELLCRAFT Women Kurti Pant Attached Dupatta Set,WELLCRAFT,,,,,,
,,,,,,,WELLCRAFT Women Kurti Pant Attached Dupatta Set,WELLCRAFT,,,,,,
,,,,,,,WELLCRAFT Women Kurti Pant Attached Dupatta Set,WELLCRAFT,,,,,,
,,,,,,,"WELLCRAFT Embroidered Kurta, Trouser/Pant & Dupatta Set",WELLCRAFT,,,,,,
,,,,,,,WELLCRAFT Women Kurti Palazzo Set,WELLCRAFT,,,,,,
,,,,,,,WELLCRAFT Women Kurti Palazzo Set,WELLCRAFT,,,,,,
2224,72c345b062374ced,Yogeshwarcreation01,No,silver,2026-06-27,2026-06-28,"Yogeshwar Embroidered Kurta, Dhoti Pant & Dupatta Set",Yogeshwar,Possibly a Seller,,+919924728228,+919924728228,yogeshwarenterprise26@gmail.com,yogeshwarenterprise26@gmail.com
,,,,,,,"Yogeshwar Embroidered Kurta, Dhoti Pant & Dupatta Set",Yogeshwar,,,,,,
,,,,,,,"Yogeshwar Embroidered Kurta, Dhoti Pant & Dupatta Set",Yogeshwar,,,,,,
,,,,,,,"Yogeshwar Embroidered Kurta, Dhoti Pant & Dupatta Set",Yogeshwar,,,,,,
,,,,,,,"Yogeshwar Embroidered Kurta, Dhoti Pant & Dupatta Set",Yogeshwar,,,,,,
,,,,,,,"Yogeshwar Embroidered Kurta, Dhoti Pant & Dupatta Set",Yogeshwar,,,,,,
2225,831f8f2eb22d4c7f,Zenithora,No,silver,2026-05-20,2026-05-30,"Zenithora Printed Kurta, Palazzo & Dupatta Set",Zenithora,Possibly a Brand,Zenithora,+918000787303,+918000787303,zenithora9723@gmail.com,zenithora9723@gmail.com
,,,,,,,"Zenithora Printed Kurta, Trouser/Pant & Dupatta Set",Zenithora,,,,,,
,,,,,,,"Zenithora Printed Kurta, Palazzo & Dupatta Set",Zenithora,,,,,,
,,,,,,,"Zenithora Floral Print Kurta, Trouser/Pant & Dupatta Set",Zenithora,,,,,,
,,,,,,,"Zenithora Printed Kurta, Palazzo & Dupatta Set",Zenithora,,,,,,
,,,,,,,"Zenithora Embroidered Kurta, Trouser/Pant & Dupatta Set",Zenithora,,,,,,
,,,,,,,"Zenithora Embroidered Kurta, Trouser/Pant & Dupatta Set",Zenithora,,,,,,
,,,,,,,"Zenithora Embroidered Kurta, Trouser/Pant & Dupatta Set",Zenithora,,,,,,
,,,,,,,"Zenithora Printed Kurta, Trouser/Pant & Dupatta Set",Zenithora,,,,,,
,,,,,,,"Zenithora Embroidered Kurta, Trouser/Pant & Dupatta Set",Zenithora,,,,,,
,,,,,,,"Zenithora Embroidered Kurta, Trouser/Pant & Dupatta Set",Zenithora,,,,,,
,,,,,,,"Zenithora Printed Kurta, Trouser/Pant & Dupatta Set",Zenithora,,,,,,
,,,,,,,"Shree Chamunda Fab Embroidered Kurta, Trouser/Pant & Dupatta Set",Shree Chamunda Fab,,,,,,
,,,,,,,"Zenithora Embroidered Kurta, Trouser/Pant & Dupatta Set",Zenithora,,,,,,
,,,,,,,"Zenithora Embroidered Kurta, Trouser/Pant & Dupatta Set",Zenithora,,,,,,
,,,,,,,"Zenithora Embroidered Kurta, Trouser/Pant & Dupatta Set",Zenithora,,,,,,
,,,,,,,"Zenithora Printed Kurta, Palazzo & Dupatta Set",Zenithora,,,,,,
,,,,,,,"Zenithora Printed Kurta, Palazzo & Dupatta Set",Zenithora,,,,,,
,,,,,,,"Zenithora Embroidered Kurta, Trouser/Pant & Dupatta Set",Zenithora,,,,,,
,,,,,,,"Zenithora Embroidered Kurta, Trouser/Pant & Dupatta Set",Zenithora,,,,,,
2226,6300a4d893384778,Mayraindia,No,bronze,2015-06-26,2024-01-17,Vamika nx Casual Embroidered Women Beige Top,Vamika nx,Possibly a Seller,,+918735021234,+918735021234,neeraj_chhajer@yahoo.com,neeraj_chhajer@yahoo.com
,,,,,,,Vamika nx Casual Embroidered Women Black Top,Vamika nx,,,,,,
,,,,,,,MAYRA Casual Embroidered Women Beige Top,MAYRA,,,,,,
,,,,,,,Vamika nx Casual Embroidered Women Black Top,Vamika nx,,,,,,
,,,,,,,Vamika nx Casual Embroidered Women Beige Top,Vamika nx,,,,,,
,,,,,,,Vamika nx Casual Embroidered Women Beige Top,Vamika nx,,,,,,
,,,,,,,Vamika nx Casual Embroidered Women Beige Top,Vamika nx,,,,,,
,,,,,,,Vamika nx Casual Embroidered Women Maroon Top,Vamika nx,,,,,,
,,,,,,,Vamika nx Casual Embroidered Women Maroon Top,Vamika nx,,,,,,
,,,,,,,Vamika nx Casual Embroidered Women Black Top,Vamika nx,,,,,,
,,,,,,,mayra Casual Women Black Top,mayra,,,,,,
,,,,,,,MAYRA Casual Embroidered Women Yellow Top,MAYRA,,,,,,
,,,,,,,Mayra Women Chikan Embroidery A-line Kurta (Black),Mayra,,,,,,
,,,,,,,Mayra Women Embroidered A-line Kurta (Red),Mayra,,,,,,
,,,,,,,MAYRA Casual Embroidered Women Yellow Top,MAYRA,,,,,,
,,,,,,,Mayra Women Embroidered A-line Kurta (Red),Mayra,,,,,,
,,,,,,,MAYRA Casual Ethnic Motifs Women Yellow Top,MAYRA,,,,,,
,,,,,,,MAYRA Casual Embroidered Women Pink Top,MAYRA,,,,,,
,,,,,,,Mayra Casual Embroidered Women Yellow Top,Mayra,,,,,,
,,,,,,,Vamika nx Casual Embroidered Women Purple Top,Vamika nx,,,,,,
2227,38ee4e74691447cf,Dhingali Creation-,No,silver,2020-12-22,2021-01-12,"Sabita Embellished, Self Design Handloom Cotton Blend Saree (Red, Black)",Sabita,Possibly a Brand,Dhingali Creation,+918980703459,+918200965479,dhingalicreation007@gmail.com,dhingalicreation007@gmail.com
,,,,,,,Dhingali Creation Floral Print Bollywood Georgette Saree (Blue),Dhingali Creation,,,,,,
,,,,,,,Dhingali Creation Ombre Bollywood Georgette Saree (Multicolor),Dhingali Creation,,,,,,
,,,,,,,"Dhingali Creation Solid/Plain, Woven Handloom Cotton Silk Saree (White)",Dhingali Creation,,,,,,
,,,,,,,"Dhingali Creation Solid/Plain, Woven Handloom Cotton Silk Saree (Blue)",Dhingali Creation,,,,,,
,,,,,,,"Dhingali Creation Solid/Plain, Floral Print, Printed Bollywood Georgette Saree (Blue)",Dhingali Creation,,,,,,
,,,,,,,Dhingali Creation Self Design Bollywood Art Silk Saree with Unstitched Blouse (Blue),Dhingali Creation,,,,,,
,,,,,,,"Dhingali Creation Solid/Plain, Woven Handloom Cotton Silk Saree (Black)",Dhingali Creation,,,,,,
,,,,,,,"Dhingali Creation Solid/Plain, Woven Handloom Cotton Silk Saree (Green)",Dhingali Creation,,,,,,
,,,,,,,Dhingali Creation Floral Print Bollywood Georgette Saree (Brown),Dhingali Creation,,,,,,
,,,,,,,"Dhingali Creation Solid/Plain, Woven Handloom Cotton Silk Saree (Grey)",Dhingali Creation,,,,,,
,,,,,,,"Dhingali Creation Solid/Plain, Woven Handloom Cotton Silk Saree (White)",Dhingali Creation,,,,,,
,,,,,,,"Dhingali Creation Floral Print, Printed Daily Wear Cotton Linen Saree (Pink)",Dhingali Creation,,,,,,
,,,,,,,"Dhingali Creation Solid/Plain, Woven Handloom Cotton Silk Saree (White)",Dhingali Creation,,,,,,
,,,,,,,"Dhingali Creation Solid/Plain, Woven Handloom Cotton Silk Saree (Green)",Dhingali Creation,,,,,,
,,,,,,,Dhingali Creation Casual Printed Women Multicolor Top,Dhingali Creation,,,,,,
,,,,,,,DHINGALI Women Kurta Pant Dupatta Set,DHINGALI,,,,,,
,,,,,,,"Shree Dm CARGO LASHING BELT WITH DOUBLE J HOOK 50MM X 10 M Luggage Strap (Orange) Luggage Strap, Safety Lock, Cable Lock, Luggage Tag (Orange)",Shree Dm,,,,,,
2228,59d5c63f74224f53,VastraDrape,Yes,gold,2026-01-02,2026-01-04,,,,,,,,
2229,b1753d295ca64457,TheTextileHub,Yes,silver,2021-10-07,2021-10-14,,,,,,,,
2230,702c8d9c7f394eda,Dependentfashion,No,silver,2023-02-04,2023-02-05,"PRANATI ENTERPRISE Floral Print, Self Design, Woven Handloom Cotton Silk Saree (Yellow)",PRANATI ENTERPRISE,Possibly a Brand,PRANATI ENTERPRISE,+919735197094,+919735197094,biswassamrat829@gmail.com,biswassamrat829@gmail.com
,,,,,,,"PRANATI ENTERPRISE Printed, Woven Tant Cotton Linen Saree (Dark Blue)",PRANATI ENTERPRISE,,,,,,
,,,,,,,PRANATI ENTERPRISE Self Design Tant Pure Cotton Saree (Green),PRANATI ENTERPRISE,,,,,,
,,,,,,,"PRANATI ENTERPRISE Floral Print, Woven Tant Cotton Silk Saree (White, Red)",PRANATI ENTERPRISE,,,,,,
,,,,,,,"PRANATI ENTERPRISE Floral Print, Self Design, Woven Handloom Cotton Silk Saree (Beige)",PRANATI ENTERPRISE,,,,,,
,,,,,,,PRANATI ENTERPRISE Woven Handloom Pure Cotton Saree (Red),PRANATI ENTERPRISE,,,,,,
,,,,,,,"PRANATI ENTERPRISE Woven, Self Design, Floral Print Handloom Pure Cotton, Cotton Silk Saree (Light Green)",PRANATI ENTERPRISE,,,,,,
,,,,,,,"PRANATI ENTERPRISE Floral Print Handloom Cotton Silk Saree (White, Red)",PRANATI ENTERPRISE,,,,,,
,,,,,,,"PRANATI ENTERPRISE Woven, Solid/Plain Tant Pure Cotton Saree (Cream)",PRANATI ENTERPRISE,,,,,,
,,,,,,,"PRANATI ENTERPRISE Solid/Plain, Embroidered, Floral Print Handloom Cotton Silk, Cotton Linen Saree (Yellow)",PRANATI ENTERPRISE,,,,,,
,,,,,,,"PRANATI ENTERPRISE Woven Tant Cotton Blend Saree (White, Red)",PRANATI ENTERPRISE,,,,,,
,,,,,,,"PRANATI ENTERPRISE Floral Print, Self Design, Woven Handloom Cotton Silk Saree (Dark Green)",PRANATI ENTERPRISE,,,,,,
,,,,,,,"PRANATI ENTERPRISE Woven, Self Design, Floral Print Handloom Handloom Pure Cotton, Cotton Silk Saree (Dark Green)",PRANATI ENTERPRISE,,,,,,
,,,,,,,PRANATI ENTERPRISE Woven Tant Pure Cotton Saree (Red),PRANATI ENTERPRISE,,,,,,
,,,,,,,"PRANATI ENTERPRISE Floral Print, Self Design, Woven Handloom Cotton Silk Saree (Blue)",PRANATI ENTERPRISE,,,,,,
,,,,,,,"PRANATI ENTERPRISE Woven, Solid/Plain Tant Pure Cotton Saree (Light Blue)",PRANATI ENTERPRISE,,,,,,
,,,,,,,"PRANATI ENTERPRISE Floral Print, Woven Tant Cotton Silk Saree (Pack of 2, Yellow, Red)",PRANATI ENTERPRISE,,,,,,
,,,,,,,"PRANATI ENTERPRISE Floral Print, Woven Tant Cotton Silk Saree (Pack of 2, White, Red, Yellow)",PRANATI ENTERPRISE,,,,,,
,,,,,,,"PRANATI ENTERPRISE Woven, Embroidered, Floral Print Handloom Cotton Silk, Cotton Linen Saree (White)",PRANATI ENTERPRISE,,,,,,
,,,,,,,"PRANATI ENTERPRISE Floral Print, Self Design, Woven Handloom Cotton Silk Saree (Purple)",PRANATI ENTERPRISE,,,,,,
2231,42d7d29f74d44d4a,TheBanarasiSilkHouse,No,silver,2026-05-01,2026-05-04,,,Possibly a Seller,,+916387320492,+916387320492,karishma90jais@gmail.com,karishma90jais@gmail.com
2232,c47afba2f52b46f9,PRENTERPRISE85,No,bronze,2025-11-28,2025-11-28,"HouseOfCommon Printed Daily Wear Pure Cotton, Cotton Linen Saree (Cream)",HouseOfCommon,Possibly a Seller,,+919106034731,+919106034731,prenterprise0805@gmail.com,prenterprise0805@gmail.com
,,,,,,,"HouseOfCommon Woven Daily Wear Pure Cotton, Cotton Silk Saree (White)",HouseOfCommon,,,,,,
,,,,,,,"IGRAM LYFESTYLE Printed Daily Wear Pure Cotton, Cotton Linen Saree (Multicolor)",IGRAM LYFESTYLE,,,,,,
,,,,,,,"PREthnic Printed, Digital Print Daily Wear Pure Cotton, Cotton Linen Saree (Orange, Multicolor)",PREthnic,,,,,,
,,,,,,,"HouseOfCommon Printed Daily Wear Pure Cotton, Cotton Linen Saree (Grey, Blue)",HouseOfCommon,,,,,,
,,,,,,,"HouseOfCommon Printed Daily Wear Pure Cotton, Cotton Linen Saree (Cream, Light Green)",HouseOfCommon,,,,,,
,,,,,,,"MAHADEV Printed Daily Wear Linen, Cotton Linen Saree (White)",MAHADEV,,,,,,
,,,,,,,"PREthnic Woven Daily Wear Pure Cotton, Cotton Linen Saree (Multicolor)",PREthnic,,,,,,
,,,,,,,"PREthnic Printed Daily Wear Pure Cotton, Cotton Linen Saree (Multicolor)",PREthnic,,,,,,
,,,,,,,"HouseOfCommon Printed Daily Wear Pure Cotton, Cotton Linen Saree (White)",HouseOfCommon,,,,,,
,,,,,,,"MAHADEV Printed Daily Wear Pure Cotton, Cotton Linen Saree (White)",MAHADEV,,,,,,
,,,,,,,"PRENTERPRISE Digital Print, Floral Print, Printed Bollywood Silk Blend, Art Silk Saree (Purple)",PRENTERPRISE,,,,,,
,,,,,,,"HouseOfCommon Digital Print, Floral Print, Printed Bollywood Silk Blend, Art Silk Saree (Purple)",HouseOfCommon,,,,,,
,,,,,,,"IGRAM LYFESTYLE Printed Daily Wear Pure Cotton, Cotton Linen Saree (Green)",IGRAM LYFESTYLE,,,,,,
,,,,,,,"IGRAM LYFESTYLE Printed Daily Wear Pure Cotton, Cotton Linen Saree (White)",IGRAM LYFESTYLE,,,,,,
,,,,,,,"PREthnic Printed Daily Wear Pure Cotton, Cotton Linen Saree (Cream)",PREthnic,,,,,,
,,,,,,,"HouseOfCommon Printed Daily Wear Pure Cotton, Cotton Linen Saree (Blue)",HouseOfCommon,,,,,,
,,,,,,,"PREthnic Floral Print Daily Wear Pure Cotton, Cotton Linen Saree (Dark Blue)",PREthnic,,,,,,
,,,,,,,"IGRAM LYFESTYLE Printed Daily Wear Pure Cotton, Cotton Linen Saree (Brown)",IGRAM LYFESTYLE,,,,,,
,,,,,,,"HouseOfCommon Floral Print Daily Wear Pure Cotton, Cotton Linen Saree (Dark Blue)",HouseOfCommon,,,,,,
2233,a537092ad2104f05,Dori Saree,Yes,silver,2019-05-29,2019-06-17,,,,,,,,
2234,0210de53608e45fb,SBHandloomCreation,Yes,gold,2024-08-29,2024-09-02,,,,,,,,
2235,e7bbb1ed68ba42fa,TINAFASHION123,No,bronze,2018-07-15,2018-07-23,Tina Fashion Fashion Chiffon Saree with Unstitched Blouse (Multicolor),Tina Fashion,Possibly a Seller,,+919898001578,+919898001578,cplaxkar2004@gmail.com,cplaxkar2004@gmail.com
,,,,,,,"TINA FASHION Printed Bandhani Georgette Saree (Yellow, Red)",TINA FASHION,,,,,,
,,,,,,,"Tina Fashion Embellished Bandhani Silk Blend Saree with Unstitched Blouse (Pink, Yellow)",Tina Fashion,,,,,,
,,,,,,,"Tina Fashion Embellished Bandhani Georgette Saree with Unstitched Blouse (White, Red)",Tina Fashion,,,,,,
,,,,,,,"Tina Fashion Embellished Bandhej Georgette Saree with Unstitched Blouse (Beige, Red)",Tina Fashion,,,,,,
,,,,,,,"TINA FASHION Self Design Bandhani Georgette Saree with Unstitched Blouse (Red, Orange)",TINA FASHION,,,,,,
,,,,,,,Tina Fashion Fashion Chiffon Saree with Unstitched Blouse (Multicolor),Tina Fashion,,,,,,
,,,,,,,Tina Fashion Embellished Bandhej Chiffon Saree with Unstitched Blouse (Beige),Tina Fashion,,,,,,
,,,,,,,"TINA FASHION Printed Bandhani Georgette Saree (Red, Yellow)",TINA FASHION,,,,,,
,,,,,,,TINA FASHION Printed Bandhani Georgette Saree (Orange),TINA FASHION,,,,,,
,,,,,,,Tina Fashion Fashion Chiffon Saree with Unstitched Blouse (Green),Tina Fashion,,,,,,
,,,,,,,"TINA FASHION Self Design Bandhani Georgette Saree with Unstitched Blouse (Red, Yellow)",TINA FASHION,,,,,,
,,,,,,,Tina Fashion Embellished Bandhej Georgette Saree with Unstitched Blouse (Red),Tina Fashion,,,,,,
,,,,,,,Tina Fashion Printed Bandhani Chiffon Saree with Unstitched Blouse (Multicolor),Tina Fashion,,,,,,
,,,,,,,TINA FASHION Striped Leheria Georgette Saree (Multicolor),TINA FASHION,,,,,,
,,,,,,,TINA FASHION Printed Bandhani Georgette Saree (Maroon),TINA FASHION,,,,,,
,,,,,,,"TINA FASHION Printed Bandhani Georgette Saree (Red, Yellow)",TINA FASHION,,,,,,
,,,,,,,Tina Fashion Embellished Bandhani Chiffon Saree with Unstitched Blouse (Mustard),Tina Fashion,,,,,,
,,,,,,,Tina Fashion Bandhej Art Silk Saree with Unstitched Blouse (Blue),Tina Fashion,,,,,,
,,,,,,,TINA FASHION Embroidered Bandhani Georgette Saree (Red),TINA FASHION,,,,,,
2236,8b958e42f8cb405e,FASHIONIUM,Yes,bronze,2020-03-25,2021-08-19,,,,,,,,
2237,8d4ec480247747f6,DHRAMCREATION,No,silver,2024-08-17,2024-08-21,Dharam Creation Solid/Plain Bollywood Georgette Saree (Light Blue),Dharam Creation,Possibly a Seller,,+918000051183,+918000051183,dharmcreation666@gmail.com,dharmcreation666@gmail.com
,,,,,,,"Dharam Creation Solid/Plain, Self Design, Embellished, Dyed Bollywood Georgette Saree (Red)",Dharam Creation,,,,,,
,,,,,,,"Dharam Creation Solid/Plain, Self Design, Embellished, Dyed Bollywood Georgette Saree (Maroon)",Dharam Creation,,,,,,
,,,,,,,DHRAM CREATION Embellished Bollywood Georgette Saree (Purple),DHRAM CREATION,,,,,,
,,,,,,,DHRAM CREATION Embellished Bollywood Georgette Saree (Blue),DHRAM CREATION,,,,,,
,,,,,,,DHRAM CREATION Embellished Bollywood Georgette Saree (Maroon),DHRAM CREATION,,,,,,
,,,,,,,DHRAM CREATION Embellished Bollywood Georgette Saree (Pink),DHRAM CREATION,,,,,,
,,,,,,,"Dharam Creation Solid/Plain, Embellished, Dyed Bollywood Georgette Saree (Blue)",Dharam Creation,,,,,,
,,,,,,,"DHRAM CREATION Solid/Plain, Applique, Dyed, Self Design Bollywood Georgette Saree (Purple)",DHRAM CREATION,,,,,,
,,,,,,,"DHRAM CREATION Solid/Plain, Embellished, Dyed, Self Design, Applique Bollywood Georgette Saree (Green)",DHRAM CREATION,,,,,,
,,,,,,,"Dharam Creation Embellished, Self Design Bollywood Georgette Saree (Multicolor)",Dharam Creation,,,,,,
,,,,,,,"DHRAM CREATION Solid/Plain, Embellished, Dyed, Self Design, Applique Bollywood Georgette Saree (Purple)",DHRAM CREATION,,,,,,
,,,,,,,"DHRAM CREATION Embellished, Solid/Plain Bollywood Georgette Saree (Purple)",DHRAM CREATION,,,,,,
,,,,,,,Dharam Creation Printed Bollywood Georgette Saree (Dark Green),Dharam Creation,,,,,,
,,,,,,,Dharam Creation Embellished Bollywood Georgette Saree (Black),Dharam Creation,,,,,,
,,,,,,,"DHRAM CREATION Solid/Plain, Dyed, Self Design Bollywood Georgette Saree (Light Blue)",DHRAM CREATION,,,,,,
,,,,,,,"DHRAM CREATION Solid/Plain, Self Design, Dyed Banarasi Georgette Saree (Purple)",DHRAM CREATION,,,,,,
,,,,,,,Dharam Creation Printed Bollywood Georgette Saree (Purple),Dharam Creation,,,,,,
,,,,,,,"Dharam Creation Embellished, Applique, Self Design Bollywood Georgette Saree (Pink)",Dharam Creation,,,,,,
,,,,,,,Dharam Creation Embellished Banarasi Georgette Saree (Light Blue),Dharam Creation,,,,,,
2238,8d3ebafab6964598,BhanusMultiHub,No,silver,2025-06-10,2025-06-20,"ABC Women Printed A-line Kurta (White, Maroon)",ABC,Possibly a Brand,ABC,+917850043132,+917850043132,bhanupratap78500@gmail.com,bhanupratap78500@gmail.com
,,,,,,,ABC Round Neck Women Blouse,ABC,,,,,,
,,,,,,,ABC Round Neck Women Blouse,ABC,,,,,,
,,,,,,,ABC Round Neck Women Blouse,ABC,,,,,,
,,,,,,,ABC Round Neck Women Blouse,ABC,,,,,,
,,,,,,,ABC Round Neck Women Blouse,ABC,,,,,,
,,,,,,,ABC Printed Bollywood Georgette Saree (Pink),ABC,,,,,,
,,,,,,,ABC Round Neck Women Blouse,ABC,,,,,,
,,,,,,,ABC Round Neck Women Blouse,ABC,,,,,,
,,,,,,,ABC Women Floral Print Flared Kurta (Black),ABC,,,,,,
,,,,,,,ABC Round Neck Women Blouse,ABC,,,,,,
,,,,,,,BhanusMultiHub Woven Jamdani Cotton Blend Saree (Multicolor),BhanusMultiHub,,,,,,
,,,,,,,ABC Embroidered Bandhani Georgette Saree (Multicolor),ABC,,,,,,
,,,,,,,ABC Round Neck Women Blouse,ABC,,,,,,
,,,,,,,BhanusMultiHub Woven Jamdani Cotton Blend Saree (Multicolor),BhanusMultiHub,,,,,,
,,,,,,,ABC Round Neck Women Blouse,ABC,,,,,,
,,,,,,,ABC U-Neck Women Blouse,ABC,,,,,,
,,,,,,,ABC U-Neck Women Blouse,ABC,,,,,,
,,,,,,,ABC Printed Bhagalpuri Art Silk Saree (Multicolor),ABC,,,,,,
,,,,,,,ABC V-Neck Women Blouse,ABC,,,,,,
2239,6767b212025948d2,LaxmipatiSaree1,No,silver,2025-06-15,2025-06-22,RADHA SAREES Cotton Silk Self Design Multi-purpose Fabric,RADHA SAREES,Possibly a Seller,,+919423681632,+919423681632,shruticreation703@gmail.com,shruticreation703@gmail.com
,,,,,,,"Paithani Woven Paithani Cotton Silk Saree (Beige, Maroon)",Paithani,,,,,,
,,,,,,,Paithani Woven Paithani Cotton Silk Saree (Yellow),Paithani,,,,,,
,,,,,,,"Paithani Woven Paithani Handloom Cotton Silk Saree (Green, Red)",Paithani,,,,,,
,,,,,,,"LASFIRA FASHION Solid/Plain, Woven Banarasi Pure Silk Saree (Brown)",LASFIRA FASHION,,,,,,
,,,,,,,"Paithani Woven Paithani Cotton Silk Saree (Black, Red)",Paithani,,,,,,
,,,,,,,"Juhi Collection Woven, Solid/Plain Kanjivaram Art Silk, Cotton Silk Saree (Beige, Maroon)",Juhi Collection,,,,,,
,,,,,,,DESFELI Art Silk Self Design Kurta & Churidar Material,DESFELI,,,,,,
,,,,,,,ns collection Solid/Plain Kanjivaram Cotton Silk Saree (Gold),ns collection,,,,,,
,,,,,,,"Paithani Printed Paithani Pure Silk Saree (Gold, Green)",Paithani,,,,,,
,,,,,,,"MIRMAN Embellished, Woven Bollywood Jacquard, Pure Silk Saree (Green)",MIRMAN,,,,,,
,,,,,,,Paithani Woven Paithani Cotton Silk Saree (Grey),Paithani,,,,,,
,,,,,,,hathi Woven Gadwal Cotton Silk Saree (Beige),hathi,,,,,,
,,,,,,,HouseOfCommon Printed Bollywood Cotton Silk Saree (Multicolor),HouseOfCommon,,,,,,
,,,,,,,"Vishal Creations Woven, Animal Print Dharmavaram Cotton Silk Saree (Beige)",Vishal Creations,,,,,,
,,,,,,,Paithani Woven Paithani Pure Silk Saree (Blue),Paithani,,,,,,
,,,,,,,HouseOfCommon Woven Bollywood Cotton Silk Saree (Multicolor),HouseOfCommon,,,,,,
,,,,,,,quality ent Woven Banarasi Cotton Silk Saree (Blue),quality ent,,,,,,
,,,,,,,"HouseOfCommon Printed Bollywood Cotton Silk Saree (Green, Pink)",HouseOfCommon,,,,,,
,,,,,,,HouseOfCommon Woven Bollywood Cotton Silk Saree (Multicolor),HouseOfCommon,,,,,,
2240,1bd887e345634acc,APNASAPNAA,Yes,silver,2026-04-18,2026-04-22,,,,,,,,
2241,7bf4400bb9db471d,Smitcreationsurat,No,silver,2026-04-23,2026-04-23,Smit Creation Women Kurta and Pyjama Set,Smit Creation,Possibly a Brand,SMIT CREATION,+918780155905,+918780155905,smitcreation7@gmail.com,smitcreation7@gmail.com
,,,,,,,Smit Creation Women Kurta and Pyjama Set,Smit Creation,,,,,,
,,,,,,,SMIT CREATION Women Kurta and Pant Set,SMIT CREATION,,,,,,
,,,,,,,SMIT CREATION Women Kurta and Pyjama Set,SMIT CREATION,,,,,,
,,,,,,,"SMIT CREATION Women Kurta, Pyjama & Dupatta Set",SMIT CREATION,,,,,,
,,,,,,,"SMIT CREATION Women Kurta, Pyjama & Dupatta Set",SMIT CREATION,,,,,,
,,,,,,,"SMIT CREATION Women Kurta, Pyjama & Dupatta Set",SMIT CREATION,,,,,,
,,,,,,,"SMIT CREATION Women Kurta, Pyjama & Dupatta Set",SMIT CREATION,,,,,,
,,,,,,,Smit Creation Women Kurta and Pyjama Set,Smit Creation,,,,,,
,,,,,,,"SMIT CREATION Women Kurta, Pyjama & Dupatta Set",SMIT CREATION,,,,,,
,,,,,,,smit creation Woven Banarasi Pure Silk Saree (Blue),smit creation,,,,,,
,,,,,,,SMIT CREATION Woven Banarasi Pure Silk Saree with Unstitched Blouse (Light Blue),SMIT CREATION,,,,,,
,,,,,,,Smit Creation Woven Banarasi Pure Silk Saree with Unstitched Blouse (Green),Smit Creation,,,,,,
,,,,,,,Smit Creation Woven Banarasi Pure Silk Saree with Unstitched Blouse (Dark Blue),Smit Creation,,,,,,
,,,,,,,SMIT CREATION Woven Banarasi Pure Silk Saree with Unstitched Blouse (Maroon),SMIT CREATION,,,,,,
,,,,,,,Smit Creation Woven Banarasi Pure Silk Saree with Unstitched Blouse (Light Blue),Smit Creation,,,,,,
,,,,,,,"SMIT CREATION Women Kurta, Pyjama & Dupatta Set",SMIT CREATION,,,,,,
,,,,,,,SMIT CREATION Woven Banarasi Pure Silk Saree with Unstitched Blouse (Red),SMIT CREATION,,,,,,
,,,,,,,SMIT CREATION Woven Banarasi Pure Silk Saree with Unstitched Blouse (Blue),SMIT CREATION,,,,,,
,,,,,,,SMIT CREATION Woven Banarasi Pure Silk Saree with Unstitched Blouse (Dark Blue),SMIT CREATION,,,,,,
2242,8f9d74cd413547ba,AKSHUSCOLLECTION,Yes,silver,2019-12-10,2020-01-22,,,,,,,,
2243,f6a17758a8fe4197,Neerutrades,No,silver,2026-04-16,2026-04-20,"Neerutrades Printed Kurta, Trouser/Pant & Dupatta Set",Neerutrades,Possibly a Brand,Neerutrades,+919687321311,+919687321311,aanvi.manbhari@gmail.com,aanvi.manbhari@gmail.com
,,,,,,,Neerutrades Woven Jamdani Silk Blend Saree (Multicolor),Neerutrades,,,,,,
,,,,,,,"Neerutrades Printed, Striped, Floral Print Daily Wear Tussar Silk Saree (Grey, Brown, Multicolor, Green)",Neerutrades,,,,,,
,,,,,,,"Neerutrades Printed, Floral Print Daily Wear Silk Blend Saree (Multicolor)",Neerutrades,,,,,,
,,,,,,,"Neerutrades Women Pink Abstract Floral Printed Chanderi Kurta Trouser Dupatta Set Floral Print Kurta, Trouser/Pant & Dupatta Set",Neerutrades,,,,,,
,,,,,,,Neerutrades Tunic Pant Co-ords Set,Neerutrades,,,,,,
,,,,,,,"Neerutrades Printed, Floral Print Kurta, Trouser/Pant & Dupatta Set",Neerutrades,,,,,,
,,,,,,,Neerutrades Women Printed Straight Kurta (Multicolor),Neerutrades,,,,,,
,,,,,,,Neerutrades Printed Daily Wear Chanderi Saree with Unstitched Blouse (Multicolor),Neerutrades,,,,,,
,,,,,,,Neerutrades Tunic Pant Co-ords Set,Neerutrades,,,,,,
,,,,,,,Neerutrades Tunic Pant Co-ords Set,Neerutrades,,,,,,
,,,,,,,"Neerutrades Women Floral Print, Printed Straight Kurta (Black)",Neerutrades,,,,,,
,,,,,,,Neerutrades Women Printed Kurta (Multicolor),Neerutrades,,,,,,
,,,,,,,"Neerutrades Women Floral Print, Printed, Embellished Straight Kurta (Purple)",Neerutrades,,,,,,
,,,,,,,"Neerutrades Women Floral Print, Printed Straight Kurta (Beige)",Neerutrades,,,,,,
,,,,,,,"Neerutrades Women Abstract, Floral Print, Printed Straight Kurta (Black)",Neerutrades,,,,,,
,,,,,,,"Neerutrades Floral Print, Printed Kurta, Trouser/Pant & Dupatta Set",Neerutrades,,,,,,
,,,,,,,Neerutrades Top Palazzos Co-ords Set,Neerutrades,,,,,,
,,,,,,,"Neerutrades Women Floral Print, Printed Straight Kurta (Green)",Neerutrades,,,,,,
,,,,,,,"Neerutrades Printed Kurta, Trouser/Pant & Dupatta Set",Neerutrades,,,,,,
2244,d3043cfb56cb47d3,DayalRamInaniya,No,bronze,2017-07-21,2017-10-06,Pemal Designer Embellished Daily Wear Organza Saree (Pink),Pemal Designer,Possibly a Brand,Pemal Designer,+919173737221,+919173737221,mahadev.falka@gmail.com,mahadev.falka@gmail.com
,,,,,,,Pemal Designer Embellished Bollywood Organza Saree (Multicolor),Pemal Designer,,,,,,
,,,,,,,Pemal Designer Fashion Georgette Saree with Unstitched Blouse (Multicolor),Pemal Designer,,,,,,
,,,,,,,Pemal Designer Printed Patola Silk Blend Saree with Unstitched Blouse (Green),Pemal Designer,,,,,,
,,,,,,,Pemal Designer Embroidered Bollywood Organza Saree with Unstitched Blouse (Yellow),Pemal Designer,,,,,,
,,,,,,,Pemal Designer Printed Patola Silk Blend Saree with Unstitched Blouse (Multicolor),Pemal Designer,,,,,,
,,,,,,,Pemal Designer Dyed Bollywood Organza Saree with Unstitched Blouse (Pink),Pemal Designer,,,,,,
,,,,,,,Pemal Designer Fashion Georgette Saree with Unstitched Blouse (Multicolor),Pemal Designer,,,,,,
,,,,,,,"Pemal Designer Embellished Patola Silk Blend Saree with Unstitched Blouse (Green, Yellow)",Pemal Designer,,,,,,
,,,,,,,Pemal Designer Dyed Bollywood Organza Saree with Unstitched Blouse (Yellow),Pemal Designer,,,,,,
,,,,,,,Pemal Designer Embellished Daily Wear Organza Saree (Blue),Pemal Designer,,,,,,
,,,,,,,Pemal Designer Bollywood Organza Saree with Unstitched Blouse (Black),Pemal Designer,,,,,,
,,,,,,,Pemal Designer Embellished Bollywood Organza Saree with Unstitched Blouse (Red),Pemal Designer,,,,,,
,,,,,,,Pemal Designer Bollywood Organza Saree with Unstitched Blouse (Yellow),Pemal Designer,,,,,,
,,,,,,,Pemal Designer Fashion Organza Saree with Unstitched Blouse (Multicolor),Pemal Designer,,,,,,
,,,,,,,Pemal Designer Plain Bollywood Chiffon Saree with Unstitched Blouse (Blue),Pemal Designer,,,,,,
,,,,,,,Pemal Designer Solid Bollywood Chiffon Saree with Unstitched Blouse (Green),Pemal Designer,,,,,,
,,,,,,,Pemal Designer Printed Leheria Georgette Saree with Unstitched Blouse (Pink),Pemal Designer,,,,,,
,,,,,,,Pemal Designer Embellished Fashion Organza Saree with Unstitched Blouse (Multicolor),Pemal Designer,,,,,,
,,,,,,,Pemal Designer Embellished Bollywood Organza Saree with Unstitched Blouse (Multicolor),Pemal Designer,,,,,,
2245,85d197abe42e4109,AIREVO,No,silver,2024-08-05,2024-09-03,AIREVO Printed Banarasi Pure Silk Saree (Black),AIREVO,Possibly a Brand,AIREVO,+919313615996,+919313615996,airevo1984@gmail.com,airevo1984@gmail.com
,,,,,,,AIREVO Embellished Bollywood Georgette Saree (Pink),AIREVO,,,,,,
,,,,,,,AIREVO Woven Banarasi Art Silk Saree (Green),AIREVO,,,,,,
,,,,,,,AIREVO Embroidered Daily Wear Silk Blend Saree (Multicolor),AIREVO,,,,,,
,,,,,,,"AIREVO Woven Banarasi Silk Blend Saree (Silver, Blue)",AIREVO,,,,,,
,,,,,,,"AIREVO Printed Banarasi Silk Blend Saree (Blue, Pink)",AIREVO,,,,,,
,,,,,,,AIREVO Woven Banarasi Art Silk Saree (Multicolor),AIREVO,,,,,,
,,,,,,,AIREVO Printed Kanjivaram Pure Silk Saree (Maroon),AIREVO,,,,,,
,,,,,,,"AIREVO Woven, Self Design Banarasi Silk Blend Saree (Blue)",AIREVO,,,,,,
,,,,,,,AIREVO Woven Banarasi Silk Blend Saree (Dark Green),AIREVO,,,,,,
,,,,,,,"AIREVO Woven, Floral Print Banarasi Silk Blend Saree (Pink, Blue)",AIREVO,,,,,,
,,,,,,,AIREVO Woven Banarasi Art Silk Saree (Purple),AIREVO,,,,,,
,,,,,,,AIREVO Woven Banarasi Art Silk Saree (Pink),AIREVO,,,,,,
,,,,,,,AIREVO Printed Kanjivaram Pure Silk Saree (Dark Green),AIREVO,,,,,,
,,,,,,,AIREVO Woven Banarasi Art Silk Saree (Blue),AIREVO,,,,,,
,,,,,,,AIREVO Printed Banarasi Pure Silk Saree (Red),AIREVO,,,,,,
,,,,,,,AIREVO Embroidered Daily Wear Georgette Saree (Light Green),AIREVO,,,,,,
,,,,,,,AIREVO Printed Kanjivaram Pure Silk Saree (Blue),AIREVO,,,,,,
,,,,,,,AIREVO Embroidered Daily Wear Georgette Saree (Blue),AIREVO,,,,,,
,,,,,,,"AIREVO Embroidered, Floral Print Daily Wear Silk Blend Saree (Black)",AIREVO,,,,,,
2246,55e58c99dc7d4fa0,NiyaFashionWorld,No,gold,2026-03-14,2026-03-21,"durvacreation Embroidered Bollywood Art Silk, Georgette Saree (Blue)",durvacreation,Possibly a Brand,durvacreation,+919313506289,+919313506289,arvindbhaisheladiya1sep1967@Gmail.com,arvindbhaisheladiya1sep1967@Gmail.com
,,,,,,,"durvacreation Embroidered Bollywood Art Silk, Georgette Saree (Purple)",durvacreation,,,,,,
,,,,,,,"durvacreation Embroidered Bollywood Art Silk, Georgette Saree (Yellow)",durvacreation,,,,,,
,,,,,,,durvacreation Embroidered Bollywood Satin Saree (Multicolor),durvacreation,,,,,,
,,,,,,,durvacreation Embroidered Bollywood Satin Saree (Purple),durvacreation,,,,,,
,,,,,,,Glamgoddess Embroidered Bollywood Satin Saree (Maroon),Glamgoddess,,,,,,
,,,,,,,Glamgoddess Printed Bollywood Handloom Satin Saree (Cream),Glamgoddess,,,,,,
,,,,,,,Glamgoddess Embellished Bandhani Satin Saree (Red),Glamgoddess,,,,,,
,,,,,,,durvacreation Floral Print Handloom Organza Saree (Cream),durvacreation,,,,,,
,,,,,,,"durvacreation Floral Print, Embroidered, Embellished Daily Wear Satin, Art Silk Saree (Cream, Maroon)",durvacreation,,,,,,
,,,,,,,durvacreation Anarkali Gown (Purple),durvacreation,,,,,,
,,,,,,,Glamgoddess Embroidered Bollywood Satin Saree (Purple),Glamgoddess,,,,,,
,,,,,,,"Glamgoddess Embroidered, Woven Chanderi Handloom Satin Saree (Cream)",Glamgoddess,,,,,,
,,,,,,,Glamgoddess Embroidered Bollywood Handloom Satin Saree (Maroon),Glamgoddess,,,,,,
,,,,,,,durvacreation Anarkali Gown (Black),durvacreation,,,,,,
,,,,,,,durvacreation Anarkali Gown (Purple),durvacreation,,,,,,
,,,,,,,durvacreation Anarkali Gown (Purple),durvacreation,,,,,,
,,,,,,,durvacreation Floral Print Handloom Organza Saree (Cream),durvacreation,,,,,,
,,,,,,,durvacreation Anarkali Gown (Purple),durvacreation,,,,,,
,,,,,,,durvacreation Anarkali Gown (Purple),durvacreation,,,,,,
2247,634911fa4a064f1b,PURESTICHVENTURES,No,silver,2026-03-05,2026-03-06,"STICHVENTURE Striped, Floral Print Bollywood Art Silk Saree (Multicolor)",STICHVENTURE,Possibly a Brand,PURESTICHVENTURES,+919755620493,+919755620493,purestichventure@gmail.com,purestichventure@gmail.com
,,,,,,,"PURESTICHVENTURES Printed, Floral Print Daily Wear Cotton Linen Saree (Magenta)",PURESTICHVENTURES,,,,,,
,,,,,,,"PURESTICHVENTURES Floral Print, Geometric Print, Printed Banarasi Art Silk Saree (Blue)",PURESTICHVENTURES,,,,,,
,,,,,,,PURESTICHVENTURES Embroidered Bollywood Organza Saree (Yellow),PURESTICHVENTURES,,,,,,
,,,,,,,"PURESTICHVENTURES Printed, Floral Print Daily Wear Cotton Linen Saree (Multicolor)",PURESTICHVENTURES,,,,,,
,,,,,,,PURESTICHVENTURES Embroidered Bollywood Silk Blend Saree (Red),PURESTICHVENTURES,,,,,,
,,,,,,,STICHVENTURE Embroidered Bollywood Georgette Saree (Purple),STICHVENTURE,,,,,,
,,,,,,,"STICHVENTURE Floral Print, Printed, Ombre Bollywood Art Silk Saree (Multicolor)",STICHVENTURE,,,,,,
,,,,,,,"PURESTICHVENTURES Paisley, Woven Banarasi Pure Silk Saree (Pink)",PURESTICHVENTURES,,,,,,
,,,,,,,PURESTICHVENTURES Embroidered Bollywood Organza Saree (Yellow),PURESTICHVENTURES,,,,,,
,,,,,,,"PURESTICHVENTURES Embroidered, Floral Print, Woven Bollywood Pure Silk Saree (Red)",PURESTICHVENTURES,,,,,,
,,,,,,,"PURESTICHVENTURES Printed Daily Wear Cotton Silk, Silk Blend Saree (Orange)",PURESTICHVENTURES,,,,,,
,,,,,,,"STICHVENTURE Woven, Floral Print Banarasi Art Silk Saree (Blue)",STICHVENTURE,,,,,,
,,,,,,,"PURESTICHVENTURES Embroidered Daily Wear Crepe, Silk Blend Saree (Blue)",PURESTICHVENTURES,,,,,,
,,,,,,,PURESTICHVENTURES Woven Banarasi Pure Silk Saree (Green),PURESTICHVENTURES,,,,,,
,,,,,,,STICHVENTURE Printed Bollywood Art Silk Saree (Multicolor),STICHVENTURE,,,,,,
,,,,,,,"PURESTICHVENTURES Embroidered, Self Design Bollywood Organza Saree (Pink)",PURESTICHVENTURES,,,,,,
,,,,,,,"PURESTICHVENTURES Self Design, Embroidered, Woven Bollywood Organza Saree (Pink)",PURESTICHVENTURES,,,,,,
,,,,,,,"PURESTICHVENTURES Paisley, Printed Bollywood Silk Blend Saree (Yellow)",PURESTICHVENTURES,,,,,,
,,,,,,,PURESTICHVENTURES Embellished Bollywood Organza Saree (Multicolor),PURESTICHVENTURES,,,,,,
2248,d1407e9f5a014db1,LAKHANIFASHION,No,silver,2022-06-09,2022-07-06,Lakhani Fashion Women A-line Multicolor Above Knee/Mid Thigh Length Dress,Lakhani Fashion,Possibly a Brand,Lakhani Fashion,+919913850302,+919376826604,shaileshplakhani2535@gmail.com,shaileshplakhani2535@gmail.com
,,,,,,,"Lakhani Fashion Women Fit and Flare Black, White Midi/Calf Length Dress",Lakhani Fashion,,,,,,
,,,,,,,Lakhani Fashion Anarkali Gown (Pink),Lakhani Fashion,,,,,,
,,,,,,,Lakhani Fashion Anarkali Gown (Pink),Lakhani Fashion,,,,,,
,,,,,,,Lakhani Fashion Polka Print Banarasi Art Silk Saree (Blue),Lakhani Fashion,,,,,,
,,,,,,,Lakhani Fashion Woven Banarasi Art Silk Saree (Multicolor),Lakhani Fashion,,,,,,
,,,,,,,Lakhani Fashion Anarkali Gown (Pink),Lakhani Fashion,,,,,,
,,,,,,,Lakhani Fashion Anarkali Gown (Pink),Lakhani Fashion,,,,,,
,,,,,,,Lakhani Fashion Floral Print Banarasi Pure Silk Saree (Black),Lakhani Fashion,,,,,,
,,,,,,,Lakhani Fashion Women A-line Multicolor Above Knee/Mid Thigh Length Dress,Lakhani Fashion,,,,,,
,,,,,,,Lakhani Fashion Women A-line Multicolor Above Knee/Mid Thigh Length Dress,Lakhani Fashion,,,,,,
,,,,,,,Lakhani Fashion Women A-line Multicolor Above Knee/Mid Thigh Length Dress,Lakhani Fashion,,,,,,
,,,,,,,"Lakhani Fashion Self Design, Woven Banarasi Jacquard, Pure Silk Saree (Green)",Lakhani Fashion,,,,,,
,,,,,,,"Lakhani Fashion Women Fit and Flare Black, White Midi/Calf Length Dress",Lakhani Fashion,,,,,,
,,,,,,,Lakhani Fashion Printed Banarasi Pure Silk Saree (Red),Lakhani Fashion,,,,,,
,,,,,,,"Lakhani Fashion Women Fit and Flare Black, White Midi/Calf Length Dress",Lakhani Fashion,,,,,,
,,,,,,,Lakhani Fashion Women A-line Multicolor Above Knee/Mid Thigh Length Dress,Lakhani Fashion,,,,,,
,,,,,,,Lakhani Fashion Woven Banarasi Silk Blend Saree (Purple),Lakhani Fashion,,,,,,
,,,,,,,Lakhani Fashion Woven Banarasi Art Silk Saree (Multicolor),Lakhani Fashion,,,,,,
,,,,,,,"Lakhani Fashion Women Fit and Flare Black, White Midi/Calf Length Dress",Lakhani Fashion,,,,,,
2249,71d6d23f68444368,TARAGI,No,bronze,2026-01-12,2026-01-13,TARAGI Embroidered Bollywood Silk Blend Saree (Red),TARAGI,Possibly a Brand,TARAGI,+917573923401,+917573923401,taragiecommerce@gmail.com,taragiecommerce@gmail.com
,,,,,,,TARAGI Embroidered Bollywood Chiffon Saree (Red),TARAGI,,,,,,
,,,,,,,"TARAGI Embellished, Embroidered Bollywood Silk Blend Saree (Purple)",TARAGI,,,,,,
,,,,,,,TARAGI Embellished Bollywood Silk Blend Saree (Cream),TARAGI,,,,,,
,,,,,,,TARAGI Solid/Plain Bollywood Organza Saree (Pink),TARAGI,,,,,,
,,,,,,,"TARAGI Embellished, Printed Banarasi Cotton Silk, Jacquard Saree (Red)",TARAGI,,,,,,
,,,,,,,TARAGI Solid/Plain Bollywood Lycra Blend Saree (Maroon),TARAGI,,,,,,
,,,,,,,TARAGI Embroidered Bollywood Chiffon Saree (Gold),TARAGI,,,,,,
,,,,,,,"TARAGI Printed Banarasi Cotton Silk, Jacquard Saree (Light Green)",TARAGI,,,,,,
,,,,,,,TARAGI Embroidered Bollywood Silk Blend Saree (Multicolor),TARAGI,,,,,,
,,,,,,,TARAGI Embroidered Bollywood Silk Blend Saree (Maroon),TARAGI,,,,,,
,,,,,,,TARAGI Embroidered Bollywood Silk Blend Saree (Blue),TARAGI,,,,,,
,,,,,,,TARAGI Embroidered Bollywood Silk Blend Saree (Light Blue),TARAGI,,,,,,
,,,,,,,TARAGI Embellished Bollywood Silk Blend Saree (White),TARAGI,,,,,,
,,,,,,,"TARAGI Embellished, Embroidered Bollywood Silk Blend Saree (Maroon)",TARAGI,,,,,,
,,,,,,,"TARAGI Embellished, Embroidered Bollywood Silk Blend Saree (Yellow)",TARAGI,,,,,,
,,,,,,,TARAGI Embroidered Bollywood Silk Blend Saree (Purple),TARAGI,,,,,,
,,,,,,,TARAGI Solid/Plain Bollywood Lycra Blend Saree (Black),TARAGI,,,,,,
,,,,,,,TARAGI Floral Print Bollywood Lycra Blend Saree (Maroon),TARAGI,,,,,,
,,,,,,,TARAGI Floral Print Bollywood Net Saree (Dark Blue),TARAGI,,,,,,
2250,fb86ccea41b54de4,NewPoojaSaree,Yes,bronze,2022-02-27,2022-02-28,,,,,,,,
2251,543c3a3faec44f66,HONEYFASHIONHUB,No,gold,2020-07-26,2020-09-29,"ZIVOGO Solid Anarkali Kurta, Bottom & Dupatta Set",ZIVOGO,Possibly a Brand,ZIVOGO,+918469331560,+918469331560,PRAJAPATIVIVEK160@GMAIL.COM,PRAJAPATIVIVEK160@GMAIL.COM
,,,,,,,"ZIVOGO Solid Anarkali Kurta, Bottom & Dupatta Set",ZIVOGO,,,,,,
,,,,,,,ZIVOGO Women Kurta Pant Set,ZIVOGO,,,,,,
,,,,,,,"ZIVOGO Women Kurta, Pyjama & Dupatta Set",ZIVOGO,,,,,,
,,,,,,,ZIVOGO Women Kurta Pant Set,ZIVOGO,,,,,,
,,,,,,,"ZIVOGO Women Kurta, Pyjama & Dupatta Set",ZIVOGO,,,,,,
,,,,,,,"ZIVOGO Solid Anarkali Kurta, Bottom & Dupatta Set",ZIVOGO,,,,,,
,,,,,,,"ZIVOGO Solid Anarkali Kurta, Bottom & Dupatta Set",ZIVOGO,,,,,,
,,,,,,,ZIVOGO Women Kurta Pant Set,ZIVOGO,,,,,,
,,,,,,,"ZIVOGO Solid Anarkali Kurta, Bottom & Dupatta Set",ZIVOGO,,,,,,
,,,,,,,ZIVOGO Women Kurta Pant Set,ZIVOGO,,,,,,
,,,,,,,ZIVOGO Women Kurta Pant Set,ZIVOGO,,,,,,
,,,,,,,ZIVOGO Women Kurta Pant Set,ZIVOGO,,,,,,
,,,,,,,"ZIVOGO Women Kurta, Pyjama & Dupatta Set",ZIVOGO,,,,,,
,,,,,,,"ZIVOGO Women Kurta, Pyjama & Dupatta Set",ZIVOGO,,,,,,
,,,,,,,"ZIVOGO Solid Anarkali Kurta, Bottom & Dupatta Set",ZIVOGO,,,,,,
,,,,,,,ZIVOGO Women Kurta Pant Set,ZIVOGO,,,,,,
,,,,,,,ZIVOGO Women Kurta Pant Set,ZIVOGO,,,,,,
,,,,,,,"ZIVOGO Women Kurta, Pyjama & Dupatta Set",ZIVOGO,,,,,,
,,,,,,,"ZIVOGO Women Kurta, Pyjama & Dupatta Set",ZIVOGO,,,,,,
2252,a3b6f8a1698a4150,SANSKAR1TEXTILE,No,bronze,2024-10-03,2024-10-04,HOUSE OF COMMON Embroidered Semi Stitched Lehenga Choli (White),HOUSE OF COMMON,Possibly a Seller,,+919429093142,+919429093142,Sanskartextile1@gmail.com,Sanskartextile1@gmail.com
,,,,,,,SANSKAR TEXTILES Embroidered Semi Stitched Rajasthani Poshak (Pink),SANSKAR TEXTILES,,,,,,
,,,,,,,HOUSE OF COMMON Embroidered Semi Stitched Lehenga Choli (White),HOUSE OF COMMON,,,,,,
,,,,,,,SANSKAR TEXTILES Embroidered Semi Stitched Rajasthani Poshak (Green),SANSKAR TEXTILES,,,,,,
,,,,,,,KalyaniTextile Embroidered Semi Stitched Rajasthani Poshak (Pink),KalyaniTextile,,,,,,
,,,,,,,SANSKAR TEXTILES Embroidered Semi Stitched Rajasthani Poshak (Yellow),SANSKAR TEXTILES,,,,,,
,,,,,,,SANSKAR TEXTILES Embroidered Semi Stitched Rajasthani Poshak (Blue),SANSKAR TEXTILES,,,,,,
,,,,,,,SANSKAR TEXTILES Embroidered Semi Stitched Rajasthani Poshak (Purple),SANSKAR TEXTILES,,,,,,
,,,,,,,SANSKAR TEXTILES Embroidered Semi Stitched Rajasthani Poshak (Pink),SANSKAR TEXTILES,,,,,,
,,,,,,,KalyaniTextile Embroidered Semi Stitched Rajasthani Poshak (Light Blue),KalyaniTextile,,,,,,
,,,,,,,SANSKAR TEXTILE Embellished Bollywood Georgette Saree (Purple),SANSKAR TEXTILE,,,,,,
,,,,,,,SANSKAR TEXTILES Embroidered Semi Stitched Rajasthani Poshak (Multicolor),SANSKAR TEXTILES,,,,,,
,,,,,,,KalyaniTextile Embroidered Semi Stitched Lehenga Choli (Multicolor),KalyaniTextile,,,,,,
,,,,,,,SANSKAR TEXTILE Embellished Bollywood Georgette Saree (Pink),SANSKAR TEXTILE,,,,,,
,,,,,,,SANSKAR TEXTILE Embroidered Semi Stitched Lehenga Choli (White),SANSKAR TEXTILE,,,,,,
,,,,,,,"SANSKAR TEXTILE Embroidered Semi Stitched Rajputi Poshak (Red, Yellow)",SANSKAR TEXTILE,,,,,,
,,,,,,,"SANSKAR TEXTILES Embroidered, Embellished Semi Stitched Rajputi Poshak (Dark Blue)",SANSKAR TEXTILES,,,,,,
,,,,,,,KalyaniTextile Embroidered Semi Stitched Rajasthani Poshak (Green),KalyaniTextile,,,,,,
,,,,,,,KalyaniTextile Embroidered Semi Stitched Rajasthani Poshak (Green),KalyaniTextile,,,,,,
,,,,,,,SANSKAR TEXTILE Embellished Bollywood Georgette Saree (Red),SANSKAR TEXTILE,,,,,,
2253,55zn4gl1tgxf0oib,Sourbh,Yes,silver,2014-03-19,2014-04-11,,,,,,,,
2254,492ce14de5b44dd5,Balorampal,Yes,silver,2022-04-19,2022-04-27,,,,,,,,
2255,5f4626d271574c39,JAGSORIGINAL,No,silver,2026-06-04,2026-06-07,Quco Graphic Print Men Crew Neck Multicolor T-Shirt,Quco,Possibly a Brand,Quco,+919911622833,+919911622833,vedanshikaur@gmail.com,vedanshikaur@gmail.com
,,,,,,,"Quco Graphic Print Men Crew Neck Multicolor, Blue T-Shirt",Quco,,,,,,
,,,,,,,"Quco Graphic Print Men Crew Neck Dark Green, Light Green, Multicolor T-Shirt",Quco,,,,,,
,,,,,,,"Quco Graphic Print Men Crew Neck Black, Blue, Multicolor, White T-Shirt",Quco,,,,,,
,,,,,,,"Quco Graphic Print Men Crew Neck Multicolor, White T-Shirt",Quco,,,,,,
,,,,,,,Quco Printed Men Crew Neck Multicolor T-Shirt,Quco,,,,,,
,,,,,,,"Quco Graphic Print Men Crew Neck Maroon, Multicolor T-Shirt",Quco,,,,,,
,,,,,,,"Quco Graphic Print Men Crew Neck White, Orange, Multicolor, Blue T-Shirt",Quco,,,,,,
,,,,,,,Quco Graphic Print Men Crew Neck Multicolor T-Shirt,Quco,,,,,,
,,,,,,,Quco Graphic Print Men Crew Neck Black T-Shirt,Quco,,,,,,
,,,,,,,Quco Graphic Print Men Crew Neck Green T-Shirt,Quco,,,,,,
,,,,,,,"Quco Graphic Print Men Crew Neck Beige, Multicolor T-Shirt",Quco,,,,,,
,,,,,,,Quco Graphic Print Men Crew Neck Multicolor T-Shirt,Quco,,,,,,
,,,,,,,"Quco Graphic Print Men Crew Neck Blue, Multicolor, Black, Orange, White, Yellow T-Shirt",Quco,,,,,,
,,,,,,,"Quco Graphic Print Men Crew Neck Multicolor, White T-Shirt",Quco,,,,,,
,,,,,,,"Quco Graphic Print Men Crew Neck Maroon, Multicolor T-Shirt",Quco,,,,,,
,,,,,,,"Quco Graphic Print Men Crew Neck Maroon, Multicolor T-Shirt",Quco,,,,,,
,,,,,,,Quco Graphic Print Men Crew Neck Black T-Shirt,Quco,,,,,,
,,,,,,,Quco Graphic Print Men Crew Neck Black T-Shirt,Quco,,,,,,
,,,,,,,"Quco Graphic Print Men Crew Neck Dark Green, Green, Multicolor T-Shirt",Quco,,,,,,
2256,18072330c2fc42b9,Yilden,Yes,silver,2021-01-21,2022-07-29,,,,,,,,
2257,g1wophklt28ftkt3,YunikConcepts,Yes,gold,2014-02-03,2014-02-07,,,,,,,,
2258,21781061cb41430b,EASELCLOTHING,No,bronze,2023-04-30,2023-05-02,NABCLOTH Graphic Print Men Round Neck White T-Shirt,NABCLOTH,Possibly a Seller,,+919883495638,+919883495638,mycollection139@gmail.com,mycollection139@gmail.com
,,,,,,,Nilan Impex Solid Men Round Neck White T-Shirt,Nilan Impex,,,,,,
,,,,,,,"EASELCLOTHING Printed, Typography Men Round Neck White T-Shirt",EASELCLOTHING,,,,,,
,,,,,,,Nilan Impex Solid Men Round Neck White T-Shirt,Nilan Impex,,,,,,
,,,,,,,Nilan Impex Solid Men Round Neck White T-Shirt,Nilan Impex,,,,,,
,,,,,,,NEW FASHION HR Printed Men Round Neck White T-Shirt,NEW FASHION HR,,,,,,
,,,,,,,Nilan Impex Solid Men Round Neck White T-Shirt,Nilan Impex,,,,,,
,,,,,,,Riva Solid Men Round Neck White T-Shirt,Riva,,,,,,
,,,,,,,"EASELCLOTHING Printed, Typography Men Round Neck White T-Shirt",EASELCLOTHING,,,,,,
,,,,,,,geetaffashion Printed Men Round Neck White T-Shirt,geetaffashion,,,,,,
,,,,,,,"EASELCLOTHING Printed, Typography Men Round Neck White T-Shirt",EASELCLOTHING,,,,,,
,,,,,,,"EASELCLOTHING Printed, Typography Men Round Neck White T-Shirt",EASELCLOTHING,,,,,,
,,,,,,,NEW FASHION HR Printed Men Round Neck White T-Shirt,NEW FASHION HR,,,,,,
,,,,,,,"NEW FASHION HR Printed, Typography Men Round Neck White T-Shirt",NEW FASHION HR,,,,,,
,,,,,,,FunkyAttire Printed Men Round Neck White T-Shirt,FunkyAttire,,,,,,
,,,,,,,"EASELCLOTHING Printed, Typography Men Round Neck White T-Shirt",EASELCLOTHING,,,,,,
,,,,,,,EASELCLOTHING Printed Men Round Neck White T-Shirt,EASELCLOTHING,,,,,,
,,,,,,,"Anu Baby Boys Printed Polyester Regular T Shirt (Multicolor, Pack of 1)",Anu,,,,,,
,,,,,,,Riva Solid Men Round Neck White T-Shirt,Riva,,,,,,
,,,,,,,HIPHOPCLUB Printed Men Round Neck White T-Shirt,HIPHOPCLUB,,,,,,
2259,d3bf7bfcba9e429c,PyroSpirit,No,gold,2019-04-11,2024-04-22,Pyro Spirit Men Cargos,Pyro Spirit,Possibly a Brand,Pyro Spirit,+919814412292,+917986497110,sudhanshukohli1234@gmail.com,sudhanshukohli1234@gmail.com
,,,,,,,Pyro Spirit Geometric Print Collared Neck Casual Women Pink Sweater,Pyro Spirit,,,,,,
,,,,,,,Sudako Acrylic Self Design Women Shawl (Multicolor),Sudako,,,,,,
,,,,,,,Pyro Spirit Full Sleeve Printed Men Jacket,Pyro Spirit,,,,,,
,,,,,,,Pyro Spirit Men Cargos,Pyro Spirit,,,,,,
,,,,,,,Pyro Spirit Geometric Print Collared Neck Casual Women Black Sweater,Pyro Spirit,,,,,,
,,,,,,,Pyro Spirit Men Cargos,Pyro Spirit,,,,,,
,,,,,,,Pyro Spirit Men Cargos,Pyro Spirit,,,,,,
,,,,,,,wewok Sporty Men Round Neck White T-Shirt,wewok,,,,,,
,,,,,,,Pyro Spirit Solid Men Multicolor Track Pants,Pyro Spirit,,,,,,
,,,,,,,Pyro Spirit Solid Men Grey Track Pants,Pyro Spirit,,,,,,
,,,,,,,Pyro Spirit Geometric Print Collared Neck Casual Women Maroon Sweater,Pyro Spirit,,,,,,
,,,,,,,Pyro Spirit Colorblock Men Dark Green Track Pants,Pyro Spirit,,,,,,
,,,,,,,Pyro Spirit Men Cargos,Pyro Spirit,,,,,,
,,,,,,,Pyro Spirit Solid Men Multicolor Track Pants,Pyro Spirit,,,,,,
,,,,,,,wewok Sporty Men Round Neck Black T-Shirt,wewok,,,,,,
,,,,,,,Pyro Spirit Striped Men Dark Blue Track Pants,Pyro Spirit,,,,,,
,,,,,,,Pyro Spirit Colorblock Men Dark Blue Track Pants,Pyro Spirit,,,,,,
,,,,,,,Pyro Spirit Solid Men Multicolor Track Pants,Pyro Spirit,,,,,,
,,,,,,,Pyro Spirit Men Cargos,Pyro Spirit,,,,,,
2260,45ba5a522b754e74,ShankarImpex,No,silver,2020-10-14,2021-04-05,Be Crazy Printed Men Round Neck Black T-Shirt,Be Crazy,Possibly a Brand,Be Crazy,+918149207089,+918149207089,shankarimpex95@gmail.com,shankarimpex95@gmail.com
,,,,,,,Be Crazy Printed Men Round Neck Black T-Shirt,Be Crazy,,,,,,
,,,,,,,Be Crazy Full Sleeve Graphic Print Men Sweatshirt,Be Crazy,,,,,,
,,,,,,,"Be Crazy Printed, Graphic Print Men Round Neck Black T-Shirt",Be Crazy,,,,,,
,,,,,,,Be Crazy Printed Men Round Neck Black T-Shirt,Be Crazy,,,,,,
,,,,,,,Be Crazy Printed Men Round Neck Black T-Shirt,Be Crazy,,,,,,
,,,,,,,Be Crazy Printed Men Round Neck Black T-Shirt,Be Crazy,,,,,,
,,,,,,,Be Crazy Printed Men Round Neck White T-Shirt,Be Crazy,,,,,,
,,,,,,,Be Crazy Printed Men Round Neck Black T-Shirt,Be Crazy,,,,,,
,,,,,,,"Be Crazy Printed, Graphic Print Men Round Neck Black T-Shirt",Be Crazy,,,,,,
,,,,,,,Be Crazy Printed Men Round Neck Black T-Shirt,Be Crazy,,,,,,
,,,,,,,Be Crazy Printed Men Round Neck Black T-Shirt,Be Crazy,,,,,,
,,,,,,,"Be Crazy Printed, Graphic Print Men Round Neck Black T-Shirt",Be Crazy,,,,,,
,,,,,,,Be Crazy Printed Men Round Neck Black T-Shirt,Be Crazy,,,,,,
,,,,,,,Be Crazy Printed Men Round Neck Black T-Shirt,Be Crazy,,,,,,
,,,,,,,Be Crazy Self Design Men Round Neck Black T-Shirt,Be Crazy,,,,,,
,,,,,,,Be Crazy Full Sleeve Graphic Print Men Sweatshirt,Be Crazy,,,,,,
,,,,,,,Be Crazy Full Sleeve Printed Men & Women Sweatshirt,Be Crazy,,,,,,
,,,,,,,Be Crazy Printed Men Round Neck Black T-Shirt,Be Crazy,,,,,,
,,,,,,,Be Crazy Printed Men Round Neck Black T-Shirt,Be Crazy,,,,,,
2261,1bc1620106224e59,AstaModa,No,silver,2025-12-06,2025-12-11,Asta Moda Printed Men Round Neck Black T-Shirt,Asta Moda,Possibly a Brand,Asta Moda,+918145796624,+918145796624,astamoda02@gmail.com,astamoda02@gmail.com
,,,,,,,Asta Moda Graphic Print Men Round Neck Black T-Shirt,Asta Moda,,,,,,
,,,,,,,Asta Moda Graphic Print Men Round Neck White T-Shirt,Asta Moda,,,,,,
,,,,,,,Asta Moda Printed Men Round Neck Beige T-Shirt,Asta Moda,,,,,,
,,,,,,,Asta Moda Printed Men Crew Neck White T-Shirt,Asta Moda,,,,,,
,,,,,,,Asta Moda Printed Men Round Neck Black T-Shirt,Asta Moda,,,,,,
,,,,,,,Asta Moda Printed Men Round Neck White T-Shirt,Asta Moda,,,,,,
,,,,,,,"Asta Moda Graphic Print, Typography, Solid Men Round Neck White T-Shirt",Asta Moda,,,,,,
,,,,,,,Asta Moda Printed Men Round Neck White T-Shirt,Asta Moda,,,,,,
,,,,,,,Asta Moda Printed Men Round Neck Black T-Shirt,Asta Moda,,,,,,
,,,,,,,Asta Moda Printed Men Round Neck Black T-Shirt,Asta Moda,,,,,,
,,,,,,,Asta Moda Printed Men Round Neck White T-Shirt,Asta Moda,,,,,,
,,,,,,,Asta Moda Printed Men Crew Neck Black T-Shirt,Asta Moda,,,,,,
,,,,,,,"Asta Moda Typography, Graphic Print Men Round Neck Beige T-Shirt",Asta Moda,,,,,,
,,,,,,,Asta Moda Typography Men Round Neck Black T-Shirt,Asta Moda,,,,,,
,,,,,,,Asta Moda Printed Men Round Neck Black T-Shirt,Asta Moda,,,,,,
,,,,,,,Asta Moda Solid Women Round Neck Beige T-Shirt,Asta Moda,,,,,,
,,,,,,,Asta Moda Typography Men Round Neck Black T-Shirt,Asta Moda,,,,,,
,,,,,,,Asta Moda Printed Men Crew Neck Black T-Shirt,Asta Moda,,,,,,
,,,,,,,Asta Moda Printed Men Round Neck Black T-Shirt,Asta Moda,,,,,,
2262,0a3b74dd91654b2a,Luxolla,Yes,silver,2019-03-19,2019-03-27,,,,,,,,
2263,2ad89a843db44a18,BINSINGHENTERPRISES,Yes,gold,2020-07-19,2020-12-27,,,,,,,,
2264,56f9746f558444fa,Anipop,No,silver,2025-07-09,2025-07-12,Anipop Graphic Print Men Round Neck Black T-Shirt,Anipop,Possibly a Brand,Anipop,+919091997172,+919091997172,ecommerce.anipop@gmail.com,ecommerce.anipop@gmail.com
,,,,,,,Anipop Graphic Print Women Round Neck Black T-Shirt,Anipop,,,,,,
,,,,,,,Anipop Graphic Print Men Round Neck Black T-Shirt,Anipop,,,,,,
,,,,,,,"Anipop Printed, Cartoon, Graphic Print, Superhero Men Crew Neck Black T-Shirt",Anipop,,,,,,
,,,,,,,Anipop Graphic Print Men Round Neck Black T-Shirt,Anipop,,,,,,
,,,,,,,Anipop Printed Men Crew Neck Black T-Shirt,Anipop,,,,,,
,,,,,,,Anipop Graphic Print Men Round Neck Black T-Shirt,Anipop,,,,,,
,,,,,,,Anipop Graphic Print Men Round Neck Black T-Shirt,Anipop,,,,,,
,,,,,,,Anipop Graphic Print Women Round Neck Black T-Shirt,Anipop,,,,,,
,,,,,,,Anipop Printed Men Round Neck Black T-Shirt,Anipop,,,,,,
,,,,,,,Anipop Graphic Print Men Round Neck Multicolor T-Shirt,Anipop,,,,,,
,,,,,,,Anipop Graphic Print Men Round Neck White T-Shirt,Anipop,,,,,,
,,,,,,,Anipop Printed Men Round Neck Black T-Shirt,Anipop,,,,,,
,,,,,,,"Anipop Cartoon, Graphic Print, Printed, Typography Men Round Neck Beige T-Shirt",Anipop,,,,,,
,,,,,,,Anipop Graphic Print Men Round Neck Black T-Shirt,Anipop,,,,,,
,,,,,,,Anipop Graphic Print Men Round Neck Black T-Shirt,Anipop,,,,,,
,,,,,,,Anipop Graphic Print Men Crew Neck Black T-Shirt,Anipop,,,,,,
,,,,,,,"Anipop Graphic Print, Typography, Cartoon, Printed, Solid, Superhero, Washed Men Round Neck Black T-Shirt",Anipop,,,,,,
,,,,,,,Anipop Printed Women Round Neck Black T-Shirt,Anipop,,,,,,
,,,,,,,"Anipop Printed Men Round Neck Black, Beige T-Shirt",Anipop,,,,,,
2265,ca12a5c047a34751,SOFTREST,No,silver,2025-06-09,2025-06-18,SOFTREST Printed Men Black T-Shirt,SOFTREST,Possibly a Brand,SOFTREST,+919354268427,+919354268427,Softrest33@gmail.com,Softrest33@gmail.com
,,,,,,,SOFTREST Printed Men Round Neck Black T-Shirt,SOFTREST,,,,,,
,,,,,,,SOFTREST Printed Men Round Neck Black T-Shirt,SOFTREST,,,,,,
,,,,,,,SOFTREST Printed Men Round Neck Red T-Shirt,SOFTREST,,,,,,
,,,,,,,SOFTREST Printed Men Round Neck Black T-Shirt,SOFTREST,,,,,,
,,,,,,,SOFTREST Printed Men Round Neck Black T-Shirt,SOFTREST,,,,,,
,,,,,,,SOFTREST Printed Men Round Neck Black T-Shirt,SOFTREST,,,,,,
,,,,,,,SOFTREST Printed Men Round Neck Blue T-Shirt,SOFTREST,,,,,,
,,,,,,,SOFTREST Printed Men Round Neck Black T-Shirt,SOFTREST,,,,,,
,,,,,,,SOFTREST Printed Men Round Neck White T-Shirt,SOFTREST,,,,,,
,,,,,,,SOFTREST Printed Men Round Neck Black T-Shirt,SOFTREST,,,,,,
,,,,,,,SOFTREST Printed Men Round Neck White T-Shirt,SOFTREST,,,,,,
,,,,,,,SOFTREST Printed Men Round Neck Black T-Shirt,SOFTREST,,,,,,
,,,,,,,SOFTREST Printed Men Round Neck Black T-Shirt,SOFTREST,,,,,,
,,,,,,,SOFTREST Printed Men Round Neck Black T-Shirt,SOFTREST,,,,,,
,,,,,,,SOFTREST Printed Men Round Neck Maroon T-Shirt,SOFTREST,,,,,,
,,,,,,,SOFTREST Printed Men Round Neck White T-Shirt,SOFTREST,,,,,,
,,,,,,,SOFTREST Printed Men Round Neck Yellow T-Shirt,SOFTREST,,,,,,
,,,,,,,SOFTREST Printed Men Round Neck Yellow T-Shirt,SOFTREST,,,,,,
,,,,,,,SOFTREST Printed Men Round Neck Black T-Shirt,SOFTREST,,,,,,
2266,c40f48dd7d304143,JYOTIGROUP,No,silver,2022-09-11,2022-09-11,Flipkart SmartBuy Typography Men Polo Neck Brown T-Shirt,Flipkart SmartBuy,Possibly a Seller,,+919057258083,+919057258083,123jyotigroup@gmail.com,123jyotigroup@gmail.com
,,,,,,,Flipkart SmartBuy Typography Men Polo Neck Black T-Shirt,Flipkart SmartBuy,,,,,,
,,,,,,,Flipkart SmartBuy Typography Men Polo Neck White T-Shirt,Flipkart SmartBuy,,,,,,
,,,,,,,Flipkart SmartBuy Typography Men Polo Neck Beige T-Shirt,Flipkart SmartBuy,,,,,,
,,,,,,,Flipkart SmartBuy Typography Men Polo Neck Black T-Shirt,Flipkart SmartBuy,,,,,,
,,,,,,,Flipkart SmartBuy Typography Men Polo Neck Beige T-Shirt,Flipkart SmartBuy,,,,,,
,,,,,,,Flipkart SmartBuy Typography Men Polo Neck Brown T-Shirt,Flipkart SmartBuy,,,,,,
,,,,,,,Flipkart SmartBuy Graphic Print Men Polo Neck White T-Shirt,Flipkart SmartBuy,,,,,,
,,,,,,,Flipkart SmartBuy Typography Men Polo Neck White T-Shirt,Flipkart SmartBuy,,,,,,
,,,,,,,Flipkart SmartBuy Typography Men Polo Neck Beige T-Shirt,Flipkart SmartBuy,,,,,,
,,,,,,,GLOBAL NOMAD Printed Men Polo Neck Beige T-Shirt,GLOBAL NOMAD,,,,,,
,,,,,,,GLOBAL NOMAD Printed Men Polo Neck White T-Shirt,GLOBAL NOMAD,,,,,,
,,,,,,,GLOBAL NOMAD Typography Men Polo Neck Black T-Shirt,GLOBAL NOMAD,,,,,,
,,,,,,,GLOBAL NOMAD Typography Men Polo Neck Beige T-Shirt,GLOBAL NOMAD,,,,,,
,,,,,,,GLOBAL NOMAD Typography Men Polo Neck Black T-Shirt,GLOBAL NOMAD,,,,,,
,,,,,,,GLOBAL NOMAD Printed Men Polo Neck Beige T-Shirt,GLOBAL NOMAD,,,,,,
,,,,,,,GLOBAL NOMAD Typography Men Polo Neck Beige T-Shirt,GLOBAL NOMAD,,,,,,
,,,,,,,GLOBAL NOMAD Typography Men Polo Neck Beige T-Shirt,GLOBAL NOMAD,,,,,,
,,,,,,,GLOBAL NOMAD Typography Men Polo Neck White T-Shirt,GLOBAL NOMAD,,,,,,
,,,,,,,GLOBAL NOMAD Typography Men Polo Neck White T-Shirt,GLOBAL NOMAD,,,,,,
2267,0f198627265440cb,TEXFIELD,No,gold,2026-02-02,2026-02-03,Texfield Graphic Print Men Round Neck Grey T-Shirt,Texfield,Possibly a Seller,,+918460978053,+918460978053,hiteshghori19@gmail.com,hiteshghori19@gmail.com
,,,,,,,Texfield Printed Men Round Neck Orange T-Shirt,Texfield,,,,,,
2268,d9cb9d1dcae14e5c,HamsaTshirts,Yes,bronze,2019-01-18,2019-03-12,,,,,,,,
2269,f4a192bbccc546be,JhajiiFashion,No,bronze,2025-09-22,2025-09-27,Jhajii Printed Women Round Neck Brown T-Shirt,Jhajii,Possibly a Brand,Jhajii,+918745029813,+918745029813,kanchanthakur8929@gmail.com,kanchanthakur8929@gmail.com
,,,,,,,Jhajii Printed Women Round Neck White T-Shirt,Jhajii,,,,,,
,,,,,,,Jhajii Printed Women Round Neck Brown T-Shirt,Jhajii,,,,,,
,,,,,,,Jhajii Printed Women Round Neck Multicolor T-Shirt,Jhajii,,,,,,
,,,,,,,Jhajii Printed Women Round Neck Brown T-Shirt,Jhajii,,,,,,
,,,,,,,Jhajii Printed Women Round Neck Pink T-Shirt,Jhajii,,,,,,
,,,,,,,Jhajii Printed Women Round Neck Black T-Shirt,Jhajii,,,,,,
,,,,,,,Jhajii Printed Women Round Neck Pink T-Shirt,Jhajii,,,,,,
,,,,,,,Jhajii Printed Women Round Neck Multicolor T-Shirt,Jhajii,,,,,,
,,,,,,,Jhajii Printed Women Round Neck Purple T-Shirt,Jhajii,,,,,,
,,,,,,,Jhajii Printed Women Round Neck Multicolor T-Shirt,Jhajii,,,,,,
,,,,,,,Jhajii Printed Women Round Neck Multicolor T-Shirt,Jhajii,,,,,,
,,,,,,,Jhajiifashion Graphic Print Women Round Neck White T-Shirt,Jhajiifashion,,,,,,
,,,,,,,Jhajii Printed Women Round Neck White T-Shirt,Jhajii,,,,,,
,,,,,,,Jhajiifashion Graphic Print Women Round Neck Brown T-Shirt,Jhajiifashion,,,,,,
,,,,,,,Jhajii Printed Women Round Neck Multicolor T-Shirt,Jhajii,,,,,,
,,,,,,,Jhajii Printed Women Round Neck Multicolor T-Shirt,Jhajii,,,,,,
,,,,,,,Jhajii Printed Women Round Neck White T-Shirt,Jhajii,,,,,,
,,,,,,,Jhajii Printed Women Round Neck Multicolor T-Shirt,Jhajii,,,,,,
,,,,,,,Jhajiifashion Graphic Print Women Round Neck Beige T-Shirt,Jhajiifashion,,,,,,
2270,79fc4bf03df540e5,Kanhastore143,No,bronze,2025-07-08,2025-07-22,Kanhuzzz Graphic Print Men Round Neck Black T-Shirt,Kanhuzzz,Possibly a Brand,Kanhuzzz,+917530900475,+917530900475,singhnamiyank@gmail.com,singhnamiyank@gmail.com
,,,,,,,Kanhuzzz Graphic Print Men Round Neck Red T-Shirt,Kanhuzzz,,,,,,
,,,,,,,Kanhuzzz Full Sleeve Printed Men Sweatshirt,Kanhuzzz,,,,,,
,,,,,,,Kanhuzzz Full Sleeve Printed Men Sweatshirt,Kanhuzzz,,,,,,
,,,,,,,Kanhuzzz Graphic Print Men Round Neck Black T-Shirt,Kanhuzzz,,,,,,
,,,,,,,KANHUZZZ Printed Men Black T-Shirt,KANHUZZZ,,,,,,
,,,,,,,Kanhuzzz Printed Men Round Neck Purple T-Shirt,Kanhuzzz,,,,,,
,,,,,,,Kanhuzzz Printed Men Round Neck Purple T-Shirt,Kanhuzzz,,,,,,
,,,,,,,Kanhuzzz Printed Men Round Neck Purple T-Shirt,Kanhuzzz,,,,,,
,,,,,,,Kanhuzzz Printed Men Round Neck White T-Shirt,Kanhuzzz,,,,,,
,,,,,,,Kanhuzzz Printed Men Round Neck Beige T-Shirt,Kanhuzzz,,,,,,
,,,,,,,Kanhuzzz Printed Men Round Neck Red T-Shirt,Kanhuzzz,,,,,,
,,,,,,,Kanhuzzz Cartoon Men Round Neck Beige T-Shirt,Kanhuzzz,,,,,,
,,,,,,,Kanhuzzz Printed Men Round Neck Purple T-Shirt,Kanhuzzz,,,,,,
,,,,,,,Kanhuzzz Striped High Neck Casual Men White Sweater,Kanhuzzz,,,,,,
,,,,,,,"Kanhuzzz Self Design High Neck Casual Men Black, White Sweater",Kanhuzzz,,,,,,
,,,,,,,Koolest Fashion Solid Men Round Neck Black T-Shirt,Koolest Fashion,,,,,,
,,,,,,,Aaradhana Solid Turtle Neck Casual Men Black Sweater,Aaradhana,,,,,,
,,,,,,,Aaradhana Solid Turtle Neck Casual Men White Sweater,Aaradhana,,,,,,
,,,,,,,Kanhuzzz Full Sleeve Solid Men Sweatshirt,Kanhuzzz,,,,,,
2271,ca52c5b60e1445bb,ZEFFITBYJJ,No,silver,2023-04-19,2023-04-26,"Zeffit Solid Men Black, Dark Blue Track Pants",Zeffit,Possibly a Brand,Zeffit,+917340935977,+917340935977,jjtradinghelpline@gmail.com,jjtradinghelpline@gmail.com
,,,,,,,Zeffit Striped Men Blue Track Pants,Zeffit,,,,,,
,,,,,,,Zeffit Solid Men Black Track Pants,Zeffit,,,,,,
,,,,,,,Zeffit Striped Men Blue Track Pants,Zeffit,,,,,,
,,,,,,,Zeffit Striped Men Black Track Pants,Zeffit,,,,,,
,,,,,,,Zeffit Solid Men Black Track Pants,Zeffit,,,,,,
,,,,,,,Zeffit Solid Men Black Track Pants,Zeffit,,,,,,
,,,,,,,Zeffit Striped Men Blue Track Pants,Zeffit,,,,,,
,,,,,,,Zeffit Striped Men Black Track Pants,Zeffit,,,,,,
,,,,,,,Zeffit Striped Men Black Track Pants,Zeffit,,,,,,
,,,,,,,Zeffit Striped Men Black Track Pants,Zeffit,,,,,,
,,,,,,,Zeffit Solid Men Black Track Pants,Zeffit,,,,,,
,,,,,,,Zeffit Solid Men Three Fourths,Zeffit,,,,,,
,,,,,,,Zeffit Striped Men Blue Track Pants,Zeffit,,,,,,
,,,,,,,"Zeffit Solid Men Black, Dark Blue Track Pants",Zeffit,,,,,,
,,,,,,,"Zeffit Solid Men Black, Dark Blue Track Pants",Zeffit,,,,,,
,,,,,,,Zeffit Solid Men Blue Track Pants,Zeffit,,,,,,
,,,,,,,"Zeffit Striped Men Black, Silver Track Pants",Zeffit,,,,,,
,,,,,,,"Zeffit Solid Men Black, Dark Blue Track Pants",Zeffit,,,,,,
,,,,,,,Zeffit Solid Men Blue Track Pants,Zeffit,,,,,,
2272,afabce0a573244bd,LxEnterprises,No,bronze,2021-11-08,2022-01-27,Swagwala Solid Men Polo Neck White T-Shirt,Swagwala,Possibly a Brand,Swagwala,+919315053243,+919315053243,bhaduneeraj25@gmail.com,bhaduneeraj25@gmail.com
,,,,,,,Swagwala Graphic Print Men Polo Neck Black T-Shirt,Swagwala,,,,,,
,,,,,,,"TOXIC GUY Graphic Print, Striped Men Polo Neck Black T-Shirt",TOXIC GUY,,,,,,
,,,,,,,Swagwala Colorblock Men Zip Neck White T-Shirt,Swagwala,,,,,,
,,,,,,,Swagwala Solid Men Polo Neck Red T-Shirt,Swagwala,,,,,,
,,,,,,,Swagwala Striped Men Polo Neck Pink T-Shirt,Swagwala,,,,,,
,,,,,,,Swagwala Striped Men Polo Neck White T-Shirt,Swagwala,,,,,,
,,,,,,,"TOXIC GUY Graphic Print, Striped Men Polo Neck Maroon T-Shirt",TOXIC GUY,,,,,,
,,,,,,,"Swagwala Colorblock Men Hooded Neck Red, Green T-Shirt",Swagwala,,,,,,
,,,,,,,Toxic Guy Solid Men Light Blue T-Shirt,Toxic Guy,,,,,,
,,,,,,,Toxic Guy Solid Men Light Blue T-Shirt,Toxic Guy,,,,,,
,,,,,,,Swagwala Solid Men Polo Neck White T-Shirt,Swagwala,,,,,,
,,,,,,,Swagwala Self Design Women Brown Track Pants,Swagwala,,,,,,
,,,,,,,Swagwala Printed Men Polo Neck White T-Shirt,Swagwala,,,,,,
,,,,,,,Swagwala Printed Men Polo Neck White T-Shirt,Swagwala,,,,,,
,,,,,,,"Swagwala Colorblock Men Hooded Neck Red, Green T-Shirt",Swagwala,,,,,,
,,,,,,,"TOXIC GUY Graphic Print, Striped Men Polo Neck White T-Shirt",TOXIC GUY,,,,,,
,,,,,,,Swagwala Printed Men Polo Neck Multicolor T-Shirt,Swagwala,,,,,,
,,,,,,,Swagwala Solid Men Grey Track Pants,Swagwala,,,,,,
,,,,,,,Swagwala Colorblock Men Hooded Neck Red T-Shirt,Swagwala,,,,,,
2273,6188a9d3fd494d84,KPRSTEXTILE,Yes,gold,2025-12-12,2025-12-22,,,,,,,,
2274,af41e837f9f04ac8,KILIEO,No,bronze,2025-12-09,2025-12-10,Full Sleeve Men & Women Sweatshirt,KILIEO,Possibly a Brand,KILIEO,+917827075117,+917827075117,kilieoclothing26@gmail.com,kilieoclothing26@gmail.com
,,,,,,,Full Sleeve Graphic Print Men & Women Sweatshirt,KILIEO,,,,,,
,,,,,,,Full Sleeve Men & Women Sweatshirt,KILIEO,,,,,,
,,,,,,,Full Sleeve Printed Men & Women Sweatshirt,KILIEO,,,,,,
,,,,,,,KILIEO Women Solid Straight Kurta (Yellow),KILIEO,,,,,,
,,,,,,,KILIEO Graphic Print Women Grey T-Shirt,KILIEO,,,,,,
,,,,,,,KILIEO Full Sleeve Printed Men & Women Sweatshirt,KILIEO,,,,,,
,,,,,,,KILIEO Full Sleeve Graphic Print Women Sweatshirt,KILIEO,,,,,,
,,,,,,,KILIEO Full Sleeve Graphic Print Men Sweatshirt,KILIEO,,,,,,
,,,,,,,KILIEO Graphic Print Women Red T-Shirt,KILIEO,,,,,,
,,,,,,,INFIRAX Graphic Print Women Round Neck Purple T-Shirt,INFIRAX,,,,,,
,,,,,,,KILIEO Full Sleeve Graphic Print Women Sweatshirt,KILIEO,,,,,,
,,,,,,,KILIEO Full Sleeve Graphic Print Men Sweatshirt,KILIEO,,,,,,
,,,,,,,KILIEO Printed Women Black T-Shirt,KILIEO,,,,,,
,,,,,,,KILIEO Graphic Print Women Black T-Shirt,KILIEO,,,,,,
,,,,,,,KILIEO Full Sleeve Solid Men & Women Sweatshirt,KILIEO,,,,,,
,,,,,,,ENITOR Full Sleeve Printed Men Sweatshirt,ENITOR,,,,,,
,,,,,,,KILIEO Printed Women Round Neck Yellow T-Shirt,KILIEO,,,,,,
,,,,,,,KILIEO Printed Women Round Neck Yellow T-Shirt,KILIEO,,,,,,
,,,,,,,KILIEO Casual Printed Women Light Blue Top,KILIEO,,,,,,
2275,48bdb2dbe3ac4985,Cortin,Yes,silver,2026-02-25,2026-03-12,,,,,,,,
2276,61d77e4b9d63480c,JOVACOLLECTION,No,silver,2026-06-14,2026-06-15,JOVACOLLECTION Typography Men Round Neck Maroon T-Shirt,JOVACOLLECTION,Possibly a Brand,JOVACOLLECTION,+919557555779,+919557555779,nandinikardam12@gmail.com,nandinikardam12@gmail.com
,,,,,,,JOVACOLLECTION Graphic Print Men Round Neck Beige T-Shirt,JOVACOLLECTION,,,,,,
,,,,,,,JOVACOLLECTION Graphic Print Women Round Neck Black T-Shirt,JOVACOLLECTION,,,,,,
,,,,,,,JOVACOLLECTION Typography Men Round Neck Maroon T-Shirt,JOVACOLLECTION,,,,,,
,,,,,,,JOVACOLLECTION Printed Women Round Neck White T-Shirt,JOVACOLLECTION,,,,,,
,,,,,,,JOVACOLLECTION Graphic Print Women Round Neck Maroon T-Shirt,JOVACOLLECTION,,,,,,
,,,,,,,JOVACOLLECTION Graphic Print Women Round Neck Maroon T-Shirt,JOVACOLLECTION,,,,,,
,,,,,,,"JOVACOLLECTIOJ Oxidised Multicolor Ethnic Drop Earrings Alloy Drops & Danglers, Jhumki Earring",JOVACOLLECTIOJ,,,,,,
,,,,,,,JOVACOLLECTION Graphic Print Men Round Neck White T-Shirt,JOVACOLLECTION,,,,,,
,,,,,,,JOVACOLLECTION Graphic Print Men Round Neck White T-Shirt,JOVACOLLECTION,,,,,,
,,,,,,,JOVACOLLECTION Graphic Print Men Round Neck Black T-Shirt,JOVACOLLECTION,,,,,,
,,,,,,,JOVACOLLECTION Graphic Print Men Round Neck Black T-Shirt,JOVACOLLECTION,,,,,,
,,,,,,,JOVACOLLECTION Graphic Print Men Round Neck Black T-Shirt,JOVACOLLECTION,,,,,,
,,,,,,,JOVACOLLECTION Graphic Print Women Round Neck White T-Shirt,JOVACOLLECTION,,,,,,
,,,,,,,JOVACOLLECTION Graphic Print Women Round Neck Black T-Shirt,JOVACOLLECTION,,,,,,
,,,,,,,JOVACOLLECTION Typography Women Round Neck Maroon T-Shirt,JOVACOLLECTION,,,,,,
,,,,,,,JOVACOLLECTION Graphic Print Women Round Neck Beige T-Shirt,JOVACOLLECTION,,,,,,
,,,,,,,JOVACOLLECTION Graphic Print Men Round Neck Black T-Shirt,JOVACOLLECTION,,,,,,
,,,,,,,"JOVACOLLECTION Graphic Print, Typography Men Round Neck Black T-Shirt",JOVACOLLECTION,,,,,,
,,,,,,,JOVACOLLECTION Graphic Print Women Round Neck White T-Shirt,JOVACOLLECTION,,,,,,
2277,93899178ad9344c2,VKTRENDS2604,No,silver,2026-01-13,2026-02-18,VKTRENDS Boys & Girls Casual T-shirt Pant (Black),VKTRENDS,Possibly a Brand,VKTRENDS,+919443511765,+919677924212,vktrendsgst33@gmail.com,vktrendsgst33@gmail.com
,,,,,,,VKTRENDS Boys & Girls Casual T-shirt Pant (Black),VKTRENDS,,,,,,
,,,,,,,VKTRENDS Boys & Girls Casual T-shirt Pant (Black),VKTRENDS,,,,,,
,,,,,,,VKTRENDS Boys & Girls Casual T-shirt Pant (Black),VKTRENDS,,,,,,
,,,,,,,VKTRENDS Boys & Girls Casual T-shirt Pant (Black),VKTRENDS,,,,,,
,,,,,,,VKTRENDS Boys & Girls Casual T-shirt Pant (Black),VKTRENDS,,,,,,
,,,,,,,VKTRENDS Boys & Girls Casual T-shirt Pant (Black),VKTRENDS,,,,,,
,,,,,,,VKTRENDS Boys & Girls Casual T-shirt Pant (Black),VKTRENDS,,,,,,
,,,,,,,VKTRENDS Boys & Girls Casual T-shirt Pant (Black),VKTRENDS,,,,,,
,,,,,,,VKTRENDS Boys & Girls Casual T-shirt Pant (Black),VKTRENDS,,,,,,
,,,,,,,VKTRENDS Boys & Girls Casual T-shirt Pant (Black),VKTRENDS,,,,,,
,,,,,,,VKTRENDS Boys & Girls Casual T-shirt Pant (Black),VKTRENDS,,,,,,
,,,,,,,VKTRENDS Boys & Girls Casual T-shirt Pant (Black),VKTRENDS,,,,,,
,,,,,,,VKTRENDS Boys & Girls Casual T-shirt Pant (Black),VKTRENDS,,,,,,
,,,,,,,"Dvis Graphic Print, Solid Men Round Neck Black T-Shirt",Dvis,,,,,,
,,,,,,,WARDRAW Printed Men Round Neck Black T-Shirt,WARDRAW,,,,,,
,,,,,,,VKTRENDS Boys & Girls Casual T-shirt Pant (Maroon),VKTRENDS,,,,,,
,,,,,,,VKTRENDS Boys & Girls Casual T-shirt Pant (Dark Blue),VKTRENDS,,,,,,
,,,,,,,WARDRAW Printed Men Round Neck Black T-Shirt,WARDRAW,,,,,,
,,,,,,,VKTRENDS Boys & Girls Casual T-shirt Pant (Black),VKTRENDS,,,,,,
2278,c404344c755d4f83,OSGARMENT,No,bronze,2023-05-21,2023-05-26,DOANDBE Self Design Men Brown Track Pants,DOANDBE,Possibly a Brand,DOANDBE,+919781123196,+919781123196,osgarments868@gmail.com,osgarments868@gmail.com
,,,,,,,DOANDBE Colorblock Women Grey Track Pants,DOANDBE,,,,,,
,,,,,,,DOANDBE Solid Men Black Track Pants,DOANDBE,,,,,,
,,,,,,,DOANDBE Self Design Men Black Track Pants,DOANDBE,,,,,,
,,,,,,,DOANDBE Self Design Men Grey Track Pants,DOANDBE,,,,,,
,,,,,,,DOANDBE Striped Men Grey Track Pants,DOANDBE,,,,,,
,,,,,,,DOANDBE Colorblock Women Polo Neck Black T-Shirt,DOANDBE,,,,,,
,,,,,,,DOANDBE Printed Men Polo Neck White T-Shirt,DOANDBE,,,,,,
,,,,,,,DOANDBE Colorblock Men Polo Neck Black T-Shirt,DOANDBE,,,,,,
,,,,,,,DOANDBE Colorblock Women Polo Neck Brown T-Shirt,DOANDBE,,,,,,
,,,,,,,DOANDBE Colorblock Women Polo Neck Brown T-Shirt,DOANDBE,,,,,,
,,,,,,,DOANDBE Striped Women Polo Neck Brown T-Shirt,DOANDBE,,,,,,
,,,,,,,DOANDBE Colorblock Women Polo Neck Brown T-Shirt,DOANDBE,,,,,,
,,,,,,,DOANDBE Printed Women Polo Neck Beige T-Shirt,DOANDBE,,,,,,
,,,,,,,DOANDBE Printed Men Polo Neck Light Green T-Shirt,DOANDBE,,,,,,
,,,,,,,DOANDBE Printed Men Polo Neck Light Green T-Shirt,DOANDBE,,,,,,
,,,,,,,DOANDBE Printed Men Polo Neck Grey T-Shirt,DOANDBE,,,,,,
,,,,,,,DOANDBE Printed Women Polo Neck White T-Shirt,DOANDBE,,,,,,
,,,,,,,DOANDBE Printed Women Polo Neck White T-Shirt,DOANDBE,,,,,,
,,,,,,,DOANDBE Checkered Women Polo Neck White T-Shirt,DOANDBE,,,,,,
2279,42d73bddc49c4d2f,SAHUCRATION,No,bronze,2023-06-15,2023-06-16,NINFIN Full Sleeve Graphic Print Men Sweatshirt,NINFIN,Possibly a Seller,,+918527792193,+918527792193,sahuajesh5@gmail.com,sahuajesh5@gmail.com
,,,,,,,NINFIN Full Sleeve Graphic Print Men Sweatshirt,NINFIN,,,,,,
,,,,,,,A to Z Creation Full Sleeve Solid Women Sweatshirt,A to Z Creation,,,,,,
,,,,,,,NINFIN Full Sleeve Graphic Print Men Sweatshirt,NINFIN,,,,,,
,,,,,,,NINFIN Full Sleeve Graphic Print Men Sweatshirt,NINFIN,,,,,,
,,,,,,,NINFIN Full Sleeve Graphic Print Men Sweatshirt,NINFIN,,,,,,
,,,,,,,NINFIN Full Sleeve Graphic Print Men Sweatshirt,NINFIN,,,,,,
,,,,,,,NINFIN Full Sleeve Graphic Print Men Sweatshirt,NINFIN,,,,,,
,,,,,,,NINFIN Full Sleeve Graphic Print Men Sweatshirt,NINFIN,,,,,,
,,,,,,,NINFIN Full Sleeve Graphic Print Men Sweatshirt,NINFIN,,,,,,
,,,,,,,INFIRAX Full Sleeve Solid Men Sweatshirt,INFIRAX,,,,,,
,,,,,,,etsun Full Sleeve Printed Women Sweatshirt,etsun,,,,,,
,,,,,,,etsun Full Sleeve Solid Women Sweatshirt,etsun,,,,,,
,,,,,,,etsun Full Sleeve Graphic Print Men Sweatshirt,etsun,,,,,,
,,,,,,,A to Z Creation Full Sleeve Graphic Print Women Sweatshirt,A to Z Creation,,,,,,
,,,,,,,etsun Full Sleeve Solid Women Sweatshirt,etsun,,,,,,
,,,,,,,A to Z Creation Full Sleeve Solid Men Sweatshirt,A to Z Creation,,,,,,
,,,,,,,HEATHEX Full Sleeve Solid Men Sweatshirt,HEATHEX,,,,,,
,,,,,,,etsun Full Sleeve Solid Men Sweatshirt,etsun,,,,,,
,,,,,,,"etsun Solid Women Round Neck Beige, Brown T-Shirt",etsun,,,,,,
2280,b10bf5a3b27e4f72,KGNINTERNATION,No,bronze,2025-11-28,2025-11-29,KGN Graphic Print Women Black T-Shirt,KGN,Possibly a Brand,KGN,+918882572042,+917011842525,kgninternational426@gmail.com,kgninternational426@gmail.com
,,,,,,,KGN Graphic Print Women Red T-Shirt,KGN,,,,,,
,,,,,,,KGN Graphic Print Women Maroon T-Shirt,KGN,,,,,,
,,,,,,,sarah Enterprises Full Sleeve Solid Men Sweatshirt,sarah Enterprises,,,,,,
,,,,,,,HipHopTrends Full Sleeve Solid Men Sweatshirt,HipHopTrends,,,,,,
,,,,,,,Trendhive Full Sleeve Printed Men Sweatshirt,Trendhive,,,,,,
,,,,,,,KGN Full Sleeve Printed Men Sweatshirt,KGN,,,,,,
,,,,,,,KGN Full Sleeve Graphic Print Men & Women Sweatshirt,KGN,,,,,,
,,,,,,,ghoues Full Sleeve Self Design Women Sweatshirt,ghoues,,,,,,
,,,,,,,KGN Full Sleeve Graphic Print Men & Women Sweatshirt,KGN,,,,,,
,,,,,,,KGN Full Sleeve Graphic Print Men & Women Sweatshirt,KGN,,,,,,
,,,,,,,KGN Full Sleeve Graphic Print Men & Women Sweatshirt,KGN,,,,,,
,,,,,,,KGN Full Sleeve Printed Men Sweatshirt,KGN,,,,,,
,,,,,,,KGN Full Sleeve Printed Men & Women Sweatshirt,KGN,,,,,,
,,,,,,,KGN Full Sleeve Graphic Print Men & Women Sweatshirt,KGN,,,,,,
,,,,,,,KGN INTERNATIONAL Printed Women Round Neck White T-Shirt,KGN INTERNATIONAL,,,,,,
,,,,,,,KGN INTERNATIONAL Printed Women Round Neck Black T-Shirt,KGN INTERNATIONAL,,,,,,
,,,,,,,KGN INTERNATIONAL Printed Women Round Neck White T-Shirt,KGN INTERNATIONAL,,,,,,
,,,,,,,KGN Full Sleeve Graphic Print Men & Women Sweatshirt,KGN,,,,,,
,,,,,,,KGN Full Sleeve Graphic Print Men & Women Sweatshirt,KGN,,,,,,
2281,500e4d2d974e4520,hsfashion24,No,gold,2025-05-27,2025-05-31,UNAATI FASHION V-Neck Women Blouse,UNAATI FASHION,Possibly a Brand,UNATI FASHION,+919737121128,+919737121128,hsfashion009@gmail.com,hsfashion009@gmail.com
,,,,,,,UNATI FASHION V-Neck Women Blouse,UNATI FASHION,,,,,,
,,,,,,,UNATI FASHION Sweetheart Neck Women Blouse,UNATI FASHION,,,,,,
,,,,,,,UNATI FASHION Sweetheart Neck Women Blouse,UNATI FASHION,,,,,,
,,,,,,,UNATI FASHION Sweetheart Neck Women Blouse,UNATI FASHION,,,,,,
,,,,,,,UNATI FASHION Sweetheart Neck Women Blouse,UNATI FASHION,,,,,,
,,,,,,,UNATI FASHION V-Neck Women Blouse,UNATI FASHION,,,,,,
,,,,,,,UNATI FASHION V-Neck Women Blouse,UNATI FASHION,,,,,,
,,,,,,,UNATI FASHION Sweetheart Neck Women Blouse,UNATI FASHION,,,,,,
,,,,,,,UNAATI FASHION V-Neck Women Blouse,UNAATI FASHION,,,,,,
,,,,,,,UNATI FASHION Sweetheart Neck Women Blouse,UNATI FASHION,,,,,,
,,,,,,,UNATI FASHION V-Neck Women Blouse,UNATI FASHION,,,,,,
,,,,,,,UNATI FASHION V-Neck Women Blouse,UNATI FASHION,,,,,,
,,,,,,,UNATI FASHION Sweetheart Neck Women Blouse,UNATI FASHION,,,,,,
,,,,,,,UNATI FASHION V-Neck Women Blouse,UNATI FASHION,,,,,,
,,,,,,,UNATI FASHION Sweetheart Neck Women Blouse,UNATI FASHION,,,,,,
,,,,,,,UNATI FASHION V-Neck Women Blouse,UNATI FASHION,,,,,,
,,,,,,,UNATI FASHION V-Neck Women Blouse,UNATI FASHION,,,,,,
,,,,,,,UNATI FASHION Sweetheart Neck Women Blouse,UNATI FASHION,,,,,,
,,,,,,,UNATI FASHION V-Neck Women Blouse,UNATI FASHION,,,,,,
2282,588af8559aa84faa,DRESQUESTORE,Yes,gold,2022-04-26,2022-04-27,,,,,,,,
2283,75621e084cbb4acb,TinjuArts,No,bronze,2025-10-22,2025-10-24,TinjuArtss Women Boat Neck Sleeveless Blouse,TinjuArtss,Possibly a Seller,,+919547781093,+919547781093,tinjuartsecommerce@gmail.com,tinjuartsecommerce@gmail.com
,,,,,,,TinjuArtss Women Boat Neck Sleeveless Blouse,TinjuArtss,,,,,,
,,,,,,,TinjuArtsss Women Round Neck Sleeveless Blouse,TinjuArtsss,,,,,,
,,,,,,,TinjuArtsss Women Round Neck Half Sleeve Blouse,TinjuArtsss,,,,,,
,,,,,,,TinjuArtsss Women Round Neck Half Sleeve Blouse,TinjuArtsss,,,,,,
,,,,,,,TinjuArtsss Women Round Neck Short Sleeve Blouse,TinjuArtsss,,,,,,
,,,,,,,TinjuArtsss Women Round Neck Sleeveless Blouse,TinjuArtsss,,,,,,
,,,,,,,TinjuArtsss Women Round Neck Sleeveless Blouse,TinjuArtsss,,,,,,
,,,,,,,Tinju Arts Round Neck Women Blouse,Tinju Arts,,,,,,
,,,,,,,Tinju Arts V-Neck Women Blouse,Tinju Arts,,,,,,
,,,,,,,Tinju Arts Round Neck Women Blouse,Tinju Arts,,,,,,
,,,,,,,Tinju Arts Round Neck Women Blouse,Tinju Arts,,,,,,
,,,,,,,Tinju Arts Round Neck Women Blouse,Tinju Arts,,,,,,
,,,,,,,Tinju Arts Round Neck Women Blouse,Tinju Arts,,,,,,
,,,,,,,Tinju Arts Round Neck Women Blouse,Tinju Arts,,,,,,
,,,,,,,Tinju Arts Round Neck Women Blouse,Tinju Arts,,,,,,
,,,,,,,Tinju Arts V-Neck Women Blouse,Tinju Arts,,,,,,
,,,,,,,Tinju Arts V-Neck Women Blouse,Tinju Arts,,,,,,
,,,,,,,Tinju Arts Round Neck Women Blouse,Tinju Arts,,,,,,
,,,,,,,Tinju Arts Round Neck Women Blouse,Tinju Arts,,,,,,
2284,462b8db42f524453,MAHAVIRCORP,Yes,silver,2014-11-13,2014-12-20,,,,,,,,
2285,b93828d6be9a4de5,ZESTALIGN,No,bronze,2025-12-16,2025-12-17,ZESTALIGN U-Neck Women Blouse,ZESTALIGN,Possibly a Brand,ZESTALIGN,+918460897190,+918460897190,zestalign517a@gmail.com,zestalign517a@gmail.com
,,,,,,,ZESTALIGN Round Neck Women Blouse,ZESTALIGN,,,,,,
,,,,,,,ZESTALIGN U-Neck Women Blouse,ZESTALIGN,,,,,,
,,,,,,,ZESTALIGN U-Neck Women Blouse,ZESTALIGN,,,,,,
,,,,,,,ZESTALIGN U-Neck Women Blouse,ZESTALIGN,,,,,,
,,,,,,,ZESTALIGN Round Neck Women Blouse,ZESTALIGN,,,,,,
,,,,,,,ZESTALIGN Round Neck Women Blouse,ZESTALIGN,,,,,,
,,,,,,,ZESTALIGN Round Neck Women Blouse,ZESTALIGN,,,,,,
,,,,,,,ZESTALIGN Round Neck Women Blouse,ZESTALIGN,,,,,,
,,,,,,,ZESTALIGN Round Neck Women Blouse,ZESTALIGN,,,,,,
,,,,,,,ZESTALIGN Round Neck Women Blouse,ZESTALIGN,,,,,,
,,,,,,,ZESTALIGN Round Neck Women Blouse,ZESTALIGN,,,,,,
,,,,,,,ZESTALIGN Round Neck Women Blouse,ZESTALIGN,,,,,,
,,,,,,,ZESTALIGN Round Neck Women Blouse,ZESTALIGN,,,,,,
,,,,,,,ZESTALIGN Round Neck Women Blouse,ZESTALIGN,,,,,,
,,,,,,,ZESTALIGN Round Neck Women Blouse,ZESTALIGN,,,,,,
,,,,,,,ZESTALIGN Round Neck Women Blouse,ZESTALIGN,,,,,,
,,,,,,,ZESTALIGN Round Neck Women Blouse,ZESTALIGN,,,,,,
,,,,,,,ZESTALIGN Round Neck Women Blouse,ZESTALIGN,,,,,,
,,,,,,,ZESTALIGN Round Neck Women Blouse,ZESTALIGN,,,,,,
2286,ce4d90a8fc5e4a05,Raisechic,Yes,silver,2023-10-19,2023-10-21,,,,,,,,
2287,bcbacd7882844ef2,AartiGarments123,No,silver,2023-05-09,2023-05-09,ArtiGarments Lycra Blend Women Dupatta,ArtiGarments,Possibly a Seller,,+918817762405,+918817762405,kp4620751@gmail.com,kp4620751@gmail.com
,,,,,,,NITYA CREATION Round Neck Women Blouse,NITYA CREATION,,,,,,
,,,,,,,Swati pack of 20 Women Cotton Blend Saree Falls (Multicolor),Swati,,,,,,
,,,,,,,DDT Women Round Neck Short Sleeve Blouse,DDT,,,,,,
,,,,,,,Aayra Round Neck Women Blouse,Aayra,,,,,,
,,,,,,,Aayra Round Neck Women Blouse,Aayra,,,,,,
,,,,,,,Aayra Round Neck Women Blouse,Aayra,,,,,,
,,,,,,,FABFLICK Lycra Blend Women Dupatta,FABFLICK,,,,,,
,,,,,,,DDT Women Round Neck Short Sleeve Blouse,DDT,,,,,,
,,,,,,,DDT Women Round Neck Short Sleeve Blouse,DDT,,,,,,
,,,,,,,DDT Women Round Neck Short Sleeve Blouse,DDT,,,,,,
,,,,,,,DDT Women Round Neck Short Sleeve Blouse,DDT,,,,,,
,,,,,,,Aayra Round Neck Women Blouse,Aayra,,,,,,
,,,,,,,RadadiyaTRD Women Round Neck Half Sleeve Blouse,RadadiyaTRD,,,,,,
,,,,,,,DDT Women Round Neck Short Sleeve Blouse,DDT,,,,,,
,,,,,,,DDT Women Round Neck Short Sleeve Blouse,DDT,,,,,,
,,,,,,,Rinims Women Round Neck Half Sleeve Blouse,Rinims,,,,,,
,,,,,,,DDT Women Round Neck Short Sleeve Blouse,DDT,,,,,,
,,,,,,,DDT Women Round Neck Short Sleeve Blouse,DDT,,,,,,
,,,,,,,DDT Women Round Neck Short Sleeve Blouse,DDT,,,,,,
2288,43aad9106df84cb4,TRENDINGCREATION1,No,silver,2026-07-02,2026-07-11,TRENDING CREATION Round Neck Women Blouse,TRENDING CREATION,Possibly a Seller,,+918910589609,+918910589609,kazinijamuddin9@gmail.com,kazinijamuddin9@gmail.com
,,,,,,,TRENDING CREATION Round Neck Women Blouse,TRENDING CREATION,,,,,,
,,,,,,,TRENDING CREATION Round Neck Women Blouse,TRENDING CREATION,,,,,,
,,,,,,,TRENDING CREATION Round Neck Women Blouse,TRENDING CREATION,,,,,,
,,,,,,,TRENDING CREATION Round Neck Women Blouse,TRENDING CREATION,,,,,,
,,,,,,,TRENDING CREATION Round Neck Women Blouse,TRENDING CREATION,,,,,,
,,,,,,,TRENDING CREATION Round Neck Women Blouse,TRENDING CREATION,,,,,,
,,,,,,,TRENDING CREATION Sweetheart Neck Women Blouse,TRENDING CREATION,,,,,,
,,,,,,,TRENDING CREATION Sweetheart Neck Women Blouse,TRENDING CREATION,,,,,,
2289,a22b4bda52e64e86,NRAPPAREL,No,bronze,2026-01-24,2026-01-26,"Nr Apparel Floral Print, Embroidered Bollywood Silk Blend Saree (Yellow, Mustard)",Nr Apparel,Possibly a Brand,Nr Apparel,+918769483649,+918769483649,nrapparel.store@gmail.com,nrapparel.store@gmail.com
,,,,,,,N R APPAREL Floral Print Stitched Lehenga Choli (Yellow),N R APPAREL,,,,,,
,,,,,,,Nr Apparel Floral Print Handloom Chiffon Saree (Blue),Nr Apparel,,,,,,
,,,,,,,"Nr Apparel Floral Print, Embroidered, Striped, Self Design Bollywood Georgette, Supernet Saree (Black)",Nr Apparel,,,,,,
,,,,,,,denbe Round Neck Women Blouse,denbe,,,,,,
,,,,,,,N R APPAREL Round Neck Women Blouse,N R APPAREL,,,,,,
,,,,,,,N R APPAREL Embroidered Semi Stitched Lehenga Choli (Blue),N R APPAREL,,,,,,
,,,,,,,Nr Apparel Self Design Arani Pattu Chiffon Saree (Blue),Nr Apparel,,,,,,
,,,,,,,Nr Apparel Embroidered Daily Wear Dupion Silk Saree (Yellow),Nr Apparel,,,,,,
,,,,,,,N R APPAREL Round Neck Women Blouse,N R APPAREL,,,,,,
,,,,,,,"Nr Apparel Embroidered Kota Doria Cotton Blend, Pure Cotton Saree (Multicolor)",Nr Apparel,,,,,,
,,,,,,,"Nr Apparel Embroidered Handloom Georgette, Cotton Silk Saree (Red)",Nr Apparel,,,,,,
,,,,,,,Nr Apparel Floral Print Daily Wear Georgette Saree (Pink),Nr Apparel,,,,,,
,,,,,,,Nr Apparel Floral Print Bollywood Silk Blend Saree (Pink),Nr Apparel,,,,,,
,,,,,,,"Nr Apparel Floral Print, Embroidered Daily Wear Silk Blend, Art Silk Saree (Light Blue)",Nr Apparel,,,,,,
,,,,,,,N R APPAREL Round Neck Women Blouse,N R APPAREL,,,,,,
,,,,,,,"Nr Apparel Embroidered, Embellished, Striped Daily Wear Silk Blend, Chiffon Saree (Dark Green)",Nr Apparel,,,,,,
,,,,,,,Nr Apparel Embroidered Bollywood Dupion Silk Saree (Purple),Nr Apparel,,,,,,
,,,,,,,N R APPAREL Embroidered Stitched Lehenga Choli (Dark Green),N R APPAREL,,,,,,
,,,,,,,"Nr Apparel Embroidered Madhubani Semi-Pashmina, Silk Blend Saree (Red)",Nr Apparel,,,,,,
2290,56d292886eaa4a9a,SRIDAAPPARELS,Yes,gold,2021-09-10,2021-09-15,,,,,,,,
2291,8be8542380e543f1,Miracletex,Yes,silver,2022-03-10,2022-03-11,,,,,,,,
2292,ef70d03bd2b24fe1,JaviraFashion,Yes,gold,2026-01-01,2026-01-12,,,,,,,,
2293,865621491daf4945,ShiniTrendz,No,gold,2022-12-20,2022-12-20,"ShiniTrendz Embroidered, Solid/Plain Bollywood Chiffon Saree (Black)",ShiniTrendz,Possibly a Seller,,+918780119896,+918780119896,Shinitrendz@gmail.com,Shinitrendz@gmail.com
,,,,,,,"ShiniTrendz Embroidered, Solid/Plain Bollywood Georgette Saree (Dark Blue)",ShiniTrendz,,,,,,
,,,,,,,"ShiniTrendz Embroidered, Solid/Plain Bollywood Chiffon Saree (Purple)",ShiniTrendz,,,,,,
,,,,,,,"ShiniTrendz Embroidered, Solid/Plain Bollywood Georgette Saree (Maroon)",ShiniTrendz,,,,,,
,,,,,,,ShiniTrendz Solid/Plain Bollywood Satin Saree (Maroon),ShiniTrendz,,,,,,
,,,,,,,ShiniTrendz Striped Bollywood Chiffon Saree (Light Green),ShiniTrendz,,,,,,
,,,,,,,"ShiniTrendz Embroidered, Solid/Plain Bollywood Chiffon Saree (Dark Green)",ShiniTrendz,,,,,,
,,,,,,,"ShiniTrendz Embroidered, Solid/Plain Bollywood Chiffon Saree (Mustard)",ShiniTrendz,,,,,,
,,,,,,,"ShiniTrendz Embroidered, Solid/Plain Bollywood Chiffon Saree (Dark Green)",ShiniTrendz,,,,,,
,,,,,,,ShiniTrendz Striped Bollywood Chiffon Saree (Maroon),ShiniTrendz,,,,,,
,,,,,,,"ShiniTrendz Embellished, Solid/Plain Bollywood Georgette Saree (Dark Blue)",ShiniTrendz,,,,,,
,,,,,,,ShiniTrends U-Neck Women Blouse,ShiniTrends,,,,,,
,,,,,,,ShiniTrends V-Neck Women Blouse,ShiniTrends,,,,,,
,,,,,,,ShiniTrends U-Neck Women Blouse,ShiniTrends,,,,,,
,,,,,,,ShiniTrends U-Neck Women Blouse,ShiniTrends,,,,,,
,,,,,,,ShiniTrends U-Neck Women Blouse,ShiniTrends,,,,,,
,,,,,,,ShiniTrends Sweetheart Neck Women Blouse,ShiniTrends,,,,,,
,,,,,,,ShiniTrends U-Neck Women Blouse,ShiniTrends,,,,,,
,,,,,,,ShiniTrends U-Neck Women Blouse,ShiniTrends,,,,,,
,,,,,,,ShiniTrends U-Neck Women Blouse,ShiniTrends,,,,,,
2294,c695dca1cc324872,SheAndParag,No,silver,2023-12-30,2024-01-04,Sheandparag Round Neck Women Blouse,Sheandparag,Possibly a Brand,Sheandparag,+917898909530,+917898909530,paragmpabhi@gmail.com,paragmpabhi@gmail.com
,,,,,,,Sheandparag Round Neck Women Blouse,Sheandparag,,,,,,
,,,,,,,Sheandparag Round Neck Women Blouse,Sheandparag,,,,,,
,,,,,,,Sheandparag Round Neck Women Blouse,Sheandparag,,,,,,
,,,,,,,Sheandparag Round Neck Women Blouse,Sheandparag,,,,,,
,,,,,,,Sheandparag Round Neck Women Blouse,Sheandparag,,,,,,
,,,,,,,Sheandparag Round Neck Women Blouse,Sheandparag,,,,,,
,,,,,,,Sheandparag Round Neck Women Blouse,Sheandparag,,,,,,
,,,,,,,Sheandparag Round Neck Women Blouse,Sheandparag,,,,,,
,,,,,,,Sheandparag Round Neck Women Blouse,Sheandparag,,,,,,
,,,,,,,Sheandparag Round Neck Women Blouse,Sheandparag,,,,,,
,,,,,,,Sheandparag Round Neck Women Blouse,Sheandparag,,,,,,
,,,,,,,Sheandparag Round Neck Women Blouse,Sheandparag,,,,,,
,,,,,,,Sheandparag Round Neck Women Blouse,Sheandparag,,,,,,
,,,,,,,Sheandparag Round Neck Women Blouse,Sheandparag,,,,,,
,,,,,,,Sheandparag Round Neck Women Blouse,Sheandparag,,,,,,
,,,,,,,SheAndParag Women Round Neck Short Sleeve Blouse,SheAndParag,,,,,,
,,,,,,,Sheandparag Round Neck Women Blouse,Sheandparag,,,,,,
,,,,,,,Sheandparag Round Neck Women Blouse,Sheandparag,,,,,,
,,,,,,,Sheandparag Round Neck Women Blouse,Sheandparag,,,,,,
2295,b6ac467395034e67,BLOUSHKAHUB,No,bronze,2024-08-09,2026-03-13,Blouska Hub Round Neck Women Blouse,Blouska Hub,Possibly a Brand,jaylaxmifashions,+917046707077,+917046707077,vickysingh349264@gmail.com,vickysingh349264@gmail.com
,,,,,,,jaylaxmifashions U-Neck Women Blouse,jaylaxmifashions,,,,,,
,,,,,,,Blouska Hub Round Neck Women Blouse,Blouska Hub,,,,,,
,,,,,,,BLOUSHKAHUB Women Shapewear,BLOUSHKAHUB,,,,,,
,,,,,,,jaylaxmifashions U-Neck Women Blouse,jaylaxmifashions,,,,,,
,,,,,,,jaylaxmifashions U-Neck Women Blouse,jaylaxmifashions,,,,,,
,,,,,,,jaylaxmifashions U-Neck Women Blouse,jaylaxmifashions,,,,,,
,,,,,,,jaylaxmifashions U-Neck Women Blouse,jaylaxmifashions,,,,,,
,,,,,,,jaylaxmifashions U-Neck Women Blouse,jaylaxmifashions,,,,,,
,,,,,,,jaylaxmifashions U-Neck Women Blouse,jaylaxmifashions,,,,,,
,,,,,,,jaylaxmifashions U-Neck Women Blouse,jaylaxmifashions,,,,,,
,,,,,,,jaylaxmifashions U-Neck Women Blouse,jaylaxmifashions,,,,,,
,,,,,,,jaylaxmifashions U-Neck Women Blouse,jaylaxmifashions,,,,,,
,,,,,,,jaylaxmifashions Round Neck Women Blouse,jaylaxmifashions,,,,,,
,,,,,,,jaylaxmifashions U-Neck Women Blouse,jaylaxmifashions,,,,,,
,,,,,,,BLOUSHKAHUB Women Shapewear,BLOUSHKAHUB,,,,,,
,,,,,,,BLOUSHKAHUB Women Shapewear,BLOUSHKAHUB,,,,,,
,,,,,,,Jay laxmi fashion Round Neck Women Blouse,Jay laxmi fashion,,,,,,
,,,,,,,BLOUSHKAHUB Women Shapewear,BLOUSHKAHUB,,,,,,
,,,,,,,jaylaxmifashions Round Neck Women Blouse,jaylaxmifashions,,,,,,
2296,ad18e245e1c84be5,LAXMISHREELIFESTYLE,No,bronze,2024-04-19,2024-04-20,LAXMISHREE LIFESTYLE Round Neck Women Blouse,LAXMISHREE LIFESTYLE,Possibly a Brand,LAXMISHREE LIFESTYLE,+919023565469,+919023565469,laxmishreelifestyle@gmail.com,laxmishreelifestyle@gmail.com
,,,,,,,LAXMISHREE LIFESTYLE Round Neck Women Blouse,LAXMISHREE LIFESTYLE,,,,,,
,,,,,,,LAXMISHREE LIFESTYLE Round Neck Women Blouse,LAXMISHREE LIFESTYLE,,,,,,
,,,,,,,LAXMISHREE LIFESTYLE Round Neck Women Blouse,LAXMISHREE LIFESTYLE,,,,,,
,,,,,,,LAXMISHREE LIFESTYLE Round Neck Women Blouse,LAXMISHREE LIFESTYLE,,,,,,
,,,,,,,LAXMISHREE LIFESTYLE Round Neck Women Blouse,LAXMISHREE LIFESTYLE,,,,,,
,,,,,,,LAXMISHREE LIFESTYLE Round Neck Women Blouse,LAXMISHREE LIFESTYLE,,,,,,
,,,,,,,LAXMISHREE LIFESTYLE Round Neck Women Blouse,LAXMISHREE LIFESTYLE,,,,,,
,,,,,,,Laxmishree Lifestyle Women Round Neck Half Sleeve Blouse,Laxmishree Lifestyle,,,,,,
,,,,,,,LAXMISHREE LIFESTYLE Round Neck Women Blouse,LAXMISHREE LIFESTYLE,,,,,,
,,,,,,,LAXMISHREE LIFESTYLE Round Neck Women Blouse,LAXMISHREE LIFESTYLE,,,,,,
,,,,,,,LAXMISHREE LIFESTYLE Round Neck Women Blouse,LAXMISHREE LIFESTYLE,,,,,,
,,,,,,,LAXMISHREE LIFESTYLE Round Neck Women Blouse,LAXMISHREE LIFESTYLE,,,,,,
,,,,,,,LAXMISHREE LIFESTYLE Round Neck Women Blouse,LAXMISHREE LIFESTYLE,,,,,,
,,,,,,,LAXMISHREE LIFESTYLE Round Neck Women Blouse,LAXMISHREE LIFESTYLE,,,,,,
,,,,,,,LAXMISHREE LIFESTYLE U-Neck Women Blouse,LAXMISHREE LIFESTYLE,,,,,,
,,,,,,,LAXMISHREE LIFESTYLE U-Neck Women Blouse,LAXMISHREE LIFESTYLE,,,,,,
,,,,,,,Laxmishree Lifestyle Women Round Neck Half Sleeve Blouse,Laxmishree Lifestyle,,,,,,
,,,,,,,Laxmishree Lifestyle Women Round Neck Half Sleeve Blouse,Laxmishree Lifestyle,,,,,,
,,,,,,,LAXMISHREE LIFESTYLE Round Neck Women Blouse,LAXMISHREE LIFESTYLE,,,,,,
2297,f7facc79215d469c,VidehiVilla,No,silver,2024-05-19,2024-05-22,peeloo Boys & Girls Casual Shirt & Waistcoat Set (Blue Pack of 3),peeloo,Possibly a Brand,peeloo,+919664725154,+919664725154,videhivilla5154@gmail.com,videhivilla5154@gmail.com
,,,,,,,peeloo Boys & Girls Casual T-shirt Bodysuit (Black),peeloo,,,,,,
,,,,,,,peeloo Boys & Girls Casual Shirt Shorts (Cream),peeloo,,,,,,
,,,,,,,peeloo Baby Boys Casual T-shirt Shorts (BLACK),peeloo,,,,,,
,,,,,,,peeloo Boys Casual Shirt Shorts (Brown),peeloo,,,,,,
,,,,,,,peeloo Boys Casual Shirt & Waistcoat Set (Black Pack of 1),peeloo,,,,,,
,,,,,,,peeloo Boys & Girls Casual Shirt & Waistcoat Set (Blue Pack of 3),peeloo,,,,,,
,,,,,,,peeloo Boys & Girls Casual Shirt & Waistcoat Set (Blue Pack of 3),peeloo,,,,,,
,,,,,,,peeloo Boys Casual T-shirt Bodysuit (Green),peeloo,,,,,,
,,,,,,,peeloo Boys & Girls Casual Shirt & Waistcoat Set (Blue Pack of 3),peeloo,,,,,,
,,,,,,,peeloo Boys Casual Shirt T-shirt (Blue),peeloo,,,,,,
,,,,,,,peeloo Boys Casual Shirt Shorts (Yellow),peeloo,,,,,,
,,,,,,,peeloo Boys Casual Shirt Shorts (Black),peeloo,,,,,,
,,,,,,,peeloo Boys Casual Shirt T-shirt (Blue),peeloo,,,,,,
,,,,,,,"peeloo Boys Casual T-shirt T-shirt, Shorts (Red)",peeloo,,,,,,
,,,,,,,peeloo Baby Boys Party(Festive) Shirt Shorts (CRIM PINK),peeloo,,,,,,
,,,,,,,"peeloo Baby Boys Casual Shirt T-shirt, Shorts (Multicolor)",peeloo,,,,,,
,,,,,,,"peeloo Baby Boys Casual Shirt T-shirt, Shorts (Multicolor)",peeloo,,,,,,
,,,,,,,peeloo Boys & Girls Casual Shirt Shorts (BROWN),peeloo,,,,,,
,,,,,,,peeloo Boys & Girls Casual Top Bodysuit (Beige),peeloo,,,,,,
2298,428219285e27445d,SPGGARMENTS,No,silver,2026-04-18,2026-04-22,spggarments Floral Print Daily Wear Art Silk Saree (Multicolor),spggarments,Possibly a Brand,spggarments,+917305718077,+917305718077,mohanrajspggarments@gmail.com,mohanrajspggarments@gmail.com
,,,,,,,spggarments Floral Print Daily Wear Art Silk Saree (Multicolor),spggarments,,,,,,
,,,,,,,"spggarments Paisley, Woven, Temple Border Banarasi Pure Silk Saree (Green)",spggarments,,,,,,
,,,,,,,SPGGARMENS Baby Boys & Baby Girls Casual Vest Dress (MULTICOLOR),SPGGARMENS,,,,,,
,,,,,,,spggarments Boys & Girls Casual T-shirt T-shirt (Multicolor),spggarments,,,,,,
,,,,,,,"spggarments Floral Print, Printed, Solid/Plain Daily Wear Art Silk Saree (Multicolor)",spggarments,,,,,,
,,,,,,,"spggarments Floral Print, Printed Daily Wear Art Silk Saree (Multicolor)",spggarments,,,,,,
,,,,,,,"spggarments Short For Baby Boys & Baby Girls Casual Solid Pure Cotton (Black, Pack of 0)",spggarments,,,,,,
,,,,,,,spggarments Baby Boys & Baby Girls Casual Dress Dress (Multicolor),spggarments,,,,,,
,,,,,,,spggarments Floral Print Daily Wear Art Silk Saree (Multicolor),spggarments,,,,,,
,,,,,,,spggarments Baby Boys & Baby Girls Casual Dress Dress (multicolor),spggarments,,,,,,
,,,,,,,"spggarments Girls Below Knee Casual Dress (Multicolor, Sleeveless)",spggarments,,,,,,
,,,,,,,"spggarments Floral Print, Digital Print, Printed Daily Wear Art Silk Saree (Multicolor)",spggarments,,,,,,
,,,,,,,"SPGGRAMENTS Baby Boys & Baby Girls Casual Vest Dress, Vest (Multicolor, Pack of 6)",SPGGRAMENTS,,,,,,
,,,,,,,"spggarments Floral Print, Printed Daily Wear Art Silk Saree (Multicolor)",spggarments,,,,,,
,,,,,,,"spggarments Short For Baby Boys & Baby Girls Casual Floral Print Pure Cotton (Yellow, White, Pack of 1)",spggarments,,,,,,
,,,,,,,SPGGRAMENTS Baby Boys & Baby Girls Casual Top Pant (Multicolor),SPGGRAMENTS,,,,,,
,,,,,,,spggarments Floral Print Daily Wear Art Silk Saree (Multicolor),spggarments,,,,,,
,,,,,,,"spggarments Baby Girls Below Knee Casual Dress (Multicolor, Sleeveless)",spggarments,,,,,,
,,,,,,,spggarments Baby Girls Casual Dress Dress (Multicolor),spggarments,,,,,,
2299,0742c515bc5d4125,Prarut,No,silver,2026-07-02,2026-07-06,"PRARUT Boys & Girls Casual T-shirt Shorts (peach, Pack of 1)",PRARUT,Possibly a Brand,PRARUT,+916351793317,+919624645064,karunasachapara@gmail.com,karunasachapara@gmail.com
,,,,,,,PRARUT Kids Nightwear Boys & Girls Printed Polyester Blend (Green Pack of 1),PRARUT,,,,,,
,,,,,,,PRARUT Kids Nightwear Boys & Girls Printed Polyester Blend (Multicolor Pack of 1),PRARUT,,,,,,
,,,,,,,PRARUT Kids Nightwear Boys & Girls Printed Polyester Blend (Beige Pack of 1),PRARUT,,,,,,
,,,,,,,PRARUT Kids Nightwear Boys & Girls Printed Polyester Blend (Brown Pack of 1),PRARUT,,,,,,
,,,,,,,"PRARUT Boys & Girls Casual T-shirt Shorts (peach, Pack of 1)",PRARUT,,,,,,
,,,,,,,"PRARUT Boys & Girls Casual T-shirt Shorts (pink, Pack of 1)",PRARUT,,,,,,
,,,,,,,PRARUT Kids Nightwear Boys & Girls Printed Polyester Blend (Beige Pack of 1),PRARUT,,,,,,
,,,,,,,PRARUT Kids Nightwear Boys & Girls Printed Polyester Blend (Light Green Pack of 1),PRARUT,,,,,,
,,,,,,,PRARUT Kids Nightwear Boys & Girls Printed Polyester Blend (Pink Pack of 1),PRARUT,,,,,,
,,,,,,,"PRARUT Boys & Girls Casual T-shirt Shorts (red, Pack of 1)",PRARUT,,,,,,
,,,,,,,PRARUT Kids Nightwear Boys & Girls Printed Polyester Blend (Green Pack of 1),PRARUT,,,,,,
,,,,,,,PRARUT Kids Nightwear Boys & Girls Printed Polyester Blend (Pink Pack of 1),PRARUT,,,,,,
,,,,,,,PRARUT Tshirt Pant Co-ords Set,PRARUT,,,,,,
,,,,,,,"PRARUT Girls Casual T-shirt Shorts (Silver, Pack of 1)",PRARUT,,,,,,
,,,,,,,"PRARUT Girls Casual T-shirt Shorts (Silver, Pack of 1)",PRARUT,,,,,,
,,,,,,,"PRARUT Girls Casual T-shirt Shorts (green, Pack of 1)",PRARUT,,,,,,
,,,,,,,"PRARUT Girls Casual T-shirt Shorts (green, Pack of 1)",PRARUT,,,,,,
,,,,,,,"PRARUT Girls Casual T-shirt Shorts (blue, Pack of 1)",PRARUT,,,,,,
,,,,,,,PRARUT Kids Nightwear Boys & Girls Printed Polyester Blend (Multicolor Pack of 1),PRARUT,,,,,,
2300,95432bd5f3bd4ab3,ABCSMART,No,bronze,2023-08-26,2023-08-29,FB GROUP OF COMPANY Baby Boys & Baby Girls Casual T-shirt Track Pants (Multicolor),FB GROUP OF COMPANY,Possibly a Brand,FB GROUP OF COMPANY,+918791219514,+918791219514,lemonyfabrics8368@gmail.com,lemonyfabrics8368@gmail.com
,,,,,,,FB GROUP OF COMPANY Baby Boys & Baby Girls Casual T-shirt Track Pants (multicolor),FB GROUP OF COMPANY,,,,,,
,,,,,,,FB GROUP OF COMPANY Baby Boys & Baby Girls Casual T-shirt Track Pants (multicolor),FB GROUP OF COMPANY,,,,,,
,,,,,,,FB GROUP OF COMPANY Baby Boys & Baby Girls Casual T-shirt Track Pants (multicolor),FB GROUP OF COMPANY,,,,,,
,,,,,,,FB GROUP OF COMPANY Baby Boys & Baby Girls Casual T-shirt Track Pants (multicolor),FB GROUP OF COMPANY,,,,,,
,,,,,,,FB GROUP OF COMPANY Baby Boys Casual T-shirt Capri (MULTICOLOR),FB GROUP OF COMPANY,,,,,,
,,,,,,,FB GROUP OF COMPANY Baby Boys & Baby Girls Casual T-shirt Track Pants (multicolor),FB GROUP OF COMPANY,,,,,,
,,,,,,,DIAMOND EXPORTER Baby Boys Casual T-shirt Track Pants (MULTICOLOR),DIAMOND EXPORTER,,,,,,
,,,,,,,FB GROUP OF COMPANY Baby Boys & Baby Girls Casual T-shirt Track Pants (Multicolor),FB GROUP OF COMPANY,,,,,,
,,,,,,,"FB GROUP OF COMPANY Track Pant For Baby Boys & Baby Girls (Multicolor, Pack of 10)",FB GROUP OF COMPANY,,,,,,
,,,,,,,FB GROUP OF COMPANY Baby Boys & Baby Girls Casual T-shirt Track Pants (Multicolor),FB GROUP OF COMPANY,,,,,,
,,,,,,,FB GROUP OF COMPANY Baby Boys Casual T-shirt Capri (MULTICOLOR),FB GROUP OF COMPANY,,,,,,
,,,,,,,FB GROUP OF COMPANY Baby Boys & Baby Girls Casual T-shirt Track Pants (multicolor),FB GROUP OF COMPANY,,,,,,
,,,,,,,FB GROUP OF COMPANY Baby Boys & Baby Girls Casual T-shirt Track Pants (MULTI COLOR),FB GROUP OF COMPANY,,,,,,
,,,,,,,FB GROUP OF COMPANY Baby Boys Casual T-shirt Capri (MULTICOLOR),FB GROUP OF COMPANY,,,,,,
,,,,,,,FB GROUP OF COMPANY Baby Boys & Baby Girls Casual T-shirt Track Pants (MULTI COLOR),FB GROUP OF COMPANY,,,,,,
,,,,,,,FB GROUP OF COMPANY Baby Boys & Baby Girls Casual T-shirt Track Pants (MULTI COLOR),FB GROUP OF COMPANY,,,,,,
,,,,,,,"FB GROUP OF COMPANY Track Pant For Baby Boys & Baby Girls (Multicolor, Pack of 10)",FB GROUP OF COMPANY,,,,,,
,,,,,,,"FB GROUP OF COMPANY Track Pant For Baby Boys (Multicolor, Pack of 3)",FB GROUP OF COMPANY,,,,,,
,,,,,,,FB GROUP OF COMPANY Baby Boys & Baby Girls Casual Track Pants (Multicolor),FB GROUP OF COMPANY,,,,,,
2301,903513ba465047b2,FlyStep,Yes,silver,2019-10-14,2019-10-23,,,,,,,,
2302,aae5d0ad70ed4c05,WHITESHRUB,Yes,bronze,2015-05-22,2015-09-12,,,,,,,,
2303,b5b7825938474b4f,RADHARANIFASHION126,No,gold,2025-09-23,2025-09-28,"Radharani fusion Printed Paithani Art Silk Saree (Green, Red)",Radharani fusion,Possibly a Brand,SATYAPARA,+918401620532,+918401620532,RADHARANIFASHION@OUTLOOK.COM,RADHARANIFASHION@OUTLOOK.COM
,,,,,,,"SATYAPARA Girls Casual Top Pant (Multicolor, Pack of 1)",SATYAPARA,,,,,,
,,,,,,,"SATYAPARA Embroidered Kurta, Trouser/Pant & Dupatta Set",SATYAPARA,,,,,,
,,,,,,,"SATYAPARA Girls Casual Top Pant (Multicolor 1, Pack of 1)",SATYAPARA,,,,,,
,,,,,,,"SATYAPARA Girls Casual Top Pant (Multicolor 1, Pack of 2)",SATYAPARA,,,,,,
,,,,,,,SATYAPARA Anarkali Gown (Pink),SATYAPARA,,,,,,
,,,,,,,SATYAPARA Anarkali Gown (Maroon),SATYAPARA,,,,,,
,,,,,,,SATYAPARA Boys Checkered Casual Dark Blue Shirt,SATYAPARA,,,,,,
,,,,,,,"SATYAPARA Girls Casual Top Pant (Pink, Pack of 2)",SATYAPARA,,,,,,
,,,,,,,SATYAPARA Women Kurta Palazzo Set,SATYAPARA,,,,,,
,,,,,,,SATYAPARA Women Kurta Palazzo Set,SATYAPARA,,,,,,
,,,,,,,"SATYAPARA Embroidered Kurta, Trouser/Pant & Dupatta Set",SATYAPARA,,,,,,
,,,,,,,"SATYAPARA Embroidered Kurta, Trouser/Pant & Dupatta Set",SATYAPARA,,,,,,
,,,,,,,SATYAPARA Women Kurta Palazzo Set,SATYAPARA,,,,,,
,,,,,,,SATYAPARA Boys Checkered Casual Light Blue Shirt,SATYAPARA,,,,,,
,,,,,,,"SATYAPARA Girls Lehenga Choli Fusion Wear, Ethnic Wear Embroidered Lehenga, Choli and Dupatta Set (Pink, Pack of 1)",SATYAPARA,,,,,,
,,,,,,,"SATYAPARA Floral Print Kurta, Trouser/Pant & Dupatta Set",SATYAPARA,,,,,,
,,,,,,,"SATYAPARA Floral Print Kurta, Trouser/Pant & Dupatta Set",SATYAPARA,,,,,,
,,,,,,,"SATYAPARA Floral Print Kurta, Trouser/Pant & Dupatta Set",SATYAPARA,,,,,,
,,,,,,,SATYAPARA Tunic Pant Co-ords Set,SATYAPARA,,,,,,
2304,6a7266fe3f6b4d18,ayamfashion,Yes,gold,2026-02-24,2026-02-26,,,,,,,,
2305,b06cfcf479664cc0,ShasainClassy,No,silver,2026-05-01,2026-05-02,Shasain Classy Rani Glass Drops & Danglers,Shasain Classy,Possibly a Brand,Shasain Classy,+919540221356,+919667048028,shagufta4ansari@gmail.com,shagufta4ansari@gmail.com
,,,,,,,Shasain Classy Rani Glass Stud Earring,Shasain Classy,,,,,,
,,,,,,,"Shasain Classy Boys Casual Shirt Shorts (Green, Pack of 2)",Shasain Classy,,,,,,
,,,,,,,"Shasain Classy Rani Glass, Stainless Steel, Stone Drops & Danglers",Shasain Classy,,,,,,
,,,,,,,"Shasain Classy Rani Stainless Steel Drops & Danglers, Stud Earring",Shasain Classy,,,,,,
,,,,,,,Shasain Classy Baby Boys Party(Festive) Shirt Shorts (Beige),Shasain Classy,,,,,,
,,,,,,,"Shasain Classy Boys Casual Shirt Shorts (Beige, Pack of 2)",Shasain Classy,,,,,,
,,,,,,,"Shasain Classy Rani Glass, Stainless Steel Drops & Danglers, Plug Earring",Shasain Classy,,,,,,
,,,,,,,"Shasain Classy Sterling Silver, NA Plated Dori Necklace",Shasain Classy,,,,,,
,,,,,,,Shasain Classy Rani Stainless Steel Drops & Danglers,Shasain Classy,,,,,,
,,,,,,,Shasain Classy Rani Plastic Plug Earring,Shasain Classy,,,,,,
,,,,,,,"shasain claasy Baby Boys Graphic Print Cotton Blend Regular T Shirt (Light Green, Pack of 0)",shasain claasy,,,,,,
,,,,,,,"Shasain Classy Boys Casual Shirt Shorts (Blue, Pack of 2)",Shasain Classy,,,,,,
,,,,,,,"Shasain Classy Ziqra Stone, Stainless Steel Hoop Earring",Shasain Classy,,,,,,
,,,,,,,"Shasain Classy Ziqra Glass, Plastic Drops & Danglers",Shasain Classy,,,,,,
,,,,,,,Shasain Classy Ziqra Stainless Steel Drops & Danglers,Shasain Classy,,,,,,
,,,,,,,Shasain Classy Baby Boys Party(Festive) Shirt Shorts (Brown),Shasain Classy,,,,,,
2306,9957f1ac51704fe8,BUTRUKIDSS,No,silver,2026-05-30,2026-06-03,BUTRUKIDS Kids Nightwear Girls Printed Cotton (Pink Pack of 1),BUTRUKIDS,Possibly a Brand,BUTRUKIDS,+919953748044,+919953748044,butrukids@gmail.com,butrukids@gmail.com
,,,,,,,BUTRUKIDS Kids Nightwear Girls Printed Cotton (Yellow Pack of 1),BUTRUKIDS,,,,,,
,,,,,,,BUTRUKIDS Boys Casual T-shirt Shorts (Red),BUTRUKIDS,,,,,,
,,,,,,,"BUTRUKIDS Boys Casual T-shirt Shorts (Black, Pack of 2)",BUTRUKIDS,,,,,,
,,,,,,,"BUTRUKIDS Boys Casual T-shirt Shorts (Black, Pack of 2)",BUTRUKIDS,,,,,,
,,,,,,,BUTRUKIDS Kids Nightwear Girls Printed Cotton (Multicolor Pack of 1),BUTRUKIDS,,,,,,
,,,,,,,"BUTRUKIDS Boys Casual T-shirt Shorts (Black, Pack of 2)",BUTRUKIDS,,,,,,
,,,,,,,"BUTRUKIDS Boys Casual T-shirt Shorts (Black, Pack of 2)",BUTRUKIDS,,,,,,
,,,,,,,"BUTRUKIDS Boys Casual T-shirt Shorts (SKY BLUE, Pack of 2)",BUTRUKIDS,,,,,,
,,,,,,,"BUTRUKIDS Boys Casual T-shirt Shorts (White, Pack of 2)",BUTRUKIDS,,,,,,
,,,,,,,"BUTRUKIDS Boys Casual T-shirt Shorts (Red, Pack of 2)",BUTRUKIDS,,,,,,
,,,,,,,"BUTRUKIDS Boys Casual T-shirt Shorts (Black, Pack of 2)",BUTRUKIDS,,,,,,
,,,,,,,"BUTRUKIDS Boys Casual T-shirt Shorts (Grey, Pack of 2)",BUTRUKIDS,,,,,,
,,,,,,,"BUTRUKIDS Boys Casual T-shirt Shorts (White, Pack of 2)",BUTRUKIDS,,,,,,
,,,,,,,BUTRUKIDS Kids Nightwear Girls Printed Cotton (Pink Pack of 1),BUTRUKIDS,,,,,,
,,,,,,,BUTRUKIDS Kids Nightwear Girls Printed Cotton (White Pack of 1),BUTRUKIDS,,,,,,
,,,,,,,BUTRUKIDS Kids Nightwear Girls Printed Cotton (Multicolor Pack of 1),BUTRUKIDS,,,,,,
,,,,,,,"BUTRUKIDS Boys Casual T-shirt Shorts (Black, Pack of 2)",BUTRUKIDS,,,,,,
,,,,,,,BUTRUKIDS Boys Casual T-shirt Shorts (Brown),BUTRUKIDS,,,,,,
,,,,,,,"BUTRUKIDS Boys Casual T-shirt Shorts (Yellow, Pack of 2)",BUTRUKIDS,,,,,,
2307,8691f17a4c0a43a3,HARJYOTFASHION,No,bronze,2024-12-26,2025-01-06,"SIMPREET Girls Casual Sweatshirt Pant (BROWN, Pack of 1)",SIMPREET,Possibly a Brand,SIMPREET,+919157029655,+919157029655,HARJYOTFASHION00@GMAIL.COM,HARJYOTFASHION00@GMAIL.COM
,,,,,,,"SIMPREET Boys Casual T-shirt Track Pants (WHITE, Pack of 1)",SIMPREET,,,,,,
,,,,,,,"SIMPREET Dungaree For Boys Party Solid Cotton Blend (Purple, Pack of 1)",SIMPREET,,,,,,
,,,,,,,"SIMPREET Boys Casual T-shirt Track Pants (WHITE, Pack of 1)",SIMPREET,,,,,,
,,,,,,,"SIMPREET Girls Casual Sweatshirt Pant (BROWN, Pack of 1)",SIMPREET,,,,,,
,,,,,,,SIMPREET Casual Printed Women Green Top,SIMPREET,,,,,,
,,,,,,,"SIMPREET Girls Casual Sweatshirt Pant (PINK, Pack of 1)",SIMPREET,,,,,,
,,,,,,,"SIMPREET Boys Casual T-shirt Track Pants (NEWS, Pack of 1)",SIMPREET,,,,,,
,,,,,,,"SIMPREET Boys Casual Shirt Shorts (Multicolor, Pack of 1)",SIMPREET,,,,,,
,,,,,,,"SIMPREET Boys Casual T-shirt Track Pants (BLACK, Pack of 1)",SIMPREET,,,,,,
,,,,,,,"SIMPREET Dungaree For Boys Party Solid Cotton Blend (Black, Pack of 1)",SIMPREET,,,,,,
,,,,,,,SIMPREET Tshirt Pant Co-ords Set,SIMPREET,,,,,,
,,,,,,,"SIMPREET Boys Casual Sweatshirt Track Pants (Black, Pack of 1)",SIMPREET,,,,,,
,,,,,,,SIMPREET Women Printed Multicolor Top & Pyjama Set,SIMPREET,,,,,,
,,,,,,,SIMPREET Casual Printed Women Beige Top,SIMPREET,,,,,,
,,,,,,,"SIMPREET Boys Casual Shirt Shorts (Multicolor, Pack of 1)",SIMPREET,,,,,,
,,,,,,,"SIMPREET Boys Casual T-shirt Track Pants (Multicolor, Pack of 1)",SIMPREET,,,,,,
,,,,,,,"SIMPREET Women Printed, Floral Print, Geometric Print Straight Kurta (Yellow)",SIMPREET,,,,,,
,,,,,,,"SIMPREET Boys Casual T-shirt Pant (Black, Pack of 1)",SIMPREET,,,,,,
,,,,,,,"SIMPREET Boys Casual T-shirt Pant (RED, Pack of 1)",SIMPREET,,,,,,
2308,8e83f18f86704ff2,GMRSFASHION,Yes,bronze,2025-12-06,2025-12-06,,,,,,,,
2309,dd1ad7c1d00344e5,SURAJIBUSSUNESS,No,silver,2026-01-21,2026-01-28,"Yellowtoons Dungaree For Baby Boys Printed Cotton Blend (Multicolor, Pack of 1)",Yellowtoons,Possibly a Brand,Yellowtoons,+918287823442,+918287823442,expertkumarsundar@gmail.com,expertkumarsundar@gmail.com
,,,,,,,"Yellowtoons Girls Typography, Graphic Print Cotton Blend Regular T Shirt (Black, Pack of 1)",Yellowtoons,,,,,,
,,,,,,,"Yellowtoons Boys Cartoon, Graphic Print Cotton Blend Regular T Shirt (Light Blue, Pack of 1)",Yellowtoons,,,,,,
,,,,,,,"Yellowtoons Boys Cartoon, Graphic Print Cotton Blend Regular T Shirt (Light Green, Pack of 1)",Yellowtoons,,,,,,
,,,,,,,"Yellowtoons Boys Cartoon, Graphic Print Cotton Blend Regular T Shirt (Light Blue, Pack of 1)",Yellowtoons,,,,,,
,,,,,,,"Yellowtoons Girls Typography, Solid, Graphic Print Cotton Blend Regular T Shirt (White, Pack of 1)",Yellowtoons,,,,,,
,,,,,,,"Yellowtoons Romper For Baby Boys Casual Printed Cotton Blend (Light Green, Pack of 1)",Yellowtoons,,,,,,
,,,,,,,"Yellowtoons Girls Typography, Graphic Print Cotton Blend Regular T Shirt (Blue, Pack of 1)",Yellowtoons,,,,,,
,,,,,,,"Yellowtoons Boys Typography, Graphic Print Cotton Blend Regular T Shirt (Dark Blue, Pack of 1)",Yellowtoons,,,,,,
,,,,,,,"Yellowtoons Boys Graphic Print Cotton Blend Regular T Shirt (Light Blue, Pack of 1)",Yellowtoons,,,,,,
,,,,,,,Yellowtoons Baby Girls Casual Camisole Shorts (Red),Yellowtoons,,,,,,
,,,,,,,"Yellowtoons Girls Typography, Cartoon, Graphic Print Cotton Blend Regular T Shirt (Yellow, Pack of 1)",Yellowtoons,,,,,,
,,,,,,,Yellowtoons Baby Girls Casual Romper Pyjama (Purple),Yellowtoons,,,,,,
,,,,,,,"Yellowtoons Boys Cartoon, Graphic Print Cotton Blend Regular T Shirt (Orange, Pack of 1)",Yellowtoons,,,,,,
,,,,,,,"Yellowtoons Girls Polka Print, Graphic Print Cotton Blend Regular T Shirt (Light Green, Pack of 1)",Yellowtoons,,,,,,
,,,,,,,"Yellowtoons Romper For Baby Boys Casual Printed Cotton Blend (White, Pack of 1)",Yellowtoons,,,,,,
,,,,,,,"Yellowtoons Boys Typography, Graphic Print Cotton Blend Regular T Shirt (Light Blue, Pack of 1)",Yellowtoons,,,,,,
,,,,,,,"Yellowtoons Boys Printed Cotton Blend Regular T Shirt (Dark Green, Pack of 1)",Yellowtoons,,,,,,
,,,,,,,"Yellowtoons Boys Graphic Print Cotton Blend Regular T Shirt (Black, Pack of 1)",Yellowtoons,,,,,,
,,,,,,,"Yellowtoons Boys Typography, Printed Cotton Blend Regular T Shirt (Pink, Pack of 1)",Yellowtoons,,,,,,
2310,f0943f94277646d4,THRUST FASHION LLP,Yes,silver,2021-02-24,2021-05-10,,,,,,,,
2311,a7f5810b9b52432d,RadheFashion13,Yes,silver,2022-12-20,2022-12-23,,,,,,,,
2312,7ef6b161049f4ec2,Milou,Yes,bronze,2025-06-23,2025-06-30,,,,,,,,
2313,0252f2011de540bd,MANNATDRESSES,Yes,bronze,2024-11-27,2024-11-28,,,,,,,,
2314,d5b755f4b52d4070,aswathknitcreation,No,bronze,2025-12-05,2025-12-08,Mania Fashion Printed Men Round Neck Blue T-Shirt,Mania Fashion,Possibly a Brand,Mania Fashion,+919566459291,+919566459291,aswathknitcreation@gmail.com,aswathknitcreation@gmail.com
,,,,,,,Mania Fashion Printed Men Round Neck Navy Blue T-Shirt,Mania Fashion,,,,,,
,,,,,,,Mania Fashion Typography Men Round Neck Black T-Shirt,Mania Fashion,,,,,,
,,,,,,,Mania Fashion Graphic Print Men Round Neck Yellow T-Shirt,Mania Fashion,,,,,,
,,,,,,,Mania Fashion Printed Men Round Neck Yellow T-Shirt,Mania Fashion,,,,,,
,,,,,,,Mania Fashion Printed Men Round Neck Maroon T-Shirt,Mania Fashion,,,,,,
,,,,,,,"Mania Fashion Printed, Graphic Print Men Round Neck Yellow T-Shirt",Mania Fashion,,,,,,
,,,,,,,Mania Fashion Printed Men Round Neck Navy Blue T-Shirt,Mania Fashion,,,,,,
,,,,,,,Mania Fashion Graphic Print Men Orange T-Shirt,Mania Fashion,,,,,,
,,,,,,,Mania Fashion Printed Men Round Neck Black T-Shirt,Mania Fashion,,,,,,
,,,,,,,Mania Fashion Printed Men Round Neck Black T-Shirt,Mania Fashion,,,,,,
,,,,,,,Mania Fashion Printed Men Round Neck Purple T-Shirt,Mania Fashion,,,,,,
,,,,,,,Mania Fashion Printed Men Round Neck Beige T-Shirt,Mania Fashion,,,,,,
,,,,,,,Mania Fashion Solid Men Round Neck Maroon T-Shirt,Mania Fashion,,,,,,
,,,,,,,"StyleNest Fashion Boys Printed Cotton Blend Oversized T Shirt (Red, Pack of 1)",StyleNest Fashion,,,,,,
,,,,,,,StyleNest Fashion Printed Men Round Neck Blue T-Shirt,StyleNest Fashion,,,,,,
,,,,,,,Mania Fashion Printed Men Round Neck Navy Blue T-Shirt,Mania Fashion,,,,,,
,,,,,,,"StyleNest Fashion Boys Printed Cotton Blend Oversized T Shirt (Orange, Pack of 1)",StyleNest Fashion,,,,,,
,,,,,,,StyleNest Fashion Graphic Print Men Round Neck Orange T-Shirt,StyleNest Fashion,,,,,,
,,,,,,,"StyleNest Fashion Boys Casual T-shirt Shorts (sky_Otaku, Pack of 1)",StyleNest Fashion,,,,,,
2315,650e0df27e5a42e9,KAVITAWOMENWEARPRIVATELIMITED,Yes,gold,2025-05-14,2025-05-21,,,,,,,,
2316,cb8757ed04c549fe,ZOCOLA,Yes,bronze,2026-01-13,2026-01-14,,,,,,,,
2317,8123079eae5a4d20,KRISHANAAFASHIONN,No,bronze,2025-10-15,2025-10-28,Aaghnya Fashion Women Kurta Palazzo Dupatta Set,Aaghnya Fashion,Possibly a Brand,Aaghnya Fashion,+916354107519,+916354107519,hikrishnafashion@gmail.com,hikrishnafashion@gmail.com
,,,,,,,Aaghnya Fashion Women Kurta Pant Dupatta Set,Aaghnya Fashion,,,,,,
,,,,,,,Aaghnya Fashion Women Kurta Pant Dupatta Set,Aaghnya Fashion,,,,,,
,,,,,,,Aaghnya Fashion Women Kurta Palazzo Dupatta Set,Aaghnya Fashion,,,,,,
,,,,,,,Aaghnya Fashion Women Kurta Pant Dupatta Set,Aaghnya Fashion,,,,,,
,,,,,,,Aaghnya Fashion Women Kurti Pant Dupatta Set,Aaghnya Fashion,,,,,,
,,,,,,,Aaghnya Fashion Women Kurta Palazzo Dupatta Set,Aaghnya Fashion,,,,,,
,,,,,,,Aaghnya Fashion Women Kurta Palazzo Dupatta Set,Aaghnya Fashion,,,,,,
,,,,,,,Aaghnya Fashion Women Kurta Palazzo Dupatta Set,Aaghnya Fashion,,,,,,
,,,,,,,Aaghnya Fashion Women Kurta Pant Dupatta Set,Aaghnya Fashion,,,,,,
,,,,,,,Aaghnya Fashion Women Kurta Palazzo Dupatta Set,Aaghnya Fashion,,,,,,
,,,,,,,Aaghnya Fashion Women Kurti Pant Dupatta Set,Aaghnya Fashion,,,,,,
,,,,,,,Aaghnya Fashion Women Kurta Pant Dupatta Set,Aaghnya Fashion,,,,,,
,,,,,,,Aaghnya Fashion Women Kurta Pant Dupatta Set,Aaghnya Fashion,,,,,,
,,,,,,,Aaghnya Fashion Women Kurta Pant Dupatta Set,Aaghnya Fashion,,,,,,
,,,,,,,Aaghnya Fashion Women Kurta Pant Dupatta Set,Aaghnya Fashion,,,,,,
,,,,,,,Aaghnya Fashion Women Kurta Pant Dupatta Set,Aaghnya Fashion,,,,,,
,,,,,,,Aaghnya Fashion Women Kurta Palazzo Dupatta Set,Aaghnya Fashion,,,,,,
,,,,,,,Aaghnya Fashion Women Kurti Pant Dupatta Set,Aaghnya Fashion,,,,,,
,,,,,,,Aaghnya Fashion Women Kurti Pant Dupatta Set,Aaghnya Fashion,,,,,,
2318,4850766b54154e9f,MARUTIFASHION96,No,bronze,2022-11-16,2022-11-23,MARUTIWORLD Women Ethnic Top Pant Set,MARUTIWORLD,Possibly a Seller,,+916376814366,+916376814366,marutifashion171@gmail.com,marutifashion171@gmail.com
,,,,,,,MARUTIWORLD Women Ethnic Top Pant Set,MARUTIWORLD,,,,,,
,,,,,,,MARUTIWORLD Women Ethnic Top Pant Set,MARUTIWORLD,,,,,,
,,,,,,,maruti word Women Embroidered A-line Kurta (Maroon),maruti word,,,,,,
,,,,,,,MARUTIWORLD Women Ethnic Top Pant Set,MARUTIWORLD,,,,,,
,,,,,,,MARUTIWORLD Women Ethnic Top Pant Set,MARUTIWORLD,,,,,,
,,,,,,,MARUTI WORD Women Embroidered Kurta (Multicolor),MARUTI WORD,,,,,,
,,,,,,,MARUTI WORD Women Embroidered Kurta (Pink),MARUTI WORD,,,,,,
,,,,,,,MARUTIWORLD Women Ethnic Top Pant Set,MARUTIWORLD,,,,,,
,,,,,,,MARUTI WORD Women Embroidered Kurta (Black),MARUTI WORD,,,,,,
,,,,,,,maruti word Party Embroidered Women Red Top,maruti word,,,,,,
,,,,,,,MARUTIWORLD Women Fit and Flare Red Above Knee/Mid Thigh Length Dress,MARUTIWORLD,,,,,,
,,,,,,,MARUTI WORD Women Embroidered Kurta (Maroon),MARUTI WORD,,,,,,
,,,,,,,maruti word Women Embroidered Tunic Kurta (Black),maruti word,,,,,,
,,,,,,,"MARUTIWORLD Women Fit and Flare Brown, Maroon Below Knee Dress",MARUTIWORLD,,,,,,
,,,,,,,MARUTI WORD Women Embroidered Kurta (Multicolor),MARUTI WORD,,,,,,
,,,,,,,MARUTI WORD Women Embroidered Kurta (Yellow),MARUTI WORD,,,,,,
,,,,,,,"MARUTIWORLD Women Fit and Flare Beige, Dark Blue Below Knee Dress",MARUTIWORLD,,,,,,
,,,,,,,maruti word Women Embroidered Tunic Kurta (White),maruti word,,,,,,
,,,,,,,MARUTIWORLD Women Ethnic Top Pant Set,MARUTIWORLD,,,,,,
2319,b23ed179dc7a442e,MIRACLEIMPEX,No,silver,2026-07-04,2026-07-06,JHALAKJAIPUR Women Kurta Pant Set,JHALAKJAIPUR,Possibly a Brand,JHALAKJAIPUR,+918290603958,+918290603958,abhishekjangir993@gmail.com,abhishekjangir993@gmail.com
,,,,,,,JHALAKJAIPUR Women Kurta Pant Set,JHALAKJAIPUR,,,,,,
,,,,,,,KALRAV JAYPORE Tunic Pant Co-ords Set,KALRAV JAYPORE,,,,,,
,,,,,,,JHALAKJAIPUR Casual Embroidered Women Yellow Top,JHALAKJAIPUR,,,,,,
,,,,,,,JHALAKJAIPUR Casual Embroidered Women Yellow Top,JHALAKJAIPUR,,,,,,
,,,,,,,JHALAKJAIPUR Women Kurta Pant Set,JHALAKJAIPUR,,,,,,
,,,,,,,JHALAKJAIPUR Women Kurta Pant Set,JHALAKJAIPUR,,,,,,
,,,,,,,JHALAKJAIPUR Women Kurta Pant Set,JHALAKJAIPUR,,,,,,
,,,,,,,JHALAKJAIPUR Women Kurta Pant Set,JHALAKJAIPUR,,,,,,
,,,,,,,JHALAKJAIPUR Women Kurta Pant Set,JHALAKJAIPUR,,,,,,
,,,,,,,JHALAKJAIPUR Women Kurta Pant Set,JHALAKJAIPUR,,,,,,
,,,,,,,JHALAKJAIPUR Tunic Pant Co-ords Set,JHALAKJAIPUR,,,,,,
,,,,,,,RITUFAB Women Kurta Pant Set,RITUFAB,,,,,,
,,,,,,,JHALAKJAIPUR Women Kurta Pant Set,JHALAKJAIPUR,,,,,,
,,,,,,,FASHIONFIZZ Women Kurta Pant Set,FASHIONFIZZ,,,,,,
,,,,,,,JHALAKJAIPUR Women Kurta Pant Set,JHALAKJAIPUR,,,,,,
,,,,,,,JHALAKJAIPUR Casual Embroidered Women Beige Top,JHALAKJAIPUR,,,,,,
,,,,,,,JHALAKJAIPUR Casual Embroidered Women Black Top,JHALAKJAIPUR,,,,,,
,,,,,,,JHALAKJAIPUR Tunic Pant Co-ords Set,JHALAKJAIPUR,,,,,,
,,,,,,,JHALAKJAIPUR Women Kurta Pant Set,JHALAKJAIPUR,,,,,,
2320,897b435b36944e2d,KrishnaFashionStudio,Yes,silver,2022-11-13,2022-11-19,,,,,,,,
2321,ef826a69dc254ecb,RKTEXTILESSTORE,No,silver,2026-05-09,2026-05-26,RKTEXTILESSTORE Women Kurti Pyjama Set,RKTEXTILESSTORE,Possibly a Brand,RKTEXTILESSTORE,+919649439459,+919649439459,sainirakeshsaini20@gmail.com,sainirakeshsaini20@gmail.com
,,,,,,,RKTEXTILESSTORE Women Kurti Pyjama Set,RKTEXTILESSTORE,,,,,,
,,,,,,,RKTEXTILESSTORE Casual Printed Women Yellow Top,RKTEXTILESSTORE,,,,,,
,,,,,,,RKTEXTILESSTORE Women Shirt Palazzo Set,RKTEXTILESSTORE,,,,,,
,,,,,,,"RKTEXTILESSTORE Casual Printed, Floral Print Women Maroon Top",RKTEXTILESSTORE,,,,,,
,,,,,,,RKTEXTILESSTORE Casual Printed Women Yellow Top,RKTEXTILESSTORE,,,,,,
,,,,,,,"RKTEXTILESSTORE Casual Printed, Floral Print Women Multicolor Top",RKTEXTILESSTORE,,,,,,
,,,,,,,"RKTEXTILESSTORE Casual Printed, Floral Print Women Blue Top",RKTEXTILESSTORE,,,,,,
,,,,,,,RKTEXTILESSTORE Women Shirt Palazzo Set,RKTEXTILESSTORE,,,,,,
,,,,,,,"RKTEXTILESSTORE Casual Printed, Floral Print Women Blue Top",RKTEXTILESSTORE,,,,,,
,,,,,,,RKTEXTILESSTORE Women Shirt Palazzo Set,RKTEXTILESSTORE,,,,,,
,,,,,,,RKTEXTILESSTORE Women Kurti Pyjama Set,RKTEXTILESSTORE,,,,,,
,,,,,,,"RKTEXTILESSTORE Casual Printed, Floral Print Women Blue Top",RKTEXTILESSTORE,,,,,,
,,,,,,,RKTEXTILESSTORE Women Shirt Palazzo Set,RKTEXTILESSTORE,,,,,,
,,,,,,,RKTEXTILESTORE Women Kurti Pyjama Set,RKTEXTILESTORE,,,,,,
,,,,,,,"RKTEXTILESSTORE Women Embroidered, Floral Print Straight Kurta (Maroon)",RKTEXTILESSTORE,,,,,,
,,,,,,,"RKTEXTILESSTORE Women Embroidered, Floral Print Straight Kurta (Purple)",RKTEXTILESSTORE,,,,,,
,,,,,,,"RKTEXTILESSTORE Casual Printed, Floral Print Women Maroon Top",RKTEXTILESSTORE,,,,,,
,,,,,,,RKTEXTILESSTORE Women Kurti Pyjama Set,RKTEXTILESSTORE,,,,,,
,,,,,,,RKTEXTILESSTORE Women Shirt Palazzo Set,RKTEXTILESSTORE,,,,,,
2322,ee018ee6c3764328,TwilightEnterpris,No,bronze,2020-01-28,2020-02-18,Tviksha Fashion Women Kurta Pant Dupatta Set,Tviksha Fashion,Possibly a Brand,Tviksha Fashion,+918160617273,+918160617273,tvikshafashion@gmail.com,tvikshafashion@gmail.com
,,,,,,,Eeloo Women Kurta Pant Attached Dupatta Set,Eeloo,,,,,,
,,,,,,,Tviksha Fashion Women Kurta Pant Dupatta Set,Tviksha Fashion,,,,,,
,,,,,,,Tviksha Fashion Women Kurta Palazzo Set,Tviksha Fashion,,,,,,
,,,,,,,Tviksha Fashion Women Kurti Palazzo Dupatta Set,Tviksha Fashion,,,,,,
,,,,,,,"HouseOfCommon Women Printed Straight Kurta (Black, White)",HouseOfCommon,,,,,,
,,,,,,,vimuri Women Kurta Pant Dupatta Set,vimuri,,,,,,
,,,,,,,BHOOLKU Anarkali Gown (Multicolor),BHOOLKU,,,,,,
,,,,,,,Tviksha Fashion Women Kurta Pant Dupatta Set,Tviksha Fashion,,,,,,
,,,,,,,Tviksha Fashion Women Kurta Pant Dupatta Set,Tviksha Fashion,,,,,,
,,,,,,,Tviksha Fashion Women Kurti Pant Dupatta Set,Tviksha Fashion,,,,,,
,,,,,,,Tviksha Fashion Women Kurta Pant Dupatta Set,Tviksha Fashion,,,,,,
,,,,,,,"SHREEJI ENTERPRISE Embroidered Kurta, Palazzo & Dupatta Set",SHREEJI ENTERPRISE,,,,,,
,,,,,,,Tviksha Fashion Women Kurta Pant Dupatta Set,Tviksha Fashion,,,,,,
,,,,,,,Tviksha Fashion Women Kurta Pant Dupatta Set,Tviksha Fashion,,,,,,
,,,,,,,"Tviksha Fashion Embroidered Kurta, Trouser/Pant & Dupatta Set",Tviksha Fashion,,,,,,
,,,,,,,Tviksha Fashion Women Kurta Pant Dupatta Set,Tviksha Fashion,,,,,,
,,,,,,,Tviksha Fashion Women Kurti Pant Dupatta Set,Tviksha Fashion,,,,,,
,,,,,,,AARYANPRINTS Women Kurta Pyjama Set,AARYANPRINTS,,,,,,
,,,,,,,Tviksha Fashion Women Kurta Pant Dupatta Set,Tviksha Fashion,,,,,,
2323,ecc904db2eab494d,AAFATBSHADAB,No,bronze,2023-10-11,2023-10-12,AAFTABSHADCOLYO Women Kurta Pant Set,AAFTABSHADCOLYO,Possibly a Seller,,+918430681528,+918430681528,ansariaaftab561@gmail.com,ansariaaftab561@gmail.com
,,,,,,,AFTABS COLLECTIONS Women Kurta Pyjama Set,AFTABS COLLECTIONS,,,,,,
,,,,,,,AFTAB COLLECTION Women Embroidered A-line Kurta (Red),AFTAB COLLECTION,,,,,,
,,,,,,,AFTABS COLLECTIONS Women Kurta Pyjama Set,AFTABS COLLECTIONS,,,,,,
,,,,,,,AFTABS COLLECTIONS Women Kurta Pyjama Set,AFTABS COLLECTIONS,,,,,,
,,,,,,,AFTAB COLLECTION Women Embroidered A-line Kurta (Dark Blue),AFTAB COLLECTION,,,,,,
,,,,,,,AFTABS COLLECTIONS Women Kurta Pyjama Set,AFTABS COLLECTIONS,,,,,,
,,,,,,,AFTABCOLTNS Women Kurta Pyjama Set,AFTABCOLTNS,,,,,,
,,,,,,,AAFTABSSHACOLLE Women Kurta Pant Set,AAFTABSSHACOLLE,,,,,,
,,,,,,,AAFTABSSHACOLLE Women Kurta Pant Set,AAFTABSSHACOLLE,,,,,,
,,,,,,,AAFTABSSHACOLLE Women Kurta Pant Set,AAFTABSSHACOLLE,,,,,,
,,,,,,,AAFTABSSHACOLLE Women Kurta Pant Set,AAFTABSSHACOLLE,,,,,,
,,,,,,,AAFTABSSHACOLLE Women Kurta Pant Set,AAFTABSSHACOLLE,,,,,,
,,,,,,,AAFTABS SHADABCOLL Women Kurta Pyjama Set,AAFTABS SHADABCOLL,,,,,,
,,,,,,,AAFTABSSHACOLLE Women Kurta Pant Set,AAFTABSSHACOLLE,,,,,,
,,,,,,,AAFTABSSHACOLLE Women Kurta Pant Set,AAFTABSSHACOLLE,,,,,,
,,,,,,,AAFTABSSHACOLLE Women Kurta Pant Set,AAFTABSSHACOLLE,,,,,,
,,,,,,,AAFTABSSHACOLLE Women Kurta Pant Set,AAFTABSSHACOLLE,,,,,,
,,,,,,,AAFTABSSHACOLLE Women Kurta Pant Set,AAFTABSSHACOLLE,,,,,,
,,,,,,,AAFTABS SHADABCOLL Women Kurta Pyjama Set,AAFTABS SHADABCOLL,,,,,,
2324,057ad397c6f144c3,SHYAMTATVAKALAPRIVATE,No,silver,2025-07-18,2025-07-19,dharniya Men Set,dharniya,Possibly a Brand,dharniya,+916398662977,+916398662977,shyamtatvakala@gmail.com,shyamtatvakala@gmail.com
,,,,,,,dharniya Men Kurta Dhoti Dupatta Set,dharniya,,,,,,
,,,,,,,dharniya Men Kurta Dhoti Dupatta Set,dharniya,,,,,,
,,,,,,,dharniya Men Kurta Dhoti Dupatta Set,dharniya,,,,,,
,,,,,,,dharniya Girls Printed Anarkali Kurta (Yellow),dharniya,,,,,,
,,,,,,,dharniya Men Set,dharniya,,,,,,
,,,,,,,"dharniya Men Floral Print, Printed Ethnic Dress Kurta (Yellow)",dharniya,,,,,,
,,,,,,,dharniya Girls Printed Anarkali Kurta (Purple),dharniya,,,,,,
,,,,,,,dharniya Men Kurta Dhoti Dupatta Set,dharniya,,,,,,
,,,,,,,dharniya Boys Printed Ethnic Dress Kurta (Brown),dharniya,,,,,,
,,,,,,,dharniya Girls Printed Anarkali Kurta (Yellow),dharniya,,,,,,
,,,,,,,dharniya Men Kurta Dhoti Dupatta Set,dharniya,,,,,,
,,,,,,,dharniya Men Kurta Dhoti Dupatta Set,dharniya,,,,,,
,,,,,,,dharniya Men Kurta Dhoti Dupatta Set,dharniya,,,,,,
,,,,,,,dharniya Men Printed Ethnic Dress Kurta (Purple),dharniya,,,,,,
,,,,,,,dharniya Men Printed Ethnic Dress Kurta (Multicolor),dharniya,,,,,,
,,,,,,,dharniya Men Kurta Set,dharniya,,,,,,
,,,,,,,dharniya Men Kurta Dhoti Set,dharniya,,,,,,
,,,,,,,dharniya Men Kurta Pyjama Set,dharniya,,,,,,
,,,,,,,dhariyan Men Kurta Set,dhariyan,,,,,,
2325,77d2c7c6e3e34002,AAGNAENTERPRISE,No,bronze,2022-02-09,2022-03-21,DIAMOON Women Kurta and Dupatta Set,DIAMOON,Possibly a Brand,Diamoon,+919081555255,+919081555255,enterpriseaagna@gmail.com,enterpriseaagna@gmail.com
,,,,,,,DIAMOON Women Kurta and Dupatta Set,DIAMOON,,,,,,
,,,,,,,LABEL D11 Bollywood Georgette Saree with Unstitched Blouse (Multicolor),LABEL D11,,,,,,
,,,,,,,LABEL D11 Women Kurta and Dupatta Set,LABEL D11,,,,,,
,,,,,,,LABEL D11 Women Kurta and Dupatta Set,LABEL D11,,,,,,
,,,,,,,Diamoon Women Kurta Dupatta Set,Diamoon,,,,,,
,,,,,,,Diamoon Top Pant Co-ords Set,Diamoon,,,,,,
,,,,,,,Diamoon Women Kurta Dupatta Set,Diamoon,,,,,,
,,,,,,,LABEL D11 Women Kurta and Dupatta Set,LABEL D11,,,,,,
,,,,,,,Diamoon Women Kurta Pant Set,Diamoon,,,,,,
,,,,,,,Diamoon Women Solid Anarkali Kurta (Pink),Diamoon,,,,,,
,,,,,,,Diamoon Women Kurta Dupatta Set,Diamoon,,,,,,
,,,,,,,Diamoon Women Solid Anarkali Kurta (Black),Diamoon,,,,,,
,,,,,,,Diamoon Women Kurta Dupatta Set,Diamoon,,,,,,
,,,,,,,Diamoon Women Solid Anarkali Kurta (Black),Diamoon,,,,,,
,,,,,,,Diamoon Women Solid Anarkali Kurta (Black),Diamoon,,,,,,
,,,,,,,Diamoon Women Solid Anarkali Kurta (Dark Blue),Diamoon,,,,,,
,,,,,,,LABEL D11 Women Kurta and Dupatta Set,LABEL D11,,,,,,
,,,,,,,Diamoon Women Kurta Dupatta Set,Diamoon,,,,,,
,,,,,,,Diamoon Women Kurta Dupatta Set,Diamoon,,,,,,
2326,8b8cb91f76d44b6c,Queensworlds,No,silver,2020-12-31,2021-01-06,QUEENS WORLD Women Kurta Pant Dupatta Set,QUEENS WORLD,Possibly a Brand,QUEENS WORLD,+919904618546,+919904618546,queenswo515@gmail.com,queenswo515@gmail.com
,,,,,,,QUEENS WORLD Women Set,QUEENS WORLD,,,,,,
,,,,,,,QUEENS WORLD Women Kurta Dupatta Set,QUEENS WORLD,,,,,,
,,,,,,,QUEENS WORLD Women Kurta Dupatta Set,QUEENS WORLD,,,,,,
,,,,,,,QUEENS WORLD Women Ethnic Dress Yellow Ankle Length Dress,QUEENS WORLD,,,,,,
,,,,,,,QUEENS WORLD Women Kurta Pant Dupatta Set,QUEENS WORLD,,,,,,
,,,,,,,QUEENS WORLD Women Kurta Dupatta Set,QUEENS WORLD,,,,,,
,,,,,,,QUEENS WORLD Women Kurta Pant Set,QUEENS WORLD,,,,,,
,,,,,,,QUEENS WORLD Women Kurta Dupatta Set,QUEENS WORLD,,,,,,
,,,,,,,QUEENS WORLD Women Kurta Set,QUEENS WORLD,,,,,,
,,,,,,,QUEENS WORLD Women Kurta Pant Dupatta Set,QUEENS WORLD,,,,,,
,,,,,,,QUEENS WORLD Women Kurta Dupatta Set,QUEENS WORLD,,,,,,
,,,,,,,QUEENS WORLD Women Kurta Pant Dupatta Set,QUEENS WORLD,,,,,,
,,,,,,,QUEENS WORLD Women Ethnic Dress Grey Ankle Length Dress,QUEENS WORLD,,,,,,
,,,,,,,QUEENS WORLD Women Ethnic Dress Grey Ankle Length Dress,QUEENS WORLD,,,,,,
,,,,,,,QUEENS WORLD Women Kurta Dupatta Set,QUEENS WORLD,,,,,,
,,,,,,,QUEENS WORLD Women Kurta Dupatta Set,QUEENS WORLD,,,,,,
,,,,,,,QUEENS WORLD Women Kurta Dupatta Set,QUEENS WORLD,,,,,,
,,,,,,,QUEENS WORLD Women Kurta Dupatta Set,QUEENS WORLD,,,,,,
,,,,,,,QUEENS WORLD Women Kurta Pant Set,QUEENS WORLD,,,,,,
2327,0fa45a3285f640f4,MayukhEnterprises,No,silver,2018-05-24,2018-06-21,CELEBRAVO Casual Floral Print Women Black Top,CELEBRAVO,Possibly a Brand,CELEBRAVO,+919119113111,+919119113111,mayukhapparels@gmail.com,mayukhapparels@gmail.com
,,,,,,,CELEBRAVO Casual Floral Print Women Black Top,CELEBRAVO,,,,,,
,,,,,,,CELEBRAVO Casual Floral Print Women Black Top,CELEBRAVO,,,,,,
,,,,,,,CELEBRAVO Casual Floral Print Women Blue Top,CELEBRAVO,,,,,,
,,,,,,,CELEBRAVO Women Solid Straight Kurta (Blue),CELEBRAVO,,,,,,
,,,,,,,CELEBRAVO Casual Floral Print Women Black Top,CELEBRAVO,,,,,,
,,,,,,,CELEBRAVO Casual Floral Print Women Blue Top,CELEBRAVO,,,,,,
,,,,,,,"CELEBRAVO Women Printed, Striped, Geometric Print Anarkali Kurta (Blue)",CELEBRAVO,,,,,,
,,,,,,,CELEBRAVO Casual Floral Print Women Blue Top,CELEBRAVO,,,,,,
,,,,,,,"CELEBRAVO Women Printed, Striped, Geometric Print Anarkali Kurta (Blue)",CELEBRAVO,,,,,,
,,,,,,,"CELEBRAVO Women Printed, Striped, Geometric Print Anarkali Kurta (Blue)",CELEBRAVO,,,,,,
,,,,,,,CELEBRAVO Women Solid Straight Kurta (Blue),CELEBRAVO,,,,,,
,,,,,,,"CELEBRAVO Women Printed, Striped, Geometric Print Anarkali Kurta (Blue)",CELEBRAVO,,,,,,
,,,,,,,CELEBRAVO Women Solid Straight Kurta (Blue),CELEBRAVO,,,,,,
,,,,,,,CELEBRAVO Women Printed Flared Kurta (Maroon),CELEBRAVO,,,,,,
,,,,,,,"CELEBRAVO Women Printed, Striped, Geometric Print Anarkali Kurta (Blue)",CELEBRAVO,,,,,,
,,,,,,,CELEBRAVO Women Solid Straight Kurta (Blue),CELEBRAVO,,,,,,
,,,,,,,CELEBRAVO Casual Floral Print Women Black Top,CELEBRAVO,,,,,,
,,,,,,,CELEBRAVO Women Solid Flared Kurta (Blue),CELEBRAVO,,,,,,
,,,,,,,"CELEBRAVO Women Printed, Striped, Geometric Print Anarkali Kurta (Blue)",CELEBRAVO,,,,,,
2328,5e77f9ac052e4d2d,SINGNI,Yes,bronze,2018-10-01,2018-11-05,,,,,,,,
2329,98c7e1b7e7074a99,VFASHIONNF,Yes,gold,2021-08-06,2021-08-21,,,,,,,,
2330,64ab4618952d466b,Kashishdresses,Yes,silver,2014-11-17,2014-12-18,,,,,,,,
2331,31804c8a5e964f94,canblar,No,bronze,2022-07-14,2022-07-16,BUDAPEST Women Kurta Palazzo Set,BUDAPEST,Possibly a Brand,BUDAPEST,+919315730128,+919315730128,krewsales2022@gmail.com,krewsales2022@gmail.com
,,,,,,,BUDAPEST Women Kurta Palazzo Set,BUDAPEST,,,,,,
,,,,,,,BUDAPEST Women Kurta Palazzo Set,BUDAPEST,,,,,,
,,,,,,,BUDAPEST Women Kurta Palazzo Set,BUDAPEST,,,,,,
,,,,,,,BUDAPEST Women Kurta Palazzo Set,BUDAPEST,,,,,,
,,,,,,,BUDAPEST Women Pyjama,BUDAPEST,,,,,,
,,,,,,,BUDAPEST Women Pyjama,BUDAPEST,,,,,,
,,,,,,,BUDAPEST Women Pyjama,BUDAPEST,,,,,,
,,,,,,,BUDAPEST Printed Round Neck Casual Men Black Sweater,BUDAPEST,,,,,,
,,,,,,,BUDAPEST Printed Round Neck Casual Men Black Sweater,BUDAPEST,,,,,,
,,,,,,,BUDAPEST Women Kurta Palazzo Set,BUDAPEST,,,,,,
,,,,,,,BUDAPEST Women Kurta Palazzo Set,BUDAPEST,,,,,,
,,,,,,,BUDAPEST Women Kurta Palazzo Set,BUDAPEST,,,,,,
,,,,,,,BUDAPEST Women Kurta Palazzo Set,BUDAPEST,,,,,,
,,,,,,,BUDAPEST Printed Round Neck Casual Men Black Sweater,BUDAPEST,,,,,,
,,,,,,,BUDAPEST Women Pyjama,BUDAPEST,,,,,,
,,,,,,,BUDAPEST Women Pyjama,BUDAPEST,,,,,,
,,,,,,,BUDAPEST Women Kurta Palazzo Set,BUDAPEST,,,,,,
,,,,,,,BUDAPEST Women Kurta Palazzo Set,BUDAPEST,,,,,,
,,,,,,,BUDAPEST Solid Round Neck Casual Men Blue Sweater,BUDAPEST,,,,,,
2332,b8171dba78a74bd4,Kalamandirr,Yes,gold,2025-01-25,2025-01-25,,,,,,,,
2333,841409b527684901,PILUDI,Yes,silver,2016-02-13,2017-12-09,,,,,,,,
2334,4ee39d91c5b440e7,RAJVASTRA1,No,silver,2025-07-17,2025-07-19,RAJVASTRA Women Kurta and Pant Set,RAJVASTRA,Possibly a Seller,,+919712125383,+919712125383,rajvastra1@gmail.com,rajvastra1@gmail.com
,,,,,,,RAJVASTRA Women Kurta and Pant Set,RAJVASTRA,,,,,,
,,,,,,,RAJVASTRA Women Kurta and Pant Set,RAJVASTRA,,,,,,
,,,,,,,RAJVASTRA Women Kurta and Pant Set,RAJVASTRA,,,,,,
,,,,,,,RAJVASTRA Women Kurta and Pant Set,RAJVASTRA,,,,,,
,,,,,,,RAJVASTRA Women Kurta and Pant Set,RAJVASTRA,,,,,,
,,,,,,,RAJVASTRA Women Kurta and Pant Set,RAJVASTRA,,,,,,
,,,,,,,RAJVASTRA Women Kurta and Pant Set,RAJVASTRA,,,,,,
,,,,,,,Rajvastra Women Kurta Pant Set,Rajvastra,,,,,,
,,,,,,,Rajvastra Women Kurta Pant Set,Rajvastra,,,,,,
,,,,,,,Rajvastra Women Kurta Pant Set,Rajvastra,,,,,,
,,,,,,,Rajvastra Women Kurta Pant Set,Rajvastra,,,,,,
,,,,,,,Rajvastra Women Kurta Pant Set,Rajvastra,,,,,,
,,,,,,,Rajvastra Women Kurta Pant Set,Rajvastra,,,,,,
,,,,,,,Rajvastra Women Kurta Pant Set,Rajvastra,,,,,,
,,,,,,,Rajvastra Women Kurta Pant Set,Rajvastra,,,,,,
,,,,,,,Rajvastra Women Kurta Pant Set,Rajvastra,,,,,,
,,,,,,,Rajvastra Women Kurta Pant Set,Rajvastra,,,,,,
,,,,,,,Rajvastra Women Kurta Pant Set,Rajvastra,,,,,,
,,,,,,,Rajvastra Women Kurta Pant Set,Rajvastra,,,,,,
2335,4bcdf725f8794fe8,MaaBadvasanFabric,Yes,bronze,2025-01-19,2025-01-20,,,,,,,,
2336,6920dfac9c4f4d30,SHISHKALA,Yes,silver,2023-04-28,2024-01-30,,,,,,,,
2337,07a9c8afca5d4b37,Happy Design,No,silver,2016-02-27,2019-07-04,Happy Design Women Crop Top Skirt Dupatta Set,Happy Design,Possibly a Brand,Happy Design,+919825152124,+919825152124,happydesign001@gmail.com,happydesign001@gmail.com
,,,,,,,Happy Design Women Ethnic Top Skirt Dupatta Set,Happy Design,,,,,,
,,,,,,,Happy Design Women Ethnic Top Skirt Dupatta Set,Happy Design,,,,,,
,,,,,,,Happy Design Women Crop Top Skirt Ethnic Jacket Set,Happy Design,,,,,,
,,,,,,,Happy Design Women Crop Top Skirt Ethnic Jacket Set,Happy Design,,,,,,
,,,,,,,Happy Design Women Crop Top Skirt Ethnic Jacket Set,Happy Design,,,,,,
,,,,,,,Happy Design Women Ethnic Top Skirt Dupatta Set,Happy Design,,,,,,
,,,,,,,Happy Design Women Ethnic Top Skirt Dupatta Set,Happy Design,,,,,,
,,,,,,,Happy Design Women Crop Top Skirt Dupatta Set,Happy Design,,,,,,
,,,,,,,Happy Design Women Crop Top Skirt Dupatta Set,Happy Design,,,,,,
,,,,,,,Happy Design Women Crop Top Skirt Ethnic Jacket Set,Happy Design,,,,,,
,,,,,,,Happy Design Women Crop Top Skirt Ethnic Jacket Set,Happy Design,,,,,,
,,,,,,,Happy Design Women Ethnic Top Skirt Dupatta Set,Happy Design,,,,,,
,,,,,,,Happy Design Women Ethnic Top Skirt Dupatta Set,Happy Design,,,,,,
,,,,,,,Happy Design Women Crop Top Skirt Ethnic Jacket Set,Happy Design,,,,,,
,,,,,,,Happy Design Women Ethnic Top Skirt Dupatta Set,Happy Design,,,,,,
,,,,,,,Happy Design Women Crop Top Skirt Ethnic Jacket Set,Happy Design,,,,,,
,,,,,,,Happy Design Women Crop Top Skirt Ethnic Jacket Set,Happy Design,,,,,,
,,,,,,,Happy Design Women Crop Top Skirt Dupatta Set,Happy Design,,,,,,
,,,,,,,Happy Design Women Ethnic Top Skirt Dupatta Set,Happy Design,,,,,,
2338,67d8b2df319d4dc6,M3FASHION4M,Yes,gold,2023-02-01,2023-02-02,,,,,,,,
2339,a51a1d34d4da460f,GinniAroraLabel,No,silver,2018-09-24,2018-11-18,Ginni Arora Label Women Kurta Pant Dupatta Set,Ginni Arora Label,Possibly a Brand,Ginni Arora Label,+919999860156,+918700517032,ginniaroralabel01@gmail.com,ginniaroralabel01@gmail.com
,,,,,,,Ginni Arora Label Women Kurta Pant Dupatta Set,Ginni Arora Label,,,,,,
,,,,,,,Ginni Arora Label Women Kurta Pant Dupatta Set,Ginni Arora Label,,,,,,
,,,,,,,Ginni Arora Label Women Kurta Pant Dupatta Set,Ginni Arora Label,,,,,,
,,,,,,,Ginni Arora Label Women Kurta Pant Dupatta Set,Ginni Arora Label,,,,,,
,,,,,,,Ginni Arora Label Women Kurta Pant Dupatta Set,Ginni Arora Label,,,,,,
,,,,,,,Ginni Arora Label Women Kurta Pant Dupatta Set,Ginni Arora Label,,,,,,
,,,,,,,Ginni Arora Label Women Kurta Pant Dupatta Set,Ginni Arora Label,,,,,,
,,,,,,,Ginni Arora Label Women Kurta Pant Dupatta Set,Ginni Arora Label,,,,,,
,,,,,,,Ginni Arora Label Women Kurta Pant Dupatta Set,Ginni Arora Label,,,,,,
,,,,,,,Ginni Arora Label Women Kurta Pant Dupatta Set,Ginni Arora Label,,,,,,
,,,,,,,Ginni Arora Label Women Kurta Pant Dupatta Set,Ginni Arora Label,,,,,,
,,,,,,,Ginni Arora Label Women Kurta Pant Dupatta Set,Ginni Arora Label,,,,,,
,,,,,,,Ginni Arora Label Women Kurta Pant Dupatta Set,Ginni Arora Label,,,,,,
,,,,,,,Ginni Arora Label Women Kurta Pant Dupatta Set,Ginni Arora Label,,,,,,
,,,,,,,Ginni Arora Label Women Kurta Pant Dupatta Set,Ginni Arora Label,,,,,,
,,,,,,,Ginni Arora Label Women Kurta Pant Dupatta Set,Ginni Arora Label,,,,,,
,,,,,,,Ginni Arora Label Women Kurta Pant Set,Ginni Arora Label,,,,,,
,,,,,,,Ginni Arora Label Women Kurta Pant Set,Ginni Arora Label,,,,,,
,,,,,,,Ginni Arora Label Women Kurta Pant Dupatta Set,Ginni Arora Label,,,,,,
2340,209cdeb9ae4c470a,BHUMIERETAIL,Yes,silver,2015-12-21,2015-12-22,,,,,,,,
2341,d80b6d4ac19c41aa,NATIONALTEXTILE0,No,silver,2026-01-26,2026-01-31,NAT SYN Women Kurti Pant Dupatta Set,NAT SYN,Possibly a Seller,,+917228992536,+917228992536,ansarikaif92803@gmail.com,ansarikaif92803@gmail.com
,,,,,,,NAT SYN Women Kurti Pant Dupatta Set,NAT SYN,,,,,,
,,,,,,,NATIONALTEXTILE Women Kurta Pant Dupatta Set,NATIONALTEXTILE,,,,,,
,,,,,,,NATIONALTEXTILE Women Kurta Pant Dupatta Set,NATIONALTEXTILE,,,,,,
,,,,,,,NATIONALTEXTILE Women Kurta Pant Dupatta Set,NATIONALTEXTILE,,,,,,
,,,,,,,NATIONALTETILE Women Kurta Pant Dupatta Set,NATIONALTETILE,,,,,,
,,,,,,,NATIONALTEXTILE Women Kurta Pant Dupatta Set,NATIONALTEXTILE,,,,,,
,,,,,,,NATIONALTETILE Women Kurta Pant Dupatta Set,NATIONALTETILE,,,,,,
,,,,,,,NATIONALTETILE Women Kurta Pant Dupatta Set,NATIONALTETILE,,,,,,
,,,,,,,NATIONALTETILE Women Kurta Pant Dupatta Set,NATIONALTETILE,,,,,,
,,,,,,,NATIONALTETILE Women Kurta Pant Dupatta Set,NATIONALTETILE,,,,,,
,,,,,,,NATIONALTETILE Women Kurta Pant Dupatta Set,NATIONALTETILE,,,,,,
,,,,,,,NATIONALTETILE Women Kurta Pant Dupatta Set,NATIONALTETILE,,,,,,
,,,,,,,NATIONALTEXTILE Women Kurta Pant Dupatta Set,NATIONALTEXTILE,,,,,,
,,,,,,,"NATIONALTEXTILE Embroidered Kurta, Trouser/Pant & Dupatta Set",NATIONALTEXTILE,,,,,,
,,,,,,,NATIONALTETILE Women Kurta Pant Dupatta Set,NATIONALTETILE,,,,,,
,,,,,,,NATIONALTEXTILE Women Kurta Pant Dupatta Set,NATIONALTEXTILE,,,,,,
,,,,,,,"NATIONALTEXTILE Embroidered Kurta, Trouser/Pant & Dupatta Set",NATIONALTEXTILE,,,,,,
,,,,,,,NAT SYN Women Kurti Pant Dupatta Set,NAT SYN,,,,,,
,,,,,,,NATIONALTETILE Women Kurta Pant Dupatta Set,NATIONALTETILE,,,,,,
2342,fa55bcdc3b084daf,Pari Chitralekha,No,bronze,2020-07-18,2020-07-31,Camellias Women Kurta (Blue),Camellias,Possibly a Seller,,+918700744416,+918700744416,parichitralekha75@gmail.com,parichitralekha75@gmail.com
,,,,,,,camellias Casual Embroidered Women Pink Top,camellias,,,,,,
,,,,,,,camellias Women Kurta Palazzo Set,camellias,,,,,,
,,,,,,,camellias Casual Embroidered Women Pink Top,camellias,,,,,,
,,,,,,,camellias Women Kurta Palazzo Set,camellias,,,,,,
,,,,,,,camellias Women Kurta Palazzo Set,camellias,,,,,,
,,,,,,,Camellias Women Kurta (Grey),Camellias,,,,,,
,,,,,,,Camellias Women Kurta (Blue),Camellias,,,,,,
,,,,,,,Camellias Women Embroidered Kurta (Pink),Camellias,,,,,,
,,,,,,,Camellias Women Kurta (Grey),Camellias,,,,,,
,,,,,,,Camellias Slim Fit Women Black Trousers,Camellias,,,,,,
,,,,,,,Camellias Women Kurta (Black),Camellias,,,,,,
,,,,,,,Camellias Slim Fit Women White Trousers,Camellias,,,,,,
,,,,,,,camellias Flared Women White Trousers,camellias,,,,,,
,,,,,,,camellias Casual Embroidered Women Orange Top,camellias,,,,,,
,,,,,,,camellias Flared Women Black Trousers,camellias,,,,,,
,,,,,,,Camellias Women Kurta (White),Camellias,,,,,,
,,,,,,,"camellias Solid Men Green, Black Track Pants",camellias,,,,,,
,,,,,,,camellias Women Kurta Palazzo Set,camellias,,,,,,
,,,,,,,camellias Casual Embroidered Women Light Green Top,camellias,,,,,,
2343,07f80a6c35a94e58,BORADFASHION,No,silver,2023-12-20,2023-12-27,BORAD FASHION Printed Daily Wear Chanderi Saree (Multicolor),BORAD FASHION,Possibly a Brand,BORAD FASHION,+917359271309,+917359271309,shreerament735@gmail.com,shreerament735@gmail.com
,,,,,,,BORAD FASHION Geometric Print Daily Wear Chanderi Saree (Multicolor),BORAD FASHION,,,,,,
,,,,,,,BORAD FASHION Printed Daily Wear Silk Blend Saree (Multicolor),BORAD FASHION,,,,,,
,,,,,,,BORAD FASHION Printed Daily Wear Chanderi Saree (Red),BORAD FASHION,,,,,,
,,,,,,,"BORAD FASHION Printed, Floral Print Daily Wear Chanderi Saree (Multicolor, Pink, Cream, Blue, Purple)",BORAD FASHION,,,,,,
,,,,,,,"BORAD FASHION Printed Daily Wear Chanderi Saree with Unstitched Blouse (White, Multicolor)",BORAD FASHION,,,,,,
,,,,,,,BORAD FASHION Printed Daily Wear Chanderi Saree with Unstitched Blouse (Multicolor),BORAD FASHION,,,,,,
,,,,,,,BORAD FASHION Printed Daily Wear Chanderi Saree with Unstitched Blouse (Multicolor),BORAD FASHION,,,,,,
,,,,,,,BORAD FASHION Printed Daily Wear Chanderi Saree with Unstitched Blouse (Yellow),BORAD FASHION,,,,,,
,,,,,,,BORAD FASHION Printed Daily Wear Chanderi Saree with Unstitched Blouse (Multicolor),BORAD FASHION,,,,,,
,,,,,,,BORAD FASHION Printed Daily Wear Chanderi Saree with Unstitched Blouse (Multicolor),BORAD FASHION,,,,,,
,,,,,,,BORAD FASHION Printed Daily Wear Chanderi Saree with Unstitched Blouse (Pink),BORAD FASHION,,,,,,
,,,,,,,"BORAD FASHION Woven, Geometric Print Banarasi Jacquard Saree with Unstitched Blouse (Green)",BORAD FASHION,,,,,,
,,,,,,,BORAD FASHION Printed Daily Wear Georgette Saree with Unstitched Blouse (Multicolor),BORAD FASHION,,,,,,
,,,,,,,BORAD FASHION Woven Banarasi Jacquard Saree with Unstitched Blouse (Purple),BORAD FASHION,,,,,,
,,,,,,,BORAD FASHION Printed Daily Wear Chanderi Saree (Multicolor),BORAD FASHION,,,,,,
,,,,,,,"BORAD FASHION Printed, Floral Print, Paisley, Woven Handloom Chanderi Saree (Multicolor)",BORAD FASHION,,,,,,
,,,,,,,"BORAD FASHION Embroidered, Woven, Geometric Print Banarasi Satin Saree (Purple)",BORAD FASHION,,,,,,
,,,,,,,"BORAD FASHION Embroidered, Woven Banarasi Satin Saree (Red)",BORAD FASHION,,,,,,
,,,,,,,BORAD FASHION Embellished Bollywood Satin Saree (Light Blue),BORAD FASHION,,,,,,
2344,5e672931f0db4b98,NEELPARISAREEGHAR,Yes,bronze,2026-01-27,2026-02-08,,,,,,,,
2345,ecc1e0eceaed4138,RAJTRENDZ6,No,bronze,2026-01-20,2026-01-23,Raj Trendz Women Shift Yellow Knee Length Dress,Raj Trendz,Possibly a Brand,Raj Trendz,+916291338715,+916291338715,rajtrendz4@gmail.com,rajtrendz4@gmail.com
,,,,,,,"Raj Trendz Paisley, Printed, Woven Jamdani Pure Cotton Saree (White)",Raj Trendz,,,,,,
,,,,,,,Raj Trendz Self Design Jamdani Cotton Blend Saree (White),Raj Trendz,,,,,,
,,,,,,,"Raj Trendz Woven, Self Design Banarasi Art Silk Saree (Red)",Raj Trendz,,,,,,
,,,,,,,Raj Trendz Solid/Plain Daily Wear Khadi Saree (Maroon),Raj Trendz,,,,,,
,,,,,,,Raj Trendz Embroidered Daily Wear Pure Cotton Saree (Yellow),Raj Trendz,,,,,,
,,,,,,,Raj Trendz Woven Daily Wear Art Silk Saree (Blue),Raj Trendz,,,,,,
,,,,,,,"Raj Trendz Striped, Tie-Dye Daily Wear Pure Cotton Saree (Multicolor)",Raj Trendz,,,,,,
,,,,,,,Raj Enterprise Hand Painted Bollywood Cotton Silk Saree with Unstitched Blouse (Pink),Raj Enterprise,,,,,,
,,,,,,,Raj Trendz Woven Banarasi Silk Blend Saree (Purple),Raj Trendz,,,,,,
,,,,,,,Raj Enterprise Self Design Bollywood Pure Cotton Saree with Unstitched Blouse (Purple),Raj Enterprise,,,,,,
,,,,,,,"Raj Trendz Self Design, Floral Print, Paisley, Striped Kantha Cotton Blend Saree (Yellow)",Raj Trendz,,,,,,
,,,,,,,Raj Trendz Self Design Jamdani Cotton Blend Saree (Pink),Raj Trendz,,,,,,
,,,,,,,Raj Trendz Printed Banarasi Art Silk Saree (Yellow),Raj Trendz,,,,,,
,,,,,,,"Raj Trendz Embroidered, Floral Print Daily Wear Khadi Saree (Pink)",Raj Trendz,,,,,,
,,,,,,,"Raj Trendz Embroidered, Floral Print Daily Wear Khadi Saree (Red)",Raj Trendz,,,,,,
,,,,,,,RajEnterprise Hand Painted Daily Wear Cotton Silk Saree (Pink),RajEnterprise,,,,,,
,,,,,,,Raj Trendz Woven Daily Wear Art Silk Saree (Maroon),Raj Trendz,,,,,,
,,,,,,,Raj Trendz Woven Banarasi Silk Blend Saree (Dark Green),Raj Trendz,,,,,,
,,,,,,,RajEnterprise Printed Daily Wear Pure Cotton Saree (Red),RajEnterprise,,,,,,
2346,bd4909e598d746e3,VarnirajPrint,No,silver,2026-06-19,2026-06-25,"VarnirajPrint Woven, Floral Print, Geometric Print, Temple Border, Printed Ikkat Pure Cotton Saree (Red)",VarnirajPrint,Possibly a Brand,VarnirajPrint,+919265393609,+919265393609,Hardiksenjaliya1993@gmail.com,Hardiksenjaliya1993@gmail.com
,,,,,,,"VarnirajPrint Floral Print, Printed, Geometric Print Hand Batik Pure Cotton Saree (Purple)",VarnirajPrint,,,,,,
,,,,,,,"VarnirajPrint Floral Print, Paisley, Geometric Print, Printed Kalamkari Pure Cotton Saree (Red)",VarnirajPrint,,,,,,
,,,,,,,"VarnirajPrint Printed, Geometric Print, Floral Print Bandhani Pure Cotton Saree (Purple)",VarnirajPrint,,,,,,
,,,,,,,"VarnirajPrint Floral Print, Striped, Printed, Geometric Print Bollywood Pure Cotton Saree (Maroon)",VarnirajPrint,,,,,,
,,,,,,,VarnirajPrint Printed Hand Batik Pure Cotton Saree (Maroon),VarnirajPrint,,,,,,
,,,,,,,"VarnirajPrint Embroidered, Paisley, Floral Print Daily Wear Pure Cotton Saree (Black)",VarnirajPrint,,,,,,
,,,,,,,VarnirajPrint Printed Daily Wear Pure Cotton Saree (Pink),VarnirajPrint,,,,,,
,,,,,,,"VarnirajPrint Printed, Floral Print, Geometric Print Bollywood Pure Cotton Saree (Brown)",VarnirajPrint,,,,,,
,,,,,,,VarnirajPrint Printed Daily Wear Pure Cotton Saree (Blue),VarnirajPrint,,,,,,
,,,,,,,VarnirajPrint Printed Hand Batik Pure Cotton Saree (Multicolor),VarnirajPrint,,,,,,
,,,,,,,"VarnirajPrint Geometric Print, Printed, Temple Border Bollywood Pure Cotton Saree (Pink)",VarnirajPrint,,,,,,
,,,,,,,"VarnirajPrint Printed, Floral Print Bandhani Pure Cotton Saree (Magenta)",VarnirajPrint,,,,,,
,,,,,,,"VarnirajPrint Pure Cotton Floral Print, Printed, Geometric Print Salwar Suit Material",VarnirajPrint,,,,,,
,,,,,,,"VarnirajPrint Printed, Floral Print, Graphic Print Hand Batik Pure Cotton Saree (Red)",VarnirajPrint,,,,,,
,,,,,,,VarnirajPrint Printed Chanderi Pure Cotton Saree (Mustard),VarnirajPrint,,,,,,
,,,,,,,VarnirajPrint Printed Hand Batik Pure Cotton Saree (Red),VarnirajPrint,,,,,,
,,,,,,,"VarnirajPrint Printed, Geometric Print Bandhani Pure Cotton Saree (Red)",VarnirajPrint,,,,,,
,,,,,,,"BLLUEX Stainless Steel Leak Proof, Airtight Lunch Box/Tiffin Box for Office, School, 2 Containers Stainless Steel, Plastic School Lunch Box (1000 ml)",BLLUEX,,,,,,
,,,,,,,VarnirajPrint Printed Bandhani Pure Cotton Saree (Maroon),VarnirajPrint,,,,,,
2347,7bf4455de5b54f29,Drujha,Yes,gold,2022-01-18,2022-01-25,,,,,,,,
2348,ef285b2f217b4ffc,MIREVAFASHION,No,silver,2026-04-09,2026-04-14,MIREVA FASHION Printed Daily Wear Georgette Saree (Purple),MIREVA FASHION,Possibly a Brand,MIREVA FASHION,+918469462360,+918469462360,mirevafashion644@gmail.com,mirevafashion644@gmail.com
,,,,,,,MIREVA FASHION Floral Print Daily Wear Georgette Saree (Black),MIREVA FASHION,,,,,,
,,,,,,,MIREVA FASHION Printed Bollywood Cotton Linen Saree (Multicolor),MIREVA FASHION,,,,,,
,,,,,,,MIREVA FASHION Embroidered Bollywood Georgette Saree (Yellow),MIREVA FASHION,,,,,,
,,,,,,,MIREVA FASHION Embroidered Daily Wear Georgette Saree (Red),MIREVA FASHION,,,,,,
,,,,,,,MIREVA FASHION Georgette Embroidered Salwar and Dupatta Material,MIREVA FASHION,,,,,,
,,,,,,,MIREVA FASHION Embroidered Bollywood Georgette Saree (Blue),MIREVA FASHION,,,,,,
,,,,,,,MIREVA FASHION Embroidered Daily Wear Georgette Saree (Brown),MIREVA FASHION,,,,,,
,,,,,,,MIREVA FASHION Printed Daily Wear Georgette Saree (Purple),MIREVA FASHION,,,,,,
,,,,,,,MIREVA FASHION Printed Daily Wear Georgette Saree (Purple),MIREVA FASHION,,,,,,
,,,,,,,MIREVA FASHION Embroidered Daily Wear Georgette Saree (Pink),MIREVA FASHION,,,,,,
,,,,,,,MIREVA FASHION Embroidered Daily Wear Georgette Saree (Maroon),MIREVA FASHION,,,,,,
,,,,,,,MIREVA FASHION Embroidered Bollywood Georgette Saree (Mustard),MIREVA FASHION,,,,,,
,,,,,,,MIREVA FASHION Printed Bollywood Georgette Saree (Brown),MIREVA FASHION,,,,,,
,,,,,,,MIREVA FASHION Embroidered Bollywood Georgette Saree (Green),MIREVA FASHION,,,,,,
,,,,,,,MIREVA FASHION Printed Daily Wear Georgette Saree (Purple),MIREVA FASHION,,,,,,
,,,,,,,MIREVA FASHION Embroidered Bollywood Georgette Saree (Purple),MIREVA FASHION,,,,,,
,,,,,,,MIREVA FASHION Georgette Embroidered Salwar and Dupatta Material,MIREVA FASHION,,,,,,
,,,,,,,MIREVA FASHION Printed Bollywood Georgette Saree (Green),MIREVA FASHION,,,,,,
,,,,,,,supremesarees Floral Print Daily Wear Cotton Linen Saree (Beige),supremesarees,,,,,,
2349,e9503e5c8c5c4961,RamdevCreation001,No,silver,2025-09-11,2025-09-12,"Shiv Febric Solid/Plain Chanderi Art Silk, Chanderi Saree (Blue)",Shiv Febric,Possibly a Brand,Shiv Febric,+919978315548,+919978315548,ramdevcreation1232@gmail.com,ramdevcreation1232@gmail.com
,,,,,,,Shiv Febric Embellished Banarasi Georgette Saree (Purple),Shiv Febric,,,,,,
,,,,,,,"Shiv Febric Embellished, Tie-Dye Mysore Chiffon, Raw Silk Saree (Purple)",Shiv Febric,,,,,,
,,,,,,,"Shiv Febric Embroidered, Embellished Bollywood Art Silk Saree (Black)",Shiv Febric,,,,,,
,,,,,,,"Shiv Febric Self Design, Embellished Banarasi Georgette Saree (Black)",Shiv Febric,,,,,,
,,,,,,,Shiv Febric Embellished Chanderi Chiffon Saree (Black),Shiv Febric,,,,,,
,,,,,,,"Shiv Febric Dyed, Embellished Daily Wear Pure Silk, Art Silk Saree (Red)",Shiv Febric,,,,,,
,,,,,,,"Shiv Febric Woven Bollywood Pure Silk, Art Silk Saree (Blue)",Shiv Febric,,,,,,
,,,,,,,"Shiv Febric Embellished Leheria Lace, Organza Saree (Black)",Shiv Febric,,,,,,
,,,,,,,"Shiv Febric Embellished Maheshwari Lace, Organza Saree (Green)",Shiv Febric,,,,,,
,,,,,,,"Shiv Febric Temple Border, Embellished Leheria Chiffon, Raw Silk Saree (Black)",Shiv Febric,,,,,,
,,,,,,,"Shiv Febric Embroidered Bollywood Chiffon, Raw Silk Saree (Red)",Shiv Febric,,,,,,
,,,,,,,"Shiv Febric Self Design, Woven Chanderi Organza, Georgette Saree (Purple)",Shiv Febric,,,,,,
,,,,,,,"Shiv Febric Embellished Bollywood Art Silk, Chanderi Saree (Blue)",Shiv Febric,,,,,,
,,,,,,,"Shiv Febric Striped, Embellished Mysore Chanderi, Georgette Saree (Beige)",Shiv Febric,,,,,,
,,,,,,,"Shiv Febric Embroidered Daily Wear Georgette, Pure Silk Saree (Black)",Shiv Febric,,,,,,
,,,,,,,"Shiv Febric Woven Chanderi Chanderi, Georgette Saree (Blue)",Shiv Febric,,,,,,
,,,,,,,"Shiv Febric Dyed, Embellished Daily Wear Chiffon, Raw Silk Saree (Blue)",Shiv Febric,,,,,,
,,,,,,,"Shiv Febric Striped, Embellished Mysore Chanderi, Georgette Saree (Blue)",Shiv Febric,,,,,,
,,,,,,,"Shiv Febric Self Design, Woven Chanderi Chanderi, Satin Saree (Black)",Shiv Febric,,,,,,
2350,a46c295207c64799,MIYANIFAB,No,silver,2023-02-15,2023-02-15,REBE Industries Embroidered Bollywood Georgette Saree (Maroon),REBE Industries,Possibly a Seller,,+919408299744,+919408299744,jenilart07@gmail.com,jenilart07@gmail.com
,,,,,,,MIYANIFAB Embroidered Bollywood Georgette Saree (Yellow),MIYANIFAB,,,,,,
,,,,,,,MIYANI FAB Organza Embellished Blouse Material,MIYANI FAB,,,,,,
,,,,,,,"MIYANIFAB Embroidered, Floral Print Bollywood Georgette Saree (Light Blue)",MIYANIFAB,,,,,,
,,,,,,,REBE Industries Embroidered Bollywood Georgette Saree (Red),REBE Industries,,,,,,
,,,,,,,MIYANI FAB Organza Embellished Blouse Material,MIYANI FAB,,,,,,
,,,,,,,MIYANIFAB Embroidered Bollywood Georgette Saree (Red),MIYANIFAB,,,,,,
,,,,,,,MIYANI FAB Georgette Embroidered Blouse Material,MIYANI FAB,,,,,,
,,,,,,,MIYANI FAB Georgette Embroidered Blouse Material,MIYANI FAB,,,,,,
,,,,,,,MIYANI FAB Organza Embellished Blouse Material,MIYANI FAB,,,,,,
,,,,,,,REBE Industries Embroidered Bollywood Georgette Saree (Dark Blue),REBE Industries,,,,,,
,,,,,,,MIYANIFAB Embroidered Bollywood Georgette Saree (Red),MIYANIFAB,,,,,,
,,,,,,,MIYANI FAB Organza Embellished Blouse Material,MIYANI FAB,,,,,,
,,,,,,,MIYANI FAB Organza Embellished Blouse Material,MIYANI FAB,,,,,,
,,,,,,,MIYANIFAB Embroidered Bollywood Jimmy Jimmy Saree (Light Green),MIYANIFAB,,,,,,
,,,,,,,"MIYANIFAB Embroidered, Floral Print Bollywood Georgette Saree (Gold)",MIYANIFAB,,,,,,
,,,,,,,MIYANIFAB Embroidered Bollywood Georgette Saree (Light Blue),MIYANIFAB,,,,,,
,,,,,,,REBE Industries Embroidered Bollywood Georgette Saree (Blue),REBE Industries,,,,,,
,,,,,,,MIYANI FAB Organza Embellished Blouse Material,MIYANI FAB,,,,,,
,,,,,,,KHRITI FAB Embroidered Bollywood Georgette Saree (Gold),KHRITI FAB,,,,,,
2351,6a8d660677ca403e,MSSTYLEVOGUE,No,silver,2026-05-17,2026-05-21,msstyle Embroidered Bollywood Georgette Saree (Light Blue),msstyle,Possibly a Brand,msstyle,+917984351963,+917984351963,msstylevogue@gmail.com,msstylevogue@gmail.com
,,,,,,,"msstyle Printed Bandhani Viscose Rayon, Chanderi Saree (Yellow)",msstyle,,,,,,
,,,,,,,msstyle Printed Bandhani Chiffon Saree (Yellow),msstyle,,,,,,
,,,,,,,msstyle Printed Leheria Jacquard Saree (Multicolor),msstyle,,,,,,
,,,,,,,msstyle Embroidered Bollywood Chiffon Saree (Multicolor),msstyle,,,,,,
,,,,,,,msstyle Printed Bandhani Jacquard Saree (Black),msstyle,,,,,,
,,,,,,,"msstyle Woven, Geometric Print, Floral Print, Printed Ikkat Muslin, Cotton Blend Saree (Orange)",msstyle,,,,,,
,,,,,,,msstyle Embroidered Bollywood Georgette Saree (Pink),msstyle,,,,,,
,,,,,,,msstyle Embroidered Bandhani Georgette Saree (Blue),msstyle,,,,,,
,,,,,,,"msstyle Embroidered Bollywood Art Silk, Silk Blend Saree (Pink)",msstyle,,,,,,
,,,,,,,msstyle Striped Bhagalpuri Jacquard Saree (Pink),msstyle,,,,,,
,,,,,,,"msstyle Tie-Dye, Embellished, Printed Bandhani Satin Saree (Yellow)",msstyle,,,,,,
,,,,,,,"msstyle Striped, Floral Print, Printed, Woven Bhagalpuri Georgette Saree (Green)",msstyle,,,,,,
,,,,,,,msstyle Printed Bandhani Chiffon Saree (Orange),msstyle,,,,,,
,,,,,,,msstyle Embellished Bollywood Georgette Saree (Blue),msstyle,,,,,,
,,,,,,,msstyle Woven Kalamkari Jacquard Saree (Multicolor),msstyle,,,,,,
,,,,,,,msstyle Printed Bandhani Jacquard Saree (Black),msstyle,,,,,,
,,,,,,,msstyle Embroidered Bandhani Georgette Saree (Red),msstyle,,,,,,
,,,,,,,msstyle Embellished Bollywood Chiffon Saree (Blue),msstyle,,,,,,
,,,,,,,"msstyle Embellished, Embroidered Bollywood Georgette Saree (Red)",msstyle,,,,,,
2352,43b758fcc82f4047,JNKC,No,silver,2026-06-10,2026-06-11,JNKC Embroidered Bollywood Chiffon Saree (Pink),JNKC,Possibly a Brand,JNKC,+918780287956,+918780287956,rkv9321@gmail.com,rkv9321@gmail.com
,,,,,,,JNKC Printed Daily Wear Crepe Saree (Multicolor),JNKC,,,,,,
,,,,,,,HouseOfCommon Embroidered Bollywood Chiffon Saree (Purple),HouseOfCommon,,,,,,
,,,,,,,HouseOfCommon Embroidered Bollywood Art Silk Saree (Pink),HouseOfCommon,,,,,,
,,,,,,,"JNKC Embellished, Embroidered Bollywood Chiffon Saree (Purple)",JNKC,,,,,,
,,,,,,,"JNKC Embellished, Embroidered Bollywood Chiffon Saree (Yellow)",JNKC,,,,,,
,,,,,,,"JNKC Embroidered, Self Design, Embellished Bollywood Chiffon Saree (Purple)",JNKC,,,,,,
,,,,,,,JNKC Embroidered Bollywood Chiffon Saree (Maroon),JNKC,,,,,,
,,,,,,,JNKC Printed Daily Wear Crepe Saree (Multicolor),JNKC,,,,,,
,,,,,,,HouseOfCommon Embroidered Bollywood Georgette Saree (Yellow),HouseOfCommon,,,,,,
,,,,,,,JNKC Embroidered Bollywood Chiffon Saree (Black),JNKC,,,,,,
,,,,,,,"JNKC Self Design, Embroidered, Floral Print Bollywood Georgette Saree (Yellow)",JNKC,,,,,,
,,,,,,,HouseOfCommon Embroidered Bollywood Jimmy Jimmy Saree (Yellow),HouseOfCommon,,,,,,
,,,,,,,"JNKC Embroidered, Embellished Bollywood Chiffon Saree (White)",JNKC,,,,,,
,,,,,,,JNKC Embroidered Bollywood Tissue Saree (Purple),JNKC,,,,,,
,,,,,,,HouseOfCommon Embroidered Bollywood Georgette Saree (Dark Green),HouseOfCommon,,,,,,
,,,,,,,"JNKC Floral Print, Embellished, Embroidered, Self Design Bollywood Art Silk Saree (Purple)",JNKC,,,,,,
,,,,,,,"JNKC Embellished, Embroidered, Floral Print Bollywood Georgette Saree (Black)",JNKC,,,,,,
,,,,,,,JNKC Embellished Bollywood Georgette Saree (Orange),JNKC,,,,,,
,,,,,,,JNKC Embroidered Bollywood Satin Saree (Pink),JNKC,,,,,,
2353,e7003016f691432a,AyatEnterpriseAndSareeCentre,No,silver,2026-05-06,2026-05-30,"AyatSaree Embellished, Embroidered Bollywood Satin Saree (Brown)",AyatSaree,Possibly a Brand,AyatSaree,+919502209510,+919502209510,ayatsareecenter@gmail.com,ayatsareecenter@gmail.com
,,,,,,,AyatSaree Printed Bollywood Tissue Saree (Pink),AyatSaree,,,,,,
,,,,,,,"AyatSaree Floral Print, Embellished, Embroidered, Printed Bollywood Satin Saree (Dark Blue)",AyatSaree,,,,,,
,,,,,,,AyatSaree Printed Bollywood Tissue Saree (Light Blue),AyatSaree,,,,,,
,,,,,,,AyatSaree Embroidered Bollywood Tissue Saree (Blue),AyatSaree,,,,,,
,,,,,,,AyatSaree Embroidered Bollywood Tissue Saree (Brown),AyatSaree,,,,,,
,,,,,,,AyatSaree Printed Bollywood Tissue Saree (Multicolor),AyatSaree,,,,,,
,,,,,,,AyatSaree Embroidered Bollywood Tissue Saree (Pink),AyatSaree,,,,,,
,,,,,,,"AyatSaree Embellished, Embroidered Bollywood Satin Saree (Purple)",AyatSaree,,,,,,
,,,,,,,"AyatSaree Embroidered, Embellished Bollywood Satin Saree (Magenta)",AyatSaree,,,,,,
,,,,,,,AyatSaree Printed Bollywood Tissue Saree (Dark Blue),AyatSaree,,,,,,
,,,,,,,AyatSaree Printed Bollywood Tissue Saree (Light Green),AyatSaree,,,,,,
,,,,,,,"AyatSaree Embellished, Embroidered Bollywood Satin Saree (Dark Blue)",AyatSaree,,,,,,
,,,,,,,"AyatSaree Embellished, Embroidered Bollywood Satin Saree (Multicolor)",AyatSaree,,,,,,
,,,,,,,"AyatSaree Embroidered, Embellished Bollywood Satin Saree (Light Green)",AyatSaree,,,,,,
,,,,,,,"AyatSaree Embellished, Embroidered Bollywood Satin Saree (Dark Blue)",AyatSaree,,,,,,
,,,,,,,AyatSaree Printed Bollywood Tissue Saree (Purple),AyatSaree,,,,,,
,,,,,,,AyatSaree Embroidered Bollywood Tissue Saree (Yellow),AyatSaree,,,,,,
,,,,,,,AyatSaree Embroidered Bollywood Tissue Saree (Purple),AyatSaree,,,,,,
,,,,,,,AyatSaree Embellished Bollywood Satin Saree (Red),AyatSaree,,,,,,
2354,f8579f6db27e4a3f,SUVIDHICREATIION,No,silver,2026-02-01,2026-02-03,"SUVIDHI CREATION Embroidered, Printed Bollywood Chiffon Saree (Red)",SUVIDHI CREATION,Possibly a Brand,SUVIDHI CREATION,+919712111771,+919712111771,suvidhicreation1@gmail.com,suvidhicreation1@gmail.com
,,,,,,,SUVIDHI CREATION Printed Daily Wear Crepe Saree (Maroon),SUVIDHI CREATION,,,,,,
,,,,,,,SUVIDHI CREATION Embroidered Bollywood Georgette Saree (Pink),SUVIDHI CREATION,,,,,,
,,,,,,,"SUVIDHI CREATION Floral Print, Printed, Solid/Plain, Digital Print Bollywood Tissue Saree (Blue)",SUVIDHI CREATION,,,,,,
,,,,,,,SUVIDHI CREATION Printed Daily Wear Crepe Saree (Multicolor),SUVIDHI CREATION,,,,,,
,,,,,,,SAADHYA CREATION Embroidered Bollywood Georgette Saree (Green),SAADHYA CREATION,,,,,,
,,,,,,,SUVIDHI CREATION Printed Daily Wear Crepe Saree (Multicolor),SUVIDHI CREATION,,,,,,
,,,,,,,SUVIDHI CREATION Embroidered Bollywood Georgette Saree (Yellow),SUVIDHI CREATION,,,,,,
,,,,,,,"SUVIDHI CREATION Embellished, Embroidered Bollywood Tissue Saree (Red)",SUVIDHI CREATION,,,,,,
,,,,,,,"SUVIDHI CREATION Embroidered, Embellished Bollywood Art Silk Saree (Yellow)",SUVIDHI CREATION,,,,,,
,,,,,,,"SUVIDHI CREATION Embroidered, Self Design, Embellished Bollywood Tissue Saree (Maroon)",SUVIDHI CREATION,,,,,,
,,,,,,,SUVIDHI CREATION Embroidered Bollywood Tissue Saree (Yellow),SUVIDHI CREATION,,,,,,
,,,,,,,SAADHYA CREATION Embroidered Bollywood Art Silk Saree (Blue),SAADHYA CREATION,,,,,,
,,,,,,,SUVIDHI CREATION Printed Daily Wear Crepe Saree (Multicolor),SUVIDHI CREATION,,,,,,
,,,,,,,SUVIDHI CREATION Embroidered Bollywood Jimmy Jimmy Saree (Red),SUVIDHI CREATION,,,,,,
,,,,,,,SUVIDHI CREATION Embellished Bollywood Art Silk Saree (Pink),SUVIDHI CREATION,,,,,,
,,,,,,,SUVIDHI CREATION Embroidered Bollywood Satin Saree (Blue),SUVIDHI CREATION,,,,,,
,,,,,,,SUVIDHI CREATION Embroidered Bollywood Georgette Saree (Blue),SUVIDHI CREATION,,,,,,
,,,,,,,"SUVIDHI CREATION Solid/Plain, Embroidered Bollywood Art Silk Saree (Green)",SUVIDHI CREATION,,,,,,
,,,,,,,"SUVIDHI CREATION Embroidered, Floral Print, Dyed Bollywood Silk Blend Saree (Orange)",SUVIDHI CREATION,,,,,,
2355,c3450305eb6445fe,VRANDAFASHIONS,No,silver,2026-06-19,2026-06-27,"vranda fashion Tie-Dye, Striped Leheria Georgette Saree (Red)",vranda fashion,Possibly a Brand,vranda fashion,+918000048833,+918000048833,vrandanx@gmail.com,vrandanx@gmail.com
,,,,,,,"vranda fashion Embroidered, Floral Print, Geometric Print, Woven Bandhani Chiffon Saree (Light Blue)",vranda fashion,,,,,,
,,,,,,,vranda fashion Embroidered Leheria Chiffon Saree (Multicolor),vranda fashion,,,,,,
,,,,,,,vranda fashion Woven Banarasi Art Silk Saree (Blue),vranda fashion,,,,,,
,,,,,,,vranda fashion Floral Print Bandhani Tissue Saree (Pink),vranda fashion,,,,,,
,,,,,,,vranda fashion Printed Bandhani Art Silk Saree (Red),vranda fashion,,,,,,
,,,,,,,vranda fashion Floral Print Banarasi Pure Silk Saree (Orange),vranda fashion,,,,,,
,,,,,,,vranda fashion Woven Chanderi Pure Cotton Saree (Red),vranda fashion,,,,,,
,,,,,,,"vranda fashion Ombre, Embroidered, Printed Bollywood Art Silk Saree (Orange, Pink)",vranda fashion,,,,,,
,,,,,,,vranda fashion Woven Chanderi Pure Cotton Saree (Yellow),vranda fashion,,,,,,
,,,,,,,vranda fashion Printed Bandhani Art Silk Saree (Pink),vranda fashion,,,,,,
,,,,,,,vranda fashion Printed Bandhani Pure Silk Saree (Multicolor),vranda fashion,,,,,,
,,,,,,,vranda fashion Woven Bandhani Pure Silk Saree (Pink),vranda fashion,,,,,,
,,,,,,,vranda fashion Embellished Bandhani Pure Silk Saree (Orange),vranda fashion,,,,,,
,,,,,,,vranda fashion Printed Bandhani Pure Silk Saree (Red),vranda fashion,,,,,,
,,,,,,,vranda fashion Embellished Bandhani Pure Silk Saree (Purple),vranda fashion,,,,,,
,,,,,,,"vranda fashion Checkered, Printed Bandhani Georgette Saree (Pink)",vranda fashion,,,,,,
,,,,,,,"vranda fashion Embroidered, Ombre, Printed Bollywood Chiffon Saree (Pink, Green)",vranda fashion,,,,,,
,,,,,,,vranda fashion Printed Kota Doria Cotton Blend Saree (Pink),vranda fashion,,,,,,
,,,,,,,vranda fashion Embroidered Chanderi Viscose Rayon Saree (Multicolor),vranda fashion,,,,,,
2356,5073c12bde7b4fbf,Parienterprise2002,No,bronze,2025-06-25,2025-07-01,Impala creation Solid/Plain Daily Wear Georgette Saree (Light Green),Impala creation,Possibly a Brand,Impala creation,+919824245949,+917862836186,bhupinrathod001@gmail.com,bhupinrathod001@gmail.com
,,,,,,,Impala creation Embroidered Bollywood Georgette Saree (Purple),Impala creation,,,,,,
,,,,,,,Impala creation Embroidered Bollywood Georgette Saree (Pink),Impala creation,,,,,,
,,,,,,,Impala creation Solid/Plain Bollywood Georgette Saree (Pink),Impala creation,,,,,,
,,,,,,,Impala creation Solid/Plain Bollywood Georgette Saree (Pink),Impala creation,,,,,,
,,,,,,,Impala creation Solid/Plain Bollywood Georgette Saree (Maroon),Impala creation,,,,,,
,,,,,,,Impala creation Solid/Plain Bollywood Georgette Saree (Orange),Impala creation,,,,,,
,,,,,,,Impala creation Solid/Plain Bollywood Georgette Saree (Purple),Impala creation,,,,,,
,,,,,,,Impala creation Solid/Plain Bollywood Georgette Saree (Maroon),Impala creation,,,,,,
,,,,,,,Impala creation Solid/Plain Bollywood Georgette Saree (Maroon),Impala creation,,,,,,
,,,,,,,Impala creation Solid/Plain Bollywood Georgette Saree (Purple),Impala creation,,,,,,
,,,,,,,Impala creation Solid/Plain Bollywood Georgette Saree (Maroon),Impala creation,,,,,,
,,,,,,,Impala creation Solid/Plain Bollywood Georgette Saree (Purple),Impala creation,,,,,,
,,,,,,,Impala creation Solid/Plain Bollywood Georgette Saree (Maroon),Impala creation,,,,,,
,,,,,,,Impala creation Solid/Plain Bollywood Georgette Saree (Pink),Impala creation,,,,,,
,,,,,,,Impala creation Solid/Plain Bollywood Georgette Saree (Purple),Impala creation,,,,,,
,,,,,,,Impala creation Solid/Plain Bollywood Georgette Saree (Maroon),Impala creation,,,,,,
,,,,,,,Impala creation Solid/Plain Bollywood Georgette Saree (Pink),Impala creation,,,,,,
,,,,,,,Impala creation Solid/Plain Bollywood Georgette Saree (Purple),Impala creation,,,,,,
,,,,,,,Impala creation Solid/Plain Bollywood Georgette Saree (Pink),Impala creation,,,,,,
2357,89bddc35f0444cbd,KALIENTERPRISE0,No,bronze,2025-12-30,,"Shoploom Striped, Printed Bollywood Pure Cotton Saree (Brown)",Shoploom,Possibly a Seller,,+917359459829,+917359459829,fluipymart@gmail.com,fluipymart@gmail.com
,,,,,,,BN Fashion Floral Print Handloom Cotton Blend Saree (Black),BN Fashion,,,,,,
,,,,,,,Parbati fashion Printed Jamdani Cotton Silk Saree (Cream),Parbati fashion,,,,,,
,,,,,,,Shoploom Printed Handloom Pure Cotton Saree (Light Green),Shoploom,,,,,,
,,,,,,,devmora Printed Kalamkari Cotton Blend Saree (Cream),devmora,,,,,,
,,,,,,,Quexle Floral Print Bollywood Cotton Linen Saree (Yellow),Quexle,,,,,,
,,,,,,,Maasaree Printed Handloom Pure Cotton Saree (Cream),Maasaree,,,,,,
,,,,,,,Shoploom Printed Handloom Pure Cotton Saree (Orange),Shoploom,,,,,,
,,,,,,,Cotton Mulmul Saree Hub Printed Daily Wear Pure Cotton Saree (Light Green),Cotton Mulmul Saree Hub,,,,,,
,,,,,,,SUNDREESAREE Floral Print Daily Wear Pure Cotton Saree (Multicolor),SUNDREESAREE,,,,,,
,,,,,,,sarify creation Printed Daily Wear Pure Cotton Saree (Multicolor),sarify creation,,,,,,
,,,,,,,Shoploom Printed Handloom Pure Cotton Saree (Yellow),Shoploom,,,,,,
,,,,,,,devmora Printed Kalamkari Cotton Blend Saree (Beige),devmora,,,,,,
,,,,,,,devmora Printed Kalamkari Cotton Blend Saree (Blue),devmora,,,,,,
,,,,,,,Laxmi Textile Printed Handloom Khadi Saree (White),Laxmi Textile,,,,,,
,,,,,,,Minu Fashion Printed Daily Wear Pure Cotton Saree (White),Minu Fashion,,,,,,
,,,,,,,RAVI JANKI Printed Hand Batik Pure Cotton Saree (White),RAVI JANKI,,,,,,
,,,,,,,Cotton Mulmul Saree Hub Printed Daily Wear Pure Cotton Saree (Pink),Cotton Mulmul Saree Hub,,,,,,
,,,,,,,JANKI RAVI Printed Daily Wear Pure Cotton Saree (White),JANKI RAVI,,,,,,
,,,,,,,KB TAX Printed Daily Wear Cotton Linen Saree (Dark Blue),KB TAX,,,,,,
2358,4c494c6cf27d4041,AparnaCollections01,No,silver,2026-07-13,2026-07-18,APARNA COLLECTIONS Women Kurta Palazzo Set,APARNA COLLECTIONS,Possibly a Brand,APARNA COLLECTIONS,+919011948617,+919011948617,aparnapote14@gmail.com,aparnapote14@gmail.com
,,,,,,,APARNA COLLECTIONS Floral Print Daily Wear Cotton Blend Saree (Blue),APARNA COLLECTIONS,,,,,,
,,,,,,,APARNA COLLECTIONS Woven Maheshwari Cotton Blend Saree (Red),APARNA COLLECTIONS,,,,,,
,,,,,,,APARNA COLLECTIONS Potli Potli,APARNA COLLECTIONS,,,,,,
,,,,,,,APARNA COLLECTIONS Embroidered Daily Wear Cotton Blend Saree (Red),APARNA COLLECTIONS,,,,,,
,,,,,,,APARNA COLLECTIONS Floral Print Daily Wear Cotton Blend Saree (Brown),APARNA COLLECTIONS,,,,,,
,,,,,,,APARNA COLLECTIONS Embroidered Daily Wear Cotton Blend Saree (Light Blue),APARNA COLLECTIONS,,,,,,
,,,,,,,"APARNA COLLECTIONS Floral Print Daily Wear Cotton Blend, Cotton Linen Saree (Brown)",APARNA COLLECTIONS,,,,,,
,,,,,,,APARNA COLLECTIONS Embroidered Daily Wear Cotton Blend Saree (Light Green),APARNA COLLECTIONS,,,,,,
,,,,,,,APARNA COLLECTIONS Embroidered Daily Wear Cotton Blend Saree (Green),APARNA COLLECTIONS,,,,,,
,,,,,,,APARNA COLLECTIONS Graphic Print Daily Wear Cotton Blend Saree (Maroon),APARNA COLLECTIONS,,,,,,
,,,,,,,APARNA COLLECTIONS Floral Print Handloom Pure Cotton Saree (Purple),APARNA COLLECTIONS,,,,,,
,,,,,,,APARNA COLLECTIONS Solid/Plain Maheshwari Silk Blend Saree (Maroon),APARNA COLLECTIONS,,,,,,
,,,,,,,APARNA COLLECTIONS Women Kurta Palazzo Set,APARNA COLLECTIONS,,,,,,
,,,,,,,APARNA COLLECTIONS Embroidered Daily Wear Cotton Blend Saree (Grey),APARNA COLLECTIONS,,,,,,
,,,,,,,APARNA COLLECTIONS Floral Print Daily Wear Cotton Blend Saree (Black),APARNA COLLECTIONS,,,,,,
,,,,,,,APARNA COLLECTIONS Graphic Print Maheshwari Silk Blend Saree (Light Green),APARNA COLLECTIONS,,,,,,
,,,,,,,APARNA COLLECTIONS Embroidered Daily Wear Cotton Blend Saree (Red),APARNA COLLECTIONS,,,,,,
,,,,,,,APARNA COLLECTIONS Women Kurti Palazzo Set,APARNA COLLECTIONS,,,,,,
2359,cf4501a6ec694e87,KRISHNAARTSAREES,No,gold,2025-12-25,2025-12-27,"Krishna Art Solid/Plain, Embroidered Daily Wear Chiffon Saree (Purple)",Krishna Art,Possibly a Brand,Krishna Art,+919712716801,+919712716801,krishnaenterprise0235@gmail.com,krishnaenterprise0235@gmail.com
,,,,,,,Krishna Art Embroidered Daily Wear Chiffon Saree (Magenta),Krishna Art,,,,,,
,,,,,,,"Krishna Art Embroidered Daily Wear Art Silk Saree (Cream, Purple)",Krishna Art,,,,,,
,,,,,,,Krishna Art Embroidered Bollywood Chiffon Saree (Purple),Krishna Art,,,,,,
,,,,,,,Krishna Art Embroidered Bollywood Chiffon Saree (Green),Krishna Art,,,,,,
,,,,,,,Krishna Art Embroidered Bollywood Chiffon Saree (Green),Krishna Art,,,,,,
,,,,,,,Krishna Art Solid/Plain Bollywood Satin Saree (Orange),Krishna Art,,,,,,
,,,,,,,Krishna Art Solid/Plain Bollywood Satin Saree (Blue),Krishna Art,,,,,,
,,,,,,,Krishna Art Printed Bollywood Satin Saree (Orange),Krishna Art,,,,,,
,,,,,,,Krishna Art Embroidered Bollywood Satin Saree (Multicolor),Krishna Art,,,,,,
,,,,,,,"Krishna Art Embellished, Embroidered Bollywood Georgette Saree (Green)",Krishna Art,,,,,,
,,,,,,,"Krishna Art Embroidered, Self Design, Embellished Bollywood Georgette Saree (Green)",Krishna Art,,,,,,
,,,,,,,"Krishna Art Embellished, Embroidered, Floral Print Bollywood Jimmy Jimmy Saree (Pink)",Krishna Art,,,,,,
,,,,,,,"Krishna Art Embroidered, Self Design, Embellished Bollywood Georgette Saree (Yellow)",Krishna Art,,,,,,
,,,,,,,"Krishna Art Embroidered, Self Design, Embellished Bollywood Georgette Saree (Yellow)",Krishna Art,,,,,,
,,,,,,,Krishna Art Embroidered Bollywood Chiffon Saree (Pink),Krishna Art,,,,,,
,,,,,,,"KRISHNAART Embellished, Embroidered Bollywood Satin Saree with Unstitched Blouse (Green)",KRISHNAART,,,,,,
,,,,,,,Krishna Art Embroidered Bollywood Chiffon Saree (Purple),Krishna Art,,,,,,
,,,,,,,Krishna Art Embroidered Bollywood Tissue Saree (Purple),Krishna Art,,,,,,
,,,,,,,"Krishna Art Floral Print, Embellished, Embroidered, Self Design Bollywood Jimmy Jimmy Saree (Green)",Krishna Art,,,,,,
2360,ed73ba43512641c2,COLLECTIONBYLAKSHITA,No,silver,2026-06-02,2026-06-04,"LAKSHITA COLLECTION Printed Daily Wear Silk Blend Saree (Red, Black)",LAKSHITA COLLECTION,Possibly a Brand,LAKSHITA COLLECTION,+919274849213,+919274849213,senkaran925@gmail.com,senkaran925@gmail.com
,,,,,,,LAKSHITA COLLECTION Checkered Kanjivaram Cotton Silk Saree (Purple),LAKSHITA COLLECTION,,,,,,
,,,,,,,LAKSHITA COLLECTION Woven Banarasi Silk Blend Saree (Purple),LAKSHITA COLLECTION,,,,,,
,,,,,,,"LAKSHITA COLLECTION Checkered, Floral Print Daily Wear Linen Saree (Yellow)",LAKSHITA COLLECTION,,,,,,
,,,,,,,LAKSHITA COLLECTION Embroidered Bandhani Silk Blend Saree (Mustard),LAKSHITA COLLECTION,,,,,,
,,,,,,,"LAKSHITA COLLECTION Floral Print, Printed, Woven Daily Wear Linen Saree (Pink)",LAKSHITA COLLECTION,,,,,,
,,,,,,,"LAKSHITA COLLECTION Printed, Floral Print, Woven, Geometric Print Bandhani Silk Blend Saree (Multicolor)",LAKSHITA COLLECTION,,,,,,
,,,,,,,LAKSHITA COLLECTION Floral Print Bandhani Silk Blend Saree (Purple),LAKSHITA COLLECTION,,,,,,
,,,,,,,"LAKSHITA COLLECTION Embroidered, Floral Print Bollywood Georgette Saree (Green)",LAKSHITA COLLECTION,,,,,,
,,,,,,,LAKSHITA COLLECTION Floral Print Daily Wear Linen Saree (Orange),LAKSHITA COLLECTION,,,,,,
,,,,,,,LAKSHITA COLLECTION Printed Bandhani Silk Blend Saree (Yellow),LAKSHITA COLLECTION,,,,,,
,,,,,,,"LAKSHITA COLLECTION Tie-Dye, Floral Print, Geometric Print, Striped, Printed Bandhani Silk Blend Saree (Green)",LAKSHITA COLLECTION,,,,,,
,,,,,,,"LAKSHITA COLLECTION Floral Print, Printed Daily Wear Linen Saree (Pink)",LAKSHITA COLLECTION,,,,,,
,,,,,,,LAKSHITA COLLECTION Floral Print Daily Wear Linen Saree (Yellow),LAKSHITA COLLECTION,,,,,,
,,,,,,,LAKSHITA COLLECTION Woven Banarasi Silk Blend Saree (Dark Green),LAKSHITA COLLECTION,,,,,,
,,,,,,,"LAKSHITA COLLECTION Floral Print, Printed Daily Wear Linen Saree (Cream)",LAKSHITA COLLECTION,,,,,,
,,,,,,,LAKSHITA COLLECTION Floral Print Bandhani Silk Blend Saree (Pink),LAKSHITA COLLECTION,,,,,,
,,,,,,,LAKSHITA COLLECTION Woven Daily Wear Jacquard Saree (Magenta),LAKSHITA COLLECTION,,,,,,
,,,,,,,LAKSHITA COLLECTION Printed Bandhani Silk Blend Saree (Dark Green),LAKSHITA COLLECTION,,,,,,
,,,,,,,"LAKSHITA COLLECTION Digital Print, Embellished, Self Design Bollywood Georgette Saree (Red)",LAKSHITA COLLECTION,,,,,,
2361,ab0a3274a455406e,DHIVYAMCREATIONS,No,silver,2026-07-06,2026-07-08,"DHIVYAM CREAIONS Self Design Dharmavaram Art Silk Saree (Blue, Pink)",DHIVYAM CREAIONS,Possibly a Seller,,+917010933870,+917010933870,mmtexyogaraj@gmail.com,mmtexyogaraj@gmail.com
2362,aee3c1875a224998,Dharmdigital,No,silver,2026-06-15,2026-06-16,"SIRANJAYTEX Digital Print, Floral Print, Geometric Print, Printed Handloom Pure Silk Saree (Dark Blue, Light Blue)",SIRANJAYTEX,Possibly a Brand,SIRANJAYTEX,+919879213875,+919879213875,svkakadiya8443@gmail.com,svkakadiya8443@gmail.com
,,,,,,,"SIRANJAYTEX Printed, Floral Print, Geometric Print Daily Wear Cotton Linen Saree (Beige)",SIRANJAYTEX,,,,,,
,,,,,,,SIRANJAYTEX Floral Print Bollywood Cotton Linen Saree (Blue),SIRANJAYTEX,,,,,,
,,,,,,,SIRANJAYTEX Floral Print Assam Silk Cotton Linen Saree (Multicolor),SIRANJAYTEX,,,,,,
,,,,,,,"SIRANJAYTEX Floral Print, Hand Painted Daily Wear Cotton Linen Saree (Yellow)",SIRANJAYTEX,,,,,,
,,,,,,,SIRANJAYTEX Printed Daily Wear Cotton Linen Saree (Pink),SIRANJAYTEX,,,,,,
,,,,,,,"SIRANJAYTEX Printed, Floral Print Banarasi Cotton Linen Saree (Multicolor)",SIRANJAYTEX,,,,,,
,,,,,,,SHOPZENCREATION Floral Print Bollywood Linen Saree (White),SHOPZENCREATION,,,,,,
,,,,,,,"SIRANJAYTEX Floral Print, Hand Painted Daily Wear Cotton Linen Saree (Yellow)",SIRANJAYTEX,,,,,,
,,,,,,,"SIRANJAYTEX Tie-Dye, Geometric Print, Floral Print, Striped Hand Batik Pure Cotton Saree (Purple)",SIRANJAYTEX,,,,,,
,,,,,,,SIRANJAYTEX Printed Kalamkari Cotton Linen Saree (Pink),SIRANJAYTEX,,,,,,
,,,,,,,SIRANJAYTEX Printed Assam Silk Cotton Linen Saree (Multicolor),SIRANJAYTEX,,,,,,
,,,,,,,SIRNJAYTEX Printed Hand Batik Pure Cotton Saree (Blue),SIRNJAYTEX,,,,,,
,,,,,,,"SIRANJAYTEX Ombre, Dyed Leheria Cotton Linen Saree (Multicolor)",SIRANJAYTEX,,,,,,
,,,,,,,SIRANJAYTEX Digital Print Assam Silk Cotton Linen Saree (Green),SIRANJAYTEX,,,,,,
,,,,,,,"SIRANJAYTEX Printed, Floral Print, Geometric Print, Woven Bollywood Pure Silk Saree (Pink)",SIRANJAYTEX,,,,,,
,,,,,,,"DHARMDIGITAK Floral Print, Printed Assam Silk Cotton Linen Saree (Cream)",DHARMDIGITAK,,,,,,
,,,,,,,SIRANJAYTEX Floral Print Bandhani Cotton Linen Saree (Blue),SIRANJAYTEX,,,,,,
,,,,,,,"SIRANJAYTEX Floral Print, Printed Daily Wear Cotton Linen Saree (Beige)",SIRANJAYTEX,,,,,,
,,,,,,,SIRANJAYTEX Floral Print Daily Wear Cotton Linen Saree (Cream),SIRANJAYTEX,,,,,,
2363,90adac07e4d3483c,CrystalFashion20,No,silver,2023-04-04,2023-04-05,Crystallfashion Embroidered Bollywood Organza Saree (Multicolor),Crystallfashion,Possibly a Brand,Crystallfashion,+917698849217,+917698849217,crystalfashion219@gmail.com,crystalfashion219@gmail.com
,,,,,,,Crystallfashion Self Design Bollywood Georgette Saree (Grey),Crystallfashion,,,,,,
,,,,,,,Crystallfashion Self Design Bollywood Georgette Saree (Maroon),Crystallfashion,,,,,,
,,,,,,,Crystallfashion Self Design Bollywood Georgette Saree (Purple),Crystallfashion,,,,,,
,,,,,,,Crystallfashion Self Design Bollywood Georgette Saree (Green),Crystallfashion,,,,,,
,,,,,,,Crystallfashion Self Design Bollywood Georgette Saree (Blue),Crystallfashion,,,,,,
,,,,,,,"Crystallfashion Embroidered, Floral Print Bollywood Georgette Saree (Beige)",Crystallfashion,,,,,,
,,,,,,,Crystallfashion Self Design Bollywood Georgette Saree (Purple),Crystallfashion,,,,,,
,,,,,,,Crystallfashion Self Design Bollywood Georgette Saree (Purple),Crystallfashion,,,,,,
,,,,,,,Crystallfashion Self Design Bollywood Georgette Saree (Purple),Crystallfashion,,,,,,
,,,,,,,Crystallfashion Self Design Bollywood Georgette Saree (Beige),Crystallfashion,,,,,,
,,,,,,,Crystallfashion Embroidered Bollywood Organza Saree (Grey),Crystallfashion,,,,,,
,,,,,,,Crystallfashion Embroidered Bollywood Chiffon Saree (Pink),Crystallfashion,,,,,,
,,,,,,,"Crystallfashion Embroidered, Floral Print Bollywood Georgette Saree (Purple)",Crystallfashion,,,,,,
,,,,,,,Crystallfashion Self Design Bollywood Chanderi Saree (Purple),Crystallfashion,,,,,,
,,,,,,,"Crystallfashion Embroidered, Floral Print Bollywood Georgette Saree (Blue)",Crystallfashion,,,,,,
,,,,,,,Crystallfashion Self Design Bollywood Georgette Saree (Purple),Crystallfashion,,,,,,
,,,,,,,Crystallfashion Self Design Bollywood Georgette Saree (Purple),Crystallfashion,,,,,,
,,,,,,,Crystallfashion Geometric Print Bollywood Georgette Saree (Purple),Crystallfashion,,,,,,
,,,,,,,Crystallfashion Self Design Bollywood Chanderi Saree (Purple),Crystallfashion,,,,,,
2364,2d170b07606a42b9,marooticreation,No,gold,2020-06-17,2024-04-11,HOUSE OF COMMON Self Design Semi Stitched Lehenga Choli (White),HOUSE OF COMMON,Possibly a Seller,,+918154829902,+918154829902,maruticreation1805@gmail.com,maruticreation1805@gmail.com
,,,,,,,KASHTBHANJAN ETHNICWEAR Self Design Semi Stitched Lehenga Choli (Blue),KASHTBHANJAN ETHNICWEAR,,,,,,
,,,,,,,marooti creation Self Design Semi Stitched Lehenga Choli (Pink),marooti creation,,,,,,
,,,,,,,KASHTBHANJAN CRETION Embellished Semi Stitched Lehenga Choli (Green),KASHTBHANJAN CRETION,,,,,,
,,,,,,,Hyper Enterprize Self Design Semi Stitched Lehenga Choli (Gold),Hyper Enterprize,,,,,,
,,,,,,,Hyper Enterprize Self Design Semi Stitched Lehenga Choli (Pink),Hyper Enterprize,,,,,,
,,,,,,,Hyper Enterprize Self Design Semi Stitched Lehenga Choli (Red),Hyper Enterprize,,,,,,
,,,,,,,Hyper Enterprize Self Design Semi Stitched Lehenga Choli (Green),Hyper Enterprize,,,,,,
,,,,,,,Hyper Enterprize Self Design Semi Stitched Lehenga Choli (Purple),Hyper Enterprize,,,,,,
,,,,,,,HOUSE OF COMMON Self Design Semi Stitched Lehenga Choli (Red),HOUSE OF COMMON,,,,,,
,,,,,,,Hyper Enterprize Self Design Semi Stitched Lehenga Choli (White),Hyper Enterprize,,,,,,
,,,,,,,HOUSE OF COMMON Self Design Semi Stitched Lehenga Choli (Purple),HOUSE OF COMMON,,,,,,
,,,,,,,HOUSE OF COMMON Self Design Semi Stitched Lehenga Choli (Blue),HOUSE OF COMMON,,,,,,
,,,,,,,KASHTBHANJAN ETHNICWEAR Self Design Semi Stitched Lehenga Choli (Red),KASHTBHANJAN ETHNICWEAR,,,,,,
,,,,,,,SHREEENATHJICREATION Self Design Semi Stitched Lehenga Choli (Blue),SHREEENATHJICREATION,,,,,,
,,,,,,,marooti creation Self Design Semi Stitched Lehenga Choli (Red),marooti creation,,,,,,
,,,,,,,marooti creation Self Design Semi Stitched Lehenga Choli (Purple),marooti creation,,,,,,
,,,,,,,Hyper Enterprize Self Design Semi Stitched Lehenga Choli (Multicolor),Hyper Enterprize,,,,,,
,,,,,,,"HOUSE OF COMMON Self Design Semi Stitched Lehenga Choli (Blue, Red)",HOUSE OF COMMON,,,,,,
,,,,,,,"KASHTBHANJAN CRETION Embellished Semi Stitched Lehenga & Kurta (Blue, Gold)",KASHTBHANJAN CRETION,,,,,,
